4d00553714	153c9	গেঞ্জি বোনা জিনিস
4d00a1e9af	bdd05	পবিত্র মাহাতো আনুষ্ঠানিকভাবে
4d00b0c943	e03ce	একটি জেনারেটর
4d01053540	0a87a	তোমাদের বলা না বলায়
4d01197300	49543	আদালতের সিদ্ধান্ত আসলেই
4d011d7876	14d25	১৯৮৮ সালের ঘটনা
4d01a45278	7d004	ডেবিট বা ক্রেডিট কার্ড
4d01f45802	554fe	দোকানপাট, বাসা-বাড়ি থেকে
4d01f67371	46d49	কিন্তু সবাই আসে
4d01f7c93f	f2097	রাস্তাটি ছিল
4d02e42715	80be1	পবিত্র হইয়া যাইতে পারতাম
4d02f24f6e	7e191	এবার তাঁর জন্য
4d03b0d694	cb627	মা-বোনকে নিয়ে গতকালই
4d03f84fa8	b2a62	লোকালয়ের আশপাশেও চলে আসে
4d041c0a4d	39dd0	তার প্রার্থীতা
4d04359c3a	fb4cb	লুকিয়ে রয়েছে
4d04a0fcc7	404ee	গুরু মন্ত্র
4d04baf9ca	06ea3	শাহজাহান কবির তালুকদার
4d05b9dae3	93d3b	একজন কুলীন হিন্দু-সন্তান
4d06671582	01e91	দেশী মত আবার
4d07311e6a	a3a6d	হুমকি দিচ্ছে না
4d073a27ac	4a918	একটা সময় গান দিয়ে
4d0842ceff	e6e48	মাথাটা, হাত দুটো, বুক, আর পেট
4d090b9cd5	1e7c6	লালবাগে ককটেলের বিস্ফোরণ
4d0aba4ba7	430b2	তারেক ধরে রেখেছিলেন
4d0ae25d57	a9a58	মিলিটারী অপারেশনটা
4d0af1c3eb	8143b	২০১৪ সালের নির্বাচনের পর
4d0af33376	ea5be	তিনি কতটা বাঙালি মনকে
4d0afaa901	4f2ae	বিচারের মুখোমুখি করা হলো
4d0b10593e	bc81e	হিজড়া ছবি
4d0b36ec7a	baa02	দ্য ন্যাশনাল ইনস্টিটিউট অফ
4d0c155e65	c7705	এ ধরনের অপরাধ ঠেকাতে
4d0c16788e	321b6	আসাম-ই একমাত্র রাজ্য
4d0c1ce035	e68af	আবেগ
4d0c478fe1	ee994	এ সত্যটা তো
4d0c5e762e	d71a3	কাচা মরিচ
4d0c6b9088	af81d	প্রস্তাব জমা দিয়েও
4d0c9abd7a	8845d	তার শপথ নেওয়ার কথা রয়েছে
4d0d7faf91	e6203	এর শোধ তারা নিবই নিব
4d0dd0fd1b	1de6c	হেপাটাইটিস বি
4d0e75155f	a699c	৬টি ছক্কা
4d0ee04679	ff0fe	যেন লাগাতার ইলেকট্রিক শক লাগছে
4d0f4b9559	c2082	কারও গায়ে
4d0faec968	db181	শৈশব-কৈশোরের অনেকটা সময়
4d104e368c	e754e	ছোকরা বয়সী সেই লোকটা
4d107ac0d3	bdfc1	পাওয়া যেত না কোনো গণগ্রন্থাগারে
4d1098bd85	cc18a	এমন কথা
4d10c0a8bc	8845d	তার পক্ষে ট্রাইব্যুনালে
4d11002474	08458	অতএব অপরিশুদ্ধ
4d11b8c6db	b78ec	স্বর্ণমন্দিরে সেনা অভিযান
4d11f4a2c6	2ecf8	মারাত্মকভাবে জখম হয়
4d12306b95	ad69a	নামিয়া ভিখু
4d1231cd02	91dff	মুহুর্মুহু স্লোগান
4d1241e305	d41be	সহস্রাব্দ উন্নয়ন লক্ষ্যমাত্রা অর্জনের ক্ষেত্রেও
4d13153050	da6f0	তারা দিনের পর দিন
4d13419967	91223	খুলতে গেলে লাগে
4d1373c713	ad050	প্রচলিত সব ধর্মেই দেখা যায়
4d1398e3f4	b7be9	আকঁচা এলাকার কৃষক
4d13ec7074	430b2	উঠোনের অন্ধকারে
4d146c0bfa	2d98b	গান ছেড়ে দিন
4d146f601c	14d25	তোমার সব ভালো লাগে, কিন্তু তোমার হিজড়ার মতো নাচ আমার ভালো লাগে না'।
4d153a7425	ef4f8	শিশুদের আশেপাশে
4d156d6635	24f73	এদের দৌড়ে আসা চাই সামনে
4d157faf29	9c8dd	সমাজে চলে আসছে
4d16b09209	355c1	যখনই লিবিয়ায় গেছি
4d1706d686	a1d4a	ক্ষুধায় পেট জ্বলছে
4d1713dc7e	80be1	নৃত্যও চোখে পড়ে
4d17818a98	9092b	অস্বচ্ছ বিষয়গুলো নিয়ে
4d17e92dc8	c8f7f	সত্য
4d188436c5	153c9	গ্রামের ছেলে
4d188743fa	d2355	এক ধরনের আতংক
4d19253afc	d9817	ওই কবিতাটি ছিল
4d19a415ba	0d4cb	আফগানিস্তানের কাছে পরাজয় নিয়ে ব্রিবত এবং ক্ষুব্ধ বিসিবি।
4d19b5c46b	1a4a9	বাংলাদেশ বিপজ্জনক রাষ্ট্র হয়ে উঠছে
4d1a01c7c6	76329	ত্বকী নিখোঁজ হয়
4d1a61e2de	870e3	চারটি থ্রিজি ওয়াই-ফাই
4d1a736547	c8f7f	আগে ধারণা ছিল
4d1aed0e9f	7c272	স্বামী নুরুল হক রোকসানাকে
4d1af65eec	cd3ac	দলের সবচেয়ে বড় তারকাকে
4d1b3c1672	ad2a0	চেয়ারম্যান, ভাইস চেয়ারম্যান
4d1b5255f8	dae88	তাতে সন্দেহের কিছু নেই
4d1b95f76a	a3a6d	অ্যাসিডের ভেজাল শনাক্ত করতে
4d1be33c7d	5e80b	নিরাপত্তা পরিষদকে
4d1bec4660	2bc73	দিপিকা আরও জানান
4d1c22d609	cfc65	সমাধান হতে পারে
4d1c6a5111	ca088	আর কোথাও দেখিনি
4d1c94e0b8	95f83	বিকেল ৪টা পর্যন্ত টানা
4d1c9b00b4	0f047	আঞ্চলিক সাহিত্য/সংস্কৃতি
4d1cd56db4	1a4a9	তিনি জনপ্রিয় হয়ে উঠেন
4d1e450a88	3ccf1	দ্বিতীয় স্থান দখল করে
4d1e777b72	4bd2c	বোঝার, ভাবার, চিন্তা করার
4d1e9c01d1	52578	কালাহারি মরুভূমির এক অংশ
4d1ee17212	5cb47	সে সূত্রে সৌভাগ্য খানিকটা
4d1f257d73	590d0	সহকারী রিটার্নিং অফিসার
4d1f31ff99	ee7b2	আবারো
4d1f74a709	66c6b	ভারত বর্ষ থেকে
4d1fb20e21	75936	জলচর পাখি শুমারি হয়
4d1fb74ae0	ce775	তিনশো মাইলের
4d2007efd3	fb4cb	ভারতীয় পার্লামেন্টের স্পিকার
4d20357c23	8c120	পানি ঢালিয়া দিতেছিল
4d20654889	7df87	কিংস্টার ২ হাজার থেকে
4d2124ec8a	cb1aa	সাত গোল করে
4d21e28b14	4c1eb	পড়াশুনা শেষে
4d221c1654	efc0d	খুব মজা করছি
4d224bb548	bbb22	যুক্তরাষ্ট্রের রাজনীতিতে
4d22620725	91ac1	পর্যাপ্ত সুযোগ-সুবিধার অভাব
4d23745787	9d7bf	তাজুল ইসলাম মোল্লা জানিয়েছেন
4d23b0ae18	86b1b	অনেক বেলা হলো
4d23c0ae1e	6ee5f	আমরা এখনো ছাড়িনি
4d23fca612	8632b	কথাসাহিত্যে সমতুল্য কীর্তি
4d2470b538	717bb	দেশটিকে জার্মানির অংশভুক্ত
4d2487ca6d	d0c70	পুঁথিলেখকের সেটি
4d24f0137b	18a52	সিলিকন কার্বাইড
4d24ffabb0	ce629	টক বা মিষ্টি জাতীয় খাবার
4d26869ac7	38d3a	তা-ও চট্টগ্রামের গৌরব
4d2763ce71	a46e2	সাম্প্রদায়িক সম্প্রীতিকে তারা
4d2789b014	bbb22	ছুটে যায় মংলায়
4d27978b87	3bb15	উপ-পরিচালক
4d27edefd9	25696	কারিনা কাপুর
4d283711bb	98b81	র‌্যাম্প মডেল
4d28b399c4	9d46f	অস্ট্রালেশিয়া একটি
4d28b67bb1	53396	আমাদের দল
4d29051a11	7df87	নেশা বা খ্যাপামি
4d29f4e9d4	0a7a0	সাবধান
4d2a545be2	536d9	এড মিলিব্যান্ড
4d2ab51461	7297e	এ অনাকাঙ্ক্ষিত ঘটনার কারণে
4d2b77d3b9	a4750	ঠাকুরঘরের পিছন দিকটায়
4d2b9ac9c9	95f83	চাষ বন্ধ
4d2bac1ef4	73629	নারীর সৌন্দের্যের
4d2c1da808	086dd	বন সৃজন ও রক্ষার্থে
4d2c5350f9	91223	ভিন্নদেশী অপসংস্কৃতিতে
4d2cc4e225	1de6c	আপাতত রেঞ্চটা হাতে নিল অলি
4d2cceb887	58998	পুরুষের 'কুনজর' থেকে বাঁচতে
4d2cf9f742	c4973	ভালভাবে না পাওয়ার কারণে
4d2d4665d2	809cd	আগাম ধান কাটা শুরু করেছেন
4d2e39478c	08458	হাঁটু ও পা উঠিয়ে
4d2f171070	0d4cb	বিভিন্ন শপিংমলে
4d2f2487b1	c3cca	খেলার অভিজ্ঞতা রয়েছে
4d2fa9e729	80e98	নিকট দূরত্বে পৌঁছালে
4d2fc5d57f	54e68	যুক্তরাষ্ট্র এমন সিদ্ধান্ত নিলো
4d3001eafc	d2355	শিরিন আক্তার
4d300c7dc1	43b04	দেখো না ছোটখাটো একটা
4d306e6dc3	ac0df	জেনে কিংবা না জেনে
4d313c8777	3bb15	গোড়ালির ওপর ভর দিয়ে
4d31731dc0	d2faf	কিছু না কিছু পরিমাণে
4d317a722c	a06a1	গত বছরের জুনে
4d319a997c	17ca1	উভয়ে একান্নভুক্ত ছিলেন
4d31f4200a	a06a1	তাকে সে মূল্য দেবো
4d32becf87	767ff	ফাঁক পেলেই তিনি পালান
4d32e20fae	bf530	কালের কণ্ঠ
4d34004a19	6973e	বাস করতে পারে
4d345a64c4	3f493	এককোষী মুক্তজীবী প্রাণী
4d34af495c	7d3e1	যুক্তরাষ্ট্রে গ্রীষ্মকালের মধ্যে
4d34f51f08	91b16	বাংলাদেশ স্বাধীন হয়েছে রক্তের বিনিময়ে।
4d3502ad94	ee7b2	নিজেদের দখলে নিয়েছে
4d355f886d	cf82a	গাঁজার কটু গন্ধে
4d35f236e0	c958a	অর্থ মন্ত্রণালয়
4d368a2a54	75936	চ্যানেল-অ্যালবাম নিয়ে
4d3730f74f	28dfc	1080p wallpaper
4d37544169	82926	জাতীয় স্বার্থ বিবেচনা করে
4d37726be6	577fa	প্রধান ভূমিকা
4d37891281	b9a81	ডাল-চাল ধোয়া পানিতে
4d378c20c2	54cdd	রুবেল সব এলোমেলো করে দেওয়াই
4d378f063d	4dd57	কোনো খবর পাওয়া যায়নি
4d37b3cd3c	e2f12	এ পর্যায়ে ৩৩০ মিলিলিটারের বোতলে পাঁচ লাখ ৩৮ হাজার ৯১৭ লিটার পানি বিতরণ করেন ১৩০ জন কর্মী।
4d37bf0570	75f18	তারই অনুগত লোকজন
4d37da2ab6	16e96	প্রস্থ ৩২ মিমি
4d387c9487	2de86	ক্রেতারাও নিরাপত্তা মানদণ্ডের কারণে
4d38e71f45	616ec	উচ্ছেদ
4d39431655	ff0fe	কাতালান অ্যান্ডোরার
4d3977af56	4e900	বিধ্বংসী হয়ে ওঠে
4d3998aa24	49543	বৃদ্ধি পেয়ে সৃষ্ট বন্যায়
4d39a9a2ac	7b132	দৈনিক চাকরির খবর
4d39c90f98	54e68	মধ্যপ্রাচ্যের আর্মেনিয়া অঞ্চলে
4d39d7dd74	3fce2	সেই ঢেউ পৌঁছবার
4d39e34dcf	ff1eb	ক্রিসমাস ট্রির আকারে কেটে
4d3a128eb6	4dd57	তাকে উপেক্ষা করা মুশকিল
4d3ae55b94	2fc12	আন্দোলনকারীরা শাহবাগ মোড়ে
4d3b340f76	43199	বেছে নিয়েছেন
4d3b3760da	2bc73	সাবিহা নাহার বেগম
4d3b5ff35c	92bb2	অনুমতি ছিলো না
4d3b7ddac1	256f5	পাচারকারীদের খপ্পরে পড়া বাংলাদেশী নারী শিশুরা আটকে পড়েছিলেন ভারতের বড় বড় শহরে।
4d3ba5ff53	5dd61	বিট করে ফ্রিজে রেখে দিন
4d3bf31710	ac904	চিত্রকলা বিষয়ে
4d3cbc6d4b	9d46f	বিভাজন ঘটে
4d3ce156f9	ec91c	গায়ে কালো কোট
4d3d3f59da	ee7b2	বড় ভাই নির্দেশনা দেবেন
4d3d977425	25696	কাজল কালো চোখ
4d3dd6c6d6	2ee04	সমন্বিত কার্যক্রম গ্রহণের
4d3e6c588a	1e7c6	আমাদের কলিজা আল্লার দরবারে
4d3e7237ba	7b900	ব্যস্ত আছি
4d3efe946a	0633a	আমাকে পিঠে করে দাও।’
4d3f7e2390	e2f12	৩.৪৪ বিলিয়ন ডলার
4d3fbe27cb	d8c80	দলের শীর্ষ নেতা
4d3fcde931	3d17c	সামাজিক ও রাজনৈতিক
4d3fe7771c	7898e	পুলিশের দিকে
4d40168832	6ab59	ক্ষমা করে দেবেন
4d4049ff29	dfefa	মেয়ে-টেয়ে একেবারে
4d4078887f	db181	অসমীয়া প্রচলিত
4d40a0dcfc	e9589	সামরিক আইন জারির প্রশংসা করে
4d40c434b7	ee886	কোন সদস্যের অপরাধ প্রমাণিত হলে
4d40eda161	0c39f	হৃদপিণ্ডের ইলেক্টোকার্ডিয়াম ডেটাও
4d4134a7d6	4f450	রাজনীতি মানে
4d41901402	1a4a9	এরই মধ্যে সংস্থাটি পুনর্গঠন করে
4d41b744c5	66c6b	জন্ম ২৯শে ডিসেম্বর, ১৯৪১
4d421001c6	282d3	গৃহবন্দী কারাগারে
4d42214e50	e9fa7	খুব সম্ভবত
4d42268fd6	698ff	বাইরের ছোট হলগুলো
4d4254e292	d136b	তা না হলে পানির
4d425798c3	23b22	নির্বাচিত হওয়ার পর
4d431a1901	4e900	দিন শেষে তিনি অপরাজিত থাকায় দর্শকরা তার সেঞ্চুরি করার স্বপ্নও দেখতে শুরু করেছে।
4d433620f4	7b900	তোমাদের যেন কষ্ট না হয়
4d433ab571	68ab7	গাজীপুরের আর এক ব্যবসায়ী
4d43580f68	2d98b	অধ্যাপক জিল্লুর রহমানের সাথে মিলে
4d43cc9371	17ca1	মুড়ি মাখানো ও নাস্তা
4d43e6fe1a	14d25	সেগুলোর একটা ফর্মূলা
4d44a4530f	e2f12	নিরাপত্তা পরিস্থিতির বিবেচনায়
4d458e54c2	92bb2	তারা ঘোষণা করেছেন
4d459246a3	a3a6d	শওকত আদালতে মামলা করেন
4d45b3bdbe	b5fdc	এলবিডব্লিউর ফাঁদে ফেলে
4d45db8c37	0a87a	শনিরআখড়া জামে মসজিদ
4d463018e1	ad050	বিশেষ করে প্রত্যন্ত অঞ্চলে
4d464b64ac	06527	তৈরি করেছেন
4d46d55ff5	9d46f	কাব্যাংশে উৎকৃষ্ট রচনা
4d48150452	7ed14	এক ঘণ্টার কাছাকাছি সময়
4d4873cb05	932bb	অধিক বৃষ্টিপাতের কারণে
4d48b62141	a1d4a	গুহার দেয়ালে
4d48d902b8	93080	প্রাইমারি, সেকেন্ডারি ও টারসিয়ারি অ্যালকোহলের
4d48efc8ba	7ee9b	মুক্তিপণের বিনিময়ে
4d4905973d	bd576	সভাসমাবেশ বন্ধ করার
4d490b68e7	32998	নোকিয়া মোবাইল
4d4973b321	80539	আহত হন কস্তা
4d4a2d48f9	3bea8	বুদ্ধি ও বিবেচনা প্রয়োগ করে
4d4a57baf6	1652d	দূর সমুদ্রের একটা গর্জন
4d4a90e240	aabe7	বাংলাদেশের শ্রম আইন সহ
4d4a9f9052	46da4	তাদের মধ্যে তৃতীয়
4d4aa5e7fd	6d129	সত্যবাদী হতে
4d4acec588	2ecf8	পণ্যের পরিবহন খরচ
4d4aeb0a33	b7be9	আরব আমিরাতের আইনে
4d4b3bc605	d9817	নতুন ধরনের গবেষণার
4d4b66ebe7	0744c	বিবাহ-শ্রেণীর গোলমেলে অনুশাসনগুলি
4d4bdab744	17ca1	অবশ্য রাজীব হত্যাকাণ্ডে
4d4c3a1106	d8c80	ইমন সাহা, শাহরিয়ার সাজ
4d4ca7ce68	7a227	মানুষ হত্যা করে
4d4cac3871	d9ba9	একদিন ভারতেও
4d4d4c7843	2ac82	মো. শামসুদ্দোহা খন্দকার জানিয়েছেন
4d4d53056b	f9dfb	জয় দিয়েই
4d4dab53da	3c897	যখন অনুরূপ সঙ্কট হয়েছিল
4d4dad6712	7f71c	সেসব মা-বোনের প্রতি
4d4dd8ded5	0606d	এটা নিয়ে কঠোরতার দিকে চলে গেলে জনগণের জন্য আইন এ চেতনা ক্ষুণ্ণ হয়।
4d4defcda8	d5f7b	চারটি ছবিতে চারভাবে
4d4e211de5	a4750	এর আগে মালিবাগে
4d4e3516ef	323f1	১৬ রানে ৩ উইকেট নিয়ে
4d4f08bbf3	a7c6f	তারা মিশরের দাখলে মরুদ্যানের
4d50183a21	a3a6d	একাধারে গীতিকার
4d50454cfd	e68af	বৌকে তুলিয়া খাইয়াইল
4d50f5c3bd	92bb2	কোথাওবা মাজা দুমড়ে
4d512dff72	4dd57	কোথায় আমার কর্ত্তব্যের ত্রুটি হইয়াছে
4d51650630	8cf95	দু-একটি গাছ দেখিলে
4d51842edf	a06a1	গানের রেকর্ড বের করেছে
4d51c90052	1cb75	তিনি শুধু ক্ষমতা চান
4d5203d750	baa02	জয় কালী
4d52876caf	baa02	প্রতি কেজি চালে
4d52e230e1	38ff0	এদিকে শিব
4d5318e3b1	7e1d5	যা ২০১০ সালে
4d5346ba91	a8710	শেষ পাতা পর্যন্ত
4d53be3ae4	e03fc	কাঁঠাল সম্পর্কে ততটা না
4d53c04f4d	c41d8	২০১৩ সালে পদ্মা সেতুর
4d54104e4c	321b6	ডুবুরিরা পরে
4d55254e2e	91ac1	সৈয়দ আকবরউদ্দিন
4d553970dc	b8bdd	বাংলাদেশ নিউজ
4d5558f259	95907	রাজামশাই তাদের খবর নিতে এলেন
4d558a3d06	68ab7	প্রাচীর বেষ্টিত
4d565b7c5d	d1a48	শেকড় উপড়ে
4d56ac2a43	91dff	শ্রমিক মালিক ও উৎপাদন নিয়ে
4d56fc0e4b	ce180	কর্মীরা বলছেন
4d56fdb3a6	22096	দুই একটি ক্ষুদ্র দেবতা আছেন
4d56fde121	6da0a	আমার রাজ্য যেত
4d572e76f8	4fc91	হিন্দুবাড়িতে হামলা ভাঙচুর-লুটপাট
4d57a87ed5	d3e06	বিচার কার্যক্রম শুরু হয়
4d57c4012a	e2ba2	করছে মুক্তিযুদ্ধের গল্পবলা
4d5843d445	dfefa	তাদের বৈধ ওয়ার্ক পারমিট বা সীমান্ত পেরোনোর ছাড়পত্র থাকে না প্রায় কোনও ক্ষেত্রেই।
4d590d81df	83c53	বিটিভিতে প্রথম ‘রক্তকরবী’ নাটকে
4d595deeed	7f71c	লিবিয়ার সংবাদ শোনার পর
4d5963d825	4dd57	বিশেষতঃ বরের পাশ
4d5999aa05	c2082	রাষ্ট্রকে নিশ্চিত করতে হবে
4d59ce1adf	6fb36	অর্থ্যাৎ বাংলা এবং আরবী-ফার্সী
4d59d15be7	4fd66	আমরা বলেছিলাম
4d5a42ef2b	f83df	চট্টগ্রাম কেন্দ্রে
4d5a8431e6	14816	বনগাঁর ইছামতী নদী পার হচ্ছিল
4d5a9d5bb9	903fa	উপস্থিত হয়েছিলেন
4d5aefe7fa	2d78f	পুলিশ জানিয়েছে
4d5b02dd70	4bd2c	তাদের মধ্যে অনেকেই
4d5b28537f	d9081	আর তরুণী হারাতে পারে
4d5b80034e	29f8c	সমাধি ক্ষেত্রে রাখা
4d5b86b1bf	b618b	বিচারে প্রবৃত্ত হই
4d5c01997a	85430	যাবেন কিনা তা
4d5c1e9b39	730c3	উভয় প্রকার রাশির
4d5c45365f	698ff	নিজে যাচ্ছেন না
4d5cd492aa	11915	নানার মুখে
4d5d2134fc	1a2a1	দাম ৪০ থেকে ৮০ টাকা
4d5d50b764	7d3e1	দুই প্লাটুন বিজিবির
4d5d571f79	745b7	বিশ্বাসযোগ্য হতে হবে
4d5d75bf52	d2d71	অন্যান্য উপন্যাসের মধ্যে
4d5d909ab6	b52ab	দুর্বল ওয়েবসাইটগুলো
4d5dd4d4f7	2556b	জানাজানি হয়
4d5e002506	d711f	শুধু তিনিই নন
4d5e234c65	eb179	পাওয়া যাবেনা"
4d5e2be459	5d12f	ওয়ার ইজ দ্য ব্যাকড্রপ
4d5e6b2a67	e3d8b	সে দেশে নারীও পা-জামা পরে
4d5e88d4eb	f7a7f	বাংলাদেশ মহিলা কাবাডি
4d5e899d61	4ea73	মিতা চৌধুরী, মাসুদ আলী খান
4d5e9ccfe8	1e7c7	বিস্ফোরক, অস্ত্র ও গুলি
4d5ecc7e16	3bea8	ব্রিটিশ নাগরিক
4d5f131a37	e43d4	আইনজীবী সমিতির দক্ষিণ হলে
4d5f7a0d6a	c11b1	সরকার কুয়েত প্রবাসী
4d60456dfe	75f18	একটি সংসদীয় প্রতিনিধিত্বমূলক
4d60518083	c3cca	চৌকি আর টেবিল চেয়ার
4d60c900cf	6aac8	পৃথিবীর দেবতা
4d60f3793b	f6e55	ধর্ষণ করে
4d60fd0daa	3fb17	পরের দুটো পরপর
4d6111cc90	321b6	মার্কেজের মৃত্যুতে
4d61158af7	b9122	শনিবার সকালে সেখান থেকে
4d61e43884	17ca1	সংলাপের মাধ্যমে
4d62480cd9	06736	ফুলকপি
4d6295a066	9fa90	কিন্তু তুলনামূলকভাবে
4d62f90dcb	29d44	সরকারের কাছে
4d6387a00c	903fa	বাংলাদেশের স্বাধীনতা যুদ্ধের
4d63935bf4	ce180	একটা কঠিন
4d640c6303	16877	প্রতিবারের মতো এবারেও
4d641a4688	870e3	অনুষ্ঠানের মাঝামাঝি নাগাদ
4d64b5b5c7	9092b	অন্যদিকে শহীদ আফ্রিদির জন্য
4d650bac95	7d3e1	যদি ব্যক্তি
4d653c69d6	43199	ভোটে না যাওয়ার কথা
4d653d5834	086dd	অবদানের স্বীকৃতি হিসেবে
4d655f6080	8cf95	তাঁহার রূপ
4d66af9e96	46da4	সমকক্ষ হইবার অনেক বিলম্ব আছে
4d67338102	91230	এসব ক্যাফেতে
4d6761749e	c5dc8	সার্বিক অর্থনৈতিক উন্নয়নের ধারা
4d6762b9aa	0edef	প্রচুর আয় করা সম্ভব
4d67977d36	2556b	গল্পটা লিখে ফেলে
4d67f85b6c	8cf95	ভারতের জন্য মূল সমস্যা হল
4d683e7f26	7a227	ঠিক বিয়ের বয়সে এসে
4d68dfadc6	98b81	নকশা বানাতে গিয়েই
4d6937d9f1	e43d4	ভোট পড়ায়
4d69d5fb88	5cb47	অন্যায়ও তেমনি ঈশ্বরপ্রেরিত
4d6af1f139	ee994	দেশের মানুষের কাছে দোয়া চাইলেন
4d6bbceae5	5d12f	আবেগের অংশ অধিক
4d6c04c2d4	5a61c	আসরে অবতীর্ণ হয়েছিলেন
4d6c1b0402	b618b	মেঘনার পানি ছিল
4d6c41ddd7	ff970	নির্মিত হচ্ছে
4d6c457030	a8710	পদ সৃষ্টি না করেই
4d6c4bbf0c	6aac8	দেশের আরও
4d6c8d3710	948d3	ঠাণ্ডা কিংবা শীতকালে
4d6ca45865	e03fc	অদ্বৈত মতে
4d6cce824a	c9c19	১৪৭টি আসনে
4d6d16d6b1	01e91	অনুমান করতে পারি
4d6d4c09b6	c3cb3	৮৫ রান ওঠে
4d6d6f40b9	0d4cb	নারীবাদ কিংবা নারীর অগ্রগতির কথা
4d6d92002f	37e17	ম্যাচ শুরু হওয়ার আগে
4d6daeb39f	b8bdd	কিন্তু উপন্যাস আর এগোয় না
4d6e4aa811	08458	সেইখানে মস্ত একটা হাতি
4d6e5136f0	e2ba2	তাদের ক্ষেত্রেও
4d6f92bdf9	dafb6	সহজ বিষয় নয়
4d6fae7887	410fa	স্থানীয় লোকজনের সহায়তায়
4d704d409c	fda1a	মজুরির দাবি তোল
4d70fe1430	7df87	স্কয়ারটিতে প্রবেশ করে
4d71729077	0e637	হিসেবে দলে প্রতিনিধিত্ব করছেন
4d71897a47	d9b11	মাতৃপদ প্রাপ্তে
4d7191f234	43b04	দিবসের প্রয়োজন নেই
4d71e4d09c	239f7	সামাজিক আদর্শ অটুট থেকে গেল
4d7221a5b2	2f547	তাঁদের বিশ্বাস এবং মানসিকতার
4d724f382e	880ae	অন্ধ হয়ে পড়েন
4d72aedabf	c7705	সিদ্দিকুর রহমানের ছেলে
4d72d0aff5	fcc89	এবং গান পাউডার ছিটিয়ে
4d7345dab3	93080	নিউ জিল্যান্ডের বিপক্ষে
4d73905330	8c120	আপনার বাসায় আগুন দেয়নি
4d742e0950	4e900	রুদ্রাক্ষ
4d74553080	f29bf	নৌবাহিনী, স্ট্র্যাজিক রকেট ফোর্স
4d74acb4ec	7df87	এক বন্ধুর কাছ থেকে
4d75041d48	28bb3	দাঁড়িয়ে ছিলেন তিনি
4d752ff9e1	f4ba7	স্তব্ধ হইয়া রহিয়াছেন
4d75c31e2b	e03fc	নতুন করে উদয় হচ্ছে
4d75e9f360	59c73	ঘোষণা দিয়েছে চীনা কর্তৃপক্ষ
4d767d38ed	b4ea7	এদিকে সকাল আটটায়
4d76a467a2	e6d83	যদি মোদি ক্ষমতায় আসে, তাহলে ভারত অন্ধকারে তলিয়ে যাবে
4d778ada83	8c120	ইরানের পরমানু স্থাপনায়
4d77bd8b52	7ee9b	দরজা বন্ধ করিয়া প্রদীপ জ্বালাইল
4d77d7d700	ff970	মঙ্গলবার পর্যন্ত
4d78eaa6a7	577fa	মাথা নেড়ে বলেছি
4d78f3a8eb	13b6a	ধাওয়াকারীদের সামনে পড়েন
4d7934a106	d9b11	এস এম সুলতান
4d7ade1378	2d78f	আফগানিস্থান-যুদ্ধে
4d7ae69cb7	5a61c	রোববার সকালে উপজেলার
4d7af977b3	95907	আশুরাকে প্রায়ই নির্যাতন করতো
4d7b5c6f3d	7d3e1	বাবার চোখে পড়ল
4d7bd8b495	767ff	১ হাজার কোটি ডলারে পৌঁছলেও
4d7bd8ceae	80e98	এবারের বাংলাদেশ সংলাপের
4d7bdac49a	3fce2	দার্জিলিং
4d7c72352a	b618b	কতজন এই শাস্তি পেয়েছে
4d7d60d7df	e31e7	এটা খুবই ভয়াবহ
4d7e5f4898	4fd66	৬৮১ জন
4d7f0b42f1	ca831	উদ্ধার অভিযানে
4d7f847a66	dafb6	এই কাজটা করেছেন
4d7fb7cbfe	58998	তিনি বাংলাদেশকে নতুন করে
4d7fe52bc4	2de86	বা তার প্রণেতা
4d80057060	c173f	গুরুত্বপূর্ণ সংযোজন ঘটল
4d805d131b	c7705	অনুসন্ধান-প্রচেষ্টা উল্লেখযোগ্য
4d806bcfd7	ef4f8	টি-টোয়েন্টি বিশ্বকাপের মূলপর্ব
4d8072a2ad	5b13f	আগা পর্যন্ত লাগান
4d8107d57c	56508	আরো জোরদার করা হয়েছে
4d813d0abb	65e30	শুধু যদি
4d8142c85d	8143b	অনেক প্রকার লোক-প্রচলিত উত্তর পাইয়াছি
4d819c7b35	25117	আ স্টাডি ইন স্কারলেট
4d81e824dd	12702	বিধর্মীর ঘরে
4d822b6f47	91223	একই কাজের
4d8273001a	16cfb	ঢাকার মীরপুর স্টেডিয়ামে
4d82b67006	75936	ঘুরছে না
4d8397f247	195f7	মিনমিন করি
4d84073825	16e96	চার পেগের পর
4d8452ff51	92f59	প্রাণহীন জগত
4d84980bf3	943de	২৩ ফেব্রুয়ারি
4d85400780	1cb75	বসানো হলেও
4d85861310	2b883	হবে না
4d8588d673	767ff	কিছু নিয়ম
4d85b2a833	355c1	আমি যে বই লিখব
4d85f447e7	a8710	ইন্দিরা দেবীর
4d8633bb77	ad050	বিক্ষোভ করেছে পোশাক শ্রমিকরা
4d863f4891	7c272	সেই কুচুটে ছেলেটির বইখাতা
4d86e8bfc7	31f09	মাদাম সেজানের চিত্রের সামনে
4d86f9792b	6d129	তাদের আরও কিছু
4d87186f6f	3ccf1	আল্লাহর ইচ্ছা
4d8766ab0e	49543	চাইলেই তিনি
4d87b87e19	8406e	আপনি প্লিজ প্রতিবাদ করুন
4d87ef1117	91223	সাভারের শিমুলতলা এলাকার
4d88a6bf3c	ef4f8	পাঁচটি গান আছে
4d89171da6	9813c	চতুর্থ বাছাই
4d89476168	3b1f7	আন্তর্জাতিক মহলে
4d894d43bb	121bd	প্রাণ হারায়
4d8a2ad5d7	0895a	নিতে পারেন না তারা
4d8ac3177d	8c120	২০০৮ এর ১৮ অক্টোবরে
4d8ad77acb	54e68	পাগল মধুকর
4d8afb5aa5	c3cb3	ফেলুদার সোনার কেল্লা
4d8bd3c077	ec91c	পশ্চিম পাকিস্তানিরা
4d8bed61bc	3b1f7	সীমান্তের দুপারের দখলদাররা
4d8c0c6bad	5639c	নজরুল আগের দিন
4d8ce32149	9642e	কৌলিক উপাধি বড়ু
4d8d09676f	06736	অতীব জরুরি
4d8d2172c8	c5479	প্রচলন হয়েছে
4d8d5a6bd3	16cfb	আবদুল জলিলের
4d8d852324	7ed14	অন্যায়-অবিচারের হোতা
4d8d8e4599	1cb75	পশুশক্তিতে বলীয়ান
4d8e145e3d	e89bb	ললিতা
4d8e8438c9	82926	৩৪৫ কোটি ৮০ লাখ
4d8ebfcbc5	e9759	সংবাদ মাধ্যমের স্বাধীনতা নিয়ে
4d8ec2d299	315e9	সহিংসতা চলতে থাকে
4d8f3a3c87	08458	পরিকল্পনা থাকা দরকার
4d8f6a54f4	f2780	দখল করে ফেলার মত
4d8f7c185f	d2faf	কি খেয়ে বাঁচব
4d8fa91087	e68af	পৃথিবীর ইতিহাস
4d902b425a	b8bba	মি অ্যাডামস আবারো
4d90c1642a	6b437	আরও মাঠে দক্ষতা দেখানোর
4d90d4d162	8406e	শুধু দোষারূপই নয়
4d911df5dc	35ef3	শক্তিশালী সামরিক বাহিনী
4d913b7e17	06ea3	আগের দুটো বউ আছে তার
4d914418a5	4fd66	তারা আছেন
4d91e2c809	1cb75	পরিদর্শন করলে
4d920fc7d0	a43b5	সেগুলোও মনোযোগ দিয়ে পড়বে
4d92c1c90d	0895a	এক ঝামেলা থেকে উঠতে না উঠতেই অর্থচুরি সংক্রান্ত জটিলতায় পড়বেন।
4d931edcf7	7ee9b	কারাবরণ করেছিলেন
4d9356ef0b	536d9	কে বা কারা এগুলো করছে
4d94d2c84e	47e8d	প্রেসিডিয়ামের সদস্য
4d94deff30	4dd57	অগ্নিকাণ্ডের সময়
4d94f2779d	a8710	এই বেলুন ভাই, এদিকে আসেন
4d951482b6	b00ba	এ ঘটনার পর
4d95614ec9	5cb47	যুগ্মভাবে শীর্ষ গোলদাতা এখন কস্তা
4d95627c82	fcefa	তিনি পেয়েছেন ২৭ হাজার ২১ ভোট দোয়াত-কলম ।
4d95cf32a8	09f0d	বর্তমানে পাকিস্তান, ভারত, কানাডা
4d960724fd	778c0	অনলাইনে কেনা বেচা
4d96270080	18a52	আজ সে সত্যিই
4d963e5844	61820	কথা দিয়েছেন
4d964a5a76	c0965	জেমি
4d966048cb	e3d8b	লেখার বিষয়
4d9661dca7	f2780	রিয়াল মাদ্রিদ
4d975a8b84	07660	রিকশা ধানমন্ডির দিকে
4d975ce169	a1d4a	দুই দেশে
4d97677032	84145	আর এই সবকিছুই হয়েছিলো
4d9767e022	1652d	সময়ের সাথে সাথে
4d97a5e90e	a274b	আতলেতিকো কোচ বলেন
4d97ac6d98	ce180	বনের অবস্থা
4d97e15081	ad2a0	জোর করে গর্ভপাতের মাধ্যমে
4d981723a7	903fa	৪৩৮ টি কেন্দ্রে
4d981e619c	0633a	পিতৃহারা মেয়ে হাসিনের সঙ্গে
4d98226519	7351e	বাংলাদেশে এখন ওয়েবসাইটের বাইরেও সামাজিক যোগাযোগের ওয়েবসাইট ফেসবুকে বিভিন্ন পেজ খুলেও বেচাকেনা হচ্ছে বিভিন্ন জিনিসের।
4d98869df6	2695f	আমি বাম হাত দিয়ে
4d98e12455	d7a68	উঠছে সে প্রশ্ন
4d993d17af	60f77	দেখ বাবা
4d99925c66	07660	একজন সাক্ষীর
4d99de2ebd	95907	২০১৩ সালে দেশে
4d99edc806	745b7	তখন না হয়
4d99fde75c	32998	ছটকু, কেবল হাতের কাছে
4d9aae4d3d	616ec	চট্টগ্রামে দরবারে টাকা লুট
4d9ab4a95b	8cf95	পর শুরু হয় 'প্রি শো
4d9ac01a76	c3cb3	সংবাদ প্রভাকর
4d9af92856	cfc65	তিনি বিবাহিত
4d9b9710d4	09f0d	তাহা হইলে
4d9b9e97fe	60f77	দুর্যোগ মোকাবেলা
4d9be6a29c	2695f	পীরবাড়িতে মার যাওয়া
4d9c7fcc63	e2c11	হয়ে উঠেছিল জোরালো
4d9cbaaee0	f658d	এলাকাবাসী বিদ্যালয়ের প্রধান শিক্ষক
4d9d5e054b	4f450	এই পৃথিবী নামক গ্রহকে
4d9d6206f6	0d8c1	মৌলিক পদার্থ
4d9d6ea852	16877	মো.মইনুদ্দিন বলেন
4d9e3ece06	2396d	বাংলাদেশের পোশাক কারখানাগুলোতে
4d9e75bc29	3faff	পাখি মশিউর' বলে
4d9e8775f0	6973e	ফতুল্লার স্কুল ছাত্র
4d9ee94c07	2de86	যা পৃথিবীর আর কোথাও
4d9f0ec862	3fae0	কী যে বলেন, বশীর ভাই
4d9f14e079	29089	এক কমলালেবু বিক্রেতার কাছে
4d9f771e4a	4fc91	তাই আবার
4d9f9a60e5	3fae0	যথাযথ মূল্যায়ন ব্যতিরেকেই
4d9f9b6f6b	6a35e	চীনা এই দলটির পরিকল্পনা হচ্ছে
4d9fcd06e1	61820	কমিউনিস্ট পার্টির নেতা
4d9fd183a0	616ec	চলতে দেওয়া হবে না
4d9ffac059	76329	ওয়াটার গার্ডেনের চিত্র
4da06e3044	2c9c5	সংজ্ঞা হারিয়ে ফেলেন
4da0d2f503	7898e	ভয়ানক ছবি
4da109b528	698ff	সেই রাতে না হোক
4da11a59a1	4f2ae	১৯৫৫ সালে আমস্টার্ডামেযাত্রা শুরু করে
4da17f3c3a	767ff	গুরুত্বপূর্ণ কিছু সামাজিক দিকও
4da19f3520	86b1b	এমন ফুলের গন্ধ আসে
4da2180709	616ec	এক ধনী বেনে থাকে
4da23eddf5	ac0df	নগরীতে আইনশৃঙ্খলা বাহিনীর
4da243b937	15a75	গল্প আদায় করে
4da2a81f63	ced74	উদ্বোধনের সময়
4da2aee9c8	3b1f7	কৈশোরে আমি
4da2ca18f0	8406e	অবনতির পথে না গেলে
4da2f537ff	da6f0	গঠনের কথাও বলেছেন
4da385dfe3	8ba2b	ঘন কালো মেঘ
4da38d7fd1	dae88	নাকি 'ইয়াবা' নামক
4da3cd7a81	c0965	তেল গরম করে
4da4a197f3	239f7	ফুমিও কিশিদা
4da5116e31	577fa	কবি সুকান্ত সাহিত্য পরিষদ
4da56f98b1	bf530	জায়গা পেয়েছে
4da5876dc2	c11b1	সংকলন ও সম্পাদনা করেন
4da58dedc1	2b883	কান্নার শব্দ পাবা
4da5f6d259	cfc65	টুইটারে গণমাধ্যমের প্রতি
4da680b6e2	acb88	এই চলচ্চিত্রের সংগীত পরিচালক ছিলেন
4da6939d60	25117	রাজধানীর উত্তরার
4da6b4f906	6da0a	অভিনয় করেছেন আপনি
4da6de0ba0	e55de	প্রথম বরফের মেলার আয়োজন করেন
4da6e82905	ad69a	গল্প করতে চান
4da74f3877	ff970	লাইব্রেরি করার উদ্যোগ নিয়েছে বিসিবি
4da7944890	aa820	বাংলাদেশ টেলিভিশন থাকার ফলে
4da7d55224	2ecf8	ঢাকায় তাপমাত্রা ছিল ৩৮ ডিগ্রি সেলসিয়াস
4da86dc1b2	086dd	সমাজের বেশ গভীরে
4da880a552	64092	তিনি তার সৈন্যদের নির্দেশ দিয়েছিলেন, প্রতিবেশী তানজানিয়ের উত্তরাংশের একটি ভূখন্ড দখল করে নেবার জন্য।
4da89c37ad	3f875	পুরো দলের উপর
4da8cba147	4c1eb	কায়ছারকে আটক করে
4da9368b16	05901	সমন্বিত ব্যবস্থাপনার মাধ্যমে
4da94961a4	db181	তাঁর সৃষ্টিকর্ম
4da9dfdc1c	cf82a	সক্ষম হন
4daa0a9ca4	ab946	মনের তলাতে
4daa1f6deb	03284	এই ধূলা এসেছে
4daae021a0	c3cb3	বাবার মুখে
4dace09415	c4973	পুরুষের জগত এটি
4dace866dd	32b3e	ইতিমধ্যে নির্বাচন কমিশন
4dad05d383	52578	কেনাকাটা করতে যাওয়ার
4dad4b68c2	f837a	তার নির্বুদ্ধিতার জন্য
4dad7d0705	49d63	অনলাইন ইনকাম
4dae3e8ba6	3c897	কোথাও কম
4dae763b25	f143a	কারণ ইতিমধ্যে
4daeaf2e54	4164f	ওর নামই না ছক্কা-নাইম
4daed8f709	7c272	কোরি অ্যান্ডারসন তিনটি
4daef978ce	ac0df	চীন দেশে ঈশ্বর প্রথম
4daf9bd164	1b359	বার্সেলোনা আর রিয়ালকে
4db024c3d0	948d3	আহবান জানিয়েছিলেন
4db077b868	03284	পরিচালক রাফাত বলেন
4db1289bc1	b08d0	এবার এসিয়েন
4db12912f7	56508	এটি হতেই পারে না
4db1864563	778c0	উচিত বিবেচনা করিলেন
4db1abbea7	ce180	সর্বোচ্চ দুই মেয়াদ ক্ষমতায় থাকার পর মিঃ আহমেদীনেহাজ ক্ষমতা থেকে সরে দাঁড়ালেন।
4db20a0c21	16877	তারা এথলেটিক্স-এ
4db216d4e9	2ee04	সেখানে ওই ঝান্ডাই তাঁর দিশারি
4db254bd2c	0606d	এশিয়ান গেমসে
4db25cfae5	d1a48	মৃতদেহ বালিগঞ্জে
4db27f3174	6a35e	অভিভাবকেরা শিশুদের
4db28ec7f1	80518	এখন অন্তঃসত্ত্বা তিনি
4db324f595	c41d8	কিছু টের পাও না
4db3b4cd2b	85430	পরশুরামই প্রসিদ্ধ দশাবতারের
4db3f4b69d	a274b	একটি কিন্ডারগার্টেন স্কুলে
4db447fd4a	3ccf1	বাদ দিয়ে সব উপকরণ
4db4c2d10c	693cb	বিমানবন্দরে পৌঁছার পরপরই
4db5638278	52f27	মি. হোসেন বলেন
4db5ba9984	fcc89	মধ্যবিত্ত লোকের কথায় ভরা
4db5d96c6f	3fb17	লোকনাথ পঞ্জিকা
4db5f8aee5	ce775	সেক্সুয়াল অবসেশনে ভোগে
4db5f93f3b	c9c19	শুরু হলো গোলমাল
4db622ca70	590d0	তাকে দুপুর পৌনে ২ টার দিকে
4db647ee29	aa820	এবং অন্য চলক
4db66bdecc	6b437	নরম গদিঅলা
4db6b99f0b	c5479	নেমে যাওয়ার স্বস্তি পেয়েছি
4db6fe2e2b	0d9f1	শেষে বললেন
4db7483075	520fb	অন্ডাল, ভারতের
4db76e4477	d9b11	বিধান রাখা হয়
4db7a68044	d136b	এসিমিলানের কোচের দায়িত্ব নেন
4db8124853	16877	চাষাবাদের জন্য
4db825f0ac	9065c	তেতুল বাড়িয়া ও কাজিপুরের কিছু অংশ
4db838b7f6	77f82	উদ্ধার করে এনেছে
4db8613982	b8ed8	ক্ষতিয়ে দেখা হবে
4db87b64f2	a0277	বিক্ষোভ কর্মসূচি শুরু করে
4db8803752	7ed14	ঢাকা থেকে মরদেহ
4db89c0b6a	f0f95	ভালোভাবে শায়েস্তা করতে
4db8d5fe5d	577fa	সৌদি সরকার অবৈধ হয়ে পড়া শ্রমিকদের কাগজ বৈধ করার সুযোগ করে দিতে প্রায়ই সাধারণ ক্ষমা ঘোষণা করেন।
4db91781e4	32b3e	ব্রাহ্মণ পিতার
4db9222ea8	95f83	তৃতীয় বর্ষের শিক্ষার্থী
4db989a7fa	1cb75	কমিটি সুপারিশ প্রণয়ন করবে
4db9dfb247	eb179	দক্ষিণপশ্চিম জার্মানির
4dba17d7aa	09b32	এর মধ্যে ঢাকা বিশ্ববিদ্যালয়ের
4dbad0b4f6	698ff	প’ড়ে গেছে
4dbb674748	0895a	আদালতের ওই আদেশের কপি
4dbba6313f	ff1eb	অনুমতি না দেওয়ায়
4dbbe5b6ac	9c8dd	গতানুগতিক চাকরির আশায়
4dbcc7d3bb	2556b	রাঁধে খায়
4dbcfbf627	ad050	কে চেল্লায় শালা কে চেল্লায়
4dbd017234	16877	সে স্বামীর পিঠে
4dbd24dede	80505	কমানো যাচ্ছে না
4dbd86e696	cc18a	সোমবার ভোর সাড়ে ৫টার দিকে
4dbdc0f42d	d9b11	লুৎফর রহমানের
4dbe016915	ff0fe	১৯শে ফেব্রুয়ারী
4dbe19ec95	a274b	জবানবন্দি ও জেরা
4dbe1f6bf8	3ccf1	আলফা কার্বক্সিল
4dbe343599	2c9c5	মহিলা ডাক্তার ছিলেন
4dbe6522e4	65652	বিয়ে করেছিলেন
4dbe92e941	bbb22	আবেদনটি অতি সামান্য
4dbe9edfe1	5a61c	আসলে কিছুটা অসুস্থ
4dbf1a7057	25117	এই শীর্ষ সম্মেলনের সময়
4dbf474f14	c3cca	নিজের ভাগ্য
4dbf62eeb5	f143a	তার মধ্যে
4dbfe550a1	0895a	আবার নদীতে
4dbfe61ba0	b08d0	হ্যাকররা ভারতীয় ওয়েবসাইট
4dc06ab6e0	68ab7	শহীদুল আলম সোহেলের
4dc12661ee	c3cca	গত শুক্রবারের কথা দিয়ে
4dc142d596	11bd2	তিয়াত্তর হওয়া
4dc1731206	bf530	মা আর আমি
4dc180b930	e03fc	গত মাসের মধ্যভাগে
4dc18b46ba	bfac7	বাড়তি ক্যালোরি ভোগ
4dc2773e5e	80e98	বাংলাদেশে দায়িত্ব নেয়া
4dc2775340	698a4	প্রকাশিত হওয়ার আগেই
4dc2911f2e	06736	দাঁত নেই বলে
4dc2e748e9	e9759	কী করবে
4dc2f55b17	37d7e	তার এখন খুব মনেও পড়ে না
4dc34f86a2	92bd8	শিল্প-শিল্পীর সঙ্গে জীবন
4dc4ccf12d	e7230	করিল যে দ্বন্দ্ব
4dc506f7ee	60b9d	মি শ্রীনিবাসনের বিরুদ্ধে
4dc50db8e9	932bb	লাঠি হাতে
4dc611e72e	7d004	খালিদ হাসান মিলু
4dc655dd5a	32b3e	অলটেক্স ইন্ডাস্ট্রিজের শ্রমিকরা
4dc746b4c4	18460	করে ফেলেছেন
4dc78db15d	0a87a	এবং যে কোনো লক্ষ্য
4dc79e7afb	93080	ইরানীরা আরবী ভাষা গ্রহণ করেননি
4dc7cf3d41	c2082	একজন ছাত্রী ছিলেন
4dc7eb7080	0895a	কয়েকজন সংসদ সদস্য
4dc7f46e80	bdd05	পারুল মামির গা থেকে
4dc84e5ba4	ab946	এক অনিচ্ছুক সংখ্যালঘু সম্প্রদায়
4dc8cf78ec	acb88	পুলিশ কর্মকর্তারা বলেন
4dc933856f	2fe3c	মানবজাতির বিলুপ্তি ঘটায়
4dc946d051	f83df	পোস্ট গ্রাজুয়েশন কোর্স শেষ করতে
4dc99a92ba	b618b	জয় নিশ্চিত করা গোলটি ওয়েডসনের
4dc9d5aa0b	91dff	ভোরের ডাক
4dc9df0ca4	6aac8	ব্রহ্মপ্রতিপাদক অংশের নাম উপনিষৎ
4dc9e3f29a	8c07c	তিনিজানান
4dc9ece5d0	0a87a	পরিচারিকার কাজ নেন মা
4dca30057f	65e30	অবসর
4dcaab49e7	239f7	তাতে প্রতিনিধি দিতে পারবে
4dcaee443c	4e900	উচ্চারণ করে না
4dcb1bd08e	77f82	সন্তানাদি ও ক্ষমতা
4dcbae78d1	cd3ac	লাশ শীতলক্ষ্যা নদীতে পাওয়া যায়
4dcc994f3f	a8710	পিতার মৃত্যুর পর
4dcca56e5e	c5dc8	উপরে নিয়ে আসে
4dccdc0995	16cfb	ঘটনার বর্ণনা শেষ করে
4dcd09bcfd	9813c	২২ জানুয়ারি ২০১২ তারিখ
4dcd717494	aab0f	লোকসভায় বিরোধী আসনে
4dcda39097	9d46f	নিজের ভাষা আর সংস্কৃতি
4dce2db565	b4ea7	যেমন টিকেটের পেছনে
4dce3e54e9	cb842	লাশ ময়নাতদন্তের জন্য
4dce5de8fe	f2780	অনেকের চোখে ভাসে
4dcebe9b58	91223	অ্যালাউড না
4dcf2b7975	21e54	তুরস্কে খনিগুলো
4dcf67f5c6	c4973	বেলী ফুল
4dcf74f93d	91ac1	আমার লুজ মোশন
4dcf784aba	4c555	ভেজাল বেশি দেয়া হয়
4dcfacad5a	4a918	আসলে ব্যাপারটা
4dcff9bb16	47e8d	প্রার্থীরা বিনা প্রতিদ্বন্দ্বিতায়
4dd000b510	698ff	সরকার বলেছে
4dd06956d7	23b22	লক্ষাধিক টাকা
4dd0b6684e	b9a81	তার অভিজ্ঞতার ভাণ্ডার
4dd0e19a52	17ca1	মুদি দোকানের ব্যবসা ছিল
4dd0f45c23	93080	গতর
4dd22f7f8f	1f974	ধর্ষণ ও মৃত্যুর পরেও
4dd25139b1	b8ed8	শাহরুখকে বলিউড রোমান্স নায়কের
4dd407bfbb	46da4	গ্রন্থের প্রথম গল্প দেনা পাওনা
4dd50f5612	6c6bf	অথবা ডিম্বাকৃতির টাক পড়ে
4dd55ddd0f	e2f12	এই গাড়িটা
4dd584c05e	2840e	এতটাই প্রচলিত হয়ে পড়ে
4dd65a0179	7b103	গোসল করতেন
4dd6a90ece	d71a3	এটা সম্ভব হয়েছে
4dd6afd54e	4164f	রাত্রি ১২টার সময়
4dd707d10b	db735	তার আগে বিগত সরকারে
4dd752ee07	08458	বিক্রেতারা জানিয়েছেন
4dd7f2e609	d5f7b	গভীরতম চর্চা ও উন্নত গবেষণা
4dd805004a	0edef	মা’র পরনে
4dd8552a11	18460	৩৪ বছর বয়স্ক
4dd8613c3b	2c9c5	আমরা আদালত বা ট্রাইব্যুনালের বিরুদ্ধে
4dd86fd738	a43b5	বায়তুল মোকাররমের সামনে
4dd8b08a24	4fc91	তাহলে তাঁকে বলা যেত
4dd8d9462a	3f875	সেনাগণকে ভীত করত
4dd911e5be	2fc12	আমি ঘুমায়া পড়সি
4dd9e6a032	590d0	সিরিয়ার এই সম্মতি
4dda9e1fa4	903fa	একটি বৈঠকেরও
4ddaa1b3e7	bfac7	মহিলাসহ দুইজনকে
4ddaac0ae0	554fe	অনেকদিনই দেখা নেই
4ddab3c3e2	520fb	বিরোধী দলই
4ddae1ef1b	d5f7b	যারা ফাঁকি দিয়ে রোজগার করে
4ddaf5b43a	ea5be	ভারত উপেক্ষা করতে পারেনি
4ddb32fc54	eb179	মোজাফফর আহমেদের ছেলে
4ddb4b75ec	95907	লুব্ধক মানব
4ddb6d9505	4f2ae	টেবিলটা বড় কথা নয়
4ddb80d0f2	58998	তবে তিনি মনে করেন
4ddb810fee	7c272	মাত্র ৩ লাখ ২০ হাজার
4ddb893ea6	88654	রবি সেবা
4ddba197ec	98b81	অনেকক্ষণ তাঁর জ্ঞান হয় নি
4ddba554cb	ca088	সন্দেহ নাই
4ddc255512	f4ba7	গড়ে তুলতে হবে
4ddcb4fdd5	0a87a	তাহের উদ্দিন ঠাকুর প্রমুখ
4ddcce06d4	9f25e	কিছুই জানে না মেয়েটা
4ddd0c51ff	1c618	কার্য্যোপলক্ষে অন্যত্র গিয়াছিলেন
4ddd43478c	75f18	এই প্রকল্পের নামকরণ করা হয়েছে
4ddd610882	4f450	তারিন
4ddd647da2	fd880	প্রচারিত হবে ছবিগুলো
4ddd648c90	616ec	যে সব শব্দ বা কথাবার্তা
4dde128b1b	39dd0	এসব উপজেলার অধিকাংশতেই চেয়ারম্যান পদে দু’টি প্রধান দলের সমর্থিত একাধিক প্রার্থী রয়েছেন।
4dde69af7a	6b437	অঙ্গুত্তরা নিকায়াতে উল্লিখিত
4dde6c4c84	0d9f1	ভেতরে তোলপাড় করে
4ddee1b653	c2082	মেজাজ মর্জির ওপর
4ddee6978d	1c618	কিছু তথ্য প্রমাণকে
4ddf6595be	4ea73	ধর্মবিশ্বাসের মধ্যে
4de04b394f	75626	দুগা
4de0542948	5cb47	অবশ্য পুরোপুরি আস্থা রাখতে
4de0932ad1	cd3ac	সাইন আপ করতে হবে
4de13786fa	10a9f	৬টি ইউনিয়ন ও ১ পৌরসভায়
4de19db98e	0c39f	আবদুল হেলিম বয়াতি
4de20ae982	c0d65	পৃথিবীর উপরে
4de24b99df	282d3	মামলা প্রত্যাহারের প্রশ্নে
4de2a72c20	d9817	সমাস
4de2b4a1f3	38ff0	অভিযান শুরু হয়েছে
4de2b85d36	10a9f	পুরুষের প্রয়োজনেই
4de2eea10f	2bd99	এক স্তর নিচে
4de3532f4e	07660	তাকে অভয়ারণ্য বলা হয়
4de35fb684	e6203	তাদের প্রতিবেদন দিয়েছে
4de394b1c4	06736	ক্রিকেটারদের কেন এমন
4de399ee5f	64092	ভোটকেন্দ্রে ভোটাররা না গিয়ে
4de3f935b2	ad2a0	যুক্তরাষ্ট্রের জাতীয় স্তরের
4de3fd10b5	e3f89	দেশবাচক নাম হিসেবে
4de4a8b532	0c39f	সহনীয় করে তোলার প্রকৃষ্টতম
4de4b9426d	1e7c7	রাজা গুপি আর বাঘাকে বললেন
4de4cfb263	b8ed8	উচ্চ শিক্ষিত
4de4e3ec81	5e80b	এভারটনকে সমতা
4de512be5f	282d3	গত দুই দিন ধরে
4de57a08b1	4fc91	রাষ্ট্রপক্ষে ছিলেন অতিরিক্ত অ্যাটর্নি জেনারেল
4de60b26ad	65652	জাতীয় সমাজতান্ত্রিক দল ৩
4de632c917	f2780	২৫ বছর না হওয়া পর্যন্ত বিলাওয়াল নির্বাচনে দাঁড়াতে পারবেন না।
4de634716e	860f4	যাদের মধ্যে রয়েছে
4de64b4012	83c53	নিঝুম দুপুরে
4de6f9282d	ad050	এক কলঙ্কময় অধ্যায়
4de77eeef5	c4973	এরকম একটা কমিটি
4de7ceb5ad	2ad74	ব্রাদারহুডের সেই নিবন্ধন বাতিল হয়
4de861fea4	2ac82	কিন্তু সেই ভূমির মালিক ছিল
4de8630db7	43b04	সেসব দেশের সাহিত্যিকদের নিয়ে
4de8700c50	e2ff7	সড়কপথ বন্ধ হয়ে যাওয়ায়
4de89061c3	0d9f1	বোমা হামলায় অন্তত
4de8d1802d	bbb22	কনডম
4de8dc3810	e3d8b	তার মতো পূর্ণাঙ্গ খেলোয়াড়
4de90d6e25	a06a1	পিঁপড়ে বললে
4de99497b7	d1b12	বিশ্বভারতীর কলাভবন
4dea0e9bf3	e00db	স্মার্ট কার্ড প্রিন্টিং সম্পন্নহলে
4dea32dc05	2840e	দীর্ঘ লাইন দেখা যায়
4dea63a58e	4e900	অত্যন্ত শঙ্কিত
4deae59c87	8edea	বাংলাদেশি হিসেবে এর আগে
4deb0e6ac6	fcc89	তারা বিরোধীদলীয় নেতার
4deb62b133	e2c11	খেলবেন সার্বিয়ান তারকা
4decad1f60	56508	দ্বিতীয় প্রতীকী ফাঁসির উদ্যোক্তা
4decfdce3f	d1a48	চেনা ও জানার জগতের মতোই
4ded00de51	10a9f	বড় মামার মন্তব্য শুনে বললেন
4ded565dea	0d9f1	ব্যবহার করেন নি
4dee996524	92bb2	রা শব্দ বেরোয় না
4deeb43e21	420df	কাজটিই করে দেবে
4deec5dd5c	6fb36	যে অনেক বিষয় নিয়েই
4deecd9178	e50f1	দিনের পর দিন বাড়ছে
4deedc2798	11de3	আমীর হোসেন খান বাদী হয়ে
4def1a74e1	c7a89	আমি এই বিয়েতে
4def3cb650	efc0d	জারি করা হয়
4def43f0af	7f71c	চলচ্চিত্রায়িত হয়েছে
4defe72b9b	fbb81	তাদের তেলবিহীন প্রসাধনী
4deff33630	6c6bf	দুটো দল তো
4df00e25ec	39dd0	প্রতি কেজি দেশি রসুন
4df01d24fd	e03fc	আসিমভ অক্টোবর, ১৯১৯ থেকে
4df0535e91	2f547	তৈরি করে দিয়েছিল ফরাসিরা
4df065cc12	2ad74	বাস করত
4df08e4c5f	93d3b	শ্যুটিং প্রতিযোগিতা অনুষ্ঠানের পাশাপাশি
4df11eae30	bd576	কিন্তু আমি ঠিক
4df121bcc8	3fc9d	নিবেদিতাও ছিলেন
4df2a32a3b	c7705	এসব বইয়ের টানেই
4df2d8da69	31f09	এর মধ্য দিয়ে
4df39a94ab	13b6a	অনুসন্ধান করা হয়
4df39d482f	1a4a9	তার কাজ
4df43e7116	3b1f7	স্পর্শ-করে-যাওয়ার মতো
4df47f9e76	6c17f	কর্মসূচিতে যোগ দিতে
4df4960594	3faff	সুষ্ঠুভাবে বাস্তবায়নের জন্য
4df5dbc37e	7b900	ধাত্র বেশী
4df5f639de	b08d0	কিশোর
4df5fe894e	65e30	তিনি শাঁখারীবাজারের
4df6534121	5dec6	রাঙ্গুনিয়ার তামাক ব্যবসায়ীকে
4df656d1c7	76329	পুরুষময় করে রাখার জন্য
4df66f7b65	93080	উমর আকমল যোগ করেন
4df6716bc1	91ac1	এবং আমরা
4df682ad56	6b437	সমান করে
4df6a445f8	b52ab	বদরুল বলেন
4df6f6a84c	f658d	একটি মাত্রা যোগ করেছে
4df70bdc4c	ce775	আমরা নতুন নতুন পোশাক
4df7261841	0895a	কোনো পার্থক্য তৈরি হবে
4df7317da3	b8bdd	আমিরুল্লাহ মুখস্থ ঠোঁটস্থ
4df744b1ac	8632b	অধিক হউক
4df74e10ef	e55de	তার এবারের মিশন বলিউড
4df88b8b7a	ad98d	বাংলা পুথির দৃষ্টান্ত
4df9a65bf7	976b1	সে সীমান্তে গড়ে তুলেছেন
4df9d49144	ce629	নারী প্রাণপণে
4dfa5cba98	bdfc1	আত্মা অমর, শাশ্বত
4dfc535f2a	3bb15	প্রভাব ফেলবে
4dfc58ab7d	29f8c	শরীর ব্যবহার
4dfca1b859	a8710	আরো গম্ভীর করে শুধালেন
4dfcad598a	7297e	এসব মৃতদেহ টেনে নিয়ে খেয়েছে
4dfdb98206	5d80e	মাইক্রোবাস রেডি
4dfe72cc41	bcaa8	মাথূরে গোপীপ্রেমের পরিসমাপ্তি
4dff41d31c	aabe7	শেকড়সন্ধানী
4dff863bcf	91b16	চারবারের বিশ্বসেরা এই ফুটবলার
4dfff289cf	d1a48	সিরিয়ার প্রেসিডেন্ট
