4f00bd5ad9	16877	আমার সাথে তার
4f01f20915	9065c	আমরা সবাই বাজার থেকে টাটকা মাছ কেনার চেষ্টা করি।
4f01faf012	cc18a	এর শেষ করা যাবে না
4f02379610	3bb15	ব্যাঙ্গালোর থেকে ছেড়ে আসে ট্রেনটি
4f038052f0	9642e	রক্তের হোলি খেলায় মেতে উঠেছে
4f03f88634	68ab7	শাহাবুদ্দিনের নাম
4f048c7d9a	01e91	বেয়াইন
4f04a280d5	68ab7	গাঁথিয়া দিয়াছি
4f05594d4f	ff1c3	নির্বাচিত হয়েছিলেন
4f06170c88	e6d83	সংসদে গিয়ে সই করে
4f067ebcaa	d0c70	বইয়ের ওপর নির্ভরশীল না হতে
4f06a76dd6	92bd8	তিনি সর্বমহলে
4f06b3aae9	33814	তাঁদের মধ্যে
4f06e1ca1e	7ed14	ইনডিপেনডেন্ট টেলিভিশন কর্তৃপক্ষ
4f070a21aa	06527	তাদের জানিয়েছেন
4f07a2a651	d2faf	বাঁশবেড়িয়ার হংসেশ্বরী মন্দির
4f07d46b85	9f25e	অনুষ্ঠান সাজানো হয়
4f07d9bbf3	b9b98	সকলেই ঐ লোকগুলিকে গালি দিতে লাগিল
4f07fc43b8	e43d4	দিনকাল
4f09339810	509f6	শিব পুরাণ
4f0984c4b0	49543	উত্থানের অনুপম কাহিনী শুনেছি
4f0a04c248	92f59	অবরোধ তুলে নেয়
4f0a08995a	ac904	তবে সম্ভাব্য
4f0a5e7144	65652	সেলক্ষ্যে ব্যাপক প্রস্তুতি নিয়ে
4f0ab1576b	f1ea4	কী আবোলতাবোল বকো
4f0adc2f67	7d004	আধুনিক করে
4f0b4c1000	11de3	বিয়ে বন্ধনে
4f0bdbb914	967fd	কাজ করা
4f0bee63b6	e03ce	বন্ধ করতে পারব না
4f0c9afbc5	fb4cb	ডানাকিল যোদ্ধারা
4f0cfdb619	e68af	মাটিতে ঠুকে চেঁচায়
4f0d25d07b	d9817	হেজবুল্লাহ যোদ্ধারা
4f0d935f1b	0d8c1	যাঁহারা বাক্যে অজেয়
4f0ded9f0d	e9759	১০ বলে ৮ রান করেন
4f0f237758	0744c	তাফহিমুল কোরআন
4f0f60dbc9	65e30	কর্মক্ষেত্রে হুড়োতাড়ায়
4f104748b3	25696	বন্ধ হয়ে যাওয়ার পর
4f104fdfd3	6b437	আন্তর্জাতীক ক্ষেত্রে
4f1054c849	08458	তারেক রহমানের সঙ্গে
4f10730cf9	355c1	এছাড়াও রয়েছে
4f10816784	d2294	এখানে কিছু দিন
4f108dcfc6	4bede	পৃথিবীতে বহু রকমের প্রাণীর দেহেই
4f110fdf59	e43d4	ক্যালেন্ডস, ইডেস
4f111b26b1	355c1	তখন বাধ্য হয়েই
4f11315947	a06a1	এখন দুধে
4f116ffd40	c0965	সব ভর্তি পরীক্ষা
4f117e7325	e6e48	তার ওপর আবার
4f11f3be68	d2355	সে শক্তি এসব ঘটিয়েছে
4f125b14ac	d2294	সন্তান
4f12a464a0	f89d7	তাহলে এ মানুষটি
4f12cf9b5a	82926	শিকার করেছে, খেয়েছে
4f136737ea	13b70	৩৬ জন পরীক্ষার্থী
4f13b92c6b	49d63	যে পুরুষ নিজেদের নারীবাদী বলে
4f13c0cce3	b8bdd	বুজে ফেলা হয়েছে
4f13c2f682	06527	হঠাৎ ভটভটির ইঞ্জিন
4f13e8cc0f	b8bba	সময় কাটাতেন ধীরাজ
4f14375195	c7705	গুরুতর প্রভেদ আছে
4f149a2b1f	948d3	কয়রা উপজেলা
4f14a17391	c7a89	ফ্রিজ বিক্রির ক্ষেত্রে
4f14eb639b	0d8c1	তাঁদের সম্পর্ক ছিল
4f14f5a7ab	d82d9	কাজ করবে
4f1548bfed	69449	চুপচাপ বসে আছি
4f1568b463	ce180	মধ্যবিত্ত শ্রেণীর দুর্বল অবস্থান
4f1585236d	3fce2	মানুষ বোধহয় উদাসীন হয়ে পড়ে
4f15a49858	a7c6f	প্রয়াস পাইয়াছিলেন
4f1613678e	089ef	একটি কৃষি বিশ্ববিদ্যালয় স্থাপনে
4f1729b71b	2ac82	তোমার জন্য মরতে পারি
4f1742c027	2fe3c	অষ্টম হেনরি
4f178df12a	4c1eb	অবস্থান নিয়ে
4f17d76e6c	536d9	বিকল্প ছাপাখানা থেকে প্রকাশের ক্ষেত্রে
4f18c95a1a	3f493	শেষ দেখা
4f1940f834	80e98	পাতা বিছানায়
4f19823935	698ff	যাহাতে অশ্বিনীবাবুর মৃত্যুর কারণ
4f19e41929	68ab7	বাড়ি ছাড়া
4f1a3acf90	2b883	একাগ্রচিত্ত হইতে পারে না
4f1a444044	2b883	আচরণবিধি লঙ্ঘন হচ্ছে কিনা
4f1a8f2112	ad2a0	লোক সরে যাচ্ছে
4f1aa9250f	39dd0	সবচেয়ে বেশি স্নেহ করতেন
4f1abe1e58	976b1	বিরোধী দলীয় নেতা
4f1ad1df0a	06736	সরকার আইনের মাধ্যমে
4f1b3c77d9	fcc89	সুদৃঢ় করেন
4f1b86a73e	3c897	কি খাবেন
4f1b9bad79	f89d7	সত্যিকার সুস্থ
4f1bbcc57c	fbb81	জগতের মঙ্গলার্থে
4f1c6eee19	274ee	যখন মি. শি চীনা স্বপ্ন নামে
4f1c933dc1	d41be	দলে দলে
4f1cbff655	f4ba7	ইনি গণিত এবং
4f1cf34b9a	e3f89	অর্ধশত নেতাকর্মী আহত হন
4f1d15891c	809cd	তাদের পূর্ণ মনোযোগ
4f1d22e16d	a916a	এই লেখকের রয়েছে দীর্ঘ প্রস্তুতি
4f1dcb3a76	e9759	বিশ্বের সবচেয়ে বেশি সংখ্যক মানুষের
4f1e668290	1a4a9	ফের কাজে যোগদান করেন
4f1eb52f1b	ee886	তারা, মেয়েরা সব
4f1f0a815a	d0c70	অবশ হয়ে যেতে পারে
4f1f41f676	0895a	নাম প্রকাশ না করে জানিয়েছেন
4f1f5abc72	a9a58	আবার চলিয়াছে
4f1f88d1d0	a8710	তিনি পুলিশের কাছে
4f1f9660ce	c6848	বার্সেলোনার এই তারকা ফুটবলার
4f1fac7665	d9817	প্রবাহিত হবে
4f202cc7b5	75936	অলক্ষ্য পাদবিক্ষেপে চলিল
4f20c4fb8f	39293	হারুন ও গোপাল নামে
4f20d4030d	1279e	বজায় রাখার
4f210c68e3	fb4cb	তাঁদেরকেও ছদ্মনামের আশ্রয় নিতে হয়
4f211036e2	b52ab	উদ্ভাস
4f212995d1	24aed	বিপথে থাকা
4f21401a8a	d8c80	হাজার হাজার কোটি টাকা
4f2155857b	8a46d	আগামী ২৫শে জুলাই তার শপথ নেওয়ার কথা রয়েছে।
4f21d6402d	4f450	চলছিল না বলে
4f21e54217	9f25e	পরিস্থিতির গুরুত্ব তুলে ধরে মিস্টার ব্যান আবারো দেশটির প্রেসিডেন্ট সালভা কির এবং বিরোধী নেতাদেরকে সংলাপে বসবার আহ্বান জানান।
4f21fd9efa	c463d	শাহবাগের প্রধান দাবিও তাই
4f224cb358	ef915	পারিবারিক সূত্রে জানা যায়
4f226b280a	ac904	বিষয়টিকে মাথায় রেখে
4f227369a6	cd3ac	যশোদার ঘরে প্রবেশ করে
4f229f596d	29089	এ বিষয়ে নোটিশ
4f23347281	68ab7	ছাড়া পেয়ে মিয়ামিতে
4f233874af	1b359	রাজপুত্র কাছে গিয়া দেখিলেন
4f23ac9533	d7a68	তাঁরা কি করছে
4f243aafcb	3ccf1	পাঁচ বছর আগে যেখানে সক্ষমতার প্রায় ৭২ শতাংশ বিদ্যুৎ উৎপাদন হয়েছিলো, এখন সেটি নেমে গেছে প্রায় ৬০ শতাংশে।
4f24bccf09	ad98d	ইরান এই প্রস্তাব দেয়
4f256c0dc3	17dcd	খুঁজে পাওয়ার নজির
4f25a6b329	5dec6	এক নিরঞ্জন সু মন লাগা
4f26209a1f	554fe	আমরা যে হের আত্মীয়
4f2727784f	509f6	কিংবা ঘুরে দাঁড়াবেন
4f27a047ae	49d63	এই চুক্তিকে স্বাগত জানান
4f27c82412	2ecf8	বিস্ফোরিত বোমার শব্দে
4f27f4e298	fda1a	ছোট্ট একটি টিলার উপর
4f28699d86	91ac1	সবিস্তারে এই কাহিনী
4f28d762b5	2909b	কেন্দ্রীয় শীর্ষ নেতারা
4f28ff952f	65e30	এটাকে আমরা ছন্দোবদ্ধভাবে
4f295a7223	4c555	যদিও খুব সহজে নয়
4f2967676f	7e1d5	লেখক কুঞ্জ করা হয় মেলায়
4f299b7a1c	ac0df	একটি ভেবে নিয়ে
4f2a1134be	cb1aa	কিছুই আশ্চর্য্য নহে
4f2a491ad8	9642e	শেষ হবেনা
4f2a5c7312	e6752	এবং আহত হয়েছে বহু লোক
4f2a778672	91b16	কলকাতা বেতারে
4f2aafc8f4	9282d	পিটিয়ে এক ওসির
4f2abb4a95	7c272	ডা. দিপু মনি সাক্ষাৎ করেন
4f2af03d01	287bd	কর্তৃপক্ষের তরফ থেকে আজ
4f2b973176	adf01	১১৫ টাকা দরে বিক্রি হচ্ছে
4f2be6f627	e68af	ছুটে বেড়িয়েছিলেন দেশময়
4f2c05c59c	1b359	আধা-নিয়মিতভাবে
4f2c1909ca	af81d	তখনই অজ্ঞান হয়ে গেলেন
4f2c3142a3	e03fc	ফেটতে থাকুন
4f2c3b3870	14816	সেই অস্বস্তি
4f2d0dbe84	dae88	এই প্রযুক্তির মাধ্যমে ভ্রূণ
4f2d230d6c	9092b	শিশু গৃহহীন হয়েছে
4f2d508821	8edea	খিলগাঁও ফ্লাইওভারের
4f2d734310	f1240	যার বিপরীতে দাঁড়িয়ে
4f2d8d4996	cf82a	শত শত কোটি বছরের
4f2d9a9170	a43b5	নারীর শরীর জাগতে নেই
4f2dc722f6	f89d7	তাই আবার
4f2dd98d08	47e8d	জানাবেন গণমাধ্যমকে
4f2df8c9a1	06ea3	সেটি মনে করেন না
4f2e5560ae	323f1	আপনাদের যুবসমাজ
4f2e7ac4e2	520fb	মজু ও সবু
4f2e94b091	d3e06	গতকাল আসতে দেখা গেল
4f2ec60675	a274b	নানার দোকানের কর্মচারি এসে
4f2ed4cd14	9813c	সাকিব খানের নতুন ছবি
4f2f4220f9	4237e	তিনি জানান
4f2f93268d	39293	চরমপত্র' শোনার জন্য
4f2f94ecc6	ad2a0	বুঝতে সাহায্য করে
4f30406b5f	870e3	বেশি ক্ষয়ক্ষতি হওয়ার আগে
4f30520af0	554fe	বললেন দেখো তো কে
4f305ea150	ce180	ব্যপকতার থেকে
4f30b83d50	f0f95	এই পরিবেশ
4f30dfaa19	e6752	মিরান্দা খুব অল্প বয়সে
4f31111a02	194f5	সে কোনও উত্তর দেয় না
4f3131e8c8	6dff5	কোন উপায় ছিলো না
4f313c9dff	0d4cb	২০০২, ২০০৭ ও ২০১২ সালের
4f315b1b33	13b6a	ক্ষতিগ্রস্ত এলাকা পরিদর্শন করে
4f31684205	bdfc1	এর জন্য কোনো
4f3208c900	d136b	এবং মহাদেশটির ইকোজোন
4f32224859	388c9	হালকা হয়ে যাচ্ছে
4f32720543	3faff	এই প্রেম-কাহিনী
4f334f4e6e	e43d4	শিশুর বয়স
4f3400a265	db735	বিস্ফোরণের আলো
4f341cb21d	4bede	একজন গ্রাহকের
4f343de2a7	9065c	পালংশাক কুচি দিন
4f346f33d5	ee852	উপলব্ধি করা
4f34751571	7898e	সামাজিক পরিবর্তনের জন্য আমাদের সবাইকেই এগিয়ে আসতে হবে ।
4f348002d0	616ec	নওয়াজের বাগানবাড়িটির অবস্থান
4f34b7f14d	13b6a	নিরাপত্তা ব্যবস্থার কড়াকড়িতে
4f35154dbb	69449	মারকুটে বর্ষা একাই
4f35927121	b2a62	বিরোধী নেতা-কর্মীদের
4f35a8d888	ad2a0	রাজশাহী ক্যাডেট কলেজ স্কুল
4f36051a2d	11de3	প্রকৃতিকে জয় করিতে পার
4f36b3f716	8cf95	একজন হয়ে পড়েন দিশেহারা
4f36f18b45	e3d8b	২০১০ সালে দুবাইভিত্তিক ব্যবসায়ী সুনন্দার সঙ্গে বিয়ে হয় শশী থারুরের।
4f37333f5f	72649	সংগীত পরিবেশন করেন
4f3748845f	a1201	আবার ঘুরে
4f3796d9c1	e2ba2	গড়ে উঠবে না
4f37af504e	1a4a9	নির্যাতন প্রতিরোধ ও নারী সমতাই
4f38979ada	3d17c	কলকাতা ভিডিও গান
4f391ef543	590d0	আহত তিনজন
4f3a096b5a	9d46f	এই তথ্য জানিয়েছেন
4f3bd7ee2a	25696	তালিবাবাদ ভূ-উপগ্রহ কেন্দ্রসংলগ্ন
4f3c9c849b	e9589	তার ফল এক গবেষণা জার্নালে
4f3ca97290	7d3e1	ঐ প্রতিবেদনে
4f3cc5245f	ff0fe	পুলিশ ও প্রশাসনকে ব্যবহার করে
4f3cd2614b	16877	আসিফ
4f3cf3436c	6d129	যেসব বাণিজ্যিক ছবি মুক্তি দিচ্ছেন
4f3d1a6d14	3bb15	চাহিদা পূরণ করে না
4f3d7f46ea	9c8dd	কিউবমাস্টার হল
4f3dac2a79	ced74	এই সকল গুপ্তগণ
4f3dc711e8	943de	সেটি আমাদের
4f3dcd1ba4	83c53	জিজ্ঞেস করেছিলেন
4f3ddfa5a0	3bb15	ঢেকে রয়েছে পানিতে
4f3dfe8e3d	29f8c	বেড়েছে ১৩শ টাকা
4f3ea3c33d	da6f0	গতকাল বৃহস্পতিবার মিঃ রহমানকে
4f3ed3c073	121bd	ছোটদার ঘাড় ধাক্কা দিয়ে
4f3f7f1171	f1240	ফুল ফুটুক না ফুটুক
4f405d67c7	7297e	বৃহস্পতিবার এডিবির
4f406696d2	2d98b	অভিশাপ
4f40b0d8f1	3bea8	অপিওয়েড মস্তিষ্কে
4f40f4e51e	75936	নীতিমালার মাধ্যমে পালনীয় হবে
4f41020fa3	25696	সে প্রশ্ন করল
4f418fec7b	f2780	সুপারিশ এসেছিল
4f41c00f7e	d136b	মইনকে সেখানে নিবৃত্ত করার পর
4f41c7ae9f	16877	বিহার
4f4211a1e6	355c1	মৃত্যুর সঙ্গে
4f4264cf7a	ff1eb	চাই সমন্বিত উদ্যোগ
4f4301173e	089ef	গত ২০শে মার্চ রাষ্ট্রপতি জিল্লুর রহমানের মৃত্যুর পর এখন স্পীকার আবদুল হামিদ অস্থায়ী রাষ্ট্রপতির দায়িত্ব পালন করেছেন।
4f4317d29c	c1e30	বাতিলের দাবি তুলেছেন
4f433e89b1	1a4a9	অপটিক্যাল যোগাযোগ মাধ্যমে
4f4421ec51	e6e48	আরও কমে ৯২টি হওয়ার
4f44d64e19	860f4	করা হয় ফ্ল্যাশে
4f4542bbef	91223	নৌকার ছবি
4f459c4734	0d9f1	ফিক্সিং-এর অভিযোগ উঠেছে
4f460892aa	24aed	দলের জন্য বিশেষ সমস্যা হচ্ছে
4f462ac808	dec2d	অন্যান্য হরতালের দিনে সকাল বেলাতেই বিএনপি কার্যালয়ে ব্যাপক কর্মী-সমর্থক এসে হাজির হলেও আজ সে দৃশ্য নেই।
4f46ff7464	52578	বাড়তে পারে বলে
4f4768358a	2ad74	মায়ামির এ টুর্নামেন্টে
4f47f4cd9d	f29bf	বাংলাদেশে পাবলিক বিশ্ববিদ্যালয়ে
4f483e0b66	4dd57	পরিকল্পনা ছিল রণবীরের
4f485ac02b	351dd	জাতীয় কবি কাজী নজরুল ইসলাম
4f49561fbc	0a7a0	ভূমিষ্ঠ হয়
4f4987788d	91b16	পরশু বিরোধীদলীয় নেতার সঙ্গে
4f499381d1	3fce2	খাদ্যে এ বিষের
4f49de4bac	698a4	স্থানীয় লোকজন সড়কে জড়ো হয়ে
4f4a069b52	8406e	উকুন
4f4aad1e1b	b8bdd	বুঝতে হবে তাঁদের মন
4f4ab403a6	3ccf1	ক্ষুদে শিক্ষার্থীরা
4f4b797294	e68af	তিনি নিজেই বিজ্ঞাপন দেন
4f4b9eedc1	60b9d	ভাগ মনে করেন
4f4c2e13f9	23291	সামাজিক, রাষ্ট্রীয়
4f4c83e8dc	9d46f	পাঁচ তারকা হোটেল
4f4c868ab4	9e923	গানের কথা হচ্ছে মা
4f4ccebe11	420df	এবং আশেপাশের এলাকায়
4f4cf4c4be	91230	যুদ্ধ করিয়াছিলেন
4f4d1b3d12	509f6	বন্ধ হয়ে যাচ্ছে মর্মে
4f4d3b5373	eecdd	চট্টগ্রামের সিরাজুল ইসলাম
4f4d506b66	17dcd	মাধ্যমে মোক্ষ অর্জন
4f4d65bb1e	c5479	তার বাজনাটা
4f4d904de9	ff1c3	কেন বেশি
4f4db979c8	a8710	লিভারপুলের উরুগুয়ের ফরোয়ার্ড
4f4ea38b28	420df	ভোট হলেই তা নিরপেক্ষ হবে বা হয়েছে
4f4ec27a3d	fdcba	চোখে পড়িতেছে না
4f4f7f0f39	29f8c	নিহত দুই ব্যক্তির লাশ
4f5019d41b	b2a62	একটানা অনেক দিন লিখেছিলাম
4f50253aa5	e2ba2	রপ্তানি আয়ে ক্রমান্বয়ে
4f51148b4b	09b32	দেশী মত আবার
4f516bc50a	4164f	প্রথা ও সংস্কারে
4f51b8a6e3	256f5	সিনেমার ক্ষেত্রে
4f523713e7	22096	এই ভেন্টিলেশন নেওয়ার পরই
4f5251bc4b	8edea	স্পন্দন-এ আমার একটা কবিতা
4f527c5ffe	4237e	ছিটমহল বিনিময় সংক্রান্ত
4f5283fc22	76329	অফিসার্স মেস
4f53225be0	6e6fa	কামাল ত ভালই বাজায়
4f532b6da2	73629	এভাবে ভেঙ্গে পড়বে না
4f537ad9d4	3ec4d	এজন্য আন্তরিকভাবে
4f539589ee	089ef	প্রেম হতে পারে না
4f540a6102	d0c70	জবানবন্দি দেয়া শেষ করেন
4f540a76b8	2909b	গুম, খুন, হত্যা, অপহরণ
4f54452e1b	13b70	যুক্তরাষ্ট্রের নিউ-ইয়র্কে ২০১৩ সালের শেষ দিকে পাবলিক প্লেসে ভ্যাপিংয়ের উপর নিষেধাজ্ঞা জারি করা হয়।
4f5561290f	239f7	একদিন নদীর ধারে
4f5605f8f4	80518	অভ্র কীবোর্ড
4f565ef6aa	75936	১ কপি পাসপোর্ট সাইজ ছবি
4f56ab0849	a46e2	একটি তত্ত্বাবধায়ক সরকার
4f56fa89f8	c4973	কিভাবে উন্নত করতে পারে
4f571b1259	24f73	দিয়েগো কস্তার গোলে
4f5728febb	60f77	রাশিয়াপন্থী বিক্ষোভকারীরা
4f57be6cef	a916a	নজরদারির ব্যবস্থা
4f5823b0ef	351dd	রেডি হয়ে সালাম করে
4f58698088	8406e	তাই আপিলের সিদ্ধান্ত হয়েছে
4f58c50351	42898	আবারও একতাবদ্ধ হয়ে
4f58d8c4c1	616ec	এলবাম
4f595dac7f	3fae0	সবাই সেখানে
4f59abc55f	442b7	আউন্স প্রতি ৪০০ ডলার করে রাখছে
4f5a97613e	bdfc1	এখন প্রশ্ন হলো
4f5add3573	0d4cb	দেখতে যাওয়া তো দূরের কথা
4f5b5c0633	932bb	বঞ্চিত হচ্ছে নতুন প্রজন্ম
4f5b9be824	13b70	পোহাতে হয়েছে কম
4f5bbf4c91	2f547	আইসল্যান্ড ইউরোপের
4f5bc7bc51	d2faf	অগাস্টায় স্থানান্তর
4f5bf19c84	0895a	৪৩ রান করেন নাইট
4f5bfdef09	3fae0	দায়ের করা হয়েছে
4f5c4a8840	e8dde	মাঠের বাইরে ছিটকে ফেলেছে
4f5ca6749c	09b32	দাদু খুব বুক ঠুকে
4f5cd49dfc	3c897	কাজের সূত্রে
4f5cedb3a8	91230	গ্রহণ করিতে হয়
4f5d28cb58	83c53	অন্যান্য পোশাক কারখানার
4f5de5faa4	05901	বেঙ্গল গ্যালারি প্রস্তাব দিয়েছে
4f5e5c008f	fd880	পানি শোষণে সক্ষম বলে
4f5e7dc686	e31e7	ঋষি ঠাকুরের আষাঢ়ে গল্প
4f5ebc0f1b	1c618	সবই ভাল,হেভি ফর্সা মেয়ে
4f5f123e2e	3c897	ফেরার প্রবক্তাদের অনেকে
4f5f132778	932bb	কোরিয়া লটারি
4f5f4a7612	ba2f6	এনডিটিভি জানায়
4f5f68f690	09f0d	আর প্রস্তুতির জন্য
4f5f8118a0	ad69a	গ্রেগসন চেয়ার থেকে
4f5fc9724e	287bd	কবে প্রণীত হয়
4f5fd9a1ce	3bea8	অর্থনৈতিক আচরণকে
4f6089c1a7	49d63	নির্যাতনের শিকার হন
4f60c71041	9813c	তুচ্ছ ঘটনা নিয়ে
4f60d55713	66c6b	এ সময় তাদের কাছ থেকে
4f6126c00c	9fa90	নরুনির আরেকটি শট
4f615787e3	d2d71	দাঁড়াইতে বলিতে লাগিল
4f61c49848	9351a	মূল ঘাতক
4f623739b0	c4973	এখন অক্সিজেন
4f62d039c1	06736	যে জ্ঞানলাভ করিয়াছিলেন
4f633770b9	b8ed8	এরপর পুলিশের একটি
4f6419db63	7351e	বাঙ্গালী তাহা মানিয়া লইল না
4f64718e70	29089	সাড়ে চারটার পর থেকে
4f64768e39	eb179	গৃহে গৃহে অমৃত ফলিবে
4f649f9357	44322	টেলিভিশনের দিকটি মাথায় রেখেই
4f64b97e5d	16cfb	সংকটে ভুগছেন
4f65b30aec	93d3b	সন্তানকে সরাসরি বলতে পারেননি
4f660008fe	ec91c	দায়ের করা মামলাও
4f66401ed8	7d004	তার বাবা করুণাময় দাশগুপ্ত
4f66444c88	75f18	তার মা শ্বাসকষ্টে
4f66640f1d	e6d83	অর্থায়নের বিভিন্ন উপায়
4f66a54e7d	29f8c	বরই
4f66b0521b	76329	কড়িডোরের মধ্যে প্রথম
4f6709fea0	b4ea7	বিএসএফ এর একজন কর্মকর্তা
4f67e75923	e03fc	এসি মিলান ২-১ গোলে হারায় জেনোয়াকে
4f692a078a	d7a68	হরতালকে কেন্দ্র করে
4f6938eb39	9092b	ভিখারির কাছ থেকে
4f69b9c111	23291	মহাভারতে তাহারা অনার্য
4f69c79b28	56508	পূর্ব লন্ডনের বাসিন্দা
4f69d298d5	b8bdd	সুফল কয়েকটি সমীক্ষায়
4f69dd85e5	7b103	অন্য দিনের চেয়ে একটু আগেই
4f69ef61eb	92f59	ভূপৃষ্ঠ থেকে ৭.১ মাইল গভীরে
4f6a64d98b	09f0d	মণ্ডন মিশ্রের মতের
4f6a727761	d2d71	তার মেয়ে
4f6b3d6bae	dafb6	বাংলাদেশ এবং ভিয়েতনামের
4f6b536b1c	25117	এক ডিফেন্ডারকে কাটিয়ে
4f6b5efaf9	e2ff7	প্রথম চিনতে পারিনি
4f6b6f3158	a916a	ছেলেটি তার খালার বাসায়ও নেই
4f6ba92bbb	29d44	লাল মিয়া ডাকতে বলে
4f6be25e77	256f5	শ্রেণীসমাজের কাঠামোর মধ্যেই
4f6be90c5a	68ab7	অনন্যা চট্টোপাধ্যায়
4f6bfc9d39	3fae0	কেউ আসে রাজপথে সাজাতে সংসার
4f6c592e78	2bc73	আনমনে শিস বাজাতে
4f6d12ecc9	f2097	ক্যাচটি তালুবন্দী করেন
4f6ddd4129	b7be9	২য় সংস্করণ প্রকাশিত হয়েছে
4f6e08ba1c	e2ba2	পাটশিল্প বিকশিত হলেও
4f6e659b37	0d4cb	গত দুই অর্থবছরে
4f6ef70980	d7a68	খুব একটা মাথা ঘামাতে হয়নি
4f6f87e8b7	b9a81	গাঁজা বিক্রি করেছে
4f6fafac5a	43b04	এই সফটওয়্যারগুলো
4f6fde0187	121bd	লড়াইয়ে আধাসামরিক বাহিনীর
4f6fe7ab8e	7c272	আমি তোমাকে
4f6ffd00b9	6aac8	ঢাকা এসে দেখলেন
4f708b00d3	25696	তাহাতে কিছুমাত্র কমে না
4f709a6e6f	17ca1	স্বভাবতই আনন্দিত তিনি
4f7128705a	9092b	হুট করেই
4f713045e9	f280a	বিশাল পিণ্ডকে
4f714f97f8	54e68	খালা এমেলিয়া পাজ
4f716541e9	2de86	খুব আনন্দিত
4f717d20cd	acb88	অর্থ
4f71a90558	7898e	বিশেষত, রাজধানীর বাইরে
4f7234fd8f	acb88	নানা অপব্যবস্থায় আবিল
4f7237edac	0696e	২০০২ সালের
4f728d3716	4a918	আমরা গান
4f73170f0c	388c9	আদিলুর রহমান খান বলছেন
4f734065dd	5cb47	ডাল-চাল ধুয়ে নিন
4f734bab64	0bace	মুখ তুলে তাকাল
4f73a46451	274ee	অনিমেষ আইচ
4f73c04146	ec91c	দেশের শিল্পকলার জগৎকে
4f73e1236b	92f59	প্রায় ৩০টি হলের
4f73e14517	d2355	রোমান্টিক কমেডি
4f740c6e71	f1240	পুড়িয়ে ফেলার উদ্যোগ নিয়েছে
4f747d8041	cd3ac	প্রভাবিত করে
4f748175ee	60f77	জাতিসংঘ আর পশ্চিমা দেশগুলোর
4f74857943	4a67e	সেই আয়াতটি অর্থাৎ
4f759d6ee7	c41d8	আমাদের সমস্যা আমাদেরকেই সমাধান করতে হবে।
4f7609c98a	ee7b2	বিশ্বকাপে সেই পুরনো চিত্র
4f7616d158	f600a	শ্রেষ্ঠ চিত্রগ্রাহক হিসেবে
4f76901633	8c07c	শাহরুখের প্রশংসায় ভাসছে
4f76be2253	9282d	যে কোনো ব্যবসা
4f76e40a0d	239f7	বেসরকারি হিসাবে বিজেপি এখন
4f777edb4e	11de3	ইসলামের অবমাননা
4f77cffd89	7e191	এই সামান্য ঝড়েই
4f77e246c1	fd880	ট্রাস্টি বোর্ডের সহসভাপতি
4f7821e4f2	da6f0	পরে জিডি করেছি
4f7840bba7	b2a62	যেখানে জায়গা জোটে
4f78cd027c	0b7ca	বাইরে যেতে পারি না
4f790cb5ae	2909b	সর্বাপেক্ষা উল্লেখযোগ্য
4f793880b0	16cfb	এম এ মান্নান উপস্থিত ছিলেন
4f796e4a51	28dfc	প্রাণ বিসর্জনের ঘটনা বিরল
4f799c2530	698a4	এরপর একেবারেই
4f7a5380b6	91223	রেলে রাজশাহী
4f7a816a1b	69d9a	আলাদা করে
4f7ac2ee92	9d7bf	উপজেলা নির্বাচন সামনে আছে
4f7b81229d	7aed9	তাওহীদ
4f7b887a83	c173f	বাংলাদেশ সীমান্তে আসছে
4f7bde6339	7297e	সেখানে এসেছেন দেশের
4f7ca25c0e	49543	রাউলিং বলেছেন
4f7d005678	8edea	নয়টি যানের
4f7dc89b05	315e9	গুরুত্বপূর্ণ সময়ে
4f7e259071	a43b5	আমার মনে হয় না
4f7e25c2a1	e7230	এর মুখে
4f7e577e0b	577fa	রচনাবলিতে উল্লিখিত হয়েছে
4f7e6e9a0b	29089	এখন এ মেয়েটি দাও
4f7ec97ff8	121bd	বেছে নেয়ার অধিকার
4f7fa819a7	da6f0	কুঁজো হয়ে
4f80026ddf	778c0	বিশ্বখ্যাত ব্যক্তিদের
4f8054f399	4164f	দেশেই তৈরি হচ্ছে
4f808b9917	76329	মোহনগঞ্জ গিয়েছিলেন
4f809efc6d	16e96	তাৎক্ষণিকভাবে তাদের পরিচয়
4f80b04059	4237e	বাঁচতে দিলো না
4f80b37d34	09b32	বৃন্দাবনবাসী গোপীদের সঙ্গে
4f81605d49	870e3	পাট
4f81dd2d49	92f59	জসীমউদ্দীন
4f82d45f38	54e68	আগে তার বার্ষিক আয় ছিল
4f82d4ea49	430b2	তার ওপর ঝরে পড়া
4f82f7c4ca	967fd	জীবন থেকে
4f8364f6c2	9b864	জোয়ার শুধু বাকি
4f84312d3e	fcc89	ঢাকা-সিলেট মহাসড়ক অবরোধ করে
4f845eda01	1c618	বড় হওয়া
4f8491a8cc	5cb47	উজ্জ্বল ভাবমূর্তিটি
4f851aa779	9d398	৩৫৯ জন পরীক্ষার্থীর মধ্যে
4f8549ecdd	84145	পৃথক চালানে আসা
4f855a4d08	9813c	যতই ভালবাসুক না কেন
4f85d2867d	d9ba9	কথা বলারও কেউ নেই
4f85ff71aa	0a7a0	সম্পাদকীয় প্রবন্ধ লেখা হয়েছে
4f8689026c	80518	চড়ুই পাখি
4f86e351eb	aabe7	তার দল ছেড়ে যান
4f87b9e8b6	b618b	প্রকাশ করতে চায়
4f87e4efc9	cf82a	সিদ্ধান্ত জানিয়ে দেয়
4f88400d8a	ad69a	উল্টো দিকে সোহরাওয়ার্দী উদ্যানে
4f88852dcb	dafb6	একেবারেই সহজ হয়ে গিয়েছিল
4f88ee8b22	6b437	ভারতে ব্রিটিশ শাসন
4f88f6a645	98b81	তুচ্ছ না করলে
4f891aaccc	2aecc	পুলিশ অপরাধ আমলে নিয়ে
4f891d5d19	11915	সংগঠনের কর্মী
4f8957ae6d	c173f	বিনোদ মাল
4f8a51f26d	58998	মোড়েলগঞ্জের বৌলপুরে ফিরছিলেন
4f8a7eb164	05901	বড় মূল্য দিতে হয়েছিল
4f8aa4b5e1	8c07c	তামিল জনগোষ্ঠীর
4f8abc866b	3fc9d	পাকঘরে ঢুকে
4f8b30a6ba	a7c6f	আমাদের নেত্রীর চেহারা দেখুন
4f8b5b7ee1	82926	চিনি আধা চা-চামচ
4f8b5bab98	fbb81	এক রোমান ক্যাথলিক পরিবারে
4f8b7f87d3	7b900	এই অস্ত্র পাচারের সঙ্গে জড়িত
4f8b80d62d	282d3	যার যে দুঃখ থাকে
4f8b978e7e	f83df	যেখানেই নামাজের সময় হয়
4f8bb53f52	9065c	তাঁর জন্ম হয়নি
4f8c504b93	388c9	ভেঙে পড়ে
4f8ca1dc55	06527	আমদানিতে খরা নেমে আসে
4f8ca3b685	d9b11	বিনিময় যোগ্য
4f8cadc93b	18a52	বিদ্যা অমূল্য ধন
4f8ccc155d	83c53	যারা তিন দিনের কথা বলেন
4f8ccf25e0	46da4	চৈতালি এক্কাদোক্কা খেলেছে
4f8cd1f831	976b1	মামলার দীর্ঘসূত্রিতার কথা
4f8d2e5ec4	d41be	আবার অনেক ক্ষেত্রে
4f8d7d96d8	4bede	বছরে অন্তত
4f8dbcb5f4	d41be	সেন্ট স্টিভেনস কলেজ
4f8e362adb	4fc91	তৌসিফ
4f8eb096f3	2bd99	সাংস্কৃতিক অনুষ্ঠান
4f8edf0886	9e923	টেকটিউনস
4f8eebb658	a4750	শিশুরা অতিরিক্ত আসক্ত হয়ে পড়ে
4f8f34f641	64092	অনেকটাই নির্ভর করে
4f8f6f280a	c0d65	মধুসূদন, হেমচন্দ্র, নবীনচন্দ্র
4f8f9144ca	92bb2	১৩টি মামলায় বিভিন্ন মেয়াদে
4f8fc1bc27	d711f	শেষ হয়
4f8fca73c8	0e637	যদিও আমাদের সম্পদের
4f8feb9efd	72649	জীবন বিসর্জন দিয়েছেন
4f9004358f	f29bf	সাধারণত সেনাবাহিনীমুখী হয় না
4f90047b6c	a8710	হয় না বলেই
4f9028f220	e43d4	অবরোধ কর্মসূচির সময়
4f905c6b25	e89bb	আবার বিএসএফের হাতে
4f906b4f25	06ea3	ক্লান্ত হয়ে ফেরে মনে
4f9123e559	9b864	এটি হবে আমার
4f913fb01e	948d3	অনুরোধ করিলেন যে
4f91dd2c90	bfac7	২০১৪ সালে তার হাতে
4f91e43e3b	68ab7	যেতে হল
4f92aee322	bfac7	ইজিবাইক উল্টে
4f92d4bccb	ef915	সোনার ছবি
4f932c59c7	bd576	মনের সুখে
4f937be899	31f09	ও পার্লামেন্টে
4f93f5431c	c41d8	অবাধ ও নিরপেক্ষ
4f94663358	9813c	ইদু মামি লিলুকে মৃত দেখে
4f94d83438	f143a	বিয়ের পর থেকেই রিয়াজ
4f950d8355	4486f	মিডিয়ার সামনে এসে
4f9589f675	1e7c7	শাবনূর বলেন
4f9609b03a	91dff	সহজ, বিনয়ী
4f967ff62b	0606d	এই সকল দেবতা
4f97e906a5	f2b7d	লেমিনেটিং মেশিন
4f98ada478	65652	ফেসবুক অ্যাকাউন্ট হ্যাক হয়েছে
4f98f7504d	2840e	ক্রিকেট এমনই
4f990cdb46	32998	মাসুদ রানা সিরিজ
4f999bdafe	442b7	ভীষণভাবে বাড়ছে
4f99d72d8e	ced74	দরজায় ধর্মকে রেখে যান
4f99dac16a	9f25e	এই আয়োজনকে ঘিরে
4f9a0b549e	29089	বিজিবি মোতায়েন করা হয়
4f9a209152	fcc89	বিশ্ববাজারে সুনামের সঙ্গে
4f9a344a88	ad050	নেয়ার পথে
4f9aac9e76	1e7c6	এতে পত্রিকাটির প্রকাশনা
4f9ab0632e	db181	তাহাতে শাল্ববধের কথাটা উঠিল
4f9abd997a	509f6	পুলিশ বললেও তা আদালতে
4f9ac7680a	4dd57	ক্ষতির পরিমাণ দাড়ায়
4f9ad1b900	2840e	প্রথম পুরস্কার মস্কো ভ্রমণ
4f9b50da5a	69d9a	ইতালি বিশ্বকাপের কথাও
4f9be5d82e	14d25	উঠে বসেছে
4f9cc1ee1e	80505	আমার আর ঋতুর বন্ধুত্ব
4f9d09e2b6	cfc65	আমরা বৈদিক দেবতাতত্ত্ব
4f9da3fb97	d8c80	ব্রাহ্মণের তার পর উপনয়ন
4f9ddb5392	4e900	ঢাকা সপ্তাহের এবারের পর্ব
4f9e0e2e3d	d7a68	সাধারণত টেলিযোগাযোগের
4f9e8ae2a2	8b859	শোষণ-পীড়ন আর অত্যাচারভরা
4f9ebb71c0	05901	ধীরে ধীরে জাঞ্জিবারকে
4f9f43569f	c2082	১৫ ওভারের মাথায়
4f9f885c5a	616ec	রজনীগন্ধা
4f9fad519e	6b437	দীপু ঘরে নেই
4fa0baa10c	4fc91	জিয়াউর রহমানের সময়ের
4fa0e16e28	39dd0	স্কুল অফ ইন্সট্রুমেন্টাল মিউজিকে
4fa0e36784	14d25	বিয়ের আনন্দে
4fa13fbf95	dae88	মামলার এজাহারে
4fa1548267	d2faf	সেটা বাইরের চেহারা
4fa17bff78	f1240	ব্রিটিশ সরকারের অনুমতি না নেওয়ায়
4fa19a6ad3	43fc0	প্রকাশিত গবেষণাটি পরিচালনা করেন
4fa1d5cdcb	0a7a0	সেখানে তিনি
4fa27818e2	c2082	সরকার ভুল কৌশলে
4fa306cc8c	9282d	তার কয়েকদিন পর
4fa37e4c3d	c958a	একজন ছাত্রী বলছেন
4fa38c83d3	d5213	অন্যতম ছিল
4fa3ae1f62	11de3	শিক্ষার্থীরা সুপার ডিজেল নামের বাসটিকে আটকে রেখে ভাঙচুর করে।
4fa43b266d	25696	সেদিন রাত্রে
4fa453a516	5cb47	অন্য সিনেমা
4fa4db3892	21e54	বিষয়টি সম্পর্কে সিদ্ধান্ত নেন
4fa5837e28	f83df	ঝাড়ুয়ার বিলের পাশে
4fa593e976	c749e	যাচাই করে
4fa5989d23	e8dde	দেবরাজ জুপিটারের পুত্র
4fa5b739bb	adf01	বিধ্বস্ত রানা প্লাজার সামনে থেকে
4fa5d07f98	3f875	সামনের জানালা দিয়ে
4fa707e678	f280a	থাকবে দুটি চেম্বার
4fa71e332e	2bc73	আমার ঘরে বসিয়া আছে
4fa7532cca	b8ed8	হাসান বহুরৈখিকভাবে
4fa7c8dc62	8b859	আমরা মামলার অনেকখানি
4fa8200e31	16e96	কিয়ামত পর্যন্ত জুতা মারলেও
4fa866905a	11de3	বন্ধুত্বের মধ্যে স্মৃতি
4fa97d6e44	8c120	মধ্যে প্রচলিত একটি বিশেষ বিধি হামেশাই
4fa98c7147	98b81	মাথুরের একটি গান
4faa4c2759	ce629	মোরগ
4faa6b9c40	f2780	গত ১৮ তারিখ থেকে
4faabd542c	a916a	বাবুর নিকট হইতে
4fab061d8f	239f7	তার পাশপাশি
4fabc11e40	98b81	দুই ট্রাইব্যুনালে
4fac9cc56f	8143b	হাজার হাজার জুতো
4faca363d1	321b6	স্বস্তি ফিরে এসেছে
4facd0abd5	e55de	হয় করুন নয়তো মরুন
4fad1b10d1	6ee5f	এমন অভিযোগে
4fad4271f8	554fe	নারী-পণ্য তৈরির ব্যবস্থা
4fad5597da	880ae	পরদিন বিকাল ৪টায়
4fad566625	dae88	একটু গোলমরিচের সঙ্গে
4fad5af712	80be1	নাসির নগরের খবর
4fad8b5b15	33814	হংকং ব্যুরো প্রধান
4fadc20a4b	b78ec	ভেবে পেলেন না
4fae030f1c	ef4f8	ফলে দুধে প্রচুর
4fae102365	2bc73	একই আচরণ করছে
4fae1caa7f	c8f7f	অভিনব ধ্যানধারণা
4fae2fd772	c173f	হয়তো তাদের
4fae5bf59d	7027a	সোহেল আরমান বলেন
4faeae6b17	92f59	সবচেয়ে ক্ষুদ্রতম জনসংখ্যার
4faf01fd60	9813c	গণমাধ্যমে প্রকাশিত হওয়ার পর
4faf1521c5	73629	অস্ট্রিয়ার অন্যতম
4faf5c7198	18460	কোনও নাম নেই
4fafc50790	a8710	এদিকে, ফিলিপিন্স রেডক্রসের চেয়ারম্যান
4fafd2b797	9f25e	সিলন বিদ্যুৎ বোর্ডের
4fafe8a7d4	e9589	দক্ষিণ চব্বিশ পরগনা জেলায়
4fb0034918	d8c80	দলের কেন্দ্রীয় কার্যালয়ে
4fb02f5a76	b5fdc	থেকে তাদের স্থায়ী আবাসে
4fb09df444	3fb17	পরকীয়ার সন্দেহে
4fb112f3ea	5d80e	মিটলো না চলচ্চিত্রে
4fb1545811	1b359	হেমেন্দ্রনাথ মজুমদার
4fb166a0df	e50f1	১৬ দশমিক ৭৯ শতাংশ
4fb196452b	cc18a	ও মধুগ্রন্থির প্রয়োজন হয় না
4fb1b2613f	da6f0	ক্ষমতা দখল করে
4fb27067eb	28bb3	পড়ে থাকার পর
4fb2715bba	c463d	সেই দোয়া করছি আমি
4fb314f519	8845d	শুরু হয়ে ১২ই মে পর্যন্ত
4fb32da857	64092	এবং নিজের চেহারা দেখার জন্য
4fb39bea91	3bb15	একটি মামলা করেছেন
4fb400a145	8406e	দৈনন্দিন কিছু গুরুত্বপূর্ণ রুটিন
4fb4b42614	54e68	খানিকটা বা অনেকখানি সেই রকম
4fb56ee940	ee4ad	বেশ কয়েক বিঘা
4fb5740fb2	9d46f	আদিলকে আটকের পর
4fb5b78749	68ab7	তিনি প্রসঙ্গান্তরে গিয়ে বলেন
4fb65c0e7b	c3cb3	তাদের লক্ষ্য দেশীয়
4fb72b787e	06736	যৌন প্রবণতার ব্যাপারে
4fb8211fc1	7ee9b	দুটো ছেলে আছে আমাদের
4fb84db10e	256f5	দুই প্রজন্মের দৃষ্টিভঙ্গির
4fb857ca03	c11b1	তাতে মনে হয়
4fb87dcb0b	b9b98	বঙ্গবাজারকে এখন
4fb8dc1ab6	10a9f	ভয় চলে যাবে
4fb90386c3	8ba2b	এই বিচারের দাবীতে
4fb96a2875	3bea8	অলিখিতভাবে স্মৃতিকেন্দ্রটি
4fb97a5cf4	6da0a	অর্জন করেন নোবেল পুরস্কার
4fba1fe38d	0f047	গরিবেরা চুমো খেতেই জানে না
4fbb220cf8	ce180	তাঁহার প্রণীত গ্রন্থ সকলের
4fbb261183	f2097	আর ভারতের প্রধানমন্ত্রী
4fbb664fad	153c9	মঙ্গলবার চুন্নু সংসদে বলেছিলেন
4fbbb8d0a6	fcc89	রিট আবেদন করা হয়েছিল
4fbbef9db3	d0c70	পুলিশের হেফাজতে রাখার নির্দেশ দিয়েছেন
4fbcba7fdd	52578	দেখে বোঝা ভার
4fbd3dab23	52578	সুবিধা যাদের লক্ষ্য
4fbdb11c14	e6e48	জীবন ধারণ করা
4fbdec2e07	520fb	উপচে পড়ে খুশি
4fbdef3003	a274b	যে সিভিল রাইটস বিল প্রস্তাব করেছিলেন
4fbdf70a10	3bea8	ফিচার অ্যালবাম করেছেন অদিত
4fbea6fbd2	c0d65	র‌্যাবের সঙ্গে বন্দুকযুদ্ধে
4fbf12ef80	01e91	ট্রাইব্যুনালে এসব বিষয়ে
4fc0421959	745b7	এটিকে অনেকটা
4fc0462202	06527	বেশি শিশুকে
4fc09a52d5	e754e	গোড়া থেকে
4fc0aa3c73	3c897	বিশেষ জজ আদালতে
4fc12f773d	4c555	প্রেরণ করা হয়
4fc15b6e24	b8ed8	এই একটু কাজ
4fc17f6da6	aa820	কৃষ্ণ বলরামকে অনুনয় বিনয় করিয়া
4fc18fb848	e2ff7	গ্রেপ্তারকৃত অধিকাংশই ছিল
4fc1a857ed	f9dfb	আলোচনায় এনবিআর চেয়ারম্যান
4fc1b166cd	95907	চোখের সামনে নিয়ে
4fc1d18ca8	66c6b	নববর্ষের নানা সংস্কার
4fc283ba4c	24f73	বিখ্যাত চলচ্চিত্র
4fc32deae1	ce180	উপভোগ থেকে
4fc417d7b9	18a52	যুদ্ধের সময়
4fc42348d9	0d9f1	অস্ট্রিয়ার পশ্চিম থেকে
4fc484a6a3	b5fdc	৩ জনের মৃত্যু হয়েছে
4fc4d8e435	388c9	তিন প্রেমিক যুগল কি
4fc54ff07f	3d17c	ফয়েজের সম্বন্ধে জানতেন
4fc57ffbc4	f6e55	গোসল
4fc5a4d075	e6203	তুমি অবিমুগ্ধ হইয়া
4fc6b257c3	e9759	নিয়ে আলোচনা তোলবার দরকার নেই
4fc6d4662b	880ae	উজ্জ্বল এবং মিজু আহমেদ
4fc6d4ece6	08458	মরিয়মের যে বিষয়টি
4fc7138b5f	7a227	মেজর জেনারেল মঞ্জুরকে
4fc727c919	66c6b	বাসায় থাকা ৫ নারীকে
4fc74bc59c	1652d	যেহেতু শহরের মেয়ে আমি
4fc7655bb8	ee7b2	বাংলাদেশে এক্ষেত্রে কোন নীতিমালা এখনো নেই।
4fc78a171a	d71a3	ঐতিহাসিক পটভূমি
4fc7b200d5	d1b12	সকাল সকালই দুজনের সঙ্গে
4fc9af941a	06527	ওসামা বিন লাদেন নিহত হন
4fc9b8fcc5	e55de	পেন্ডোরার বাক্সের মতো
4fc9eb7d80	43199	কেউ নিজের গায়ে
4fca43c049	06e62	সংঘর্ষ শুরু হয়
4fca9d6450	d5213	সংগঠিত প্রায়
4fcaa02540	b9b98	কত রঙ্গের পরীক্ষা দিতে হয়
4fcaf7abfb	b52ab	উক্ত মহাত্মার পুত্রেরা এক্ষণে
4fcafc2b23	cfc65	মম
4fcb279d39	f658d	কিন্তু তার পরেও
4fcb641077	4fc91	নোটপ্যাড চালু করুন
4fcb669876	2ac82	তার কথা কোন বইয়ে লেখে নি
4fcbd98fa4	f600a	অন্যদিকে আন্তর্জাতিক বাজারে
4fcbe0daa3	577fa	পর্যাপ্ত ট্যাক্সিক্যাব নামানোর
4fcc6c71a1	07660	থিয়েটার রোডে ছিল
4fcc6e7f84	52f27	শুল্ক মুক্তভাবে
4fccb41960	0b7ca	এসময়ে সফরকারীদের জন্য
4fcd37cd1e	f1240	আমার মানসপটে ভেসে এলো
4fcd7d0201	18a52	দাদন ব্যবসার সঙ্গে জড়িত
4fcdd45deb	24f73	জিলেট স্টেডিয়ামে
4fce55a53e	31f09	4share
4fce622ea4	1e7c6	নয়া দিগন্ত অনলাইন
4fceaf0cc7	dae88	ডাকওয়ার্থ-লুইস পদ্ধতিতে প্রথম ৫ ওভারে কারা বেশি রান করেছে তার ভিত্তিতে নিউজিল্যান্ডকে ৯ রানে জয়ী ঘোষণা করা হয়।
4fcebad372	88654	সরকারকেই দায়ি করছে
4fcec1c100	9092b	তত্ত্ব গণনা তত্ত্বের শিক্ষায়
4fcee91e27	8c120	আরও একটু বেলা রহিয়াছে
4fcf020a82	5d12f	অর্থনৈতিক চিন্তাভাবনার
4fcf33aad6	536d9	সে জলে বাসন মাজা ছাড়া
4fd028d7db	e2f12	রাজধানীতে তাপমাত্রা
4fd070ba24	6aac8	ছয় পুলিশ সদস্য
4fd11a3f28	a4750	উল্লেখযোগ্য ভাবে কমে গেছে
4fd15fef34	b8bba	খারাপ ব্যবহারের জন্য
4fd1f1c750	10a9f	খর্ব হইয়া পড়িয়াছে
4fd22648ed	e2ba2	কেন এই খাতে
4fd265332a	a9a58	বিধান চালু করতে হবে
4fd2a069b1	a699c	জানালায় দাঁড়িয়েছেন
4fd36eddd3	5d12f	প্রফুল্ল থাকার চেষ্টাই করছিলেন
4fd3d8acb4	3f493	তার পরিবারের সদস্যদের
4fd3f38d52	b9122	তাদের প্রথম সংবিধান
4fd3f50347	ff0fe	সর্বোচ্চ সাজা ভোগের
4fd42cce79	cfc65	অঙ্গ দান
4fd430188e	2ecf8	এরই মধ্যে দুএকজন
4fd4444625	3f493	ধসে পড়ার পরও
4fd46ffb87	4e900	অনুমতি দেওয়া হয়েছে
4fd47649b8	a274b	হয়তো ওই চাঁদ
4fd4e9d682	dba43	বিশাল আয়তনের সঙ্গে
4fd4efb7ec	b9122	কবিতা-টবিতা লেখা
4fd4f2dd39	60f77	৯টি অভিযোগের
4fd4f93df3	7b103	আবারও একতাবদ্ধ হয়ে
4fd4ff171a	a699c	বাস্তব কিছু কারণও রয়েছে
4fd50f9b35	baa02	সফরের শুরুতে
4fd524369d	7027a	বিয়ে করে
4fd5913f54	09f0d	হাঁস-মুরগি
4fd5be6bbe	32998	জল দিতে পারবে না
4fd5ca7b4a	d9ba9	চলিবার ইচ্ছা
4fd658e759	9092b	অবৈধ
4fd696d3f6	14d25	কয়েকজন নেতার বিরুদ্ধেও
4fd742ea8c	84145	মা, মুকুলের মা
4fd75fda29	80be1	পড়া-লেখা করেছেন
4fd7b1ea2b	68ab7	জিতেছেন 'গোল্ডেন বল'
4fd806bf2b	c7705	স্বজনদের খবর দেয়া হয়েছে
4fd8635d29	56508	চুক্তি ছাড়া
4fd8e91399	16877	তুরস্ক-সিরিয়ার সীমান্তে
4fd9d83050	c5dc8	আমি কথা না বলে
4fda3db543	13b6a	আর এখন
4fda646aa3	b8fe1	মর্ফিন ও প্রয়োগ করেন
4fdab38fee	9813c	আন্তর্জাতিক সম্প্রদায়েরও
4fdb265cb7	aabe7	ব্যাংকগুলোকে
4fdb848e81	0633a	ডুবন্ত লঞ্চের পাহারা
4fdccd445c	410fa	হত্যা মামলা করেন
4fdd4c474d	1de6c	সংস্থাপিত হইয়াছে
4fddc0c526	d82d9	বাংলাদেশ দূতাবাসের কর্মকর্তারা
4fddf899e8	9065c	এক বাসের চালক
4fde0ca097	52578	ছুরি-চাপাতি-দা
4fde45d8bf	9fa90	সাবেক পররাষ্ট্র প্রতিমন্ত্রী
4fded91305	ced74	এতে কোনও দোষ নেই বান্দারা
4fdfc1b15e	730c3	৫০০০ টন পেঁয়াজ
4fe028a697	b8bba	অযাচিত নিয়ন্ত্রণ
4fe02af456	f1240	এক্ষেত্রে দক্ষ নির্মাতার অভাব
4fe0f8cb32	698ff	এদের মধ্যে মহিউদ্দিন
4fe11b621c	47e8d	শতকরা হিসেবে
4fe1b218f7	2556b	গাল বেয়ে
4fe2d649ba	fcc89	তেমন উজ্জ্বল
4fe2efbe4f	93bf3	ঐ প্রবন্ধে বলা হয়
4fe376c0a0	ca088	কামরুল মজিদ জানতে চান
4fe3b6841e	56508	অনেক বড় বড়
4fe3eefbfc	4237e	নিজ খরচে
4fe41e411f	6ee5f	ব্লগ ও ফেইসবুকসহ
4fe46f5559	bc81e	এই বৈপরীত্যের কারণে
4fe51905c2	4dd57	লোহার বালা
4fe67d0716	410fa	নিক্ষেপকারীরাই অধিক ঝাঁজের মুখে পড়েন
4fe729cb6a	8143b	টিপাইমুখ বাঁধ নিয়েও
4fe7645925	58998	মহুয়ার মাটির বোতল নিয়ে
4fe768e5bb	83c53	জানিয়েছে জাতিসংঘ
4fe8321125	c1e30	ভাটিয়ালি একটি গান গেয়ে
4fe88a14e1	61820	কিন্তু এই প্রাচীন দেশে
4fe89483f5	14816	সহযোগিতা প্রয়োজন
4fe89c3674	53396	সেই রোদে
4fe8f45b06	17ca1	অভিযান চালালো
4fe9c65ce5	11915	কেউ কেউ এগিয়ে এসেছেন
4fe9cbfd69	d136b	নিরাপত্তা, অগ্নিনিরাপত্তা নিয়ে
4fea0d0342	ca088	এখানে দুইটা বিষয়
4feaa5e61f	4bede	এবং বিভিন্ন ট্যাটুর নকশায়
4feaae4178	09f0d	এ ভাবনাই
4feaea810d	29bab	যুদ্ধের সময়ে
4feb542aa9	23b22	টেকনিক্যাল বিশ্লেষণ
4fec020339	6b437	আম জোগাড় করতে
4fec53697e	32998	প্রতিটা বিশ্ববিদ্যালয় তাদের
4fec70e245	3c897	বা নিয়ন্ত্রণে
4fecf207a4	adf01	অভিযুক্ত
4fed4b6812	e6e48	তত্ত্বাবধায়ক সরকার ছাড়া
4fedad1b2c	c41d8	নির্বাচনে বিভিন্ন দলের প্রার্থীরা
4fedf79a13	967fd	দ্বিতীয় স্থানে রয়েছে
4fee21e2a8	c7705	আরেকটি মামলা হবে
4fee8c68d5	274ee	তাঁর ঘনিষ্ঠ বন্ধুত্ব
4feeea512b	7c272	নারিকেল তেল
4fef1aeb2e	80518	তাদের বক্তব্য শুনে
4fef375235	3c897	এবং বিরোধী দলীয়
4fef65f102	60b9d	তদন্ত সংস্থা
4feff5f5f4	22096	সরে দাঁড়িয়েছেন
4ff004b460	9642e	ডেকে এনেও দেখালেন
4ff0408a65	14816	কাব্যগ্রন্থ - মলয় রায়চৌধুরী
4ff0452be9	b8ed8	জন্মই হয় পথে
4ff08fc97a	b9122	হতাশ হয়ে পড়েছেন
4ff0a17514	b8ed8	তরুণদের ভাবনায়
4ff0ebdf8c	4c555	রাগিনি এমএমএস
4ff119689e	d2294	জনসভা স্থলে যান
4ff1343c82	7e1d5	টিকিট-পোস্টার ছাপেন
4ff1462ee7	7e1d5	অনুষ্ঠানে এসে দর্শকরা
4ff2192775	7b900	গ্রেফতার করেছে
4ff23630bd	f2b7d	ওই গ্রামটার মত ছিলে
4ff283fd0e	80e98	একই প্রসঙ্গ-কাঠামোর ভেতর থাকা
4ff2991455	b8bba	দৈনিক করতোয়া
4ff2f84030	57d54	যাত্রাবাড়ী রোডে
4ff37328c1	57d54	বেলে পাথরের দুর্গের মতো
4ff3879a6b	ad69a	কয়েকটি খেলাতে
4ff3a8de6f	a06a1	সিনেমায় প্রথমবারের মতো
4ff3e53e97	ce629	ঢাকার সত্যিকার মনোভাবও
4ff40cb7ae	e9759	দুবার বাংলাদেশে আসবে তারা
4ff412f48c	3c897	সীমাবদ্ধ রাখছে
4ff4623454	b9b98	প্রত্নতাত্ত্বিক গবেষণার কাজে
4ff4c06734	121bd	বিশেষ করে একজন মুসলিম মেয়ে
4ff51b9b01	a916a	পাশাপাশি মার্কিন পররাষ্ট্র দপ্তর
4ff57f26b0	e6203	২০০৯ সালে প্রথমে মেরিল বিউটি সোপ, পরে কেয়া নারিকেল তেলের বিজ্ঞাপনে মডেল হন বর্ষা।
4ff63aa589	d136b	পাত্রী ভারতীয় ক্রীড়াঙ্গনের
4ff64067ab	03284	অর্থনৈতিক বাধাসহ বিভিন্ন বিষয়ে
4ff680f4a5	9d7bf	ওয়ালপেপার
4ff6d5534d	932bb	এবার আপনারা যদি চান
4ff6f6ab06	80505	ফাইনাল
4ff756a6a7	d41be	ছয় লাখ ৩১ হাজার ৩৭০ জন
4ff7bcffde	c8f7f	অনেকগুলো ক্যাচ ছাড়া
4ff7cbac59	d71a3	এ পরিমাণ অর্থ এর আগে
4ff7e16c55	2fc12	তত্বাবধানে প্রথম অলিম্পিক গেমস
4ff7fe311c	9d46f	জাতিসংঘ এবং আইএমএএফের
4ff8199e1c	e31e7	বিবিসির ফিল মারসারের প্রতিবেদন
4ff8acaddc	c7a89	কোর্ট অর্ডারের ক্ষেত্রে
4ff8d128e7	11915	নির্ব্বাণ নাই
4ff8e5ae8c	3fae0	নারকেল গাছটি পড়বে
4ff991dfc4	10a9f	সিরিজের তিনটি ওয়ানডে ম্যাচই হবে
4ff993031e	388c9	এই অবস্থার ফলে
4ff9b3976a	46d49	আধুনিকতার ছোঁয়া আনতে
4ffa743409	66dcd	ঘিরিয়া ঘিরিয়া খেলিতেছি খেলা
4ffa88924a	7027a	সাংগঠনিক দুর্বলতা
4ffa95fa61	b8fe1	খেলার পর থেকে
4ffaceeead	8143b	প্রবাসীরা ১১৬ কোটি ডলারের বেশি
4ffaf4e7a3	7d133	জোলা সেই পিঠে পেয়ে
4ffb35830e	5639c	তার কারণ হয়তো এটাই
4ffb3fbdb0	1e7c7	টি-টোয়েন্টি বিশ্বকাপ
4ffc0e685d	18a52	বসবাসকারী আরবরা
4ffc1231b8	520fb	সহজেই হারিয়েছেন
4ffc28107d	dfefa	বেশকিছু ব্যাংকিং পণ্য
4ffc726a92	536d9	আবুল কালামকে আসামি করে
4ffcdec48f	4fc91	আরও কত তীক্ষ্ণ
4ffda72e70	4c1eb	এক ধরনের একক
4ffdd2025f	315e9	গোপনীয়তা লঙ্ঘন করার জন্য
4ffe1e8553	b9122	সান্ত্বনার গোলটি করেন
4ffe28a381	a7c6f	ভারপ্রাপ্ত কর্মকর্তা হিসেবে
4ffe362fe5	ad050	তৃণমূল ঘনিষ্ঠ এই চিত্রশিল্পী
4ffe3d5de6	80be1	মঙ্গল-অমঙ্গল উপেক্ষিত
4ffea0022d	870e3	শেষ দিন সোমবার
4ffea523c6	a7c6f	যারা ডাল ভাঙতো
4fff19b3e4	4c555	ধানের শীষ
4fff47f93b	6b437	আমার জানামতে ১৮টি ব্যানার কিংবা একাধিক ব্যানার থেকে অতীতে আর কোনো অ্যালবাম প্রকাশ পায়নি।
4fff4c5924	b9b98	তিন পুলিশ সদস্য
4fff55b0fa	52578	প্রতিবাদ উত্থাপিত হচ্ছিল
4fff9c6fee	a06a1	যতদিন দলে থাকবেন ততদিন
4fffc201b4	590d0	বাংলা ১৩৮২ সালে প্রকাশিত
4fffe0a410	6b437	সারি সারি খাবারের দোকান
