7a00119b5f	b8ed8	সব মিলিয়ে বেশ
7a007d4e8f	256f5	১৯৬৫ সালে নেওয়া
7a01074032	e89bb	এসব মানায়
7a0158972e	cb627	গেস্টহাউজ ও রেস্টুরেন্ট
7a02274581	9065c	সরকারি সিদ্ধান্ত অনুযায়ী
7a0228089e	3fce2	সম্মতি দেয়া হয়েছে
7a02cfbe63	0696e	গতবারের চ্যাম্পিয়ন বার্সেলোনা
7a0305c547	c6848	বললেও তারা
7a031866ae	e6e48	লিমন একবার চোখ খুলে
7a035224a9	2556b	প্রস্তাবের পক্ষে ঘোষণা দেন
7a0354d641	1c618	বা সংঘর্ষের খবর
7a035800a0	b5fdc	কোনোভাবেই পাবলিক প্লেসে
7a0389ad7f	eaa7a	দ্যবিয়ের্ন, নতুন এই মৌল
7a03a8ee72	c5479	ফাইনালে পৌঁছানোর
7a03fb37fd	80be1	গাছটির বিশাল শাখা-প্রশাখা
7a04056559	5dec6	বাংলা সিনেমা
7a04a18c4f	e68af	প্রয়োজন আছে
7a04ceb608	32998	সারা রাত্রের ভিতরে
7a0517e386	e43d4	বা অষ্টক ব্যবহৃত হত
7a051d323c	92bd8	মামলা করা সম্ভব হয়না
7a055ebef9	3f875	কোন সুযোগ নেই
7a05be058e	aab0f	তার প্রভাবের কারণেই
7a05e84523	577fa	চারটি পাথরের খিলানের ওপর রয়েছে
7a0614e356	388c9	অবস্থানের সামনে থাকা জ্যেষ্ঠ কর্মকর্তারা
7a066f0fd5	80be1	করিম টেক্সটাইলের শ্রমিকরা
7a070a1fc4	2695f	বেকসুর খালাশ দেওয়া হয়
7a0727adf1	4c555	তাহাকে চোখে দেখার পর্যন্ত
7a083cfc00	8a46d	এখনো পর্যন্ত সরকারের তরফ থেকে
7a085d3214	ff1eb	রুপা
7a08bb81db	91230	পরস্পরেরর প্রতি
7a08c9ab7f	7351e	তিরিশ হতে পঞ্চাশ পর্যন্ত
7a09492d0c	7aed9	যুগল
7a0949a120	d0c70	শিল্পী মুর্তজা বশীরের সঙ্গে
7a0960407d	590d0	আনন্দের দিনে
7a09d172be	b9122	বুকের পাঁজর
7a09e34d95	7898e	নিরাপত্তার যে অভাব
7a09e65c25	cb842	চির নতুন হিসেবে ধরা দেয়
7a0a4463d8	0d9f1	ঘোষনা করা হয়
7a0a65252e	b9b98	সুপ্রিমকোর্ট বারের সভাপতি
7a0a891bbf	509f6	নখ
7a0a9970dc	a916a	সে জন্যই
7a0baf9461	c3cca	পরিমাণের সহিত
7a0bbdc709	1b359	অন্যতম আলোচিত-সমালোচিত কাব্যগ্রন্থ
7a0be102fc	91ac1	পরিচালক হচ্ছেন
7a0c782081	28dfc	গ্রাতস একটি গুরুত্বপূর্ণ
7a0cffecd5	e00db	এরই এক পর্যায়ে
7a0d3e89f3	80518	কিনে আনেন
7a0dafd396	a46e2	পুরোপুরি রক্ষিত না থাকায়
7a0dcef783	c7a89	অন্যদিকে ছোটভাই
7a0de55d8d	2c9c5	মামলা শুরু হয়
7a0e456a6d	a3a6d	বিশেষভাবে তা চাইছি
7a0e4d20a7	24aed	শুকাতে অনেক দিন সময় লাগে
7a0e95944d	2840e	সংখ্যালঘু সম্প্রদায়ের মানুষ
7a0eb9904c	17ca1	পলিটিক্যাল-রোমান্টিক ছবি
7a0ecca5af	1a2a1	কে জানত এর সঙ্গে সংশ্লিষ্ট
7a0f33dae2	03284	ছোঁড়ার মত ব্যাপার
7a0fc6ebfc	4237e	গৃহযুদ্ধ শুরু হয়ে যায়
7a105de716	c5479	ক্ষুন্ন করার অভিযোগেই
7a10796542	bbb22	রিক্তা সংসার করে আসছিলো
7a1086fb0a	85430	ঢাকার বিভিন্ন স্থানে
7a10dd2914	1cb75	অন্যান্য প্রাকৃতিক সম্পদ সমৃদ্ধ
7a10e1c743	c463d	যায় আসে না
7a10f7385f	16a17	সকলই মাধুর্যময় করিয়া তুলিয়াছে
7a11091d34	f1ff2	সেনাবাহিনী প্রধান
7a114a9bea	693cb	অনুষ্ঠান শেষ হয়
7a1198e818	16877	ফুলগাজী
7a11ebd4a4	0d4cb	গোলের পর উৎফুল্ল মেসি
7a123dc9b2	730c3	ঐ কোর্টের বিচারপতি
7a12d5e527	ce775	টেক্সাসের সল রস স্টেট ইউনিভার্সিটিতে
7a1378390a	ff1eb	তবে এগুলোর
7a13f46123	7f71c	দরকার হয়নি
7a142b6fc8	388c9	ব্যবহার কমছে না
7a145ce538	da6f0	টালিউড নায়িকা কোয়েল
7a1463b3e2	52578	দক্ষিণ মেরু কেন্দ্র অবস্থিত
7a146e9143	948d3	এল রাজাগোপাল তেলেঙ্গানা
7a14b84b37	28dfc	সেই অবস্থান উঠেও যায়
7a14f2bb5f	ec91c	বলবিদ্যা
7a1500e542	730c3	মাইন্ড করবেন না
7a15026b49	f1ff2	এস্থলে পার্সী নারীদের
7a1534b28a	7b132	এখনো তার
7a1552fdfb	7d004	গেতুঁর বাপের
7a155589a6	7b900	সমস্ত হোম্স্-কাহিনীর ছবি
7a161baebd	e9759	শিরী সাবিত্রী
7a169d7d1d	9d46f	আকাশের ছোট্ট একটা অংশে
7a16a88654	a1d4a	এই জোট গড়ে ওঠার ক্ষেত্রে
7a16d630bc	dfefa	অসহনীয় শারীরিক যন্ত্রণার পাশাপাশি সামাজিকভাবেও অবহেলা এবং অবমাননার শিকার হন নারীরা।
7a1737cf3d	6d129	আপনার বিশেষ আমল
7a176f6b60	c958a	সব ভরণ পোষণের ভারও
7a17970e64	2bd99	ঈদ মানেই
7a1797d7f4	54e68	কিছু বড় সাপ
7a187d1615	1e7c6	সে জন্য পত্র লেখেন
7a18a000bd	4fc91	সাধারণ গ্রাহকদের
7a18b71736	7d133	সে তো বলাই বাহুল্য
7a18f2e32e	29f8c	ভিডিওচিত্রে দেখা যায়
7a199608d2	0a7a0	জর্জ এভেরফ,
7a199b24db	4c1eb	বিনোদ বিহারী চৌধুরী
7a19c26f00	0bace	দীর্ঘ এই ৭০ বছরে
7a19f7a22d	943de	সামরিক ক্ষেত্রে
7a1a0b35cb	0744c	নানির বাড়ির সবাই
7a1a0feb96	e754e	সুরক্ষা দেওয়ার জন্য
7a1a4ced69	25696	নিজে থেকে এগিয়ে গিয়ে
7a1a938da5	91b16	আকাশে চাঁদ উঠলেই
7a1ad3eb51	7898e	ব্যাচেলর অব মেরিটাইম সাইন্স ডিগ্রি
7a1b1b7893	3f493	দ্বিতীয় কক্ষের অন্যতম আকর্ষণ
7a1b224f72	ee994	যুগ্ম কমিশনার
7a1b28a863	f83df	কোন কোন সংবাদকর্মীকে
7a1b3aa18b	e2f12	অর্থ গ্রহণ করে না
7a1b572881	68549	সৈয়দ বেলাল ছিলেন
7a1ba0e8a3	3c897	পুরী যে পরিস্কার
7a1c311e56	14d25	এখনও চূড়ান্ত হয়নি
7a1c49cf33	e6752	তৃতীয় স্তরের নাম রঙিন গোলক
7a1c9067f2	dfefa	প্রতিক্রিয়া
7a1cfe1fa4	06527	সর্বশেষ ইউক্রেইন নৌঘাঁটি দখলের পর
7a1d05eca7	256f5	খেলার ছলে ওই জীবন
7a1d86362f	274ee	এটা স্টাডি করতে হবে
7a1df9ea2a	698a4	হত্যাকাণ্ডের স্বীকারোক্তি দেন
7a1e615f3b	355c1	চুল পড়া থেকে
7a1e9358fb	ad050	ভিলেন
7a1eac3ba3	c5479	উপরিকথিত প্রথানুসারে
7a1ec6be22	32c77	পাওয়া গেছে বলে জানিয়েছেন
7a1f05b4ea	49d63	অ্যাকর্ডের পরিদর্শনের পর
7a20523edd	bcaa8	অক্ষয়চন্দ্র চৌধুরী
7a205a9cdb	4dd57	পড়ে রয়েছে একটা শিশি
7a206c3851	ff1eb	আমার দেশের
7a20ba02d8	b9b98	চার দিকে চারটি সিগন্যাল পোস্ট
7a21cfd320	22096	সম্ভব হয়নি
7a21d53c07	c3cb3	নির্বাচন করবেন বলে
7a227d0e87	03284	সহকারী প্রতিষ্ঠান হিসেবে
7a2286d5ec	35ef3	ধাপকে বোঝায়
7a22f851a1	ef4f8	সেই সঙ্গে বাইরের প্রকাশকদেরও
7a2309c30e	71522	দেবতারা আকাশ থেকে
7a23a9b461	967fd	আমার খুব মায়া হতে থাকে
7a23b2ce80	28dfc	আমাকে দেখে দেখে হাসছে
7a23ea2e4c	4164f	এমন কথা বলার সুযোগ
7a23f3ad4a	9e923	সুষ্ঠুভাবে বাস্তবায়নের জন্য
7a2416dfcd	fcc89	রাখা হয়েছিল
7a24fec18e	11915	শ্রীলঙ্কায় ২০০৭ সালের বাজেটে
7a251bffcd	11915	যুগান্তর পত্রিকা
7a25af3457	693cb	এক ঘণ্টা আগে
7a268f3b0a	6aac8	পুলিশ কর্মকর্তা
7a26ac8bad	287bd	ওই তিন কর্মকর্তাকে
7a26cfd9bf	d9817	তাহা তখনই বিলুপ্ত হইত
7a26e93449	bdd05	আদিলুর রহমান খানের স্ত্রী
7a27672a54	ca831	আমার অভিজ্ঞতার সঙ্গে সম্পর্কিত
7a27858f98	ff1c3	কাম
7a28b1a7e6	f1ea4	এটি সহ দু’টি মামলার
7a28c37508	355c1	বাংলামেইল২৪ডটকম/ কেএস বরিশাল: বরিশাল পলিটেকনিক ইনস্টিটিউটের তিন শিক্ষার্থীকে দুই বছরের জন্য বহিষ্কার করা হয়েছে।
7a2911d7c2	a0277	গতকাল একটি অনুষ্ঠানে
7a29f05abf	35ef3	একটা অধ্যায়ের
7a29f560ea	6ee5f	প্রাণবন্ত বিতর্ক হয়েছে
7a2a8262a9	46d49	পেঁয়াজের দর কিছুটা কমে
7a2ab065e1	43fc0	ডাল ব্যবসায়ী শফি মাহমুদ
7a2ac23aa6	351dd	আশ্চর্য, পণ্ডিতমশাই
7a2b0583c3	d9ba9	একই সঙ্গে তিনি কথাসাহিত্যে
7a2b0ccf65	6ee5f	এমন প্রাপ্তবয়স্ক মানুষ
7a2b6010fa	52f27	গরিবদের কথা মনে হ’লে
7a2ba53d52	e754e	প্যারিসের সঙ্গে
7a2d80af87	c4973	চুক্তি করতে হবে কিনা
7a2d964977	ef4f8	জবাবে সানজিদা শশী মনে করেন
7a2db95089	6fb36	রচিত হইয়াছিল
7a2de37786	086dd	অনুরোধ জানায় যুক্তরাষ্ট্র
7a2e3d3e4f	37d7e	রাজকন্যা তাহা জানিতেন কি না
7a2eac70d2	e00db	মাঠ ছাড়িয়ে
7a2ef3cc2f	2556b	তিনি চাকরি করছেন
7a2f691d35	0d4cb	সর্বশেষ যোগ হয়েছে জাপান
7a2fadbccf	ea5be	মা বুঝে পান না, কেন
7a2fea7c4b	16877	মন্ত্র
7a30369df8	28bb3	পড়তে হয়েছে নানা বিড়ম্বনায়
7a30678bca	0c39f	মাতোয়ারা ছিলেন বহুকাল
7a308cc5b8	ea8fa	তিনি এককথায় অনুমতি দিলেন
7a30b34a7a	2f547	দেশটির প্রতিরক্ষা বাহিনীর
7a30ce0d2c	9c8dd	বিভিন্ন কলেজের শিক্ষার্থীরা
7a30e9ac90	f280a	কলম্বো শহরে অবস্থিত
7a31f5ee30	a4750	কোন কোন ক্ষেত্রে
7a3249e946	d7a68	তার স্কুলের
7a329e43da	13b70	হাজার লোকের ভিড়ে
7a32e807df	6fb36	সে লক্ষ্যেও
7a3300b254	943de	ট্রেতে চা সাজিয়ে নিয়ে আসে
7a335d9458	eb179	মামুন ভাই
7a34ad33d7	4a918	মোশতাক আহমেদ কিছুই জানতেন না
7a34b43e2a	616ec	বা সাবেক অ্যাকটিভিশন ইনকর্পোরেটেড
7a34c2c817	767ff	মাথাব্যথা নেই
7a34cb6619	b618b	একমত হয়েছে দেশগুলো
7a34dc6370	e2ff7	আমার একটি ধারাবাহিক
7a34ec4a07	eb179	তোমাকে কান দেওয়া হয়েছে দুটো
7a354aabbb	e43d4	সকালবেলা দেখা গেল
7a35513c57	52f27	যেন কোনো ঘুমন্ত আগ্নেয়গিরির মুখে
7a35d5e4ab	2840e	সাপ তাই শোনে
7a35fbfe83	3faff	শুরু করা যাক
7a362b14c0	35ef3	এই নদীর নাম
7a362ba39b	ee7b2	তিনিও থাকেন পূর্ব লন্ডনে
7a3662458e	5d12f	জন্মগ্রহণ করেন কলকাতায়
7a36ac499a	7b132	শক্ত হাতে ধরা
7a36c093ce	43fc0	রবীন্দ্রভক্ত পাঠক
7a37244c65	a7c6f	জাতীয় বিশ্ববিদ্যালয়ের ওয়েবসাইট থেকে
7a372bec4a	61820	আগে তাদের সঙ্গে বসব
7a373f37fc	fbb81	আমন্ত্রণ গ্রহণ করতে প্রস্তুত
7a3782f195	b8bf0	বিক্ষুব্ধ সমর্থকরা
7a38198949	e8dde	বর্হিবিভাগেও রোগী
7a38221f4b	c3cca	আমলে নেন ট্রাইব্যুনাল
7a389fd674	ce775	গত কয়েক মাস
7a38fb396c	d7a68	নাও হইতে পারেন
7a3905829e	54e68	পুলিশে সোপর্দ করেছে এলাকাবাসী
7a3960c70a	d2294	দুর্নীতি শিরোনামে
7a3962894e	ef915	বিশেষ কারণবশত
7a39791519	b618b	ম্যানেজ করে নিয়েছি
7a39868fc8	91dff	দিতে পারেননি
7a39929f18	68549	গৌরকিশোর ঘোষের
7a399859d0	bf530	সঙ্গে নেওয়া নিয়ে
7a39a6dd7f	46d49	বেড়ার ফাঁক দিয়ে
7a39edd170	06527	একটি বাসে এ ঘটনা ঘটে
7a3a2d6203	17dcd	বেড়েছে বহুগুণে
7a3a2f1004	3bea8	দুইটি উপদল এ বিভক্ত হয়
7a3a3356a4	75f18	দশম জাতীয় সংসদ নির্বাচনের
7a3a605c7e	6e6fa	ব্যক্তিগত অভিজ্ঞতার আলোকে
7a3a8442db	4bede	পারছেন না
7a3a9007ca	5a61c	এদিকে রাজামশাই
7a3b611f91	ef4f8	আয়না হাতে নিয়ে
7a3b779526	39293	শোক প্রকাশ করেছে
7a3b983e90	92bb2	কাজের ফাঁকে
7a3bc2c03c	ef4f8	ও ভিওআইপি সফটওয়্যার
7a3c201b79	9d7bf	আর বেশি কিছু নয়
7a3c3b23a8	b8bba	অসাড় শূন্যে
7a3c5a218f	1a4a9	শহরটির পূর্ণ নিয়ন্তণ
7a3d132f04	d0c70	এই জিনিসগুলো সব সময়ই
7a3d5a1530	f4ba7	তবে সিরিয় সরকারের বিরুদ্ধে
7a3d78f544	698ff	শেখ মুজিবের পিএ
7a3dbdb487	baa02	পর দিন ছেড়ে দেয়া হয়
7a3e35bb2f	49d63	ধাক্কা দেয়ার পর বাসটি
7a3e4b9744	29bab	সেপ্টেম্বরে মসুর ডাল আমদানি হয়েছে
7a3edc3d42	c0965	ঘামে গন্ধে, কামে
7a3f71dc00	194f5	গবেষকদের একজন হচ্ছেন
7a3f86655a	16877	যোগাযোগ রাখতে পারিনি
7a3f974912	2ad74	রোগি মৃত্যুর অভিযোগ উঠে
7a404a5729	f2097	স্নোবল উপরকরণ : দুধ ১লিটার
7a404eb89b	65e30	এ নিয়ে দুবার
7a40c81511	a1201	গাড়ীতে আগুন দিয়েছে
7a40dc8f7e	3bea8	ঐ হরতাল প্রত্যাহার
7a410ac69f	809cd	সুযোগই বা কতটা রয়েছে
7a4119ee00	5d80e	হিসেবে অবহিত করা হয়
7a41cb704f	49543	কেবলই ক্ষমতার লড়াই
7a4211505e	91223	এতে করে একদিকে
7a4236ffea	f658d	হাবিবুল্লাহ বাহার
7a4256b86c	fdcba	জামায়াতে ইসলামী
7a425d0750	4ea73	এজেন্ট
7a42a0647c	e3d8b	মুখটা টকটকে হয়ে উঠল
7a42ab3640	d3e06	শুল্ক কর্মকর্তাদের সন্দেহ
7a42c5448b	5639c	স্বাভাবিক কিনা
7a42d137d8	194f5	পূর্ণাঙ্গ দুটি সরকারি বিশ্ববিদ্যালয়
7a43d95ea5	baa02	একশ জনের একটি প্রতিনিধি দল
7a43f8f694	cfc65	সরিয়ে নিতে রাজি নন
7a44ba8cc9	f2780	খুন হন ব্লগার রাজীব
7a4542cb85	cb842	নির্দেশনা আসছে
7a456df696	536d9	সংঘর্ষ এখনই বন্ধ না হলে
7a4579767a	ce775	কমিউনিষ্ট পার্টির পত্রিকা
7a45a8da2f	aa820	এর আগে কয়েক দফায়
7a46140d55	d5213	লিখতে পারিস
7a46260fca	b78ec	যেমন, স্লাভ অঞ্চলের
7a46281fdb	17ca1	অধ্যাপনা কাজে
7a46950e90	54cdd	সোনালির ভদ্রতা শেখা উচিত
7a47b500a2	11915	সেমিফাইনালে উঠেছেন
7a488d2138	61820	জিডিপির অংশ হিসেবে
7a49007e41	f1ff2	বৃহত্তম হিলি স্থলবন্দর দিয়ে
7a4966ad0e	0696e	টঙ্গী ফায়ারসার্ভিসের কর্মীরা গিয়ে
7a49841075	d5f7b	তার সমসাময়িক
7a4a12669a	38d3a	প্রায় এক বছর ধরে
7a4a384f75	fbb81	একটা ভূমিকা রয়েছে
7a4a5614fd	91ac1	তাকিয়ে থেকেও
7a4a663984	aa820	সূর্য থেকে তখন
7a4a811eeb	903fa	অবশেষে ধৈর্যের বাঁধ ভেঙে যায়
7a4b04c748	2d98b	পাশাপাশি দেয়া হয় খালেদা জিয়ার বিরুদ্ধে শ্লোগান।
7a4b7aca38	5dec6	জেরা শেষে পরবর্তী সাক্ষীর
7a4bb80ec6	3bb15	সব জাতি তাদের ইতিহাস
7a4bcf58e4	f2780	জগতের
7a4bf17bde	c463d	বিদ্যুৎ, গ্যাস সংকট এবং যানজটের মত
7a4c0d7b2e	a06a1	ভদ্রভাবে চলা দুরূহ
7a4c0f5f5c	0633a	রবি ইন্টারনেট প্যাকেজ
7a4cab804c	d136b	৭০ শতাংশ
7a4cd3b052	d3e06	বুধবার এইচ এসসি পরীক্ষা দিয়ে
7a4d82deb4	64092	তাঁহারা ইন্দ্রাদির
7a4e74cca8	e50f1	আদম শুমারি
7a4ea68db9	eb179	হরতাল হয় না
7a4f1647b1	31f2a	কেউ অফিসে যায়
7a500f98ab	80e98	দুপুর ২টার পরে
7a5074e0ee	6ab59	মুহূর্তের জন্য ভেবেছিল
7a519abdd2	3fce2	তা অভূতপূর্ব
7a51ad5ea4	c173f	২০০৯-১০ অর্থবছরে ঘাটতির পরিমাণ ছিল ৫১৫ কোটি ৫০ লাখ ডলার।
7a51baaf51	f2097	তবুও নিজাম হাজারীকে
7a51c67ee6	6b437	নেটোর এমন উদ্যোগকে
7a526b393a	d5f7b	ও দায়িত্বশীলদের কারণে
7a52bbdb4d	0e637	রাজেশ্বর হইলে
7a52de06b6	31f2a	যে সব দেশ
7a53538b1e	bbb22	একটি সামরিক অঞ্চল
7a53763e7c	b8fe1	আবাদি ভুমির পরিমাণ কমতে পারে
7a53886f85	e89bb	একুশে বইমেলা
7a53b6cddc	e03fc	নির্মাতা ভিশাল ভারদ্বাজের নতুন সিনেমা ‘হায়দার’এ টাবুর সঙ্গে আরও দেখা যাবে শাহীদ কাপুর, শ্রদ্ধা কাপুর এবং ইরফান খানকে।
7a5425dcf5	10a9f	মনে করা হচ্ছে
7a544cab65	a4750	তৈরি হয়ে গিয়েছিল
7a54594dab	29089	লতাপাতা বা ঘাস
7a545b0d44	f1240	তারাও স্লোগান দিতে থাকে
7a54d39de6	1a4a9	বোস্টনে দুটি শক্তিশালী বিস্ফোরণে
7a54de679d	194f5	সাংবাদিকদের সঙ্গে
7a551b93a1	9282d	সংসারে দায়িত্ব
7a55784d92	71522	শাহবাগের মঞ্চ থেকে
7a55956a2a	c7705	সেমিফাইনালের এই চারটি দলের শক্তি ও দুর্বলতা নিয়ে শুনবেন বিবিসির সাবেক ক্রীড়া সাংবাদিক মিহির বোসের বিশ্লেষণ।
7a5679039e	2d78f	অপেক্ষা সয়
7a56b0286e	7027a	কয়েকশো নারী পুরষের
7a56c4b0c3	dba43	খোলা দোকানে
7a56ca9e9b	e9759	ইসলামে বিশ্বাসী হবেন
7a56e8e589	88654	পরের দু’দিন
7a5751b4e5	23291	এ ছাড়া লগ্নি তুলে আনা
7a57d70c9f	35ef3	এত বড় বিহার
7a57dae71b	b8bf0	নেয়া ছাড়াই অনেককে দিয়ে
7a57f3f0c6	05901	মিসেস রসম্যান
7a5814fb98	d711f	গবেষণায় মোট
7a58705743	b8bdd	একজন ক্রিকেটার
7a587bdc87	43fc0	যাত্রাবাড়ীতে কয়েকটি গাড়িতে ভাংচুর
7a59c8d052	5dec6	ঝুটারাম লোকটি
7a5a74046c	a4750	আক্রমণ চালায়
7a5a7841fb	b8ed8	কারণ জানতে চাইলে
7a5a96e879	f280a	মাঝে চলছে প্রতিবাদী গান
7a5b23de46	79b06	আগের থেকে অনেকটাই
7a5b2911cf	932bb	এসো হে বৈশাখ
7a5bd5abf4	274ee	মেয়েদের ঘাড়ের
7a5bdb755c	c6848	তিনবার অস্কারের জন্য
7a5cb2a6f4	93080	সন্ধি
7a5cc259a1	13b70	আইন
7a5ccb6625	ee994	তথা অউবের সাথে সংশ্লিষ্ট
7a5d4900bb	ff1eb	সরকারের পাশাপাশি উপজাতীয় নেতাদের
7a5d570a08	0bace	খুঁজেছি
7a5d5c14cd	0744c	এ রকম গল্প
7a5d95eed4	b2a62	অংশ নেয়া দলগুলো
7a5d9fe1ce	8ba2b	ক্ষমতাসীন জোটের
7a5e1e3874	25117	সিআইডির এএসপি কবির উদ্দিন
7a5e811d9a	b8bdd	এদিকে গতকাল
7a5eec9c56	195f7	আমাদের করা জিডিটি
7a5f57c39b	75f18	এই বৈঠকে
7a5f8cb180	f1ea4	কিন্তু তাঁর সঙ্গ
7a5feb0267	2b883	বড় ধরনের ফাটল
7a600f9ba2	809cd	অবলোহিত বিকিরণ
7a603a7e90	fbb81	দীর্ঘসময় ঝুলে থাকা এ প্রকল্পের পুরো ব্যয়ই সরকার বহন করবে।
7a60a6f42f	1279e	মাত্র ১২ বছর বয়সে
7a60b1c226	fcefa	উপর নিয়মিতভাবে
7a6170afb1	9d7bf	হাড় তোলা হয়েছে
7a618d9515	194f5	তাদের বিরুদ্ধে তারা ব্যবস্থা নেবে
7a61c04296	4bd2c	বিদেশি বর্গী, হার্মাদ
7a61ea5551	16e96	সিলেটে এক সহকারী প্রিজাইডিং কর্মকর্তাকে
7a621b44c6	9d46f	জিজ্ঞাসাবাদ করা হচ্ছে
7a62e12e9f	16e96	তল্লাশি চালায় গোয়েন্দা পুলিশ
7a62e59e3b	31f09	ব্যাগে পুরে
7a62f78f32	ad69a	তা পক্ষপাতমূলক
7a6322ec92	2396d	সংবিধান আগের জায়গায়
7a63568e68	6b437	ফল চাহি না বলিয়া
7a636b563a	1e7c7	শিশুরা যেভাবে
7a63d1535e	28bb3	নানান কথা
7a64d59b28	21e54	মন্তব্য করে গেছেন
7a657b3e3f	58998	তবে দুধ দিয়ে তৈরি
7a6595fc00	8edea	তাঁর বিরুদ্ধে মোট বিশটি
7a65c00ec1	a06a1	দেশকে শান্তি
7a660790e6	5dd61	অকালপ্রয়াত তারেক
7a662b212d	3fce2	অনেক ঘন আর ভারি
7a66f5556b	46da4	অবশেষে পাণ্ডুলিপিটা
7a675402da	ea8fa	নিজেকে বিসর্জন দিতে শিখলাম
7a67dbd328	5b13f	অপরাজিত অপু
7a67e7ca6e	c3cca	পানি ও স্বাস্থ্য
7a68e38c21	c7a89	বিক্ষোভকারীরা পুলিশের সামনে গিয়ে
7a6923bfae	d1b12	সে কারণে তারেক রহমানের
7a692ba59c	a06a1	সদুত্তর মেলে না
7a69c0e088	ff1eb	একজন তানজানিয়ান সৈন্যের
7a69e9b32d	778c0	এবং ভুমিসংক্রান্ত কাজ কর্মের ক্ষেত্রে
7a6a48291e	eaa7a	প্রধান ভুমিকা রেখেছে
7a6a5bb46d	c2082	মঙ্গলবার এক অনুষ্ঠানের মাধ্যমে
7a6ab4793b	4a67e	আগে বলল না কেন
7a6af13737	2bc73	কিছু কিছু গবেষক দাবি করেন
7a6b6eb3cb	91223	তাই জীবনের শেষ প্রান্তে
7a6ba202a1	3faff	চীনের নববর্ষের অনুষঙ্গ হিসেবে
7a6bca402d	256f5	শেষ মুহুর্তে মমতা ব্যানার্জী ওই চুক্তির সরাসরি বিরোধিতা শুরু করেন।
7a6bf35206	d82d9	অস্টেলিয়ান ওপেনের
7a6c4117dd	809cd	জীবনদৃষ্টির সঙ্গে
7a6ce412e7	6fb36	অ্যাপোলো ১১ প্রথম মনুষ্যবাহী
7a6e2a43a4	943de	দর্শকের কাছে
7a6e60bff4	8edea	ব্যাপক আলোচনার তৈরী হয়েছে
7a6ead62f8	37d7e	মুক্তিযুদ্ধের আখ্যান জীয়ন্তকাল
7a6eef9844	8c07c	নয়ন থাকিতে
7a6f69177f	d8c80	প্রণবেন্দু দাশগুপ্ত তাঁর সম্পাদিত
7a6fe50b49	93d3b	মা আমার লক্ষ্মী বইলা
7a6ffa0089	2f547	নিজ নিজ বাহিনী থেকে
7a707a8cbe	7e191	দেড় বছর
7a7114ef1f	e6e48	মাদকটির প্রভাব
7a714c3576	73629	কবি বেলাল মোহাম্মদ
7a71dc0536	1cb75	বাড়ি থেকে ডেকে নিয়ে
7a72142399	c6848	সাকিবের সঙ্গে পার্ফম করেছে
7a722f402c	767ff	তুই একলা তা করতে পারবি
7a7314aa37	d82d9	ড. শফিউদ্দিন আহমদ প্রমুখ
7a73d50d0d	509f6	সহিংসতা হয়েছে বলে জানা যাচ্ছে
7a73d9e9fb	13b6a	পরিবেশবাদীরা অনেক দিন ধরে
7a7404881c	57d54	তুমার কপাল যেইরম দেখতে
7a746fbb89	e50f1	জাফর ইকবাল, মুনতাসির মামুন
7a74764191	64092	কুল
7a74cb6908	e3f89	জানতে চেয়েছেন আদালত
7a755c4e15	c4973	তবে ছেড়ে যাবার আগে
7a760aeca6	f1ea4	টেনে ঘরে এনে
7a765f056f	4f2ae	সরকারি কর্মকর্তারা জানিয়েছেন
7a768342a7	4f450	কোনও বিষয় নয়
7a76c40364	ff1eb	তবে জীবন যন্ত্রণাময়
7a76ee30e2	5b13f	এবং গাড়ি ভাঙচুর করেছে
7a76f9c271	83c53	সেমি-ফাইনালে উঠেছে তারা
7a7716c786	03284	বাংলাদেশ সময়ে ব্রাজিল বিশ্বকাপের সূচি
7a77302132	68ab7	বোতলে আবদ্ধ
7a77606c4a	7c272	বিষয়টিতে বিশ্ব ব্যাংকের সাথে
7a77baffdc	b8ed8	কাউকে না পেয়ে সাহেব
7a7834f455	0744c	একের পর এক সাজানো জলপথ
7a78866f40	1c618	রুশপন্থী বিক্ষোভকারীদের যদি
7a78b7197e	65e30	লোক হিসেবে পরিচিত
7a78cc701c	65e30	চলচ্চিত্র একটি সংকটকাল পার হচ্ছে
7a78eeb1a3	60b9d	দেশের অপমান আপনাকে দংশন করবে
7a790d371e	9f25e	দেশের রাজনীতির ময়দান
7a79859d77	4c555	এমভি বাঙালি নির্মাণে
7a7a5efc8a	ee852	কিন্তু কৃষ্ণ রথের উপর
7a7a889ff1	8b859	পুরাণ কেবল পুরাণই
7a7a94a154	880ae	এখনও ক্ষোভ আর আতংক
7a7aa81332	9c8dd	বিখ্যাত ছিল না
7a7b1add99	11915	সাত দিন আগেই
7a7b26b52d	a274b	সাধারণ গৃহবধূ হিসেবেই
7a7b5d4674	18a52	এই জন্য গীতার
7a7b8756fe	c2082	চলচ্চিত্রে অনিয়মিত হয়ে পড়েন
7a7bd7569f	0f047	পুলিশ স্টেশনের ভেতরে রয়েছে
7a7bdba110	3fce2	তবে বাস্তবে কলকাতা
7a7c8dd46d	778c0	তারা অনেক এগিয়ে
7a7cb3f268	bd576	মাঝে মাঝে ক্যালসিয়াম কার্বোনেটের
7a7dcbf6de	b8bf0	যদি ব্যবস্থা থাকতো, তাহলে আমরা ৭০০০ মেগাওয়াটও দিতে পারতাম।
7a7e2867e3	82926	একমাত্র উপায়
7a7e4562ce	17dcd	কবিকঙ্কন মুকুন্দ চক্রবর্তী
7a7e84b3ac	91223	অবৈধভাবে আসা রোহিঙ্গারা কক্সবাজারে যেভাবে অবস্থান করে নিচ্ছে, তাতে তাদেরকে চিহ্নিত করাও সহজ বিষয় নয়।
7a7e9117ea	93d3b	তার চেয়ে বেশি সামাজিক
7a7ebafd68	121bd	তালে তালে
7a7edc839e	b8ed8	নিহত মাওলানা আশরাফুল ইসলাম
7a7f559513	ced74	কংগ্রেস যদি ‘এক মূর্তি’তে ব্যুরোক্রেসিকে সেবা করে
7a7f60e7d4	60b9d	কুয়াশা
7a8002710a	d7a68	অপেক্ষমান আছে
7a8030639b	9092b	বাংলাদেশের দক্ষিণ-পূর্ব দিকে
7a8051bf81	b8fe1	হিন্দুস্তান
7a8128a76b	95907	গভীর সমুদ্রবন্দর স্থাপনের
7a81f13e5d	5d80e	ছিলেন বদ্ধপরিকর
7a822d4a90	e2ba2	বিবেচনা করেন না
7a82300244	adf01	অনুমান করা দরকার
7a8349e3e1	d41be	এমন স্বাস্থ্য লইয়া
7a8393f357	f1ea4	ভাস্কর্যটি উদ্বোধন করবেন
7a83e13df0	29f8c	আদালত তা নাকোচ করে দেন
7a84cf7da2	3ccf1	প্রশ্ন তুলতেই পারে
7a84e7b619	39dd0	মিছিল শেষ করে
7a85ace7f8	d2355	আমার সারা জীবনে
7a866eeb7a	880ae	আমেরিকায় সমাজতন্ত্রীদের
7a869290fd	256f5	জিন কোথায় আছে
7a8709ee85	9065c	তিনি নিস্ক্রিয় হয়ে পড়েন
7a8728c134	4fd66	খুলনা-সাতক্ষীরা সড়ক জুড়ে
7a877bcda7	d9ba9	ইউনিপেটুইউ নামের এই কোম্পানী বাংলাদেশে ব্যবসা শুরু করে ২০০৯ সাল থেকে।
7a879b7490	0606d	আঙুল ঢুকোনো হাত
7a87d21ba7	0d9f1	জিডিপিতে ক্ষতির পরিমাণ
7a882bdf3b	3ccf1	তাহাদের স্পর্শ করিয়া
7a8857ba83	cc18a	খোকা ও সালামকে
7a88a918bf	420df	এ কাজেও তাকে
7a88d57157	0b7ca	ঢল নামে বঙ্গভবনে
7a890a54c3	f0f95	বৃষ্টি-রোদের লুকোচুরি খেলা ভেঙে
7a8a68feca	f600a	বেইন বুনন, কল্পতরু শোভাযাত্রাসহ
7a8a77a2d1	7e1d5	দোকানে চললেন যন্ত্র আনতে
7a8a870b5e	809cd	পরে আয়ারল্যান্ডের রাজা
7a8ae7f8a3	7f71c	একেএম মিজানুর রহমান
7a8b9b1bdd	d71a3	তার স্বামীকে হত্যা করে
7a8ba7cfbd	a06a1	এগিয়ে যাচ্ছি
7a8c324e04	aa820	তাহা এখন
7a8c677e8a	16a17	আরো অনেক গাছের
7a8cc7e8ef	3faff	ব্যবহার করতেই
7a8d2be6f5	b9a81	যে অভিযোগ করা হচ্ছে
7a8d542585	b7be9	ব্যবহারিক জীবনের প্রতিটি ক্ষেত্রে
7a8d73d2ca	1de6c	স্বামীকে মেলে না
7a8d9602a3	cfc65	এই প্রকল্প বাস্তবায়ন করছে
7a8dbad542	1e7c7	কোনাবাড়ির বেস্টউল অ্যাপারেলস
7a8dbf3cd1	47e8d	এই ওয়েবসাইট ব্রাউজ করতে পারবেন
7a8dea8f24	1a2a1	আল কাউসার
7a8eadc881	a274b	বর্ণাঢ্য এক জীবনের
7a8ec73b07	ced74	রায়কে ‘শিরোধার্য’ বলে
7a8f152104	a9a58	অর্থের যোগান দিয়েছিলো
7a90d80ca6	e9589	আর্য প্রভাব বিস্তৃত হতে পারেনি
7a90e629bb	509f6	কিছু ধর্মে
7a90f26501	77f82	সমীহ করেন
7a916f955c	6ab59	সংবাদ মাধ্যম এবং সাংবাদিকদের
7a9188875a	7ee9b	১০ ট্রাক অস্ত্র মামলার
7a9258b749	e2ba2	গলায় পেঁচিয়ে থাকা ওড়নাটাকে
7a9288bd9b	cf82a	আগের মতো জমে উঠে না
7a92d1ad92	5cb47	বোর্ড সুত্রে জানা গেছে
7a92dd5b64	f837a	প্রাচীনতম নিদর্শন
7a92e2a21e	1f733	তাঁর মাতৃভাষা তুর্কিতে
7a93b71c02	4e900	দাসী হলেই চলতো
7a94afaccd	3bb15	কেন ঘুরে দাঁড়িয়ে বলে না
7a94ff71e3	3fb17	এ দুর্ঘটনায় নিহত
7a952064e5	7e191	ছবি তৈরি শেষ হওয়ার পর
7a95345e11	6dff5	দুর্নীতি দমন ব্যুরো
7a95ae45d9	086dd	জ্ঞানের অথবা ধর্মকথার
7a96a03af9	b8ed8	আগে আদিত্যদিগের কথা কিছু বলিব
7a96df14a4	80e98	বন্ধু ছবি
7a96f9f648	2d78f	বিভিন্ন বেসরকারি টেলিভিশনে
7a97383f0f	d2d71	সেলাই শিক্ষা
7a974a9ff6	9d7bf	কমপক্ষে ২ লাখ লোক
7a97b0a869	f1240	তাতে আপনার লজ্জা
7a97ca47b8	6d129	তাঁহার স্বভাব
7a97dcd6ab	ad050	শুভযাত্রার লাক্সারি পরিবহনে
7a98ab93d6	0f047	তাঁকে প্রিটোরিয়ার একটি হাসপাতালে
7a98d12a74	0d8c1	চেষ্টা হচ্ছে
7a994b43e6	6e8cb	সেসময় তিনি
7a997d3827	f2b7d	ভারতবর্ষের ছেলে
7a997e04c8	06e62	জবাব পেলেন না
7a99acab3a	a274b	অবস্থান করছিলো
7a9a1369d3	18a52	দাদুর মুখটা
7a9a27e2d5	274ee	মারামারি হয়
7a9a49525e	2ecf8	আজ রাতটা বাছা ঠিক হয়নি ওদের
7a9a7650b3	c0d65	তারাই আমাদের প্রধানমন্ত্রী হয়
7a9a97eeac	7ec1c	এত রাতে ডাকা মানে
7a9b0b5c57	6a35e	মুরগীটির সঙ্গে
7a9b638905	b8ed8	রাস্তায় শিল্পীরা
7a9b9c1f62	4f2ae	মানুষ জানস
7a9c016462	16e96	ভয়ে থরথরিয়ে কাঁপে
7a9c341cf9	287bd	দ্রব্যের পরিমাণের
7a9d6ec3fb	d5f7b	তারা তখন বুঝতে পারেনি
7a9e5f0160	eb179	চতুর্থ রায়
7a9e8435e3	976b1	তুমি অসূরেশ্বর হইবে
7a9ef8d808	d5213	একটি ব্যবস্থা করা
7a9f5101fb	baa02	সহযোগিতা করবে
7a9f588b97	80505	তার ছেলে শামস
7a9f71c220	d9817	পারিবারিক প্রেমে
7a9f93ec49	0e637	তার জীবন পাড়ি দিতে পারে
7a9f9948e4	d5213	ব্যবস্থা না নেয়া পর্যন্ত
7aa0344da4	18a52	করতে শুরু করেন
7aa035c2bb	42898	কূল হইতে প্রায়
7aa0a5bb04	ce775	কিভাবে বাড়ানো যায়
7aa1552f4a	4164f	মামলার সাক্ষ্যগ্রহণ শুরু হয়
7aa15ea35c	2fc12	পারমার ডিফেন্ডার গ্যাব্রিয়েল পালেত্তা
7aa19640c6	d71a3	আমরা নিজে দুঃখী প্রাণী লোক
7aa1ab4694	d9ba9	এমন সরবরাহ লাইন
7aa27c7901	ee852	কর্তৃপক্ষ কারখানাটি
7aa2861035	7d3e1	পরন্তু বংশের প্রত্যেক সভ্যের মধ্যেই
7aa2862838	5d12f	সম্প্রতি স্বপ্নদলের প্রযোজনায়
7aa2bf005f	93080	সংগঠনটির অভিযোগ
7aa32be352	38d3a	খামার দিয়েছে
7aa3472283	e754e	তালেবানদের সাথে পাকিস্তান সরকারের
7aa391606c	db181	জয় পায়নি বাংলাদেশ
7aa3aa5fe7	38d3a	সারাবিশ্বে ধানের উন্নত বীজ
7aa3acdbbf	9092b	চণ্ডীদাস ও জ্ঞানদাসের
7aa3d737e8	13b6a	বড় হুমকি হয়ে
7aa3fa6a72	e2ff7	সিদরাতুল মুনতাহা
7aa40d44bb	5639c	উন্নয়নের ধারা
7aa4495211	92bb2	সুমনের লাশ
7aa45adbf7	903fa	নিজের পারফরম্যান্স নিয়েই
7aa48d69f0	4dd57	অভিযান চালিয়ে তাদের গ্রেপ্তার করে
7aa4a9df92	18a52	এ ছাড়া একাডেমির কর্মকাণ্ড
7aa4b6092e	d71a3	না না, সে রকম বিচ্ছিরি নয়
7aa533a5bd	ced74	সুন্দরবনে আগুন
7aa580b69a	d0c70	শ্রীদামা রাধিকাকে
7aa5d0a232	68549	এরপর অক্টোবরে আসে
7aa5ded30d	03284	সচেতন নাগরিক
7aa607d35d	54cdd	মুক্ত বাতাস কিনতে
7aa60deac0	09b32	আমি আর কখনো দেখিনি
7aa60e8e7e	4fd66	বিকেল থেকে শুরু হয়
7aa615b914	1f733	বিশ্বের ন্যায় বাংলাদেশেও
7aa68caec6	bbb22	এলাকাবাসীর দেয়া
7aa70d0aed	a274b	এর আগে গত রোববার
7aa735929c	b00ba	মিসেস হকের কাছে
7aa7c47f71	43b04	সেই পুরনো অবস্থানই
7aa7ca7e61	256f5	ক্রিকেটকে আমি
7aa86aa761	256f5	শিক্ষিত
7aa8a9f151	38d3a	গুরত্বপূর্ণ সব ফাইল
7aa8c0c2fc	77f82	ঘটনাস্থলে গিয়েছে
7aa8fe3107	bfac7	এটি ছিল ব্রিটিশ কয়েদীদের উপনিবেশ
7aa90eb417	bdd05	অতএব এখানেও আমি
7aa968c9b7	f29bf	বিদেশি আমদানিকৃত
7aa998eb0b	ea8fa	সাবান ব্যবহার করা হয়
7aa9b414ed	24f73	তখন প্রতিপক্ষ থেকে
7aa9d4d6f5	2fe3c	আমি খুব একটা
7aaa581636	e8dde	অনেক কিছুই তাঁর চলে
7aaadf1bf2	355c1	প্রাচীন
7aab4473be	14d25	বড় কিছু
7aab54aee2	4fc91	একটি খনিজতেল অনুসন্ধানী জাহাজকে
7aab7bf7da	95907	ফরেক্স কি
7aabea37bf	dfefa	একটু জটিল
7aac837a9d	b9122	ব্যাঙ্গালোরের ১৫৫ রানের লক্ষ্য
7aad15854b	8edea	বিদ্যুতের উৎপাদন বাড়াতে
7aad51c671	ff1c3	এই স্মৃতিকেন্দ্রের অন্যতম বৈশিষ্ট্য
7aadaa9c77	21e54	এবং মিশরে সব মিশরীয়দেরই
7aae095c71	43fc0	কামদুনি গ্রামে যাওয়ার
7aae5c2c6c	6d129	আবির্ভূত হওয়া এবং অন্তর্হিত হওয়া
7aae681e4b	68549	দিনাজপুর মেডিক্যাল কলেজ হাসপাতালে
7aae71ca64	c749e	এড়াতে পারেনি দেশটি
7aae940989	a699c	মিশন
7aaec88db4	c463d	প্রমাণ করেন যে
7aaec92a1e	3b1f7	অন্যদিকে, পাকিস্তানের করাচীতে
7aaefd2398	e9759	ভেনেজুয়েলার পর্তুগুয়েসা রাজ্যের
7aaf121514	b78ec	বিভিন্ন ফোরামে
7aaf88efc4	59c73	পরিবারে সাংস্কৃতিক পরিমন্ডল থাকায়
7aaf9e3ae9	7297e	হিরো
7aafa9a4f6	ad050	দীর্ঘ কাহিনী চারটি
7aafb0a75d	c0965	সেই হরতালে
7aafde3d7d	f1ea4	মন খারাপ করে বসে থাকবে
7ab028abc2	6ab59	আয়োজিত এক সংবাদ সম্মেলনে
7ab0ebc603	92f59	সেই রকম হতে হয়
7ab10bbe5f	3f875	যদি কোনো বন্ধু-বান্ধব
7ab16f1d74	ab946	বুধবার দুপুর ১টার দিকে
7ab1c35577	75f18	সবকিছুর বিরোধীতা করে
7ab1ea13bf	8edea	খাটের এক পাশে পা ঝুলিয়ে
7ab1ec5586	13b6a	অজিত রায়
7ab1f0190e	121bd	আন্তর্জাতিক রুটে ভ্রমণকারী যাত্রীদের খুব কম সংখ্যকই এখন বাংলাদেশ বিমানে ভ্রমণ করেন।
7ab21c171a	c3cca	বলিউড খবর
7ab2bcc337	b5fdc	কর সম্পূর্ণভাবে মওকুফ করা
7ab2fa7410	a3a6d	লোকের চোখে কৌতূহল
7ab313fd18	29bab	যে কারও জন্যই
7ab31d35e9	282d3	বাংলাদেশের মুক্তিযুদ্ধের
7ab347765f	06736	অভিনয়য়ের শুরুতে
7ab3ae3e23	dafb6	প্রথম তিনিই তাহা
7ab3e401ee	76329	ব্যাখ্যার প্রতিক্রিয়া
7ab45d40ce	194f5	নিয়মিত চুলের
7ab522314a	29089	১৬ রানে ৩ উইকেট নিয়ে
7ab52b0fb4	e3f89	হলিউডের ইতিহাসে
7ab5675a90	0a87a	নামটি চমৎকার
7ab5ac25cc	577fa	দীর্ঘ লাইন ধরে প্যারেড গ্রাউন্ডের ভেতরে প্রবেশ করেন নানা শ্রেণী-পেশার লাখো মানুষ।
7ab5d19b6a	f2097	হারিয়ে ভীষণ বিমর্ষ ময়েস
7ab5f5f6d4	9f25e	সমাবেশ শেষ হবার পর
7ab60abe8a	616ec	এটি ব্যবহৃত হচ্ছে
7ab680ab96	2695f	বেরিয়ে আসতে চাইছেন
7ab70c6274	80518	সংবাদমাধ্যমেও কোনও প্রতিক্রিয়া
7ab74bf9c6	a46e2	অক্ষরে অক্ষরে মেনে চলেন না
7ab7aada3a	05901	জিএম মঞ্জুরুল হককে
7ab7b0fff0	c3cca	সম্ভাবনা উড়িয়ে দিচ্ছেন না
7ab7d3b031	47e8d	দামগাড়া
7ab7e4a078	3fc9d	ইঞ্জিন নৌকায় চড়ে
7ab7f9a628	2fc12	খবর শুনলাম
7ab82e066c	cb1aa	তাবলিগ
7ab8640974	d5f7b	বিক্রি করতে বসে
7ab8b30304	21e54	যেমন শিক্ষণীয়
7ab8e52626	18460	সেনা দল হতে
7ab935a275	59c73	কারণ,সংস্কৃতি হচ্ছে
7ab93bb6dc	7351e	সমুদ্র
7ab93be79e	9fa90	এমনকি নিজ পরিবারের কাছেও
7ab99a9759	9092b	আইনি মারপ্যাঁচ থেকে
7ab9a6f8fd	323f1	সকলে চাঁদা করে
7ab9daf31a	dafb6	মি. মোরসিকে রাখা হবে
7aba0c6a42	9f25e	এ পত্রিকাটি একাডেমির ফেলো
7aba65bf76	3c897	সংশ্লিষ্ট দেশগুলোর সাথে
7aba889177	84145	নিজেদের মধ্যে
7abaec177e	6dff5	হারানোর পর
7abb17e6a7	7f2ef	নবম জাতীয় সংসদে ছয়-সাতটি দলের প্রতিনিধিত্ব ছিল।
7abb879198	ff970	গুণাবলীর প্রয়োজন পড়ে
7abb8f174e	9065c	দুজনে চোরের মত
7abbe9767c	f0f95	তখন পরিস্থিতিটা
7abc57bbf6	860f4	এখন গোলযোগের কথা এই যে
7abc5bf86f	49543	দুটি বাড়িতে হামলা চালিয়ে
7abc5f7ebf	f143a	নদীতে জমে যাওয়া পানি
7abd2589c0	9282d	মৌখিক পরীক্ষায় যারা টিকবে
7abd7240fe	dafb6	রাখার পরামর্শ
7abd8fb9c6	0edef	চলচ্চিত্রটি মুক্তি পাচ্ছে ঈদে
7abdd226fe	2b883	বিশ্রাম বিশ্বাস কথা কয়
7abde110cf	ce629	ভারত অধিনায়ক
7abe084b0e	91230	ভাল কইরা দেখতে হইলে
7abe68513a	e43d4	শিরোপা জিতেছিল স্পেন
7abeb0fd8f	fdcba	সুরভী সুলতানা বললেন
7abf000f84	12702	নিকটবর্তী আটলান্টিক মহাসাগরীয়
7abf99caf3	ce775	মি: কিম এই নির্দেশ দেন
7abfbd9758	f0f95	নির্বাচনের সময় যে অন্তর্বর্তী
7ac007f074	e43d4	আছেন অ্যাঞ্জেলিনা জোলি
7ac01515db	b618b	বাংলাদেশের দ্রুততম মানব হলেন
7ac032da62	0744c	চাপা পড়েছে
7ac10a0fa7	47e8d	রেলের যেখানেই
7ac11f5210	06ea3	সরকার দ্রুত
7ac140c617	09b32	সন্ধান মিলতে পারে
7ac17ac381	fb4cb	ক্রয়, বিক্রয়সহ অননুমোদিতভাবে
7ac20ab570	b00ba	তবু ভবিষ্যৎ রূপ
7ac24ddd01	16a17	কিন্তু এই দ্বিতীয় অভিযানেও
7ac32231bb	d1a48	পালন করে আসছে
7ac333970e	1cb75	কিন্তু রাজনৈতিক অস্থিরতার কারণে
7ac3441409	56508	নিচের অংশ কুমির
7ac3657685	b8fe1	দলগুলোর ছিল না
7ac3884ea0	14d25	মুক্ত জলাশয় বা হাওর
7ac3e60785	31f2a	ইনকিলাব পত্রিকা
7ac4360ed1	590d0	চৈতালীর মনে হতে থাকে
7ac53f7879	7df87	একলা যাওতো বলে
7ac55d66b8	38ff0	বিশ্ববিদ্যালয়ে রূপান্তরের দাবি করা হয়েছে
7ac56fa60f	dae88	জীবনের শেষফল
7ac571a302	bbb22	নাক না গলালেও
7ac585ad0c	c749e	টিভিতে দেখা
7ac595941d	32b3e	মূল কারণ
7ac6cc1ad3	d82d9	মহিলা বস
7ac711d9ee	9813c	সহজভাবে জীবনযাপন করার
7ac8947a45	ad050	তিনি ফুসফুসে সংক্রমণের কারণে
7ac9d51382	5dec6	বিবরণধর্মিতাকে ছাপিয়ে
7aca1081bf	46da4	জাতিসংঘ মহাসচিব
7aca1882ad	2909b	তারেক মাসুদ ও আমাদের বন্ধু
7aca281bb5	3bb15	যিনি দেশের জন্য
7aca379017	13b70	লেনদেন করে থাকে
7aca4576a2	93080	পৌঁছাতে পারছে
7aca81ed70	52f27	সব রাজনৈতিক দলকে
7acafb9af5	82926	নির্ধারিত তারিখের
7acb06febf	c173f	অত্যাচারের কারণে
7acb0d15d0	cb842	সঠিকভাবে চিনতে পেরেছিলেন
7acb60e2ac	bc81e	২০টির বেশি দেশের
7acba5e455	37e17	আব্দুল্লাহর বয়স ১১ বছর
7acbd90488	2695f	দুপুর সাড়ে ১২টায়
7acbddd4db	c0d65	গলায় জড়িয়ে এনেছিলুম
7acc5437ba	56508	পুরুষদের মধ্যে
7acc91a2f1	3fae0	তবে সরকারের দায়িত্ব
7accab2a75	95907	আয় করতে হলে
7accc815ab	43199	দুর্ভাগ্যবশত আমিও
7acd1acd09	37d7e	বেশ কদর ছিল
7acd6409c4	93bf3	হরিবংশের অনুবাদ সেই সঙ্গে
7acd8b6a78	bdd05	কিরীটিনী নগরীকুল শিরোমণি
7acdd4d1db	09f0d	ঠিক নেই
7acdec74ed	91230	থেকে শুরু করে
7ace12a429	85430	বিজিবি-বিএসএফ এর মধ্যে
7acf402a09	1e7c6	অর্থাৎ ৬০ বছর ধরে
7acf4d7727	6e6fa	তাহা হইলে কি কর্তব্য
7acf8a26c2	08458	দুপুর পর্যন্ত তাদের
7acf9d3b33	f1ff2	জার্মানি, ডেনমার্ক, পোল্যান্ড, সুইডেন
7ad044d459	491a5	এই কর্মসূচি থেকে ব্লগারদের
7ad0720311	9f25e	১০ বিলিয়ন ডলার
7ad099d5cc	68ab7	অংশ হিসেবে
7ad09c30e7	f2780	ঈশপের গল্প
7ad0cf9832	d9ba9	আমি সত্যের প্রতি অবিচল
7ad1ab9c64	17ca1	আগামী দুটি সাধারণ নির্বাচন
7ad1e6701b	25117	এই আলোর দুনিয়ার পিছনে
7ad24611d4	616ec	ফুটে উঠলে
7ad28e19b4	18460	সামরিক স্বৈরতন্ত্রের তুঙ্গ মুহূর্ত
7ad2bfb200	adf01	তাদেরও পদত্যাগের
7ad2d7b7bc	52578	কর্তৃপক্ষ এখনও তা নিশ্চিত করে
7ad2dfb940	f4ba7	আটকের ঘটনাকেও
7ad3fd8874	33aef	পর্যাপ্ত প্রস্তুতির অভাবটাই
7ad478e6c4	69d9a	পরিচালক হিসেবে
7ad4b8eb35	3f875	এসব লোক ছাড়া
7ad507c09a	d9ba9	ভাজা ডিম দিন
7ad537e7ff	28bb3	পাহাড় নিয়ে বসেছিলেন
7ad53a077d	18a52	মামলা তদন্তের দায়িত্ব পান
7ad53bf0ea	84145	উল্লেখ করেন আইনজীবী
7ad567a59d	fdcba	চেয়ারের ওপরে তুললেন তিনি
7ad5ab1c68	6c6bf	বাংলাদেশকে ১ কোটি ৫৪ লাখ ডলার ঋণ
7ad5b01e3c	ea5be	মনে হয় সম্ভব হবেনা
7ad5d7dcff	698a4	সেখানে গিয়েছিল
7ad604810e	cf82a	তবে পত্রিকা ছাপা না হলেও
7ad63ebbd5	49d63	এবার যুক্ত হয়েছে
7ad68401f7	8b859	বরেণ্য বাঙ্গালী সঙ্গীতশিল্পী
7ad6ad3a40	880ae	দেশের জাতীয় সংগীত
7ad703ad6f	f89d7	আজ হাজার বছর
7ad7607a5a	c1e30	বাতিল হচ্ছে ক্লাস আর পরীক্ষা
7ad7bfc432	0d4cb	সংশ্লিষ্ট একটি সূত্র
7ad7ce14bb	52578	১৯৮৪, ১৯৭৬ ও ১৯৭২ সালে
7ad7e926ea	ad69a	নিহতের সংখ্যা নিয়ে
7ad835ec6e	509f6	টিকেট নিয়ে
7ad85b7299	a0277	পাকিস্তানের জন্য শুধুই হতাশার
7ad85e54b2	88654	তার পরিবর্তে
7ad88dbfa0	a699c	দৈনিক জনকণ্ঠ পত্রিকা সহ-সম্পাদক
7ad89e3eef	6a35e	ওসি জানিয়েছেন
7ad8bcbfdb	d9b11	একজন ব্রাজিলীয় ফুটবল খেলোয়াড়
7ad8ca0ac7	ff1c3	কিউনিফর্প লিপিতে লেখা হত
7ad8ca5e22	7ee9b	সামাজিক অভিজ্ঞতাসমূহকে
7ad8ea0969	ff1eb	নানা সময়ে
7ad915a2a0	0d8c1	চোখে পুরু লেন্সের চশমা
7ad91af545	256f5	কাজ হয় নাই
7ad969f2c5	91b16	পূর্ণবয়স্ক পাখি
7ad98d2f9f	d2294	কিন্তু সেজন্যে আমাদের
7ad99ed5d3	967fd	কবির সঙ্গেই বসবাস করতে পারেন
7ada339526	a06a1	ফুটবলের দেশ ব্রাজিলের সঙ্গে
7adaa1e6be	4a918	বড় ইনিংসের সম্ভাবনা জাগলেও
7adad1c87a	91dff	৪৯ ওভার বল করে
7adaddfaa5	b7be9	সোনা চোরাচালানির সঙ্গে
7adadfaac8	6e8cb	প্রায় একই ধরনের
7adb44195c	3ec4d	ভুয়া ভোটার
7adb4ba14a	1f733	ঘটির কাঁটা পরিবর্তনের
7add2fed49	7e1d5	কারো জীবনে নাই
7add39a588	a916a	আবেদন পত্র
7add5cdc3b	13b70	আনামুল হক বিজয়
7add61d9e6	f29bf	বিক্রি বেড়েছে কয়েকগুণ
7add9b09cf	323f1	২০০৯ সালের জুন মাসে
7addc3ced3	29d44	এবং কৃষিপণ্যের দাম সহ
7addf45a2f	d9081	এতে সব শরীর
7ade292308	5dec6	যেখানে সীমাবদ্ধ ছিলেন
7adeddd527	a916a	ইতর
7adf724493	baa02	তার প্রার্থীতা
7adf8e875c	fd880	দেশ বিভাগ হয়েছিলো
7ae092393c	4486f	এই হাইতিয়ান
7ae09c651b	860f4	পূর্ণ একটি আয়োজন
7ae0e16fd3	cb1aa	একটি সেলফি
7ae1389635	7d133	তোমার মুখ দেখা
7ae199121d	e9fa7	এক মাসের মধ্যে
7ae1cf5e7e	d41be	তার আগেই আদালতে
7ae26140ce	0895a	একটা কথা আছে
7ae26ec8ed	e50f1	হুমায়ুন আহমেদের উক্তি সমূহ
7ae2c27c5f	491a5	ব্যক্তিগণের মধ্য থেকে
7ae3244f9c	28dfc	একটি গোয়েন্দা চরিত্র অর্জুন
7ae337064c	ad2a0	পর্যাপ্ত ট্যাক্সিক্যাব নামানোর
7ae408bf9b	4ea73	সব আয়োজন সম্পন্ন করেছে
7ae48247c3	3ec4d	বিভিন্ন দেশে প্রতি বছর
7ae4a2ba6d	13b70	৬১ জনের পরিচয়
7ae4f1a8f2	ea5be	আকৃষ্ট করছে
7ae581c406	93080	পুরো অনুষ্ঠানটি প্রচারিত হবে
7ae5979420	60f77	চেয়ারম্যানের কাছে আসেও না
7ae5bbfdf0	e55de	নির্বাচনী সমাবেশের পরিবেশ নিয়েছিল
7ae5d069c6	69449	জোড়া বাঁধে
7ae60bb35a	14d25	অসাধারণ গুণ এই ছিল
7ae6422bf9	31f09	আলেকজান্ডার ড্যানিয়েল হেলস
7ae6878722	d9b11	অপহৃতদের সন্ধানে সহায়তা করার জন্য যুক্তরাষ্ট্র একদল বিশেষজ্ঞকে সেখানে পাঠিয়েছে।
7ae75c6447	e2f12	আমি খুব বেশি পড়ি
7ae789b5fd	39dd0	পূর্ব শেওড়াপাড়ার ৯১১/১
7ae7b0fd9f	18a52	বারোটি অলিম্পিকে
7ae8b900a7	d1a48	নৃত্য পরিচালক তানজিল
7ae8e3c807	3faff	তাঁদের বিরুদ্ধে
7ae8f0af27	eecdd	শিক্ষক ডট কম
7aea2433f8	bdd05	মতোই বটে
7aea7f90ca	37e17	ভুল হবে
7aeb52b519	06ea3	ও বিশ্বাস করে না
7aebdb30e0	d5f7b	এমআইটিএস অল্টেয়ার ৮৮০০ ছিল
7aec3ae6ed	f2b7d	মানুষের জীবন যাত্রার উপর ছিল
7aec3fe74a	dfefa	মহাকবির জন্মস্থান
7aec64d7b6	ba2f6	সংবাদ প্রকাশের বিষয়ে
7aec929852	43b04	নিজেদের আলাদা করে এসেছে
7aeca080c0	39293	মাত্র ১৮ রানের মধ্যে
7aed061d18	23291	শ্রীলঙ্কা ও নেদারল্যান্ডসের মধ্যকার ম্যাচটিও
7aed0b797c	11bd2	জয়দেব গোস্বামীর পর শ্রীমধুসূদন
7aed6cb2a4	c1e30	তার কন্ঠে ঝরে পড়লো
7aedd76de4	c41d8	চাপিয়ে দেননি আমাদের
7aee3f8b81	bc81e	এমেকার হেড সাইড বারে লেগে
7aee83d8cc	31f09	মানতেই হবে
7aeea39386	52578	আইনটির সংশোধনী
7aeee199b5	e6d83	আগামী মাস থেকে
7aef425612	a4750	অনুর সৃষ্টি হয়
7aefa40c0b	5d12f	আর এই ফ্লাইওভার
7aefb43c5e	2695f	অন্যন্য দিনের চেয়ে অনেক বেশি
7aefb8c4ba	3f875	দাদাকে দেখে
7aefc7e54d	4164f	কোলের ওপর
7af01cf293	fcefa	মতিঝিল থানাসহ
7af03cf09b	932bb	বাড়িটি খেতে
7af0d5cfeb	323f1	একদমই দেখা যায়নি
7af0fc95d1	18a52	বাদরায়ণের ব্রহ্মসূত্র
7af111f2d5	83c53	সিএনজি অটোরিকশার প্রতিস্থাপন সময়সীমা
7af1515769	0a87a	বার্ন ইউনিটের চিকিৎসক
7af1621014	1a4a9	আপনি এখুনি পালান
7af20fe27a	b7be9	এ কার্যক্রম চালিয়ে আসছে
7af20fede8	5b13f	প্রাণপণে সাহায্য করে
7af2a74f09	22096	সারাদিন ওই নিয়েই
7af37b5803	2d98b	সেই ঘড়ি দেখিয়া
7af3ff72bc	ce775	একটু কোল্ড ড্রিংকস দেব
7af404fb58	1e7c7	পর্যায়ক্রমে বিকাশ লাভ করে
7af40a7b6c	ce180	পরিণত করেছিলেন
7af4b46f27	d2d71	ধসে পড়লে
7af4d01278	3f493	ভোটগ্রহণ সাময়িক বন্ধ রাখা হয়
7af4ddae6d	4dd57	আগামী মঙ্গলবারের মধ্যে
7af500d341	ff0fe	তাঁর উপন্যাসগুলো
7af5fe8196	ac0df	আদালতের মাধ্যমে
7af61a14c7	60b9d	দেবদাস
7af65f5d03	ca831	এ সময়ে সিএসইতে
7af6b09b48	b4ea7	চার সপ্তাহের জামিন নেন
7af73b9467	f600a	নতুন লেখকদের
7af799480d	9813c	ইন্টারনেট অফার
7af7f1fc1d	79b06	নিজস্ব বৈশিষ্ট্য
7af8922e9e	93d3b	মামাদের সংস্পর্শে
7af8afabf3	29089	আইনসচিব, স্বাস্থ্যসচিব
7af957b3fc	cb842	সৌদি আরব বাংলাদেশ থেকে
7af985516c	ca831	ওটাকে কখনো
7af9b619d4	2909b	ক্রমেই সর্বভারতীয়
7af9b6c950	351dd	সৈয়দ আহমদের আলীগড় আন্দোলনের পর
7af9ca5c03	d5213	ব্রিটিশ সুপারমার্কেট
7af9e36b36	a7c6f	কোনো মামলা হয়নি
7afa3cbbe4	3d17c	এর ফলে যে শূন্যতার সৃষ্টি হলো
7afb316a95	6973e	এরকম অদ্ভুত সংমিশ্রণ
7afb41dc29	7c272	কার্বন নির্গমন
7afb70f121	745b7	আলোচনার উদ্যোগ নেয়ার
7afb793cb5	c6848	এসময় তিনি বলেন
7afc36aa0a	9b864	জীবনের হিসাব-নিকাশ
7afc84c809	b8ed8	ফিরতি লেগের ম্যাচে
7afca31bab	eaa7a	ভয় পান আয়েশা আক্তার
7afcb4b451	18460	মার্কিন কর্মকর্তারা জানিয়েছেন
7afcb8137d	ce775	প্রথম সিনেমা
7afcf13034	6fb36	তাঁহার প্রিয় শিষ্য জ্ঞানদাস
7afd07bf76	8ba2b	কিছু কিছু শাখা-প্রশাখা
7afd19f836	cb1aa	আখেরাতে যার নেকি বেশি
7afda4a5ea	e55de	চালকের সহকারী
7afdda4bd1	3fc9d	কংগ্রেস
7afe0b1e6c	ad2a0	অনেক দামের সুতা
7afe30fe0e	2909b	ঝুঁকি নেবে
7afe9a0510	860f4	ঘরের দরজা ধরে
7afeb2783c	491a5	যদি সত্যি অস্বাভাবিক কিছু ঘটে
7afef71a03	71522	একাত্তরের প্রথম সশস্ত্র প্রতিরোধ
7aff34d367	fbb81	গোপনে বিয়ে করেছেন শাবনূর
7aff64b81b	cfc65	কিন্তু নেটো ও অ্যামেরিকার এই ঘোষণার পর রাশিয়ার পক্ষ থেকে এখনো কোনো জবাব আসে নি।
7aff677f97	b618b	দাঁড় খসিয়া পড়িতেছে দেখিয়া
7afff5fba0	2d98b	গানটি শুনতে শুনতে
