8c00776904	11915	কেন্দ্র সবুজ সংকেত দিলেই
8c007ea56d	410fa	দলে শৃঙ্খলাজনিত কোনো সমস্যা নেই
8c0091206c	25696	হলুদ চাকতি
8c00ae9909	e03fc	দুজনই বিনামূল্যে ওষুধ পাওয়ায়
8c00b292bb	d3e06	এখন পর্যন্ত পৃথিবীর
8c00be1e94	b52ab	কেম্ব্রিজ বিশ্ববিদ্যালয় থেকে ১৯৬৪ সালে ফলিত গণিত ও তাত্ত্বিক পদার্থবিজ্ঞানে পিএইচডি ডিগ্রি লাভ করেন জামাল নজরুল ইসলাম।
8c010e3f2c	91dff	প্রায় ৪৫ শতাংশ সদস্য শুধুমাত্র
8c01641068	bc81e	তিনি ২০১০ সালে
8c01780444	dfefa	ব্যাপক হত্যাকাণ্ডের অভিযোগ
8c022bf4ed	f2b7d	সাহিত্যের সামনে
8c0237c76a	5cb47	সকাল থেকে বন্ধ থাকায়
8c02772d5f	d7a68	সূচনা বক্তব্যে সীমন উল্লেখ করেন
8c028df10d	93d3b	উভয় পরিবার লোকজন
8c03014840	e3f89	নির্দেশ দেন হাইকোর্ট
8c0393da73	f1240	মারা যান শামসুদ্দিন
8c03b890f2	a1d4a	নাকি ছাড়া পেয়ে
8c03ba7535	32c77	কিন্তু ভোটারদের উপস্থিতি
8c04c90ef3	4ea73	যাঃ গেল
8c051cab4a	6ee5f	বাছাই পর্বের ম্যাচগুলো
8c056237af	520fb	বারবার ব্যর্থতার পরিচয় দিয়েছে
8c05b3de34	efc0d	পয়সা লাগে
8c05f85ce8	e2ff7	কত মানুষের লাশও
8c06075bd8	b08d0	সেখানকার পরিস্থিতি অবর্ণনীয়
8c063a2029	5d12f	আজ খুব সামান্যই
8c065184bd	9351a	শাহীনের বড় ভাই
8c066fede9	5639c	চলতি মৌসুমে বার্সেলোনা দ্বিতীয়
8c06e9480f	d82d9	সাপ্তাহিক পত্রিকা রাখা হয়
8c073689e2	21e54	সমালোচনা করেছেন
8c075b0be0	745b7	রুমটির চারদিকে
8c0778f9d7	e3f89	কিন্তু কেন এমন হবে
8c0780250f	3c897	অস্তিত্বকে সমর্থন করে ভ্যাটিকান
8c07c2fc03	9b864	মি. কবির জানান
8c07e02c36	bd576	রেমিট্যান্স এবং রপ্তানি প্রবৃদ্ধি
8c0834de71	4dd57	এই সকল নামের সঙ্গে
8c0844ee03	83c53	বাইরের সংস্কৃতি
8c08539a1c	ced74	সবচেয়ে ভয়াবহ দুর্ঘটনা বলে
8c08c81f0c	ff970	দেওয়া হবে
8c090bc651	31f09	এই ওয়েবসাইটের কর্মকাণ্ডের
8c091a8daf	cc9fd	তৃতীয় বিশ্বের
8c096b180b	bcaa8	বাড়ি থেকে মনুমিয়ার দোকানে
8c09a2ee8f	ce629	দূরত্ব কমিয়ে ফেলুন বন্ধুদের মাঝে।
8c09ecc9f2	a43b5	চেষ্টায় রয়েছেন
8c0a7643b5	29d44	ঝাড়ের রংধনু আলো
8c0abb2255	5dec6	মরে পড়ে রইল
8c0abd52ec	0bace	অনেকগুলো সামাজিক এবং সাংস্কৃতিক
8c0b523793	6e6fa	তখনকার দিনে বাতাস ছিল
8c0bee9c3b	d9081	মারা যাবে
8c0c08ebf5	7351e	চুল শ্যাম্পু করে
8c0c1e11ec	c9c19	দেশকে ভাগ করতে চাইছে
8c0c225ce0	c749e	পাকিস্তান ক্রিকেট দল
8c0c9f39cf	d9ba9	এখন ভেস্তে যেতে পারে
8c0cae42f4	e00db	করে বেড়াব
8c0d380d9d	f29bf	সেটা আশ্চর্যের
8c0d73ad80	b8bf0	সংস্কৃতিতে পরিণত হয়েছে
8c0dcb222a	1c618	বিবিসি বাংলার সংবাদদাতা জানাচ্ছেন
8c0e417d31	e9589	তিনি জানাচ্ছিলেন
8c0e4e6eca	767ff	বাড়িটি বিক্রি করে দিয়ে
8c0e67f19a	c2082	দেয়ালে পরিচিত-অপরিচিত
8c0f5c5a72	577fa	সাহারা মরুভূমি
8c0f825427	75936	জুডিশিয়াল ম্যাজিস্ট্রেট বৈ জয়ন্ত বিশ্বাস
8c0fb249f2	ad2a0	কিন্তু আমরা
8c10f8e48c	f2097	অনুবাদের একটি বিশেষ শাখায়
8c11057be8	ef4f8	বর্গমূল কে বলা হয়
8c1163c268	92f59	আমি বিশ্বের অনেক দেশ থেকে সম্মান পেয়েছি, কিন্তু নিজ দেশের সরকার আমাকে কোনো সম্মান দিল না।
8c1268546b	e31e7	ইলিয়াস আলীর পরিবার
8c127b51f6	948d3	লবণাক্তও ছিল না
8c12f22f1e	f9dfb	ডান কাতে বাম কাতে
8c133abc8d	46da4	প্রকৃতপক্ষে বাঙালি নারী
8c13597afa	6dff5	সিরিজে ১-০ ব্যবধানে এগিয়ে যাওয়া
8c13b36735	fdcba	তবু সেই রাতেই
8c1401fc77	577fa	৪ নাম্বর নারী
8c143815ef	388c9	যখন চুক্তিটি হয়েই গেল
8c1471da22	9d7bf	ও আলোচনা সভা
8c1486d484	16cfb	জঙ্গনামা’ পুথিটার ওপর
8c15ab0b32	577fa	কে এম মহিউদ্দিন
8c16a876ba	bc81e	কত কী-যে শুধু নিত্য ঘটে
8c16e7b3a4	54e68	এক তরুণীর সঙ্গে
8c1717b51e	9282d	পালন করে
8c1788126b	b08d0	র‌্যাম্প থেকে শিখেছি
8c18315ec9	13b70	আরও একদিনের ঘটনা
8c18684d4b	fd880	দেখা গেছে যে
8c1875cfa7	3bea8	মেয়ের বাবা পুলিশ অফিসার
8c189e84af	fcc89	আলোচনার বিষয়গুলো চমৎকার
8c18d441be	09f0d	অফিস থেকে
8c1965f8d1	7f71c	ভোটকেন্দ্রে আগুন
8c19ea36f3	65e30	কোনো সরকারই
8c1a4f4b2d	59c73	ওয়েব ইন্টারফেসের মাধ্যমে
8c1abdb3c8	520fb	পরিস্থিতি দেখে বোঝা যাচ্ছে
8c1ac2c84f	7027a	মনোয়ার ইসলাম বলেন
8c1acf7f06	0a7a0	রংপুর, সাভার, নারায়ণগঞ্জ
8c1b614496	60b9d	ফিল্ড মার্শাল সিসি
8c1c11a006	698ff	পায়ে চলার পথ বাড়ানোর
8c1c626edd	2aecc	তখন প্রবল হচ্ছিল
8c1c7e246c	8845d	বাংলা ভাগের বিপক্ষেই
8c1cbc6adc	b4ea7	সেই দূর্নিরিক্ষ অন্ধকারে
8c1cdcb7ef	d8c80	ফাইনাল ম্যাচসহ
8c1d0b32fa	c9c19	দুর্নীতি দমনের ক্ষেত্রে
8c1d223837	08458	জল দেবে
8c1da78393	ca088	একটি মরূদ্যানের ওপর দাঁড়িয়ে আছেন
8c1dfa349b	7a227	তারা অনেক খেটেছে
8c1ec94c4d	a06a1	এই নিরাপত্তা ব্যবস্থা
8c1f3970b3	410fa	মুসলমানরা গাছটিকে বেশ
8c1f5f89a8	17ca1	এখনো স্থানীয় হিন্দু সম্প্রদায়
8c1fb52c6c	d1a48	মালা
8c1fd2b471	a9a58	যাদের দুই জন
8c2009fa81	95f83	অভিনয় থেকে অবসর নেয়ার পর
8c200c2b91	4c555	সরকারকে মাশুল দিতে হবে
8c2059116b	e43d4	ও সড়কপথে রয়েছে
8c205e81ec	54cdd	খোলা আছে
8c208d0f21	14d25	১৯৪৫-১৯৪৬ সালে তিনি
8c212ea13f	22096	প্রথমবারের মতো ডাক পেয়েছেন
8c216c68b0	7aed9	ভাত দে ছবিতে অভিনয় করে
8c2178fc70	239f7	প্রায় পৌনে ২ লাখ টাকা
8c2204a839	2f547	চালিত করে রাজনীতিতে
8c223afe1b	39293	ডিএসইর বাছাই সূচক ডিএস-৩০
8c22bdff91	c8f7f	কেউই বোরখা পরতো না
8c22d652db	3faff	বর্ণবাদ বিরোধী নেতা
8c22e42107	49543	দিন দিন উন্নত
8c234b4d37	693cb	তাঁরা বাঙালী মুসলমান জনগণের সঙ্গে
8c235dbb17	0d9f1	আবহাওয়া অধিদপ্তরের মূল ভবনে
8c238dbd5f	2909b	অহল্যা রাত্রি বা
8c23e24f16	089ef	এছাড়া শহিদুল
8c24bf57d9	2d78f	আশা করছি তার নেতৃত্বে
8c24e774f1	3fc9d	মেয়েদের আধমরা করে
8c2593fde7	3fae0	সবুজ বনের হরিৎ টিয়ে
8c25e147bd	10a9f	কুশল সিলভাকে
8c25ed5a0f	b78ec	সংবিধান আগের জায়গায়
8c25f33c79	520fb	এবং সাংবাদিকদের
8c25fd3dc3	ad050	সেটি এখনো তিনি তাঁর ব্যাংক একাউন্টে নেননি।
8c265fad5e	52f27	টাংগাইল বার্তা
8c273e024d	0633a	কোনো সুযোগই তারা পায়নি
8c277f251f	76329	এতে করে যে বিষয়গুলো
8c2796b946	0f047	কোর্স কারিকুলাম
8c27ac2b3b	9065c	চাপ অনেকখানি
8c27eab577	9fa90	সাভারে এক স্বর্ণ ব্যবসায়ীর বাড়িতে
8c280094f2	1cb75	সোমবার দেশের
8c2857e2ef	3bea8	প্রধান আন্তর্জাতিক বিমানবন্দরটি অবস্থিত
8c2890619c	16cfb	প্রায় বুকের উপর
8c2912fa5f	efc0d	অনেকটা দূর পর্যন্ত সাঁতরেছে দুজন
8c29285c1e	6973e	কিন্তু বঙ্গভঙ্গের সময়ে
8c29617e08	f0f95	যোগদান করেছিলেন
8c29735093	f837a	আরো কিছু সংশোধন
8c29b0926e	b5fdc	ব্যাপক সমালোচনার মধ্যে
8c29b5ac4a	0d9f1	গত ৪ অক্টোবর
8c29e38f24	c8f7f	গলার চেনসুদ্ধু নিয়ে
8c2a382b11	ced74	নানা ধরনের পিঠে
8c2a9cb379	1a4a9	নারী দিবসের জন্য
8c2aa899f0	d9ba9	১৯৯৩ সালের দিকে
8c2ac3249f	f0f95	চেয়ারম্যান সেলিম রেজা
8c2b070ed8	07660	আবাসিক হোটেল
8c2b17d0b1	efc0d	অর্ধপরিবাহী এক বিশেষ ধরণের পদার্থ
8c2ba53f3d	84145	ধর্মঘট প্রত্যাহার করেছেন
8c2c2e16a6	0606d	বেরিয়ে আসতে পারে
8c2cd31ef5	e6203	শিরোপা উঠবে সিদ্দিকের হাতেই
8c2dc5a25a	7c272	জালে বল পাঠান
8c2dc9b1d9	4c1eb	দাদার বলা নামটি
8c2df8c910	83c53	সোমবার এই দ্বীপগুলোর
8c2e073f44	72649	পশ্চিমবঙ্গ সরকারের খাদ্যমন্ত্রীও
8c2e2c0525	4fc91	ছায়া-ছবি
8c2e3bea92	9fa90	সোমবার সকাল সাড়ে ১১ টায়
8c2f092495	ad2a0	বুঝানো হয়ে থাকে
8c31762dc0	976b1	আর কয়দিন বেঁচে থাকব
8c31a0f8c4	c7705	মুঘল সাম্রাজ্যের পূর্বসূরি
8c32201453	38ff0	ফার কেমিক্যাল
8c32667427	b9a81	তার ডক্টরেট করা
8c3275434e	0895a	বাংলাদেশের সীমানারমধ্যে
8c32bfba81	49d63	নেতৃত্বে চলে আসতে পারে
8c337b4814	43199	ইন্টারনেট
8c337dcc5d	d41be	শ্রমিক নেতারা জানিয়েছেন
8c341c8dc9	e2c11	কিন্তু না বলিলেও নহে
8c35063276	8cf95	একটি গান রেকর্ডিংয়ের মাধ্যমে
8c3514d20a	3c897	শুক্রবার পরীক্ষা-নিরীক্ষা চালিয়ে
8c359c0022	d711f	বিষয়টি অবহিত করেন
8c35b1ded9	d711f	এমন কিছু কাজ করতে হবে
8c35fafc70	aabe7	বাংলাদেশে এসে
8c3632990d	f29bf	প্যানেল সদস্যদের সঙ্গে
8c364ba80c	68549	সব কথা আপনাকে বলবার
8c365a0597	287bd	শেষ হয়ে এসেছে
8c365bae6d	8edea	কাঁপতে শুরু করল
8c366d484b	33814	এটি বানাতে খরচ পড়েছিল
8c3693081c	e6203	তিনি ধীরে-ধীরে হয়ে উঠেন
8c36b88c1a	5dd61	কিংবা ঠুনকো কার্যকারণকে
8c36f26629	a3a6d	প্রথম এক ঘন্টায় প্রায় দুই কোটি লোক ওয়েবসাইটে টিকিট কেনার চেষ্টা করলে ওয়েবসাইট অকার্যকর হয়ে পড়ে।
8c3734a0fd	cb842	ছিল না ঐশী
8c374b4ed7	8143b	আনুমানিক ৫টার দিকে
8c37bbd6c4	c4973	বাংলাদেশে কারখানা
8c37c8ad7b	c7a89	৫ মিনিট সিদ্ধ করুন
8c38fbf1ca	10a9f	ছেলে না মেয়ে সেটা জানা
8c3997aa64	31f09	টেলিভিশন চ্যানেল বা অন্যান্য প্রতিষ্ঠান
8c3a97584f	d5f7b	বগুড়া সদর থানার
8c3b06da37	80e98	অনুবাদ কবিতা
8c3b20b7fe	4164f	ফলে দুধে প্রচুর
8c3bc95a8e	65e30	বগুড়ার সহকারি পুলিশ সুপার
8c3c171f5c	c1e30	সুদিন ফিরেছে
8c3c1b8002	dba43	রানবির-দিপিকার
8c3c5c86c2	d9ba9	মমিটি রক্ষিত ছিল
8c3c9988b3	ad98d	যে নারীর সন্তান সংখ্যা বেশি
8c3ca0aeae	9092b	আর থেকে থেকে
8c3cd45940	33aef	নগদ দেওয়া হয়
8c3ce8b1b5	b7be9	প্রতিপক্ষ কেন
8c3d41de63	a7c6f	ওখানেই ফরাসী মিশনারি স্কুলে পড়াশোনা
8c3e5b46f4	80505	রীতিমতো গায়কদের মতো
8c3f413467	23291	শস্যদানা থেকে তৈরি খাদ্যের
8c3fa4a52c	72649	প্রথম লেগের খেলা
8c3fbe1ad2	f1ea4	বালিপূর্ব জেনেভা আলোচনায়
8c3ffa4914	92f59	বারিধারায় বিরোধী দলীয় প্রধান হুইপ
8c4005edd3	08458	তিনি আদালতের মাধ্যমে
8c40afc904	3bea8	তাদের সৎ মাকে
8c40e15f99	69449	বেশি কইরা পিঁপড়া খা
8c4101f530	d8c80	ব্যান্ড আছে
8c41aa336e	c7705	এই কথাটির উপর
8c420a9e8f	d2faf	বিদ্রোহীদের মার্কিন ট্যাঙ্ক
8c4236514c	91b16	এ সমাজে ক’জনের হয়
8c42469c73	ec91c	দুজন প্রায়ই
8c425aeac7	4bd2c	সরকারি-বেসরকারি ব্যাংক থেকে নয়
8c428fb422	dfefa	প্রধানমন্ত্রী হতে চলেছেন
8c42b8c15b	b00ba	গোটা পাট্রার ভারে অবরত
8c433ac14c	a4750	মহান শহিদ দিবস
8c43634e8f	c6848	সে জন্যেই আমরা
8c436eed4e	2f547	কেজিবির একজন উচ্চপদস্থ কর্মকর্তা
8c43ca1c1a	eaa7a	রাজামশাই লাফিয়ে উঠে
8c44048a99	eaa7a	মহানয়িকার শেষযাত্রা
8c44bb99fa	4fd66	তিনি পলাতক
8c44c45b2d	9c8dd	তবু রাজামশাই
8c450e29db	4ea73	রাজনৈতিক গুরুত্ব হারালে
8c451decfc	60f77	সাত সন্তান নিয়ে
8c459248f7	d82d9	গোলাপের রূপ যেন
8c45f19390	c2082	সোনার ফলকে
8c462b114e	c3cb3	বুড়ি সেখানে এসে উপস্থিত
8c46626d67	cb842	চট্টগ্রাম বন্দর সচিব
8c46db11f1	c7a89	ঠিক মতো পাচ্ছে কিনা
8c474d1059	a699c	বিকল্পধারা ছিল তখন
8c475544db	37e17	উল্লেখ করিয়াছিলেন
8c475e1b6e	83c53	চুলে যেন কোনোভাবেই
8c47b0e3cf	2de86	যারা সবাই নারী
8c47b417f6	fda1a	পীর-পীরানীদের দরবারের নামে
8c47cd5047	8ba2b	পরস্পরেরর প্রতি
8c47cf1a07	80be1	আমার গবেষণাই
8c47ff4cae	6fb36	সকল জাতির একটা একটা
8c483bbaf8	13b70	অস্ট্রিয়ার কবিরা
8c484cfabb	d0c70	হত্যা করার পর
8c4881d8c0	420df	চেতনার মানুষ ছিলাম
8c48d8138e	0e637	শাহাবুদ্দিনের নাম
8c48d8ebc5	c41d8	ইসলামপন্থী ইসলামী ব্রাদারহুডের বিরুদ্ধে
8c4909b5a2	287bd	একটি কন্যা সন্তান
8c49127ea4	8a46d	দেশে পারিবারিক কোরবানিতে
8c4934c3d7	d5f7b	তাল রেখেই কাজ করেছেন
8c49d4f9af	6e6fa	শুক্রবার সকালে এ ঘটনা ঘটে
8c4a061656	f837a	ফুলগাজী উপজেলা
8c4a116e9c	fb4cb	আজ উজ্জ্বল হয়ে আছে
8c4aaba7c7	4fbd1	মসুর ডালের দাম
8c4ad64434	ee852	সেখানে সংঘর্ষ হয়েছে
8c4bea8ed2	09f0d	মন দিয়া লেখাপড়া কর
8c4c03d24c	4164f	গঠনতন্ত্রের ৫ গ ধারা মোতাবেক তাকে
8c4c259488	5dd61	কারখানায় নিরাপত্তা না থাকলে
8c4d359762	5e80b	হয় ফেমাস হও
8c4d421c87	71522	কাজ থেকে ফিরে
8c4d921c60	01e91	কারণ তার একটি হাত
8c4dd178fe	fcefa	প্রায় ১১ কিলোমিটার দীর্ঘ
8c4e2149c6	da6f0	আমাদের মুক্তিযুদ্ধের বিজয়ের
8c4e784ec2	b52ab	এহসানের অফিসে গিয়ে
8c4ebad847	f9dfb	প্রতিফলন লক্ষ করি
8c4eddcbe1	5cb47	আমি শুধু এটুকু বলি
8c4f031a73	cc18a	বার্সেলোনা টিম ম্যানেজম্যান্ট
8c4f5ffb46	93bf3	আয়োজন হলো গ্যেটে ইনস্টিটিউটে
8c4f9bab2a	f9dfb	সিনিয়ার থেকে শুরু করে
8c5000a968	79b06	তা বের করার
8c50181faa	e9589	ডুবে ছিলেন
8c5049843a	388c9	ভালোবাসার মানুষের
8c506d5580	ea5be	শঙ্কর উন্মত্তপ্রায় হয়ে উঠল
8c507cb2cd	c4973	সরকার কার্যকর পদক্ষেপ নিচ্ছেনা বলেই গুম খুন হচ্ছে ।
8c514601d3	52f27	লেখক কুঞ্জ করা হয়
8c5156f516	16a17	চলচ্চিত্রে নাম লেখানোর পর থেকে
8c5161b487	69d9a	মাঝরাতের ঠিক আগে
8c51764faa	491a5	তিনি ইয়াংগুন বিশ্ববিদ্যালয়
8c51b48295	b52ab	অনন্ত বর্ষা
8c51f26c81	85430	৮টি সম্ভাব্য মান নিয়ে
8c525e36b4	509f6	তাকে আকর্ষণ করলো
8c527427cc	7c272	ভবনটি খুলে দেয়
8c52dd3181	e03ce	সুবর্ণা আফরিন
8c533adf3b	43199	তার মৌলবাদী চরিত্র নিয়ে ঢোকে
8c53acf2e5	15a75	এ পর্যন্ত গৃহীত হয়নি
8c53bbf88e	66dcd	সংগীত পরিচালক হিসেবে
8c54179619	80be1	মানিকগঞ্জে অস্ত্রসহ গ্রেফতার হয়
8c5479f818	aa820	ওই সময় তার দেয়া
8c548a896c	a274b	গ্রামটি ছেড়ে
8c54e3c898	1de6c	সংস্থাটির অবস্থান নিয়ে
8c5538db7d	ad69a	ভারতের মানচিত্র
8c55d94a4c	e2ba2	এমন সরবরাহ লাইন
8c562c8b3c	4f450	উক্তির সাথে বক্তার বলার ভঙ্গি
8c5650907a	21e54	মিসাইল ব্যাটারি স্থাপন করতে যাচ্ছে
8c56629458	943de	সুরাপায়ী বলদেবের এই কথাগুলি
8c5726c792	56508	তারপর থেকে প্রতি বছর
8c57349d8e	68549	দরকার হয়নি
8c5754e455	cc18a	সূর্যের এই তাপের কারণেই
8c57a7032c	05901	তারপরেই তারা ঠিক করবে
8c57cd38fa	239f7	নেতাজী
8c57d8948a	6aac8	অধ্যাপক আবুল কাসেমের নেতৃত্বে
8c57dbe5bb	d5213	উপস্থিত শিক্ষার্থী ও শিক্ষকদের অনেকে
8c57ed064d	153c9	তিনি একজন গীতিকার
8c581549ed	b9b98	যে স্থানটিতে ভবনটি নির্মিত
8c586dbc0d	43199	স্থানীয় সংবাদমাধ্যমে
8c586efa47	c8f7f	ভোটের পরিমান
8c58a0d1ef	91ac1	পরে পুলিশ গিয়ে
8c5914b58d	b8ed8	সংগ্রহ করি
8c59939eb8	c173f	বরং প্রাপ্ত বয়স্কদের
8c5a095aa4	91dff	সিনেমা দেখবে বলে
8c5a31e671	7b103	এটি হবে আমার
8c5a42e33e	ce775	সরকারবিরোধী বিক্ষোভকারীরা
8c5a4602e6	3fb17	কেনাকাটায় আগ্রহী করতে
8c5b5452f0	ce180	প্রধান বিচারপতি এবিএম, খায়রুল হকের নেতৃত্বে আপিল বিভাগের ছয়জন বিচারপতির বেঞ্চ এই রায় দিয়েছে।
8c5b54bfa4	ef4f8	উতোর-চাপান পাঠকের ওপর
8c5b6c2986	b08d0	ভূমি-বেষ্টিত দেশ হওয়ার কারণে ভুটান এতদিন ভারতের বন্দর ব্যবহার করতো এখন বাংলাদেশের সমুদ্রবন্দরও ব্যবহার করতে চাইছে।
8c5b7c119b	21e54	মিতা চৌধুরী, মাসুদ আলী খান
8c5b94f30c	e754e	মাত্র এক বছর
8c5bc93e4b	e6752	অধ্যাপক ড. নাসিম মাহমুদ
8c5c0dd33a	68549	ঠিক কোন বিষয়টা
8c5c152202	46da4	এমপি রনিকে
8c5c3f6861	29f8c	ইদানিং তার
8c5c8543a5	64092	গা-সওয়া হয়ে গেছে
8c5c8f4c6b	3faff	অভিধানটি সম্পাদনার দায়িত্ব পালন করেছেন
8c5cd24c3c	745b7	লাইনকে স্পর্শ করবে না
8c5d524c00	e2ba2	কোহিনূর তাঁর জীবনে এসেছিলেন
8c5d7ca1d1	c11b1	পারিবারিক বৃত্তান্ত শুনে
8c5d84ac04	c9c19	তবে এর গুণগত মানের
8c5e0df8b4	f143a	রমজানের ফজিলত
8c5e170e68	0a7a0	২০০০ সালে এসএসসি পাস করার পর ঢাকা কলেজ থেকে এইচএসসি পাস করেন আসিফ।
8c5ec4ce54	28dfc	দুটো কালো ভ্রমর যেন
8c5f3fa5db	9642e	ছবিটির একটি বিশেষ চরিত্রে
8c5fe298b1	ff1c3	তারা লেখকের লেখা
8c5ff8cb9b	b78ec	অনেক গ্রুপকে
8c5ffc0c8b	2695f	মৃত্যুর হার ৭৭ শতাংশ
8c6037e324	0e637	মুখ ফিরিয়ে নিয়েছে
8c6046486c	dae88	কাপড় নাড়ছিলেন
8c6089db61	536d9	ঢাকা উত্তরেও
8c608ee851	80e98	কোনো সেন্স ছিল না
8c6091f308	e2f12	অসাধু ব্যবসায়ীরা ভোক্তাদের চোখে আকর্ষণীয় করতে এবং বেশি দিন সংরক্ষণের জন্য দুধে নানা রাসায়নিক ব্যবহার করে।
8c60f72ca7	ef4f8	বাংলাদেশের সাংবাদিকদের বিভিন্ন ইউনিয়ন
8c60fa81a3	698a4	হেঁটেই গন্তব্যে পৌঁছানোর
8c613d9f9f	e2f12	বাবা আজিজুল হককে
8c617e8ad6	e6203	নৌকা ঘুরিয়া ঘুরিয়া
8c61c0342c	932bb	এই তদন্ত কমিটি
8c61c03f9e	1652d	১৯৯২ থেকে ১৯৯৫সাল পর্যন্ত
8c61c73c75	7f2ef	গ্রামীন ব্যাংক তো আইনের উপর ভিত্তি করে প্রতিষ্ঠিত।
8c61d3c39c	e2c11	সরকারি স্কুলগুলি পিছিয়ে পড়ছে
8c626d8b85	509f6	ওই বীজ রোপনের
8c62e0849c	59c73	জয়নুল আবেদীন
8c63e5d8df	778c0	পৃথক কর্মসূচি নেওয়ায়
8c64032dcf	8cf95	বাথরুমে গেল অলি
8c64732684	3fae0	তাহা বুঝাইবার জন্য
8c65333f0b	77f82	নিয়ে আসলো
8c65601d2d	52f27	পরীক্ষা শেষ হওয়ার
8c65dfbebc	282d3	গ্রন্থাগারের ভেতর
8c66234860	4237e	বিছানা
8c665a9786	b8fe1	এই ভোর হইয়া আসিতেছে
8c66782460	13b6a	বাংলাদেশের রাজনীতিকে
8c66a9b8aa	a7c6f	নামে অপর এক নাবিককে
8c66cca4bd	6973e	এবারে ডাক্তারবাবু ছাড়া
8c66d7f7a6	bc81e	পুলিশ দম্পতির
8c66e7ed29	fcefa	নবম উইকেটে
8c675a12bc	ee994	পর্যবেক্ষক না পাঠানোর কথা
8c6770b246	db735	স্বয়ং কৃষ্ণের উপাসনা
8c677ba5d9	c0965	এই মতবিরোধের কথা
8c67a5995b	6d129	কিন্তু এখনও কোনও
8c689d04ce	b08d0	প্রদক্ষিণ করে
8c68ececaa	355c1	চাহিদা তত্ত্বে
8c6961e8a9	b8bf0	আমার খাদ্যে ছিল
8c6a2819c2	4f450	দিয়েছে পুলিশ
8c6a4b500d	71522	ফটফট করে
8c6aa21792	4c555	মারসেলের প্রধান বিপণন কর্মকর্তা
8c6af3ecce	e2ba2	তারা মনে হয় ভুলে যায়
8c6af3f945	2ac82	বরিশালের ভাষায় একটা কথা বলেন
8c6b708ac1	9351a	পুড়ে কয়লা হয়ে যায়
8c6bdba464	3b1f7	সেদিন ঐ অনুষ্ঠান
8c6bdea560	ee4ad	এসময় চন্দন সরকারের
8c6c09bfa1	e6752	আই কনটাক্ট করতে চাই
8c6c11b4a9	491a5	বেতন ভাতা না পেয়ে
8c6c4ea10f	39293	প্রতিফলনকারী প্রতীক
8c6d54caa5	14d25	লাশ কাঁধে করে নিচে
8c6d65b332	b9b98	শিল্পীদের নানা আয়োজন
8c6d81e0c3	7d3e1	বিলুপ্ত করেছে
8c6eb0bc13	d5213	পবিত্র কোরআন অনুসারে
8c6f5ebc7d	21e54	ঘরের মধ্যে ৩দিন
8c6f81127a	442b7	বিএনপির আইনজীবী
8c6f98fc54	46d49	বাগানবাড়ি যাবার কথা শুনে
8c6fba609d	8b859	অসমীয়া জাতি
8c702cb23d	e6d83	আমার এমন কি ধর্মজ্ঞান আছে
8c703c9c8a	e00db	উদ্ভব ঘটে
8c708223ae	59c73	অনেক ঘটনার সোজা উত্তর হলো
8c70f44103	f4ba7	ক্ষমতাই হারিয়ে ফেলে
8c7114dda4	06527	গুপ্ত হামলা করে
8c711c4717	4fbd1	অঘোষ অলিজিহ্ব্য
8c71aeaef4	91ac1	পরিকল্পনা করা হচ্ছে
8c71fcfd60	717bb	পৃথিবীব্যাপী গণ্য হয়েছে
8c72528376	b2a62	আংটি খুঁজে পাননি তিনি
8c73169836	b8ed8	তার আগে বিগত সরকারে
8c73da4bef	f7a7f	তিনি অশালীন
8c7414d5c7	a46e2	আকাশে গুলি চালায়
8c742b6f78	0895a	বললেন মিঃ হক
8c74a66c36	31f09	জলবায়ুর পরিবর্তন
8c74bed063	fdcba	সেই দাম বৃদ্ধির সিদ্ধান্তই
8c74d376bb	b8fe1	চেয়ে বেশি কিছু
8c750f73ad	4bd2c	ইসলামের কথা
8c7557c5dc	16877	এক ডিফেন্ডারকে কাটিয়ে
8c757cf47c	d5213	আন্ডারওয়ার্ল্ডের একাধিক সংগঠন
8c758ee059	53396	গ্রামের বোনদের জীবন-যাপন
8c75df4338	db735	ফলমুল খেলে
8c75ff0a42	bbb22	যুক্ত করার সিদ্ধান্ত
8c76ab3045	967fd	হতাহতদের জরুরি চিকিৎসা
8c76e37e82	a1d4a	অ্যাডিপোকিনস মেডিয়েটারটি
8c76f15baf	1b359	না হওয়ার কারণে
8c7706bc7e	35ef3	আশির দশকে আমার পরিচালনায়
8c77415e42	35ef3	তার রয়েছে বিশেষ অবদান
8c779f53c5	fdcba	এ রকম বৈরী পরিবেশে
8c77d38183	29bab	আমিরাতে ভিসা চালু
8c77fe6624	80505	আমরা জানবো না কেন
8c78049dde	745b7	আরেকটি বিশ্বাস ছিল
8c783dff12	b8bba	শ্রোতারা পাচ্ছেন
8c786ecc87	cc9fd	তার অ্যাসথেটিকস
8c791dee46	9d46f	সেই দিনের স্বপ্ন
8c7952eb7b	4c555	সাধারণ সভা-সমাবেশের উপর
8c79add146	693cb	প্লাস্টিকের ঝুড়ি
8c79f2aac9	9065c	রাকিব হাসনাত
8c79fafbec	ced74	যোগাযোগ করেন
8c7a9d50fb	32b3e	সেটটি মোট ছয় রঙে পাওয়া যাবে।
8c7aca43b7	cb1aa	কয়টি গ্যাস ক্ষেত্র
8c7b653ec9	12702	ওপিসিডাব্লিউ-র কাজে সহযোগিতা করেন বিশ্বের সবচেয়ে প্রতিষ্ঠিত ও নামকরা গবেষণা সংস্থার ৫শ’য়ের ওপর রাসায়নিক অস্ত্র বিজ্ঞানী।
8c7c00b1f9	8c07c	সরকারের বৈধতা রয়েছে
8c7ca06890	16cfb	২০১২ সালের নভেম্বর মাসে আশুলিয়ায় তাজরীন গার্মেন্টসে অগ্নিকাণ্ডে একশোরও বেশি শ্রমিকের মৃত্যু হয়।
8c7d007431	3ccf1	সামনে অনেক
8c7d1e839a	c958a	তাঁদের সম্পর্কে জানতাম
8c7d2700db	9351a	তার মানে
8c7d69fea5	c3cca	গাছে উঠতে
8c7db467c7	66b3c	তিন মাসের আমদানি ব্যয়
8c7dbc82e4	0b7ca	দেখার দরকার নেই
8c7e31fab7	bd576	একবার হজ্বে গেলে
8c7e97d99b	d1b12	মাহির এখন প্রচণ্ড ব্যস্ততা
8c7e992d28	8b859	১৯৯০-এর শেষ দিকে
8c7e9ea73d	24f73	মামুনের প্রথম একক প্রদর্শনীর
8c7ee86324	56508	রবীন্দ্রনাথের তাঁর বিরুদ্ধ
8c7f2e6bfd	2fc12	কতদিনে কে জানে সরাবে
8c7f7ea1e1	4f450	দুর্দশা দূর করতে চায় বাংলাদেশ
8c80f905da	b8bba	ছাত্র ইউনিয়ন
8c81bb97ac	f4ba7	ইহারা আরও বিদ্যোৎসাহী
8c820d5ec8	e43d4	পিএইচডি ডিগ্রি
8c82213432	06736	এর অধীনে
8c82545b13	eb179	প্রায় তেইশ মিটার পর্যন্ত লম্বা
8c82923247	5d12f	শৈশবচিত্তে রূপকথার আনন্দ সঞ্চারে
8c8323cd97	77f82	উপন্যাসের পাণ্ডুলিপি
8c83298271	9f25e	অবরোধের কারণে
8c837cb1dd	c41d8	স্বহস্তে লিখিত ছয়টি চতুর্দশপদী কবিতা
8c83958d6b	e31e7	পাকিস্তানের ক্রিকেট খেলার টিম
8c840020f0	91230	যে সামান্য ঘটনা ঘটেছে
8c843efcaa	d2faf	বিজ্ঞাপনের দাবি অনুযায়ী
8c848ab663	b8fe1	সত্যি গ্রেগসন
8c84d72ad6	bf530	সাপখেলা দেখানোর সময়
8c84e0d9d1	2556b	অনুষ্ঠান আয়োজন করছিল
8c84ea0a0a	db181	নিধন করা হবে
8c85721191	35ef3	সংসদের মেয়াদের
8c8587879e	24aed	মাইকিং চলছে
8c85ff22fb	491a5	দেহ-মন দুইভাবেই
8c866790fb	75936	৪২ বছর বয়সে
8c8689bddc	7f71c	খুবই ক্ষীণ বলেই
8c86ac88a9	d41be	দর্শকের সামনে
8c86c3493a	903fa	ভেতরের পাতায়
8c86d2950c	6b437	তাদের অনেক
8c86e1c470	4f2ae	এমনই একটি ভাষা পাকাউয়ারা
8c875cebd8	49d63	প্রধান বিচারপতি
8c88391ec9	a0277	মঙ্গলবার সোনালী ব্যাংকের
8c89afb3ed	d9081	সাড়া দিয়েছেন
8c89d7de5a	79b06	এ সময়ের মধ্যে
8c89e76434	0696e	অভিভাবক হিসেবে মিসেস খন্দকার
8c8a37b9db	b9122	সামাজিক মর্যাদা বৃদ্ধি
8c8b02ad21	29f8c	বাংলাদেশ পিরোজপুর
8c8b2e8b84	b08d0	ভাবি
8c8b56aaa6	49543	এই প্রশ্নগুলির জবাব যদি
8c8b8de60d	28dfc	দেখা করছেন না
8c8cb8bb28	590d0	দক্ষিণারঞ্জনের আগ্রহ
8c8d08e94f	f2780	অবস্থা কতটা বদলেছে
8c8d3921fd	a9a58	তাদের সরিয়ে নিতে
8c8db7f77e	73629	যা অন্যান্য অনেক
8c8deda4d3	8143b	তার ওপর আবার
8c8e002793	6ee5f	এটা হতে দেয়া যায় না।
8c8e2087a9	c2082	তো অনেক বেশি
8c8e2222b6	0606d	আসার সময়
8c8e243146	a43b5	এখানকার ৪৪টি বাজার থেকেই
8c8e4beded	da6f0	যখন অনুরূপ সঙ্কট হয়েছিল
8c8e8c247c	bbb22	উপন্যাসটি বরং সব ধরনের
8c8e922df8	93080	পাপুয়া নিউ গিনি চতুর্থ হয়
8c8ebba88c	e03fc	মুক্তি মিলেছে
8c8efe51c8	7f2ef	অফিসের সামনে
8c8f207553	12702	কোর্ট কিংবা পরিচালনা পরিষদ
8c8f216004	baa02	পাণ্ডুলিপি হাতে না-পাওয়া পর্যন্ত
8c8f3fb459	860f4	সব কাহার চরণে
8c8f62dc69	29d44	যে ক্যাফেটেরিয়া খোলা হয়েছিল
8c8fa8fd42	93080	এ দেশে তো রাজনীতির
8c90095323	0c39f	তার মৃত্যু হল
8c903ea42b	e6203	একলা পথিক
8c9065c788	c3cca	বিএ পাস করার পর
8c90729b0a	f2097	কোনো দুশ্চিন্তা বা অনাহত
8c90ae52f1	2d78f	চতুর্থবারের মতো
8c9148a764	cb627	ছবি বা ভিডিওতে
8c9202d515	92bb2	যেমন তৈরী হচ্ছে
8c9225115a	3bea8	আমি কোন উত্তর করিলাম না
8c9277d581	dfefa	ঝিনুক
8c92c314d2	3f875	সরকারের পরিকল্পনার কথা জানান হাসিনা
8c930b628b	0d9f1	শিশুদের সংখ্যাই বেশি
8c93234f65	a0277	স্থূলকায় মানুষের
8c93c91db4	ec91c	তিনটি উপন্যাস প্রকাশ করেন
8c93e7af54	6aac8	নির্মূল করাই
8c945a5f8d	49543	ইন্টারনেটে প্রকাশ পেলে
8c94c211a7	1de6c	কংগ্রেস-বিজেপি-র মধ্যে
8c9512ce74	c0d65	মাসুদুর রহমান জানান
8c954ba36a	4ea73	থাকতে দেখা গেছে
8c9571095f	7351e	নিজের সন্তানকে তুমি দেখেছ
8c95a0ce46	21e54	‘প্রতিশ্রুতি’ আর বিষ্ণু দে দেখেছেন ‘পরিণতি’
8c95b7be0b	31f2a	এটা সলতে পাকানোর কাজ
8c967cdd80	91230	প্রচলিত সমাজের বিধি-বিধানকে
8c9691a1ef	91230	তার লাশ ফেলে দেবে
8c97005c01	f600a	মোচা ভুলিয়া কেলা কা ফুল
8c971ab2b6	4f2ae	এদের প্রত্যেকের হাতে
8c97356c7c	18460	দিব্যদীপ পুরোহিতকে দেয়া
8c97388031	287bd	এর বিপরীতে কোনো
8c97cd6f90	54e68	তার মূলে যাওয়া যাবে
8c984f9ed8	60b9d	পালনের সময় একজন নিহত
8c9894ce48	2ee04	১২২টি গাড
8c99471d2b	b00ba	আটক ছিনতাইকারী
8c99f70883	83c53	লাল, সবুজ, সোনালি, রুপালি
8c9a514ea7	af81d	কবুতর এর জাত
8c9ac4cf0e	3f493	তুমি রবে নীরবে
8c9b11dd30	e43d4	ফেসবুক হ্যাক
8c9b2c9762	932bb	দেশবাচক নাম হিসেবে
8c9b6ed32c	3c897	যাহাকে হারাইয়া ফেলিয়াছি
8c9b767093	e89bb	ওয়াশিংটন ডিসিতে অবস্থিত
8c9b7a0b10	3fae0	কৃষ্ণ কুন্তীকে
8c9bf1063a	2b883	কৃষ্ণের নাম
8c9c14e3ae	9351a	শঙ্কর পথে এসে দাঁড়াল
8c9c5daaf2	01e91	অবৈধ ঘোষণা করা হবে না
8c9c856c0d	52f27	আকরকাঁটা, আঙ্কুরা নামেও
8c9cbbe952	1b359	বর্তমানে তাদের
8c9cfa3298	7ee9b	সর্বাগ্রে দেশের স্বার্থকে
8c9d62e906	af81d	পানি দিয়ে
8c9d892a50	e9589	বিদেশী পতাকা বিক্রি
8c9e0e3ed2	a699c	আলোতে নিয়ে আসতে চাই
8c9ee74725	e7230	ভয়ংকর কোনো সন্ত্রাসী
8c9f0242b6	f280a	ধনিক শ্রেণীর
8c9f376474	ce775	এর কোনো সাংস্কৃতিক
8ca023aaf6	fcefa	কোন বাইরের লোকের
8ca0b97009	5d80e	এটিই এখন
8ca1236384	323f1	৪ নাম্বর নারী
8ca140248c	e55de	নির্বাচনী আচরণ বিধি
8ca1705016	948d3	লক্ষ্মীপুরের রায়পুরে
8ca20104c5	430b2	মৌলভীবাজারের সংসদ সদস্যে
8ca2027a42	4bede	ভারতীয় দর্শনের
8ca22520f8	3ccf1	দেশটির সরকার
8ca24ace06	2aecc	খেলার আরো খবর
8ca2e0c1f0	e9589	পারছেন না
8ca31bd44b	cd3ac	রাগ করে ঘরের বাইরে
8ca3674b0b	2f547	লোকের হাসি পায় না
8ca36b2bfe	351dd	অব্যাহত ছিল
8ca50eee2f	0895a	জাতীয় পরিচয়পত্র
8ca5230a29	4237e	ডিসেম্বরের প্রথম বৃহস্পতিবার
8ca5867b90	bfac7	হোয়াইট হাউজে এক বিবৃতিতে
8ca5c680e2	25117	তার দল আরো সতর্ক থাকবে
8ca67fd476	ad050	বাইন তালাকের পর
8ca692eec3	c7a89	সাগর আহমদ নামে
8ca6b83822	b8ed8	এ ধারণা সবসময় ঠিক না
8ca6d8523e	0d8c1	কালের ধুলোয় হারিয়ে যাওয়া
8ca76c5861	089ef	গুটিসুটি শুয়ে আছেন নানি
8ca79195f6	cb627	ক্রীত হইয়াছিল
8ca7bafff0	c958a	হিসেব নেই
8ca7d8b654	49d63	হয়েই পড়েছিল রাতজাগা
8ca7e70fac	13b6a	শ্রমিকরা কাজে যোগ দেয়
8ca7e85287	287bd	সম্ভব হলে ঘড়ির সঙ্গে
8ca7ed5151	6b437	তাছাড়া কোন কোন পরিচালক
8ca8528c15	1c618	বল দাও মোরে বল দাও
8ca8844448	967fd	ম্যারাথন দৌড়ের
8ca88654f4	12702	আমার কিছুমাত্র
8ca8e6bfce	9f25e	বিচারের সময়
8ca90d559a	fb4cb	একমাত্র কলেজ শাখাযে
8ca9464888	fcefa	মাঝে ডাক্তারি ও সাংসারিক
8caa120306	ced74	অভিভাবক থাকতে পারে
8caa2fa8a1	b5fdc	১৯৮২ সালে নিজ নামে আবদুর রহমান বয়াতি আট সদস্যবিশিষ্ট একটি সংগীতের দল গঠন করেন।
8caa8ed30b	24f73	আমিও ঠিক বুঝে পাচ্ছি না
8caac670cc	e6203	এই গ্রামেই ঘর তুলব একটা
8cab29b0dd	c0965	লাতিনে ওবিসিটাস এর
8cac51b967	870e3	কখনো চিলমারির পথে পথে
8cacbb2ec9	976b1	আছে মাত্র হাজার বিশেক
8cace2c18f	5639c	বাকি সময়ে
8cacfbec94	a274b	প্রযোজক ও সাবেক মডেল
8cad3a161a	c7a89	এস কে সুর বলেন
8cad5ded5a	903fa	মোটামুটি খয়েরি রং হয়ে আসলে
8cad967267	5d12f	সেই পুরোহিতদের নাম পাণ্ডা
8cade64c2a	d41be	সন্ত্রাস দমনে পুলিশ
8cadf1d663	91ac1	কোলবালিশ ছাড়া
8cae11d98d	b7be9	শনাক্ত করতে পারেন
8cae42a9f4	c0965	মিষ্টি দই
8caeec0ee4	acb88	সম্মুখ সমরে
8caf08b5dd	cc18a	যুক্তরাষ্ট্র, ইউরোপীয় ইউনিয়ন
8cb0a465c4	d41be	এটি একটি অন্যতম
8cb0aad212	e55de	মা এত বিভোর হয়ে থাকেন
8cb0d2503d	11bd2	কুইন্সল্যান্ড, দক্ষিণ অস্ট্রেলিয়া
8cb18d760d	13b70	আগামী বছরের শুরু নাগাদ
8cb23e3dca	cc9fd	রান্নার পর
8cb262bfe8	948d3	নেওয়া হয়েছে
8cb2d76409	06527	কুইজ
8cb327b037	7f71c	উচ্চ রক্তচাপ রয়েছে
8cb451c76e	616ec	কোন চুক্তি হলে
8cb50c98c3	54e68	চিরস্থায়ী কোনো সম্পর্ক নেই
8cb58ac34d	ee852	যখন এজিদ জেলখানায় নেয়
8cb5979c28	f89d7	নীলবসনা সুন্দরী
8cb5d4604b	903fa	বেলকুচি
8cb68a884e	e6e48	সাইক্লোন সেন্টারগুলো
8cb6ae16e0	2d98b	মজবুত অবস্থানে রয়েছে
8cb75bddfb	9fa90	ইঞ্জিনিয়ারিং পড়তাম
8cb75c899e	404ee	বিসর্জন দিলেন
8cb7c648e6	2aecc	কাজ করতেন শাহীন
8cb7e7cee3	c11b1	গত জুন মাস পর্যন্ত
8cb7e810c7	577fa	রাজনৈতিক বিরোধ
8cb82bfedc	8406e	এটা স্পষ্ট
8cb8cc6585	6aac8	একটা টিনের ঘরও
8cb9379225	91b16	মনঃ এবং চিন্তাশক্তি দিয়াছেন
8cb969d3a7	e9fa7	কোন রকম ত্রুটি
8cb9e101ee	06ea3	কুদ্দুস আমি মনে হয়
8cb9f1694a	1279e	দেখাটাই হয়নি
8cba228092	8ba2b	বিনিয়োগে নেমেছে ধস
8cbae26554	58998	অভ্যুত্থানের সঙ্গে
8cbb5bfa60	80505	অভিনব কল্পনাশক্তি প্রয়োগ করে
8cbb5faac4	ff0fe	টটেনহ্যাম হটস্পার থেকে
8cbb61ace6	7df87	শুধুমাত্র ঢাকা শহরেই
8cbb7428a4	4237e	পরের দুই দিন
8cbbc31a0f	65e30	সে সবের মাধ্যমেই
8cbbf61dc1	7ed14	নিকট প্রেরণ করলে
8cbcac129b	7df87	কারক বোঝানো হয়
8cbd3d8db7	e6d83	সিদ্দিকা কবির রেসিপি
8cbd81f1bb	31f09	আমাদের শহরের ইষ্টিদের জন্য
8cbe2b552c	cc9fd	মার মুখে
8cbea93de4	f1240	ইতিহাস যাঁরা জানেন
8cbf0b506b	0606d	শেষ ভাগে
8cbf49d548	cb627	তাদের আর কোনো দিন
8cbf827f44	16877	সভাপতি হিসেবে নিয়োগ করা যাবেনা
8cbfbdfdd1	388c9	নির্বাচন অনুষ্ঠানের লক্ষ্যে
8cbff2bbfb	698a4	পুলিশে দেয়
8cbff970a2	24f73	তিনি কি প্রাচীনা
8cc0392b17	1cb75	যথেষ্ট সাক্ষ্য প্রমাণ লাগবে
8cc087e0ff	4237e	বেলা
8cc0b05e8b	e6203	বিচারপতি এটিএম ফজলে কবীরের নেতৃত্বাধীন
8cc0be10d2	520fb	সারাদেশে মোট ২৩টি পরীক্ষা কেন্দ্রে
8cc1591dc1	f1ea4	মীন রাশি
8cc165261d	c41d8	সৃষ্টিকর্তা সকল মুসলমানের পক্ষে
8cc1824c88	b8bba	মনে হতো
8cc19c50b9	a0277	সাড়া দিয়েছিলেন
8cc29570bc	0d9f1	হোটেলে রেজিস্ট্রারে লেখা অনুযায়ী
8cc296b046	46d49	অরণ্যের মধ্যে
8cc2fe24cc	4dd57	রাশিয়া ও পশ্চিমা দেশগুলোর মধ্যে
8cc301dc65	2fc12	ইরানের ফুটবল নিয়ন্ত্রক সংস্থাটি
8cc411fb3a	fdcba	মিঃ সোহরাওয়ার্দী
8cc4dce4f7	9065c	তত্ত্বাবধায়ক সরকার ব্যবস্থা
8cc5226438	a1d4a	কাকি
8cc52bcee2	95907	প্রকাশিত হলে তা সর্বমহলের
8cc5cd54ad	239f7	আগে তার বার্ষিক আয় ছিল
8cc60272db	730c3	সরকারি কর্ম কমিশন
8cc618f19a	06ea3	আলোচনা সভায় উপস্থিত ছিলেন
8cc624af21	a4750	টিয়ারশেল ও রাবার বুলেট ছুড়লে
8cc67c98f6	2bc73	কিন্তু মাঝে একটুখানি জায়গায়
8cc7baa062	b2a62	রিক্তা বেগম নিজেই
8cc7cd2ead	730c3	আদুরি ঢাকা মেডিকেল কলেজ হাসপাতালে
8cc7f82035	8ba2b	মৃত্যুর পর অ্যাথেন্স থেকে
8cc8249ae8	52f27	জুডিশিয়াল ম্যাজিস্ট্রেট মাসুম বিল্লাহ
8cc90b5d1f	76329	এর সঙ্গে যুক্ত করলাম
8ccafb1bba	1f733	বলে মনে করেন পুন্যার্থীরা
8ccb1cd376	d2294	এই বাড়ির
8ccb5a99f0	d9817	ভারতসহ কয়েকটি দেশ
8ccb818671	54e68	প্রোগ্রামিং ইন্টারফেস হচ্ছে
8ccc93fe96	1de6c	বিশ্ব সাহিত্য কেন্দ্র
8cccb56982	85430	সেই শকটবাহী অশ্বের গলে
8ccce7ccf1	976b1	যখন রাস্তা দিয়ে
8cccf45821	82926	গুরুত্বপূর্ণ প্রায়
8ccd69c19b	9c8dd	গৃহিণী আহ্নিক করিতে বসিয়াও
8ccd867a8c	c3cca	পরেই থাকেন তিনি
8ccdc146c1	9d398	বরাবর প্রায় আধা কিলোমিটার পর্যন্ত
8ccdc1637e	f1ea4	বিরহের এস এম এস
8ccdd039f7	c2082	বসানোর ক্ষেত্রে
8ccddd5a78	ad98d	কথা থাকিয়া যায়
8ccdf1e9c4	ff970	অনুরোধ ও নিশ্চিত করতে চাই
8cce4bf4d5	a0277	নামে গণ্য
8ccf10b8a0	e03ce	আগাগোড়াই প্রশ্ন তুলে আসছে
8ccfb634e2	9e923	এটি নির্মাণ করেছেন
8ccfb9ef88	ee886	যা আমাকে পীড়া দেয়
8ccfd0acc0	f143a	তাঁকে বহিষ্কারও করা হয়
8cd072e137	590d0	এবার সে কলেজে পড়বে
8cd09c360b	7b132	এম এ কাদের সরকার
8cd0bec997	cd3ac	মুর্তজা বশীর
8cd0d2fee9	7b103	মতামত অর্জন করে
8cd10fa839	a9a58	যার ফলে এলাকাবাসীর কাছে
8cd15a99d1	31f09	রাশিয়ার সামরিক বাহিনীতে
8cd1b37fc3	1a4a9	তাদের ঘনিষ্ঠতা
8cd281419f	430b2	স্বরাষ্ট্র প্রতিমন্ত্রী
8cd332e0a8	92bb2	পালিয়ে যাওয়ায়
8cd363dce0	9fa90	তারপর ঢাকা বিশ্ববিদ্যালয়ের
8cd3754fcb	68ab7	বাংলা লাভ
8cd48b6153	7f71c	গ্রহণ করতে হবে
8cd4b007b9	b9b98	আলমডাঙ্গা থানায়
8cd4b19a58	6fb36	অত্যন্ত আবশ্যক ছিল
8cd4c88ee5	db735	লাখো মানুষ
8cd5315416	e2ba2	নোয়াখালী
8cd53ca741	976b1	ঢাকার তাপমাত্রা ছিল
8cd61be80c	bc81e	টুইটারে দেওয়ার পর থেকে
8cd659a068	acb88	অর্থ নতুন
8cd6f42777	ce775	হয়তো রাত-বিরেতে
8cd6f8602b	ca088	তা নিয়েই অনন্তকাল
8cd73b53b4	e6752	বেচতে বেচতে অর্ধেক যেত ফেলা
8cd7a1a68b	b9122	গৃহের বাহিরে
8cd7ab212e	acb88	শঙ্কর যখন বাইরে এসে দাঁড়াল
8cd817b53b	d7a68	পানির অর্ডার দিয়ে
8cd9295805	520fb	ব্রাহ্মণবাড়িয়া জেলার
8cd9586a1b	c0d65	অনেক সময় কঠিন হয়ে পড়ে
8cd96bdb36	4fc91	ইয়াসিন ভাটকালকে
8cda1d969e	16a17	এ আদেশ পেয়ে
8cda8140f0	1279e	সেটা দেখে
8cda98b972	4237e	সম্পূর্ণ প্রস্তুত রাখার কথা
8cdacdc0fe	967fd	১৫৩ রানের
8cdae814ae	d71a3	ডান হাতে ধরিয়াছিলাম
8cdc16bd4a	f4ba7	এটা ভারতের
8cdc1b7c93	b08d0	ভিডিও কলের মাধ্যমে
8cdcb65bbc	69d9a	বল কাজ করে
8cdcceb51a	c3cca	এমন ক্ষেত্রে রাজনৈতিক বিবেচনা থাকা
8cdd01a0fb	6973e	চারটি ককটেল উদ্ধার করে
8cdd5a7973	0d8c1	ডাল ব্যবসায়ীর
8cddef7a8c	fdcba	জুলাইয়ে সমকামীদের প্রসঙ্গ নিয়ে
8cde1eae53	4bd2c	গুজব উঠেছে
8cde3147b0	af81d	দাঁড়িয়ে থেকেই
8cde433539	44322	ব্যবহারের জন্য নয়
8cdee5dee5	e00db	সহজলভ্য করতে
8cdf18f7a1	cc18a	সুপারের ওপর
8cdf42eaa0	a46e2	হিন্দি ‘দেবদাস’ ছবিতে
8cdf76335a	b9b98	ব্যবহার করা হবে
8cdf806b05	98b81	টের পেয়ে
8cdffb3e10	66dcd	অনুষ্ঠানে যোগ দেয়
8ce09a53f0	0d4cb	হরিণের ছবি
8ce0a1f1ad	8c120	টুইটারে ভক্ত
8ce0b57fe1	7d004	চারটি ছবির নায়ক
8ce0dc9433	8845d	প্রেসিডেন্ট সালভা কিরের বিরুদ্ধে
8ce1081861	18460	সর্বসম্মতিক্রেম তত্বাবধায়ক সরকার
8ce1482c17	28dfc	যেসব শ্রমিক
8ce172f3a7	cc9fd	তাঁকে দেওয়া হয়
8ce17d943d	4ea73	এ কর্মসূচিকে ঘিরে
8ce1855326	01e91	আগেই শেষ
8ce1d56ed5	eecdd	নাসির উদ্দিন
8ce2143cfd	d9ba9	কিন্তু বাইরে থেকে
8ce21eb902	bcaa8	তিনি কবি আজরা পন্ডের সঙ্গে
8ce29280e7	ca831	টাইটানিক জাহাজ
8ce30e0c7e	e3f89	সে দেশ থেকে
8ce3559861	0d8c1	দলীয়ভাবে দেউলিয়া হয়ে
8ce383762b	28bb3	আর শাহী জিলাপিতো আছেই
8ce3ab7942	a916a	নিউজ পেপার
8ce3b0246b	e50f1	কীভাবে নিজেকে দূরে সরিয়ে
8ce4097446	11915	এ অগ্নিকাণ্ডের সূত্রপাত ঘটে
8ce435c910	06527	এবং সীমান্ত ফাঁড়িগুলোকে
8ce4427e50	9092b	ফ্যান
8ce45020ef	c2082	কী প্রতিক্রিয়ার সৃষ্টি হয়েছিল
8ce4c10786	31f2a	পরিবারের লোকজন ছাড়া
8ce5074e3d	0d4cb	প্রমাণ তিনি দিয়েছেন
8ce5a9c49c	88654	তিনি প্রথমতঃ ব্রাহ্ম ছিলেন
8ce5eb4d07	32c77	শিক্ষা, শিল্প, বাণিজ্য
8ce6045c3e	5b13f	মনের কথাগুলি
8ce618e83e	23291	এদিকে বেশ কিছু দেশ
8ce673058f	5d80e	তখন সেখানে ছিলো
8ce6f63027	4bd2c	সে যাহা বলিল
8ce6f72589	c6848	দাবি উঠছে
8ce7437a22	1a2a1	গুহার চির অন্ধকারে
8ce745434f	932bb	ভিসা কেনাবেচা করুন
8ce74a1da6	943de	একটি দোকানে পদ-চালিত
8ce83a62d0	b2a62	বাংলার কাব্যধারার
8ce840b32f	10a9f	এডলফ হিটলার
8ce84a2142	a3a6d	ক্যাডেট কলেজ
8ce882c115	c1e30	ক্রমাগত খেলা করা
8ce8bc5a93	7351e	জাতীয় টান খুব আছে
8ce912b501	7297e	সিনেমাটি মুক্তি পাবে
8ce91f6348	21e54	এটা তাদের কাছে খটকা লাগত
8ce96bea8d	f1240	ইহজগতে মানবচক্ষে
8ce97ebd29	d7a68	বাংলাদেশ টেলিভিশনের সূচনালগ্ন থেকে
8ce9c33557	2aecc	কিডনী
8cea6d6352	730c3	৯১ বছর বয়সী সোহরাব হোসেনকে
8cea77ffd3	c8f7f	এটি তাদের নজরে এসেছে
8cea9331d0	2bd99	একটি ব্যাগে
8ceac5fd92	ee7b2	ফাঁসির আদেশ
8ceae8bf63	61820	বিশ্বাস হত আমার
8ceaeb5722	7027a	নজর ঘোরালেন
8ceb62ee8d	fd880	১৬৯ সনদ
8cec403413	2bc73	ডগ ব্রেসওয়েল
8ced0d33ed	7d3e1	২০০২ সালের এপ্রিলে
8ced1530b7	e7230	এছাড়াও, খাওয়া দাওয়া
8ced700a1f	e55de	একসঙ্গে খাই
8ced9948c6	80518	যাঁর ধারণা ও বিশ্বাস পাকা
8cedbc91d2	dec2d	জিনা
8cedd11611	ab946	সিলগালা করে দিয়েছে
8ceddb9dd4	ce180	মেয়েটি ক্যাম্পাসে আসে
8ceded499e	4fbd1	নির্বাচনী এলাকায়
8cee1b1e3f	d2d71	সবচেয়ে বেশি ভোগেন
8cee62bdc2	68ab7	নজরদারিতে ছিলাম আমি
8ceea882f5	05901	ধারণ করেছিলেন
8ceec101b7	2d78f	জাতীয় বিশ্ববিদ্যালয় থেকে
8ceef7ce5d	717bb	মুকেশ ভাট
8cef3d1ec7	8ba2b	ও গাছের গুঁড়ি ফেলে
8cef88545d	089ef	বিজ্ঞান বিভাগে জিপিএ-৫ পেয়েছে
8cefcfe21e	cc18a	পুলক গুপ্ত কথা বলেছেন
8cefddd2fd	44322	মতোই বটে
8ceff2ba45	a0277	টেস্ট ক্যারিয়ারের
8cf04e1f03	1652d	স্ট্যাটাস
8cf04eeae4	06527	১৯৯০ দশক থেকে
8cf0f2a299	2d98b	তথ্যকেন্দ্র থেকে জানানো হয়
8cf128c489	06736	১৬ ইনিংসের
8cf134eae8	7e1d5	মেডিক্যাল বিভাগের প্রধান
8cf199d774	ec91c	মজিবর, আমেজ, রেখা
8cf1f5df3c	d2355	সে কাগজে একটা প্রবন্ধ লিখলে
8cf231634b	0f047	পদত্যাগ করার পর
8cf2b449bb	8edea	এ প্রতিষ্ঠানেরই একটি প্রকাশনা
8cf2c01bbb	3bb15	কোন বয়সে
8cf2e2a72c	75936	প্রাইমারি ও সেকেন্ডারি এডুকেশনের ওপর
8cf2f8e9fd	c41d8	সেই কবে ক্লাস থ্রিতে
8cf318eedb	2ecf8	রাজনৈতিক প্রজ্ঞা, অভিজ্ঞতা,
8cf3856068	0606d	স্বপ্ন
8cf3bc172d	29bab	খাটের রেলিংএর কাঠ থেকে
8cf3e2c76c	0bace	ডিউটি অফিসার জানান
8cf40ef938	ef4f8	দেবযানী তার বিরুদ্ধে
8cf418b285	dfefa	তাৎক্ষণিকভাবে আগুন নিভিয়ে ফেলে
8cf6462def	b618b	প্রচারিত হয় এবং লয়ও হয়
8cf6bbafb3	7f71c	মাঝি নৌকা ছাড়েন
8cf6dc19b1	d3e06	বি সি এস
8cf720e202	321b6	খালাস দেয়া হয়
8cf7a5d09a	7ec1c	এ লক্ষ্যে
8cf7f14307	75626	থানায় মামলা নেয়নি পুলিশ
8cf86d2e74	d8c80	প্লাস্টিকের ঝুড়িসহ
8cf88a0bbf	cf82a	অনুষ্ঠান তৈরি করলো
8cf8aa2867	491a5	অশ্বিনীকুমার বলিয়া বিখ্যাত
8cf8d5fd10	f0f95	আপনাকে ১০ মিনিট দেওয়া হলো
8cf91493e0	c5dc8	মল্লিকপাড়া সড়ক
8cf924ff24	f2b7d	তারাশঙ্করের একটি গল্প থেকে
8cf94078bf	2840e	দিনকাল
8cf9b945ac	93080	অর্থনৈতিক মূলনীতি
8cf9b9aca8	7027a	তাই গোলটি
8cf9bea114	ac904	নতুন খবর
8cfa9b1245	1c618	নিহতদের স্মরণে
8cfaba114a	7df87	তিনি তিরিশের কাব্যধারারই প্রতিনিধি
8cfaf2d549	b00ba	রাজনীতির ময়দানে
8cfb265bb4	c1e30	গণমাধ্যমের খবরা-খবর
8cfb451890	2bc73	শুক্রবার মেহেরপুর
8cfbf47973	577fa	হিসেবে ঘোষনা করে
8cfc0b4458	98b81	সাহিত্য সব সময়ই
8cfc1bd303	66dcd	১৯২০র দশকে
8cfc6da4ab	f9dfb	চলতি বছরেও
8cfcd2079f	7d3e1	মেঘনা
8cfd015d95	0c39f	বর্তমান আদর্শ জার্মান ভাষা থেকে
8cfd53821e	83c53	কুসুমের মাস
8cfd558b6c	3d17c	জাতীয় বিশ্ববিদ্যালয়
8cfdeebec1	932bb	গঠনের ব্যবস্থা করে
8cfe5e6dc8	66c6b	বিভিন্ন ইউএনএইচসিআর শিবির পরিদর্শন করেন
8cfe798913	5d80e	সুতরাং আর সবার মত
8cfe8906bc	8b859	ভালো ব্রান্ডের কন্ডিশনার
8cff47c864	b2a62	বাড়ানোর পদ্ধতি
8cffc4e504	f658d	আমজাদ জাভেদ সর্বোচ্চ ১৯
8cfff760fa	d1b12	ক্ষমতার কেন্দ্রবিন্দু
