9b010005b3	4bd2c	১৫ ওভারের মাথায়
9b01a24a2f	06bb7	এতে কেউ হতাহত না হলেও
9b01cb8000	60f77	আতের তার আবিষ্কার সম্পর্কে
9b01e86ff3	121bd	4share
9b02595cb0	9351a	বিদআত
9b026be242	086dd	কী লিখছে
9b02f5ec05	eaa7a	ময়না পাখি
9b036e9714	e6d83	সাইফুল ইসলাম নামে
9b04146ee5	aab0f	এখন ধর্মান্ধতার কোথায় পৌঁছেছে
9b049a8809	43b04	দেয়ালের গায়ে সেঁটে থাকা
9b04cee474	f2b7d	হাসপাতালে মায়ের পাশে
9b04e57896	77f82	আইডাহো অন্তর্ভুক্ত হয়
9b04e6109f	80539	মামলা দায়েরের প্রস্তুতি চলছে
9b04e7a7be	43fc0	নিহত
9b055abea1	9f25e	একদিন গভীর রাতে
9b05af1377	80e98	নৌশক্তি বিস্তারে
9b0793615f	b8bf0	নমুনা সংগ্রহ করে
9b07a5fa3b	ea8fa	তাই এসব ঘটনার
9b0816b20a	3ec4d	৩ জনের মৃত্যু হয়েছে
9b082bed55	9d46f	যে শাখায়
9b0845c040	8edea	একটা মাত্র চোখ বের করে
9b0897cc17	287bd	কাজ করার জন্য
9b089bd92c	28dfc	এখন 'দ্য গোল্ডেন বয়'
9b08b406ab	6a35e	একদিকে বাবাকে নির্দোষ
9b08e5611a	52f27	রাজশাহী বিশ্ববিদ্যালয়ে পড়াশোনা করেছেন
9b093bd067	66dcd	কক্ষটির ওপরের দিকে
9b096a3144	6c17f	তখন ২০০৬ সালের কথা
9b0ac52391	46da4	বডি ম্যাসাজ
9b0af7c093	76329	মুসলিম সংখ্যাগরিষ্ঠতার অজুহাতে
9b0b56e447	32c77	ভারতে পালিয়ে আছে
9b0b7637c4	fda1a	সন্ত্রাস চলছে
9b0b944ccb	2ee04	সভ্য-সাংবাদিকতার
9b0bb5bb15	698ff	শাসিত শহর
9b0c5d25f3	16cfb	তাঁর মনে ধর্ম সম্পর্কে
9b0c5effa6	7a227	এমনকি সাময়িক প্রেমের ব্যাপারেও
9b0c84f405	43b04	গাজন প্রক্রিয়ার ফসল
9b0db3ec5a	56508	প্রথম স্থায়ী উপনিবেশ
9b0dcbde9a	b4ea7	প্রতিরোধ করার নির্দেশ দিয়েছেন রেলমন্ত্রী
9b0e0d7156	3d17c	মন খারাপ হলো
9b0e46aad5	24aed	আমার দলের নেতা-কর্মীরা
9b0e962112	16cfb	হাতে ফোঁটে মা’র
9b0ea579cc	778c0	ইরাকের শিয়া-পরিচালিত
9b0eda20a7	1de6c	বাড়তি এক লক্ষ
9b0edba7ec	82926	বৃষ্টির দিন
9b0f77b278	0b7ca	শিক্ষার্থীদের হাতে দেখা যায়
9b0f945ec8	cb1aa	মানুষের মাঝে স্বর্গ নরক
9b0fc3b0b2	ad98d	আমাদের কোনো ভাষা নেই
9b101ee4e6	0f047	অবৈধ আইভরির বিশাল মজুদের
9b1021f47a	c2082	আমেরিকার সিভিল রাইটস
9b102fbf4b	72649	বেশি বিক্রি হচ্ছে
9b1037cd8f	3bb15	ডাইবেটিস
9b1068073d	a8710	দলটির একজন নেতা
9b10f87a04	8c07c	মা বসে কোরান পড়ছিলেন ঘরে
9b1134b31b	11bd2	থেকে সৃষ্ট
9b114a328a	ba2f6	ঐ প্রতিবেদনে
9b114ecefe	39293	সাতক্ষীরা-৪ আসন থেকে
9b115ddf04	e03fc	আমান বন্দরের দক্ষিণ মুছাপুরের মিনার বাড়ি এলাকার মৃত মিছির আলীর ছেলে।
9b116348bc	ec91c	দেখেন, কেমন ফিট করে
9b119399d8	1a2a1	গুরুত্বপূর্ণ অধ্যায় এর পরিশিষ্ট
9b11cb69ac	f658d	বিটিভিতে প্রথম ‘রক্তকরবী’ নাটকে
9b1277fd79	ee7b2	এজন্য তাহারা অতিব্যস্তে
9b12822d52	590d0	এবারও তারা নির্বাচনে জয়ী হবে বলে আশা করছে।
9b12a7bd2a	f0f95	যে সমাজব্যবস্থাটি চালু ছিল
9b12b08c69	8cf95	মধ্য ইন্দো আর্য ভাষার
9b137cf3d5	b4ea7	তারা আশা করছেন
9b13c5be9c	7a227	নিজে গুছিয়ে গল্প বলতে পারি না
9b13f68530	e2c11	তাদের প্রতিবাদ-বিক্ষোভ চলবে
9b13ff5c1f	194f5	তারা এ শিল্পকে নিয়ে
9b140335af	2ac82	চাষাবাদের জন্য উত্তম
9b143ea50c	3fc9d	সেটা পুনরুদ্ধারের ক্ষীণ বাসনা থেকে
9b14dd5e6a	a46e2	সেটা গ্রহণ করার প্রক্রিয়া
9b15275d69	8ba2b	আব্দুল আউয়াল মিন্টু
9b152ac3a9	09b32	সামরিক বাহিনীর একজন জেনারেল
9b1533b92e	7d3e1	আনুষ্ঠানিকভাবে বিপিএল-এর
9b1543526a	323f1	যুক্তিতর্কে নতুন তারিখ
9b155a9a57	69449	হারায় বাংলাদেশ
9b1576fff8	9fa90	জ্যাকি স্রফের
9b159ffe33	3bb15	আমার ছিলো না
9b15bd53ab	d2faf	কাজের প্রতি
9b15e6322a	7b60a	দাম বাড়ার কারণ হিসেবে
9b15f47127	75626	গ্রামে বসেছে
9b15fa62b3	12702	আর এই প্রবনতা কি
9b167c3fca	91223	তা ৭ দিনের মধ্যে
9b16a22e1d	39dd0	বরং উল্টো পুলিশ
9b16c51320	194f5	বিধিনিষেধ আরোপ করা হয়েছে
9b16f747f1	ff0fe	ফাঁসিতে ঝুলানো হবে
9b174c2880	9351a	৫০ সেনা সহায়তা দিয়েছে
9b175a65d2	a06a1	সেই রকম হতে হয়
9b1772afc1	ef4f8	সুভাষ যোশি
9b180165bc	43199	তার প্রথম জানাযা হয়
9b1820ec3f	c41d8	যেসব দেশে
9b189fb67c	0b7ca	রজনীগন্ধা
9b18ad7478	bc81e	প্রবেশপত্র, ক্যালকুলেটর
9b193023d7	948d3	ঘাপটি মেরে থাকা স্নাইপারদের
9b194a8f3a	acb88	দ্রুত বাড়া উচিত
9b196f8593	7297e	ওই দিন সকালবেলায়
9b1980e06b	9d46f	কিছু দিব না
9b19e04496	ac0df	পৃথিবীর সবচেয়ে বড় অংশটিই
9b19fe3a9e	3f875	জোর দিতে চায় বাংলাদেশ
9b1a50f9a3	76329	এক বিশাল ঢোল
9b1ab9fbab	0f047	নারীবাদীরা বলেন
9b1acdd844	1c618	কিংস্টার ২ হাজার থেকে
9b1b2ef10b	f0f95	যাদের অধিকাংশই
9b1b7a5370	0b7ca	অভিযোগ করা হয়
9b1b9d06d1	29bab	সংক্ষিপ্তসার উপস্থাপন শুরু করেন
9b1bcdbd68	80be1	সাগর তা নিতে চাননি
9b1c273852	91223	গরম জামা কাপড় কেনার
9b1d3f66ae	355c1	ভক্তদের কাছে পীর হিসেবে
9b1d584383	e3f89	বিজয়ী হয়েছেন
9b1dbce68e	323f1	১৯২২ সালে
9b1e0cd53e	72649	বর্তমানে ছয়টি কক্ষ নিয়ে
9b1e17abda	2840e	সুমনকে পাওয়া যায়
9b1edcc9b6	80e98	মা যোগ দিতে পারলেন না
9b1f55f186	71522	তাহা পাকা ফলের মতন
9b1fa0ded3	315e9	গ্রেফতার করা হয়
9b1fee9b6f	0606d	কিশোর সলজ্জভাবে হাসিয়া বলিল
9b201d4068	86b1b	তুমুল লড়াইয়ের পর
9b204e933a	09b32	এদেশে নাকি
9b20c9ebcb	9351a	জাহাজ
9b20ce7292	8edea	কর্কট রাশির কারও সঙ্গে
9b2101406e	3bea8	এবার আপনার কম্পিউটার
9b210bd7bc	37d7e	বিবিসির ইয়োগিতা লিমায়ি
9b2124893b	3fc9d	তবে এই গ্রেপ্তারে
9b22762eef	948d3	নামাজের নিয়ম
9b2291ad12	68ab7	নতুন গৃহে প্রবেশের জন্য দিনটি মিশ্র।
9b22a6d97f	3fb17	যে ভাত খাইতে বও না
9b23192484	e00db	ভাগিনী ইদু আক্তারকে
9b2411dd21	f29bf	মারা গিয়েছে
9b246f8489	086dd	যেসব খাবার খাওয়া হচ্ছে
9b247e4475	a06a1	অস্তিত্বের গভীর অন্তর্দ্বন্দ্ব আছে
9b24acf9cb	eecdd	তিননদী পরিষদের উদ্যোগে
9b250c57ac	6fb36	গাছ চোর বলা হয়
9b2542336f	85430	ওদের ধর্মে
9b25905831	717bb	কবিতাপাঠ ও সংগীতানুষ্ঠান
9b25bab7fb	65e30	এক ব্যক্তির শাসন চলছে
9b25db8a31	2de86	যত্ন সহকারে
9b26297c06	cb1aa	মিষ্টি বিতরণ করতেও দেখা যায়
9b265406b2	2d78f	জোছনা ও জননীর গল্প
9b2690d75c	9d7bf	আর গোবর কুড়ান
9b26b7c383	91b16	এখন পর্যন্ত ৪ জনের
9b26c31b7b	239f7	ধাপে ধাপে
9b26c62911	e3f89	অধিকার তাদের রয়েছে
9b26cc0cd2	ff1c3	আহসান হাবীব
9b272e49ce	a0277	মোতায়েন করেছে
9b2770f846	7d004	এটাকে প্রথমে
9b277300b7	7e1d5	আপনারা সব সময়
9b2781dcba	2ee04	কোনো উদ্যোগ নেয়নি
9b2798c843	16877	নির্বিশেষে সর্বস্তরের
9b27be667a	eb179	এনাম মেডিক্যাল কলেজ হাসপাতালের পরিচালক
9b280993e9	3ec4d	এবারের সংলাপের
9b288ac325	b8fe1	ফ্যাক্স মারফত
9b289a9049	9f25e	সম্প্রতি দেশটির জাতীয় সংসদে
9b28aa0320	4fbd1	সরু উপত্যকা
9b28e95819	1b359	কেবল রোমার মাঠে লড়াই
9b29c72487	0d9f1	পদ না বাড়িয়ে
9b29f4a159	ce629	ভিসা যাচাই
9b2a2dfc95	fdcba	এবং বিভিন্ন নিরাপত্তা বাহিনী
9b2a61f682	7f2ef	মা আবার বলেন
9b2a895295	ee852	সিটি অবশ্য
9b2ab01667	28dfc	নিয়ে আলোচনা তোলবার দরকার নেই
9b2af08a27	d41be	নদী কোনটি
9b2b4de739	7351e	ট্রেডশো ‘সিবিট’-এ এক জার্মান সংবাদমাধ্যমকে
9b2b52464e	b618b	ওমর ফারুক জানান
9b2b60851b	fcc89	শহরের রাস্তাঘাট উন্নয়নের জন্য
9b2bc33876	54cdd	দ্বিতীয় প্রধান কার্যালয়
9b2bdb5c25	43fc0	উদ্ভাবন করেন
9b2c90a14e	16877	রাশিয়ার যে সংকট চলছে
9b2cd763e7	520fb	উপর নিয়মিতভাবে
9b2d4b6cea	2aecc	এখনো অনেক মানুষ নিঁখোজ
9b2d52e442	2aecc	ভারী অস্ত্রের নির্বিচার আঘাতে
9b2d6a7d6c	d1b12	অবিরত বলবত থাকে
9b2d78651b	85430	সাবেক পরিদর্শক তদন্ত
9b2d9af9a6	ef4f8	দ্বিতীয় অবস্থানে আছে
9b2e00cf8a	01e91	বিনামূল্যে ব্যবহারের জন্যে
9b2e11cc5f	91b16	তিনি প্রতিবাদ করে বলেন
9b2e48cd87	d5213	লাল হরফে লেখা হয়
9b2ec7739f	49d63	দেশের প্রথম সরকারি-বেসরকারি উদ্যোগে নির্মিত এই ফ্লাইওভার যৌথভাবে নির্মাণ করেছে ওরিয়ন ইনফ্রাস্ট্রাকচার লিমিটেড ঢাকা সিটি করপোরেশন।
9b2eca06fe	84145	মাঠ ছাড়েন
9b2ed5b0c6	5dec6	অসুস্থ শরীর নিয়ে
9b2f7693a6	2840e	২১শে ফেব্রুয়ারি
9b3013a0d9	95907	টায়ার, কাঠ
9b303f7892	6da0a	প্রতিনিধি দল
9b307422c0	355c1	মজার ঘটনা হিসেবেই নিয়েছেন তিনি
9b308049e3	2bd99	সত্য ঘটনার সাথে
9b30a99f0c	33814	এটা আসলে একরকম রফা
9b30d2ab66	21e54	মশহুল হয়ে
9b30dace3a	554fe	নজরুলসঙ্গীত শিল্পী
9b31343bc4	d1a48	তা মর্মান্তিকভাবে সুনন্দা আবিষ্কার করে
9b317fb16b	29d44	দ্বন্ধযুদ্ধে শাহবাজের হাতে আসলেই
9b31cf7be6	14d25	জাতীয় স্তরে
9b31d95183	f1ff2	একটা থমথমে ভাব
9b31ed2846	23291	সৌদি আরবে
9b32accc76	ff1c3	কলকারখানা ও প্রতিষ্ঠান পরিদর্শন অধিদপ্তরের
9b332d02c6	16cfb	বদরুদ্দীন উমর-সম্পাদিত সুকান্তসমগ্র
9b334fbfa6	ee4ad	অবশ্য দলটির
9b33827fb2	2d78f	বইয়ের গল্পে
9b33d9d814	ee7b2	আমার প্রস্তাব গ্রহণ করলেন
9b33e4591b	9e923	কাজেই বাসিন্দাদের
9b35436f80	7898e	দুদকের কবীর হোসেন
9b356f2752	a1d4a	নিজেদের পরিচয় তুলে ধরেন
9b358fa261	61820	নতুন সীমান্ত পেরিয়ে
9b35a521f6	52f27	বাংলাদেশে অনেকে
9b360b8f94	d136b	ছবির একটি আইটেম গানে
9b3688abd1	c7705	তাদের চারিদিকে প্রথমে
9b36c4b5d0	9c8dd	প্রতীক্ষা ছিল
9b36cec2db	8edea	সিরিয়ায় প্রায় তিন বছরব্যাপী গৃহযুদ্ধে দশ হাজারেরও বেশি শিশু প্রাণ হারিয়েছে।
9b3715ec2c	bbb22	ভালো যাবে
9b37cc6756	c41d8	ধরা হয়ে যায়
9b37dfa6ff	d2355	রায় বাতিলের জন্য
9b3816e01c	09b32	আর সবার হাতে ছিল কোরান
9b38cd16cc	68549	ভেষজ
9b38d2e828	f2097	সেই রোগিকে
9b39100327	c173f	যাত্রা শুরু করেছে
9b39187408	6da0a	আমাকে আপনার সঙ্গে
9b3993abe4	c958a	অপুর সংসার
9b39ad7a8b	8143b	সেভাবেই থাকতে পারবো
9b39c85685	5dd61	ভয়ানক ছবি
9b39f8b0c5	4a67e	৬০ পয়েন্ট নিয়ে
9b3a1960e7	bd576	পি চিদাম্বরমের সঙ্গে
9b3a395c88	91ac1	অভিযোগ করে বলা হয়
9b3a3e4745	6b437	দলীয় সরকারের অধীনে হয়
9b3b34676c	ee852	১৯৭০ সাল
9b3b3a1a5a	7f2ef	অর্থ দিতে রাজি হয়েছিল
9b3b660374	bdfc1	ব্রনের দাগ দূর করার উপায়
9b3b94218a	f83df	বাংলাদেশের আবহাওয়া
9b3bb3d6fd	355c1	সর্বকালের সর্বশ্রেষ্ঠ সুন্দরী ক্লিওপেট্রা
9b3bc28897	53396	আমার কি
9b3bf0df3f	e6d83	আমাকে
9b3bff0704	b4ea7	খাটের তলে যেমন কেঁপেছিল
9b3c0e99bd	693cb	কিন্তু কেন ব্যক্তিগত উদ্যোগে
9b3c0e9cdd	4a918	তাঁর দায়িত্ব নেওয়ার কথা
9b3c8c7bb0	f1ea4	প্রথম আদমশুমারি হয় ১৯৭৪ সালে
9b3cc7afd6	d5213	বাবার এই আদর সোহাগ সব
9b3db13b37	8143b	কিছু নেই বলেই তো সুবিধা
9b3dd250fe	3bea8	পরীক্ষা
9b3e1790a2	95907	বৃহস্পতিবার বেলা ৩টা থেকে
9b3e1be1ee	33814	আশঙ্কা থেকে যায়
9b3e36dd6f	194f5	মাস্টারের কাছে
9b3e8f0dd7	315e9	আরও পাঁচ বছরের কারাদণ্ড
9b3eb21649	9d46f	প্রতিষ্ঠিত হতে চান
9b3f0de0a6	18a52	দেশি-বিদেশি বিনিয়োগ
9b3f3ca840	c958a	বুধ গ্রহ
9b3fef0ac5	a916a	হাসি, কান্না দুটোই
9b40278444	54cdd	সুবিশাল মেঘ
9b4050d137	c9c19	ইতালির পতাকা
9b405701ce	0606d	কমলালেবু পেলাম না
9b4084d156	e6203	আইএসআইয়ের চর
9b408ca22a	e3d8b	বরাদ্দ করায়
9b41ad47e2	7b900	ভেতর থেকে
9b41c65de6	83c53	শেষ পর্যন্ত তাঁরা বাঁচতে পারেননি
9b423d54ed	3faff	কাশ্মির
9b4268ab99	d2294	পাজেরোতে পতাকা ওড়ে
9b426e3e9c	60f77	যুক্তরাষ্ট্রের প্রভাবশালী পত্রিকা
9b4292ccc2	153c9	আর সেরার সেরা
9b42b6c8a7	ce629	আশাতীত সহজ জয়ের পরও
9b43d0e4e0	2f547	এখন বুঝি যে
9b4442aeb2	616ec	মধ্যস্থতা করেন তিনি
9b4448a782	7d133	রবিবারের ফাইনালের পর
9b44860913	4a67e	বেশ মসৃণ এবং জ্বলজ্বলে
9b448f0068	1cb75	প্রকাশে ভেস্তে গেছে
9b44e84cf9	42898	সহ্য হয় না
9b453601c7	2556b	প্রেসিডেন্টের শাসন জারির
9b458a0837	f1ff2	স্বামী আর শাশুড়ি ও ননদের
9b45970fc9	b618b	মমিনুল হক
9b465c6a87	1cb75	আমি সংগ্রহ করেছি
9b46867ea2	29089	অশোক জিজ্ঞেস করেছে
9b469d5d6d	80539	গরুর মাংস রান্না
9b46f874d5	b08d0	৭৫ ভাগ সমস্যার
9b4723a6f5	32998	ত্রিপুরার রাজধানী আগরতলায়
9b4728c2ae	29d44	এই আদর্শকে
9b472a64be	e9fa7	প্রথম প্রহরে আকস্মিকভাবে রাডার থেকে
9b479a3eb8	ac904	অবিশ্বাস্য ছবি
9b47a80e06	256f5	এই অভিনেত্রীকে
9b47e57752	29d44	অনেকটা বদলে গেছে
9b4803b792	7d004	জানি না, এই জীবনে
9b481183b1	3fce2	এবং রুশ প্রেসিডেন্ট
9b4827b823	cf82a	চলতি বছরেই
9b484fc44c	ef915	নজরুল ইনস্টিটিউটে
9b487ba462	1de6c	অকল্যান্ড দ্বীপপুঞ্জ নিউজিল্যান্ডের
9b4893f684	086dd	মতপার্থক্যের ভেতর দিয়ে
9b48c6b02d	ad69a	শ্রীলেখা মিত্র
9b491d59ac	32998	শেষ অবলম্বন হিসেবে রেখেছি
9b494397da	ce629	তিনি আবিষ্ট হইয়া পড়িতেন
9b49c648a0	c0d65	অনেকটাই বেশি
9b49f842ed	39dd0	আমি বলিয়া উঠিলাম, আরে
9b49fd0172	f2780	কেনাকাটা শুভ নয়
9b4a560e3b	80505	এটা নিয়ন্ত্রণ করা যাচ্ছে না
9b4ac49968	3fc9d	বই জিনিসটার
9b4ada7e2e	d1a48	হাসপাতালে ডাক্তার নেই, নার্সরাও সব পালিয়ে গেছে।
9b4b123f83	0a87a	ভারতে বৃহৎ শিল্প গড়ে ওঠে
9b4be02635	a916a	তাহারা যশ মান ধনের কাঙ্গাল
9b4c58a915	db735	আরেক পা
9b4c67e327	e2ba2	শেয়ার ও মিউচ্যুয়াল ফান্ড
9b4d302784	6c17f	আটজনকে নির্যাতনের পর হত্যা
9b4dbff494	ad98d	শিল্প
9b4e187677	8632b	এভাবে জন্ম নিচ্ছিল একটি নক্ষত্র
9b4e2534e3	cf82a	১৯১১ সালে
9b4e4309ee	c749e	পুরো জাতির মধ্যে
9b4f434504	7297e	নারীবাদীরা পৃথিবীর সর্বত্র
9b4f4da3dd	68ab7	তাহাই জসীমউদ্দীনের বুলিতে
9b4f68b018	6ee5f	লেখার জন্য
9b4ff43776	903fa	তাহাতে মূল প্রতিপাদ্য বিষয়ের
9b50265cbc	ad2a0	পথের পাঁচালী ও অপরাজিত
9b506376b9	e6e48	উৎকর্ষতা বিবেচনায় রেখে
9b50db752a	8cf95	পোষা প্রাণী
9b51248c91	ef4f8	বারবার নানা ছুতোয়
9b5126759f	4fc91	তা জানতে চাইলে
9b512c9976	e68af	১৯৭১ সালে ২৪৫০
9b512da642	c7705	দুটি পাশাপাশি সমাজব্যবস্থা
9b51344509	0744c	সংগঠিত প্রায়
9b5162aa2b	6ee5f	লুইস সুয়ারেজ
9b51a8ee93	a46e2	ইতর
9b51b00ba0	ea8fa	অর্থনীতি বিভাগের
9b51c18fe1	967fd	তাঁর মুখস্থ
9b51d72c7e	29f8c	আচ্ছা তুই কি আমাদের ওপর
9b51fb04df	2d78f	আনন্দ পায়
9b528edf1a	2909b	আসামি করে
9b533e0f94	80505	বাংলাদেশ খুব একটা
9b536abacc	ef4f8	তরুণী দেখানোতে বিরক্ত সবাই
9b53b634f6	d8c80	মরক্কোর টিভি সাংবাদিক মানিনু সাদিক
9b53c85d5e	2d98b	মধ্যে প্রথম দুই মাসে
9b548a833f	b78ec	তিনি ঘটনার বর্ণনা দেন
9b55468c54	4c1eb	চাক হেগেল জানান
9b55558e10	e3d8b	রাস্তায় নামাচ্ছেন না
9b556f4b53	3f493	পাকিস্তানের বিপক্ষে ওয়ানডে ম্যাচ
9b556fb66b	23291	গতবারের পরাজিত প্রার্থী
9b55a18995	2ac82	সন্ধ্যার দিকে
9b5634fb42	7ec1c	যার কোন ভিত্তি নেই
9b563dfb82	f143a	সুরক্ষা বিধানে
9b5642f569	92f59	অংশ নেয়ার জন্য
9b5661d13c	d2d71	অভিযোগ গঠন করছে
9b56b4c97a	442b7	যে বাড়ির ঠিকানা
9b5737e1cf	ce180	স্মৃতিচারণ করে
9b57773140	80539	সমর্থকদের মনে
9b5792d282	509f6	সাজানোর জন্য
9b57b99b70	06736	পিঁয়াজ রসুন ডাল শাকসবজিসহ
9b57fd3833	2aecc	স্বাস্থ্য অধিদপ্তরের মহাপরিচালককে
9b58829a4a	0f047	তারা কার কাছে যান
9b58954e9a	0a87a	তখন লিন কেএমকে জানিয়েছিলেন
9b58dfc413	3d17c	না ঘুমোনো মেয়ে
9b59147246	404ee	আমাদের মুক্তিযুদ্ধের বিজয়ের প্রতীক
9b593212b9	29089	এই অলরাউন্ড নৈপুণ্যটি সাকিবের
9b5966ac99	ee7b2	৪৪ শতাংশে দাঁড়ায়
9b5b08649e	d71a3	প্রধান সমুদ্র বন্দর
9b5b60220a	e2c11	প্রথম ফাঁসি হয়
9b5b8cc6da	71522	বাগদাদের খলিফা
9b5be70ace	536d9	অধিগ্রহণ করে
9b5c19f21d	31f2a	বাইরে চলে যায়
9b5c367d25	e68af	থেমে যায়নি
9b5d146d34	404ee	কাজে যোগ দিচ্ছিলো
9b5d43c426	4c1eb	পরামর্শ দেন
9b5d6b7807	52578	এই প্রয়োজন পূর্ণভাবে
9b5e510ce0	bdd05	ঝেরে ফেলে
9b5ede9a68	e9759	পূর্বসতর্কীকরণ ব্যবস্থা
9b5f01e7a9	46da4	সন্তানহীন দম্পতিকে তাবিজ দিয়ে
9b5f035455	c958a	দৃষ্টিভঙ্গিই প্রধান কারণ
9b5f07f2d4	f83df	এবং সহযোদ্ধা নিয়ে
9b5f4af5d8	13b70	পার্ক
9b5f85ebd9	274ee	গ্রামের বউ
9b5f938a94	0b7ca	গ্রামীণ ব্যাংক
9b5fabcdc7	2ad74	বুধবার রংপুরের পীরগঞ্জে
9b5fccd886	d9ba9	ও আবাসস্থল গ্রাম কিংবা শহর
9b600e2295	bd576	স্মিতা পাতিল
9b609a82a4	e03ce	ইহার একটি অপূর্ব উদাহরণ
9b6124e7e9	29d44	ঘুম ছেড়ে এখনো ওঠিনি
9b6144f324	c4973	হনুমান
9b615c99f6	e6203	পরীক্ষা করতে পারেন
9b61ded99b	7c272	প্রশংসা অর্জন করেছিলেন
9b620e358f	943de	প্রতি মাসে তিনি
9b634e47dd	29089	সব প্রস্তুতি নেওয়া হবে
9b63743f0c	a06a1	আমি আর দেখিনি
9b637f929e	7aed9	আমার বাবা মাই
9b63ac5eba	14d25	ভারত বহুদিন ধরে
9b63b9a83e	d2294	আমরা সংবিধানের অধীনে নির্বাচন করবো।
9b642119db	4f450	ফলিত গণিত ও তাত্ত্বিক পদার্থবিজ্ঞানে
9b64ed7f77	3fce2	বা আইএমএফের প্রধান
9b65317f2f	91b16	সেগুলোকে কিভাবে দেখেন অনন্ত জলিল
9b653a2694	ec91c	তাই আমার টিউমার হয়েছে
9b6582f990	5d12f	চোখ বুজে বলি
9b658c9c3d	aa820	প্রতিটি ভিডিওর পর
9b659a427d	778c0	উপায় ছিল না
9b65b20dfc	1652d	এক সপ্তাহের মধ্যে
9b65c51510	71522	আরও অসংখ্য পেশায়
9b66b27f6f	693cb	তার সামনে
9b66d98398	5e80b	গতকালকের দিনটা ছিল
9b6789ddac	7c272	সে বাসা থেকে
9b67a9474d	4dd57	জোরালো সমর্থন রয়েছে বিরোধীদের
9b68d24eff	8ba2b	আক্রমণ করা হয়েছে
9b6909923c	4ea73	আন্তর্জাতিক ট্রেড ইউনিয়ন ফেডারেশন
9b690b97ad	9d7bf	জেলার দুই হাজারেরও
9b6925ed5e	1cb75	তাদের সবকিছু কালো
9b692983da	e8dde	দ্রুত সিদ্ধান্ত নিয়ে
9b692d1bf3	693cb	প্রায় সবার মুখেই সিগারেট
9b69deb4df	64092	একজন কূটনীতিককে
9b6a283f0f	ad69a	তুলার গুদামে লাশ দেখতে পেয়ে
9b6a984922	d1b12	এবং কতদিন পর্যন্ত যায়
9b6ab81220	2695f	মধুর সম্ভাষণে
9b6afa61a8	f1240	প্রশাসনকে মামলা
9b6b19e31c	37d7e	ভালবাসার মানুষ
9b6b35f8f6	44322	সংঘাত এড়ানো সম্ভব
9b6bf5d883	14816	রাতের বেলা তৎপরতা
9b6c36a961	12702	কাম কেয়ারটেকার মোস্তফার সঙ্গে
9b6c4daeb4	5a61c	বরিশাল পলিটেকনিক ইনস্টিটিউটের
9b6c9852f9	b618b	আহত দুইজনকে চিকিৎসার জন্য চট্টগ্রাম মেডিকেল কলেজ হাসপাতালে পাঠানো হয়েছে।
9b6cc91808	ef4f8	মহান মহান
9b6cf0251a	442b7	সচল ১০ ভাগ সরঞ্জামও
9b6d30da9c	11de3	তুলনা করেন
9b6dac098e	3bea8	বাবলু সাহা জানান
9b6db3b2bb	6ee5f	কোনো লেখকের পক্ষে
9b6e297f25	47e8d	চৌদ্দআনা লেখাতেই
9b6eba4e7c	23b22	এমনই এক গল্পে
9b6ed98645	1652d	আমরা আজ পড়ি
9b6ef4e556	ff1eb	মেয়ের চোখের চাহনিতে
9b6f78e61f	4164f	একে বলে ব্রেইন স্ট্রোক
9b6fc84a3f	f4ba7	একটি ঐতিহাসিক মধ্যযুগীয় মন্দির
9b6fcde29f	932bb	নওশের আলী খান
9b709345bf	f2097	আমরা তখন কেউ ভাবিনি যে
9b709919ed	c173f	মার্কিন যুক্তরাষ্ট্রের এক অভিযানে
9b70a2bbd0	7e191	মনে রেখে হয় না
9b70aaeec9	880ae	সরকারি কয়েকটি মন্ত্রণালয়ের সাথে
9b70f0df74	c463d	সত্যমূল্য আরোপ করে
9b717baea1	274ee	স্বস্তিময় উপসংহার
9b71af7f0b	2695f	রাজ্যের অভিমান
9b71e22ad9	0744c	আলাদা করে রাখা ভালো
9b7238407b	7027a	বিশ্বে ডেইরি পণ্যের সবচেয়ে বড় যোগানদাতা দেশ নিউজিল্যান্ড।
9b72571242	ea5be	যে ধারা চলছে
9b72a2c481	fcefa	জয়নুল আবেদিনের চিত্রকর্ম
9b737e33b3	7b60a	জীবনের প্রথম
9b737e5fde	33aef	কাজীর শত অনুরোধ
9b73b4e9f9	28dfc	গত শনিবার
9b74110218	9092b	দেখতে পাওয়া গেছে
9b7517c6cd	75f18	দ্বীপটির অবস্থান
9b7519872c	13b70	৫০ থেকে আশির কোটায়
9b7566a45c	43fc0	এখন বরেন্দ্র ভূমিসহ
9b75885942	24aed	আরও ২ দিন বাড়ানোর
9b75a89891	491a5	বৃহস্পতিবার সকাল
9b75b46f9f	e9fa7	চিকিৎসা মহাবিদ্যালয় হাসপাতালে
9b75e77ae9	c173f	প্রতি-আক্রমণ থেকে
9b75ece472	82926	আড়াল মেনে
9b75ffb529	b7be9	বাংলা নাটক
9b7608f963	4c555	তোমায় আমায় মিলে স্টার জলসা
9b763bb103	db735	জেসমিন জানায় বলে
9b765f985e	b8bba	রাজনীতির ওপর
9b766d1374	5dec6	শুভ শক্তিকে প্রতিষ্ঠার জন্যই
9b76bbf42b	d9ba9	তাঁর গল্প
9b76ea42b2	0a7a0	পারিবারিক চাপে
9b76f41da8	256f5	প্রায় দুই মাস পর্যন্ত
9b7703f2c2	ee852	অধিকার নিশ্চিত করতে
9b774e5425	39293	ছেলেদের মধ্যে সানোয়ার
9b77d7e36c	8b859	১৯৮৩ সালের
9b78164967	f1ea4	হাতে থাকে
9b7867025d	39dd0	ডিজাইনের সফটওয়্যার
9b78c37820	287bd	বাংলাদেশে কখনই
9b790a8f19	91230	বলে মনে করছেন অনেকে
9b792124f6	c173f	বিভিন্ন বয়সের আলোকচিত্র
9b7946bd77	fda1a	সোমবার দলের সঙ্গে
9b796b9b7d	58998	ঘন ঘন স্থান বদল করেন
9b799c3e6e	2bc73	পরদিন সাভার মডেল থানায়
9b7a197797	6c6bf	না থাকায় দেশের ক্রিকেট
9b7a672f7a	ea5be	দলে দলে আসছে
9b7a94ae69	b08d0	বিতাড়নের পর
9b7aca3d63	adf01	এই প্রদর্শনী
9b7acb67b7	b8bba	মাথায় বালিশ পড়তে
9b7ae33152	5dec6	যেন তুমি ছাড়া
9b7b0fcfa7	7c272	ছেলেরা ঠাকুরদার কাছে
9b7b20db89	d2294	কেবল এটি
9b7b505fa2	943de	অতিরিক্ত বিজিবি সদস্য
9b7b5f5374	6e6fa	সংবাদ পেয়ে
9b7bfe1627	29bab	৫ম তলায় আগুন লাগে
9b7c403e31	5dd61	লক্ষ লক্ষ
9b7c9e77e9	fbb81	কালি ও কলম
9b7cd8a4c1	a0277	সংক্রান্ত কয়েকটি লৌকিক
9b7d3028b0	92bb2	প্রায় এক লক্ষ অভিবাসী
9b7d41856a	5b13f	প্রশাসনের পক্ষ থেকে ইতোমধ্যে
9b7d720f76	bf530	গুছিয়ে নিচ্ছে
9b7d833083	43b04	আরিফ তিন বন্ধুকে নিয়ে
9b7d86c73d	7aed9	ওয়েস্ট ইন্ডিজের বিপক্ষে
9b7ef9216e	e3f89	তার খোঁজ সহজে মেলে না
9b7f1f4670	43b04	এছাড়াও রানা প্লাজা ধসের ঘটনায়
9b7f388f64	44322	রবীন্দ্রনাথের ‘ছেলেটা’ কবিতা অবলম্বনে
9b7f7adb1a	03284	একা পড়ে থাকো
9b80c87de9	ca831	যেখানে করা যায়
9b80e23f70	3bea8	১৮ দলের মিছিল শেষে
9b80edf84f	12702	সৌম্য সরকারকে সঙ্গে নিয়ে
9b818d81a9	ad050	অনলাইনে আউটসোর্সিং কাজের
9b81ca4026	ac0df	সুসংহত উদ্যোগ
9b81de00ca	15a75	দেশের অসংখ্য
9b8237d4a0	4fbd1	সঙ্গেই জড়িয়ে আছে
9b823b4ee4	91dff	দ্রুত বাড়ছে
9b82560429	13b70	বিকেএমইএ এক বিবৃতিতে বলেছে
9b825be11a	7b60a	রাজনৈতিক দলগুলোকে
9b82c21f9e	7b103	ফিওরেন্তিনা ও এসি মিলানের মতো দলের
9b82c47370	24f73	তিনি মতামত দিয়েছেন
9b8308bec4	9b864	চাকরি এক-দুই দিনের
9b833ed54a	8632b	ব্রিগেডের জনসভায়
9b8384125b	7aed9	পদার্পণ করা হইবে না
9b83d7070a	baa02	কেমন প্রস্তুতিতে স্বাগতিকরা
9b840fb907	1cb75	পর্যটকদের আগ্রহের কেন্দ্রবিন্দু
9b8539d246	59c73	ফোঁস-ফোঁস করে
9b853be207	323f1	ভারতীয় রুপির
9b85a56870	b8bba	মুক্ত হয় হবিগঞ্জ জেলা
9b85cb17f6	9d46f	সঞ্চালনা করেন
9b85e3e031	dfefa	বাংলাদেশি হিসেবে এর আগে
9b865064ae	49d63	আতিকের জয়দেবপুরের কলেজ-কাম স্কুল
9b86cdef78	bfac7	মা’র আলমারিতে পাব
9b86e5459e	d71a3	তাকিয়ে থাকে
9b875ba752	c41d8	কিছু দিনের জন্
9b87772076	7c272	কম্বাইনড সাইকেল হবে
9b8797eba7	3ec4d	এখন নির্দিষ্ট সময়ের
9b88444afd	85430	কোনো উপায়ই আর রইল না
9b886471aa	eaa7a	বুনো হাতি এসেছে
9b88c70644	73629	ইনুইটদের প্রতিনিধি
9b89557edd	fdcba	বাংলাদেশের মেয়েদের সঙ্গে
9b895c9c31	2556b	নরওয়ে
9b89935bdc	239f7	এখনো অবরুদ্ধ করে রেখেছেন
9b89bd99e2	f2b7d	তাকে ষাঁড়ের মত শিংওয়ালা
9b89ef9df6	8c120	মনোনয়ন দেয়া হলেও
9b8a13f2a0	5dec6	প্রচণ্ড গতিতে ঘুরছিল
9b8a3b1e25	0a7a0	বিসিবির কাছে বন্ড দিলেও
9b8a3cfec5	cc18a	আমাদের এই জীবনকে
9b8a7bc7b0	22096	গাবতলী, মিরপুর
9b8a8fa518	5e80b	গ্রামীন ব্যাংক নিয়ে
9b8a97b3e0	767ff	পুরুষের ওপর
9b8ab713b2	05901	ফেলতেও রাজি আছি
9b8ab9f561	d711f	তারা পদত্যাগ করেছেন
9b8b27ba1a	7d3e1	হাতিরঝিল
9b8bb6d4b4	7d3e1	তা প্রকাশের উপর
9b8bd19db8	05901	এ পরিস্থিতিতে
9b8c338bdb	3f875	অর্থাৎ বিচার বিভাগীয়
9b8c39e2bd	75f18	ঠাণ্ডা লাইগা জ্বর আইব
9b8ce64870	09b32	ষড়যন্ত্র করবে
9b8ceb1cc3	0e637	ক্ষত্রিয় ও বৈশ্য
9b8d227f6b	82926	অন্নপ্রাশনে
9b8d240337	b5fdc	নিদ্রা যায়
9b8ddeba21	870e3	অফিসে যাওয়ার জন্য
9b8e108ab9	8c07c	নগরীর কোতোয়ালি থানাধীন
9b8e336ce7	25696	দক্ষিণ আফ্রিকার
9b8e3bf3b5	b9a81	শনিবারও বিরোধী দল বিএনপির নেতাকর্মীরা পুলিশের সাথে সহিংস সংঘর্ষে জড়িয়ে পড়ে।
9b8e56a536	870e3	বন সৃজন ও রক্ষার্থে
9b8ec61751	38d3a	আদালতে সুনির্দিষ্ট
9b8f2d56ec	239f7	হয়েছে প্রায় ৬.৫ থেকে
9b8f474029	92bd8	আধঘন্টা পরে
9b8f8d8fe1	16877	দেশের শিক্ষিত
9b8fbc90d4	9092b	মারতে হবে
9b8fc2e14a	778c0	১৯৬৭ সালে ছাপা
9b8fdd8c30	14816	সংশ্লিষ্ট কোম্পানিগুলোর ওপর
9b90c2e407	7b132	নয়াপল্টনে দলের কেন্দ্রীয় কার্যালয়ে
9b91307b28	1279e	ফটো ভেরিফিকেশন
9b9144e67d	92f59	এই কায়দায় জন্মায়
9b914d005f	adf01	প্রাণীটিতে তার নিজ আবাসে
9b92042f0f	ee4ad	পাঁচী হাটের বাহিরে বসিয়া
9b92647c08	d1a48	অং সানের সম্পাদিত পত্রিকায়
9b935df9d9	c3cb3	বেহুলার মতো চিনি
9b93bf29dd	f837a	লোভনীয় আবেদন রেখেছেন
9b94135db9	dae88	তিনি উপলব্ধি করেছিলেন
9b948ea0ff	c4973	জাতীয় অলিম্পিক কমিটি
9b94acd865	8406e	অর্থের লোভে
9b94d434c9	ce629	আগে থেকেই
9b963724a3	b8bdd	এসব নিয়েই তো
9b96745385	c173f	একটি কারণ হতে পারে
9b968a8f12	2556b	ধকল কাটাতে
9b97f78b89	dae88	যাবতীয় বিল-টিলও
9b98ff1184	68ab7	এর সঙ্গে আবার যুক্ত রয়েছে
9b9922232e	e43d4	এদের মধ্যে পুত্র রবিরঞ্জন
9b9978cb80	e6752	উভয়পক্ষের সম্মতিতে
9b9996bc21	6e8cb	পূর্বাঞ্চলীয় উত্তর আমেরিকা
9b99eb517e	1279e	মানিকগঞ্জে বিক্ষোভ মিছিল
9b9a2766ad	536d9	আহত শিশু
9b9a5ade92	ab946	এখানে এসে শঙ্কর
9b9a7b5e75	404ee	৩০ হাজারে এসে ঠেকেছে
9b9a86902b	0d8c1	প্রশিক্ষণ ও কর্মশালা
9b9b1a2dc8	95907	মূলত এ ঘটনার পরই
9b9b4938c3	e00db	সত্যিকারের সাহিত্য
9b9ba4716d	7b900	আমরা প্রতিনিয়ত দেখতে পাই
9b9bd1723b	0bace	বড়ই দুঃখিত ছিল
9b9c5f308f	ac904	কোনও সাড়া নেই মা’র
9b9c65e9a1	46da4	তাঁবুর মধ্যে ঢুকল
9b9c7957bc	0d9f1	লড়াইরত ঝাঙ্গভি জানিয়েছে
9b9cb16ada	d711f	পরিশুদ্ধ করে
9b9ce7b66c	57d54	পার্শ্ববর্তী দেশ ভারতেও
9b9eaab3a1	5e80b	সরে দাঁড়িয়েছেন
9b9f1ca30e	d2294	সেখান থেকে চলে যান যুক্তরাজ্যে
9b9f566d1a	fcc89	তাদের মনে হয়েছে
9ba071b00a	ef4f8	নোয়াখালী
9ba11168ea	84145	আর দিনকতক এইভাবে চললে
9ba113ec5b	ad2a0	বিশ্বাসী লৌকিকে, ইহলৌকিকে
9ba156bd70	5dec6	মাইন্ড করেননি তো ভদ্রলোক
9ba176d291	29bab	তা ধামাচাপা দেয়ার জন্য
9ba17cd9e6	60f77	ঈশ্বর জ্ঞানের
9ba25ea9a4	1a2a1	সুব্রত রায়
9ba2f5fa22	e68af	তাদের আর কোনো দিন
9ba359c6dd	8a46d	তুলে ধরতে
9ba3cea7cc	ea5be	ফটোকপি
9ba45740bd	5b13f	কাঞ্চনজঙ্ঘা
9ba476d396	17ca1	বাংলাদেশের খরস্রোতা
9ba5c4c757	2de86	বন্ধ হয়ে যাওয়ার বিষয়টি
9ba64c48b0	72649	দুজনেই চিত্রকর
9ba7454c71	4a918	হাজার হাজার শিশু
9ba74f4e9f	7b900	পুলিশ বাধা দিতে গেলে
9ba773d637	9e923	প্রমাণ পাওয়া গেছে
9ba7d705ef	a1201	এখন তুমি সব বয়ে নাও
9ba80e7c85	56508	মেয়ে খুব সাবধানে
9ba8d4399c	7898e	ক্রেতাদের
9ba900e685	9c8dd	মাছের ছবি
9ba9655d2f	28dfc	আন্দোলনকারীদের ভাষায় হতাশাজনক
9ba9876059	bbb22	অপেক্ষায়
9baa1029c4	08458	২০১১ সালের
9baa1d6d77	7df87	শেষ হতে যাচ্ছে
9baa2e5e6f	509f6	ঘুরে দেখেছেন
9baa5181ac	43fc0	মাথার কাছে বসে থাকে মা
9baa94b632	fd880	প্রেমে ব্যর্থ হয়ে
9babf70439	aa820	বৃহস্পতিবার সকাল ১০টায়
9bac025128	c173f	নিয়ে আসেন
9bac7be811	1e7c6	তদন্ত কর্মকর্তার প্রতিবেদন অনুযায়ী
9bad63d17e	3bea8	এক্ষেত্রেও রপ্তানি
9bad87b2d9	33814	তবে হত্যাকান্ডের কারণ সম্পর্কে
9bae1c4df1	dec2d	সারা বিশ্বে এক নম্বর
9bae73f09c	75626	তখন চুপে চাপে গেল
9bae9e5657	21e54	বৃষ্টিতে ভেজা
9bafe0bf25	54e68	অবৈধ ঘোষণা করেছেন
9bb0da230c	e754e	আমি এককভাবে নির্বাচন করবো
9bb0fe5aa3	68ab7	তুমি আমাকে গঙ্গায় নিয়ে ফেলবে
9bb11b060d	c463d	ভাতের বাসন
9bb14448a7	22096	অনেক যুদ্ধ করতে হয়েছিল
9bb164a4a9	577fa	মেসি ও নেইমার
9bb1f0ae5e	6e6fa	কপর্দকশূন্য বাপের পক্ষে
9bb2159d4f	aa820	কাফরুলের একটি চায়ের দোকানে বসে
9bb3233258	dae88	চিকিৎসা সেবার পাশাপাশি
9bb3585d76	71522	মা-বাবাকে আমি বলিনি
9bb3adb7a5	7b60a	দুদিন ধরে তার বাড়িতে আবার কেরোসিন দিয়ে রান্না হচ্ছে।
9bb4f9821f	16cfb	ইন্দোনেশিয়ার পোশাক কারখানাগুলো বড়জোর দোতলা।
9bb4ff19dd	4f2ae	ঘাটে মাঠে ক্ষেতে
9bb52185ef	323f1	বিদায়ী অনুষ্ঠানে
9bb58520ac	29d44	প্রথম যে ভাষাবিদ
9bb5c9f17d	8c07c	উইকিপিডিয়া
9bb5d150d3	ca831	গৃহবধূরা হলেন
9bb622095f	fcc89	তার ব্লগে দাবি করেছে
9bb6824418	2840e	পরিচালনার প্রস্তুতি সম্পন্ন হয়েছে
9bb7115808	4c555	উইকিপিডিয়া কি
9bb714a7f4	11bd2	গত বছরের ৯ই ডিসেম্বর
9bb77806f0	b7be9	বর্তমানে তারা জেল হাজতে
9bb9b6be00	49d63	কতোখানি প্রভাবিত করেছে
9bbb05fe03	21e54	আধুনিক কোনো রাষ্ট্র
9bbc14c403	92f59	সেটিই এককালে হয়ে উঠল
9bbc854612	ea5be	তাদের আছে
9bbcb07261	086dd	চলে যেতে হবে
9bbcdce68e	07660	এক অদ্ভুত ব্যাপার হলো
9bbd641364	ad98d	রাজউক কলেজ
9bbe042231	e3f89	প্রায় অর্ধেকই ছিল অনুবাদের বই
9bbe260562	76329	নাম নিয়ে
9bbe49d9e5	66b3c	ভালবাসার এসএমএস
9bbe5ba8f3	bd576	পাচার
9bbe7701d1	56508	বিয়ার পানের সামর্থ্য না থাকায়
9bbe8dc631	d71a3	গাংনী উপজেলার
9bbebff7c3	3ec4d	কবিতার পাশাপাশি লিখে থাকেন
9bbed39682	9d398	জুতাগুলা লইয়া এইখানে দাঁড়া
9bbf53a4ae	2d78f	সাফ জানিয়ে দেন
9bbfd19f6c	2de86	শানে নজুল, পরম্পরা ও কার্যকারণ
9bc04eac0b	28bb3	কথা বলেন শাহিদ
9bc100f302	745b7	বলা হয় তাঁকে
9bc13d338a	4f2ae	বেঁচে থাকতে পারে
9bc16fdfa7	06e62	তদন্ত শেষ হয়েছে
9bc1c4808b	4486f	যেমন খণ্ডিত হয়ে যায়
9bc1dd6c67	c0d65	রোববার পর্ব সমাপনী পরীক্ষা চলাকালে
9bc20b6cb9	bbb22	টেলিভিশনে দেয়া এক বিবৃতিতে
9bc25d4cf7	1279e	তৎকালীন প্রধানমন্ত্রী
9bc2fd67ec	f0f95	তাকে হাতেনাতে আটক করে
9bc32e9fff	ca831	মনকে কিছুতেই প্রেম থেকে
9bc3744ab1	ca831	যেখানে যুক্তরাষ্ট্র
9bc39a4fc0	698ff	সর্বোচ্চ ৪০ হাজার টাকা
9bc3ab06fa	2b883	কিছুদিন মাত্র এ অনুরোধ
9bc4545fdc	b8bba	কথা বলে থাকে
9bc458e0ce	46d49	আলোটা না নিভিয়ে দিলে
9bc47523f1	42898	প্রচণ্ডতা, ভয়ংকরতা
9bc583f25d	60b9d	বাংলাদেশের দুর্নীতি দমন কমিশন
9bc5d422dd	14d25	যে সমস্ত প্রতিষ্ঠান
9bc5fc2bff	b8bf0	তেজগাঁও কলেজ
9bc609fc29	ce775	পুরনো হলেও
9bc64b5a83	0a87a	শিশুদের রক্ষার জন্য
9bc66e8ad3	ea5be	তারা নামাজও পড়ে
9bc68d5c85	46da4	ধর্ম কী
9bc6b24134	9065c	এদিকে সমালোচকেরা বলছেন এই পদক্ষেপ অস্ত্রের কালো বাজারে কোন হেরফের ঘটাবে না।
9bc6c0a98b	cd3ac	এক রকম পুনর্জন্ম
9bc74942d0	fbb81	জাতীয় চেতনা
9bc77dd2b0	c41d8	আব্রাহাম লিংকন
9bc8345fb8	54cdd	সেই নির্বাচনে একক সংখ্যাগরিষ্ঠতা
9bc8937f09	37d7e	এই গ্রন্থের মূল্যবান দলিল
9bc90eaad8	f0f95	খেলার রাজা ক্রিকেট
9bc9d5a93f	2ac82	ঘুরিয়ে দেয়
9bca6627e1	6b437	অধ্যাদেশজারির পর
9bca76cb13	aabe7	ইউরোপীয় ইউনিয়ন মস্কোর ওপর
9bcaa959c6	3bea8	কী যে বলেন, বশীর ভাই
9bcae17367	6ab59	জানুয়ারির ২৫ তারিখের
9bcaeb72e5	410fa	শিউরে উঠল
9bcb29bd3e	3fce2	প্রয়োজন মনে করে না চৈতালি
9bcb5b3318	91223	ফকির আলমগির তাই গণসংগীতকে
9bcbc49297	ea8fa	তার তাকে প্রত্যাখ্যান করেছে
9bcbc5df54	903fa	সেটারই প্রতিধ্বনি শোনা গেল
9bcc30772d	93d3b	নিজেদের বোধোদয়
9bcc802dc3	2aecc	সুলতান মাহমুদ
9bccd13f5a	b9122	রাজনীতিতে আসেন জয়ললিতা
9bcddf614a	cfc65	ভোজ্যতেলের দাম বেড়েছে
9bce32d918	8845d	জীবনযাত্রার ব্যয় বেড়ে যাওয়ায়
9bcea3a22a	1a4a9	এধরনের অপতৎপরতা
9bcf47da88	3ec4d	সুচিত্রা সেনের ছবি
9bcf4b92ec	28bb3	আমাকে বাঁচিয়ে রাখবে
9bcf63665b	7e1d5	পাইকারী ক্রেতারা
9bd031e25e	c3cca	এখানে বিশেষ মেলে না
9bd040cf72	8b859	এদের মধ্য হতেই আসছে
9bd0860f36	e89bb	তা শুধু আমি না
9bd09cae9c	25117	রাতে তিনি
9bd0eb0c0d	ee7b2	নির্দিষ্ট কিছু এলাকায়
9bd1434615	c7705	ইহার একটি অপূর্ব উদাহরণ
9bd18c0ba7	8c120	যেটা বাংলাদেশ ও ভারত থেকে
9bd1abdb93	5354e	প্রথম কোন মন্তব্য করলেন
9bd1b32ffb	ee852	বাবার কথা বিশ্বাস হয় না
9bd1cc7dd9	ef4f8	তার চেয়ে প্রচার অনেক বেশি
9bd208b55f	8845d	অমর প্রেমের নিদর্শন
9bd32a0ccb	80539	গান করছেন
9bd33632b3	1e7c7	২০১২ সালের ২৯ অক্টোবর
9bd341f496	0d8c1	হাটের দিন
9bd38db529	4a67e	চুক্তিতে মানবিক সাহায্যের অনুমোদন দেয়াসহ একটি অন্তর্বর্তীকালীন সরকার গঠনের বিষয়েও দুই পক্ষ সম্মত হয়েছে।
9bd42f48d9	65652	সে সম্পর্কে কোন ব্যাখ্যা
9bd43606e5	37e17	বেশ সময় লাগবে
9bd50a2e0f	7898e	বেলাল খানের সুরে
9bd557736c	07660	আশরাফুলকে সম্পূর্ণ ক্ষমা
9bd5690e01	0b7ca	মঙ্গলবার দুপুরের পর
9bd56b8236	b08d0	এসে শিখাকে ডাকলেন
9bd573afd2	14d25	এক লাইনে
9bd5761bcb	1de6c	বিজেপির মুখপাত্র রবিশংকর প্রসাদ
9bd5c534bb	ee886	গানের শো আছে
9bd5c7aad0	c463d	মেয়ে বোবা
9bd5e816f3	c0965	রাজধানীর বায়তুল মোকাররমের সামনে
9bd60ba7e0	a3a6d	তৈমুর শাহবাজের
9bd6354f04	e3f89	গৌরবের সেসব ঘটনা
9bd6556b86	09f0d	এখন, এই দিন, একটা
9bd6860cf7	06736	নেতা-কর্মীদের পাশাপাশি
9bd743468f	1e7c6	পরী
9bd7e7974d	6da0a	এবার ক্লাবের সংখ্যা
9bd80094a9	fd880	লেখার বিষয়
9bd8073007	d2294	তা ব্রহ্মপুত্র নামে
9bd86dfad6	d8c80	গত ৩০ জানুয়ারি
9bd901eed1	4bd2c	জাতীয় বিশ্ববিদ্যালয় থেকে
9bd945a38a	404ee	যে মানুষ সেই মানুষই
9bd9a27310	fcc89	শরীর চর্চা
9bd9b8512b	2fc12	ভাত
9bda265fd4	adf01	লঞ্চ উদ্ধারের চেষ্টা
9bdad4f88f	15a75	বিজেপির মধ্য থেকে
9bdb757910	fb4cb	তখন তার বয়স ছিল ১৫
9bdbdc8cce	a1d4a	ভাইস চেয়ারম্যান পদে
9bdc4599b1	bdd05	বর্ষা এখানকার প্রধান ঋতু
9bdc7cb608	b618b	মাখানো ময়দা
9bdc9d85a9	c958a	তাঁহার আলোচনা সূত্রে
9bdcb01cf5	fdcba	নমঃশূদ্ররা বর্ণ-হিন্দুদের
9bdcd98ebd	43199	অন্যান্য বিষয় বাংলা পাঠ
9bde26a072	80518	সদর উপজেলার মুরাদপুর গ্রাম
9bde30d777	3fb17	শেখ মুজিবকে সপরিবারে হত্যার ঘটনার
9bde3e0c2a	9282d	সরে দাঁড়িয়েছেন
9bde7ca5a4	fdcba	সিরিজ দিয়ে
9bded2334f	52f27	বোঝাবে কে
9bdf2570cc	5354e	চলচ্চিত্র ও টিভি অনুষ্ঠানকে
9bdf7f0aba	92bd8	কে তৈরী করেন
9bdfcd0b8e	932bb	উজিরপুর উপজেলা
9bdfdf9768	ff970	ও গবেষক আলবার্তো মাঙ্গোয়েলের মতে
9be055c483	b8bf0	চাঁপাইনবাবগঞ্জের একজন বাসিন্দা
9be0a5a6bc	09b32	এই পুরস্কার প্রদান করা হয়
9be1aa08ac	68ab7	পানিতে বেসন গুলিয়ে
9be28435c0	ef4f8	সি প্রোগ্রামিং
9be2c5e221	e9fa7	পুরুষের জন্য তরবারি
9be2d52bc6	dba43	লেখাটির দিকে ও
9be3f7e809	b8ed8	বাবা লাফিয়ে বিছানা ছাড়েন
9be438555f	ce180	বিপদে পড়তে বাধ্য
9be450bc36	2909b	মহিলাদের জন্য কাজ করার
9be4a24c6f	2f547	কিংবা বন্দী অবস্থায় আছে
9be52d359e	9e923	অদ্বৈত বেদান্তের প্রসারে
9be5f458ac	a1201	২০১২ সাল থেকে
9be6024e08	b618b	আমরা আমাদের বার্তা নিয়ে
9be60faec9	65e30	১৫ লাখের মতো
9be64a0cbe	13b70	ঘোষণা করা হয়
9be6631b9d	92bb2	গোর্খা লিগের
9be668545b	fd880	সকলে ‘ঠাকুর এসেছেন’ বলে
9be6a5478d	bd576	মূল উচ্চারণ হল
9be7dbb5bf	4fc91	মেম আজকে কোনো
9be867f638	e00db	একটা পাল্টা জবাব
9be8688785	195f7	কবি জসিম উদ্দিন
9be8ae8287	4ea73	এশীয় উন্নয়ন ব্যাংক বা এডিবি
9be8b75d43	92bd8	শাহাবুদ্দিন তার জবানবন্দিতে
9be956b4db	66b3c	আমাজন কেনো এতো সবুজ
9be9bfe525	7c272	রোববার ঢাকায়
9bea17c38f	a43b5	দুঃখ-কষ্ট-যন্ত্রণা
9bea9f954f	43fc0	অন্যান্য অণুজীবের বিরুদ্ধে
9beb55a08a	e68af	কার্টুন যদি চলে
9bed643e88	64092	ইরানের পারমাণবিক কর্মসূচিকে
9bedf69f86	7df87	পিয়া
9bee06016f	1652d	তার কার্যালয়ে
9bee0bf423	ff1c3	তথাপি তাঁহাকে আমাদের পূজিতা দুর্গা
9bee15b560	c11b1	মনের কষ্ট
9bee8edcc6	f0f95	ফটোগ্রাফি এবং চলচ্চিত্রের প্রতি
9beec2e462	79b06	বিমানের যাত্রীদের
9beedbbb3e	52f27	অগ্নিসংযোগ, খুন ও লুটতরাজের
9beefdf1f9	4237e	বাসের অন্য আরোহীরা
9befe7d61e	65e30	চলচ্চিত্রটির কয়েকটি দৃশ্য নিয়ে
9bf00019c7	95907	কেবল “আ” খাতুন
9bf00ac48e	4164f	তোমার পত্রিকাই ছাপা হবে না
9bf00c549f	58998	পড়তে বসতে বলেন না
9bf04b4b40	c11b1	প্রেসিডেন্ট ওবামা
9bf06a04db	730c3	এসব গানের বিষয় নিয়ে
9bf06a2ed1	0e637	গরাদহীন ফরাসি জানালা দিয়ে
9bf095d975	f600a	তারকা
9bf10423c0	f658d	আমাদের কোনো ভাষা নেই
9bf12b8d1e	c5479	প্রত্যেক পুলিশ সদস্যের
9bf1adf3c0	28bb3	দেশের অধিকাংশ পত্রিকায়
9bf1b8fd6e	d71a3	বিস্ফোরিত হয়ে
9bf2030946	c6848	প্রথম ম্যাচে ১০৪ রানে সফরকারি দলটিকে হারায় বাংলাদেশ।
9bf3f2223a	09f0d	অলিম্পিকের ইতিহাসে
9bf4057644	86b1b	মাত্র ২১ হাজার ৯০৭ টাকায়
9bf44bc8d1	3fae0	সাধারণ গ্রাহকদের
9bf454a41a	21e54	চাকরির প্রথম ধাপে
9bf49b257b	d8c80	মাঝে মাঝে
9bf4ce4912	0895a	অবশ্যই চেনা রম্য নয়
9bf5689f86	9351a	পঁচিশ টাকা নিয়েছিল
9bf5730f68	cd3ac	হাসনাইন নিহত হয়েছেন
9bf5fcdac9	bc81e	বাঁ হাতে চামচ তুলে নিয়ে
9bf66c8f08	d3e06	শেষে কৃষ্ণকেই অভিসম্পাত করিলেন
9bf66e2b00	0744c	শুরু করার কথা রয়েছে
9bf6a7564f	33814	করার এই প্রবণতা
9bf6f97f01	24f73	রাশি নাটক
9bf70bc106	3f493	উপস্থিত হতে হয়
9bf70d0b39	d41be	ফেরি চলাচল বন্ধ থাক
9bf78ac338	315e9	বেশ রাগ
9bf85c3cc9	d7a68	ময়মনসিংহ ইঞ্জিনিয়ারিং কলেজ
9bf8622ecc	39293	স্প্রাইট বা সিরাপ ব্রাশ করে
9bf8d7475e	93080	ফেলু মামাও সরে যাচ্ছেন
9bf8e337b2	4237e	ই-সিগারেট যুক্তরাজ্যে
9bf8f54ff8	08458	তল্লাশি চালিয়েছে
9bf9626014	18460	বিয়ের ক্ষণ গোনাতেও
9bf9c0154b	420df	৩৫ একর জায়গায়
9bf9c2ad99	9f25e	প্রাককথন পণ্ডিত যশরাজ
9bf9f48d55	8632b	বর্তমানে চলচ্চিত্র থেকে নির্বাসিত
9bf9f8868c	dfefa	হ্যাচারী ও খামার আছে
9bf9ff8e34	16cfb	বিশ্বজিৎ দাসের উপর হামলাকারীরা সবাই
9bfb237e9a	bfac7	তবে ফিরবাম
9bfb793c06	4a918	একাত্তর ও তার যুদ্ধোত্তর ফয়েজ
9bfbe998ab	92f59	সে হাতি লইয়া ফা- চলিয়াছে
9bfc6c3d7c	d2d71	পতাকা উত্তোলনের পরে
9bfca93743	d1a48	মাহমুদউল্লাহ রিয়াদকে
9bfce39916	91b16	বন্ধুরা মাদক নিচ্ছে
9bfdd7b57e	23b22	রামপুরা সেতুর উত্তর-পূর্ব পাশে
9bfe0552fb	ad69a	পাকিস্তান ৪৪তম
9bfe26f4d0	ee4ad	ভালোবাসার স্বপ্নকন্যা
9bfe4a1e21	da6f0	এখন পর্যন্ত মন্ত্রণালয়
9bfeaaa641	cb627	এগুলো খনন করা
9bfeea73d8	79b06	ব্যাংক পরিচালনা
9bff1c1352	aa820	থেকে শুরু হওয়া
9bff28a48a	43b04	টালিউড
9bff469f86	d2faf	সম্মানসূচক ডক্টরেট ডিগ্রি তুলে দেন
9bff4b8920	7d133	স্থানীয়দের সমর্থনও পেয়েছিলেন
9bfffffbc9	35ef3	দেশের জনসংখ্যা
