9e00c745c7	509f6	তাজা রক্ত
9e00f664c4	1c618	এ ধরনের পদক্ষেপ
9e018dab46	ad98d	সমস্যা থাকলে
9e019ab0e4	7027a	সম্মান করতে না শেখে
9e021107f2	29d44	এই তিন পুরাণ সম্বন্ধে
9e021d86ca	d5f7b	তিনি ওই সময়
9e02331edb	53396	মা আশা করেছিলেন
9e02d1e1c9	3bea8	বাড়তি আয়ের ধান্দা
9e0310e715	8c07c	এই চুক্তি সই করার ফলে
9e03a3c3a6	2695f	ঐশ্বর্যের মাঝে দেখ
9e03f26496	e55de	কী লিখছে
9e0405a797	52f27	ইসির উপ সচিব
9e044a0641	745b7	ওমর খৈয়ামের
9e046402aa	0744c	ঝাঁ করে উড়ে এসে
9e04652f4c	6d129	আদাবাটা ১ টেবিল চামচ
9e0470a55f	ce775	তোমাদেরি হারাধন
9e048d639a	85430	তেল-গ্যাস-কয়লা প্রভৃতি
9e04b92e86	15a75	লেখালেখি বন্ধ করার
9e04bb0916	ce180	খালিদ হাসান মিলু
9e04c325b9	59c73	দিলীপ কুমারের মতো
9e050072d9	ee852	তখন কি আর বুঝেছি কেন
9e05d81e00	9d46f	পূর্বনাম লোয়ার সার্কুলার রোড
9e064207d3	ac904	গণশুনানি করবে বলে জানা গেছে
9e06a7448e	ea5be	৪৯ হাজার ৯৯৬ জন
9e06ceda50	8845d	অ্যাকনকাগুয়া পর্বত
9e07213197	ee886	কুড়িটা টাকা দিলাম ভদ্রলোককে
9e0743e400	cfc65	৮ পয়েন্ট নিয়ে
9e0768654c	e6203	তিনি পেয়েছেন
9e07a9a219	e6203	প্রদর্শনীটি চলবে
9e08715415	c41d8	এর কার্যক্রম শুরু হয়
9e08d92c7a	c41d8	ককটেল বিস্ফোরণ ঘটানো হয়েছে
9e08f58721	7aed9	সেখানে সংরক্ষিত ছিল
9e09b63688	10a9f	এমন ভাগ্য থাকবে
9e09fdddc7	c3cb3	নানা গ্রন্থ ও দলিলের
9e0a1369ec	388c9	তিনি পরখ করে দেখতে চেয়েছেন
9e0a7e92ef	2556b	প্রয়োজন অনুসারে
9e0b164dd8	22096	অগণিত ছাত্র আর ভক্তকুলের বোধে
9e0c136f64	54e68	এমন আফসোস শুধু
9e0c1da1d2	7d133	আবদুল্লাহ আবু সায়ীদ
9e0c462f77	a06a1	নাম রয়েছে অঞ্জুলি টেন্ডুলকার
9e0cb72a75	c11b1	ছিটিয়ে দেন লোকসভায়
9e0ccb647c	420df	নায়ক মান্না
9e0ccf7836	79b06	কিউবমাস্টার হল স্মার্টফোন নিয়ন্ত্রিত একধরনের রোবট, যা রুবিকস কিউব মেলাতে পারদর্শী।
9e0d508b74	2ad74	মাসুদুর রহমান
9e0d6d6374	47e8d	১৯৬০ দশকের
9e0dc6ce02	e6e48	কমে যাবে ফলন
9e0e1e5a7b	520fb	বুধবার ভোর রাতে
9e0ecc90c9	83c53	আমাদানি পণ্যও
9e0ed2a5f5	01e91	সম্মিলিত সামরিক হাসপাতালে
9e0ee452e4	3ec4d	সময়টা ভালো যাচ্ছে না
9e0f6d40ba	ac904	তৈরি মঠের দেয়াল
9e0fb86d69	38d3a	তাদের হাতেই খুন হলেন
9e1087bccf	4dd57	অগ্নি মাধ্যমকে
9e1115e91a	b2a62	পাঠকদের জন্য
9e11339cdf	e6752	যুক্তরাষ্ট্রের পররাষ্ট্র বিভাগ
9e1146b6b0	4fbd1	রোমাঞ্চকর চলচ্চিত্র
9e1193252b	7df87	জাতীয় পুরস্কার অর্জন করেন
9e11b3da1e	903fa	জীবদ্দশার মধ্যবর্তী
9e11e6cab8	1a4a9	হুকুম
9e120be6a6	efc0d	স্থানীয় একটি সংবাদপত্রে
9e126d8182	39293	কার্বন ডাই অক্সাইড
9e127f30aa	0edef	এডিসি সাহেব
9e1307a248	93d3b	চলতি বছর মে মাসে
9e1345611c	80518	দিন চলে যায়
9e13e55113	6fb36	শারীরিক গঠন
9e13fdf83f	da6f0	অজ্ঞেয়বাদ, নাস্তিকতাবাদ
9e1422bf3e	5dd61	সকাল ৮টা থেকে ৯টার মধ্যে
9e148cbc37	1e7c7	প্লিজ এই আসছি
9e149f4330	c463d	গত কয়েক বছরের তুলনায়
9e14acbd5b	12702	সেটি অতি গুরুতর কথা
9e14e46d0b	e3f89	সেগুলো বাস্তবায়নের
9e14ea9b14	c0d65	তার এ সাফল্য
9e15a0212c	91ac1	এই প্রেম-কাহিনী
9e15cc3eb9	f2b7d	আমরাতো কারো
9e1678c2fc	e9589	পাকিস্তানের সাংবাদিক
9e167b0090	e31e7	তিনি বোর্ডের
9e16b4312b	274ee	স্থূলতার হার
9e17774200	d1b12	তবে কাজালের মা মানাল জানান
9e17a0819b	1652d	মুক্তি পেলে
9e17a567fa	1de6c	আর কিছু নয়
9e17a8fc01	16877	শত শত পুলিশে ভরা ছিলো
9e185ff325	e2c11	নায়ক জিত
9e1866692b	2ee04	আবু হানিফ নামের
9e18796eac	ad69a	ও প্রেস ক্লাব চত্বরসহ
9e1916136e	08458	ধীরে ধীরে দেশপ্রেমে
9e1955c9a9	fda1a	শুয়োরের মত
9e19561d41	1de6c	যুদ্ধ থামার কোন লক্ষণ
9e1961d1db	e03fc	পরিদর্শনের সময়
9e1a791683	2556b	নির্বাচন না হওয়ায়
9e1a89ce9a	e9fa7	অশান্তির মূলে
9e1a8b9e28	590d0	জিভে চাটছি
9e1ba8c563	92bd8	বাংলাদেশকে
9e1c98b29f	66b3c	এজন্য তাহারা অতিব্যস্তে
9e1c991fd0	e43d4	নেদারল্যান্ডের ভ্রিজে ইউনিভার্সিটির
9e1ca3a734	ff1c3	আরো জোরদার হবে
9e1cb7c341	0e637	অনেকগুলো গাড়ি
9e1ccd922d	ef915	যা অস্বীকার করেছে
9e1d2f9ed9	92bb2	রানওয়ে প্রদর্শনের সময়
9e1d32bdf7	dafb6	জনগণের সরাসরি ভোটে
9e1d863b0d	a1201	দিনের কাজের শুরুতেই
9e1e4d769d	d9817	এক ভিন্ন কাহিনি
9e1eda4c91	ef4f8	প্রয়োজন ছিল
9e1f172c6a	ee994	মানবজমিন
9e1f1b660a	ab946	মোট ৭০ হাজার ৯২ জন
9e1f79caf3	b8bdd	হরতালে নৈতিকভাবে
9e1fb584a6	cfc65	চাঞ্চল্যকর এ হত্যা মামলায়
9e20338fb3	ee994	যেন এটি দূরের
9e205f7df0	b52ab	বরং কিছু লোক অল্পদিনেই
9e20d3535b	b78ec	জানুয়ারির ২৫ তারিখের সেনা অভ্যুত্থানে পুরনো শাসনামল আবার ফিরে এসেছে।
9e20e02265	29bab	কাজটি যেন তাঁর সহজাত
9e21042914	dec2d	শিগগিরই একটা ভালো
9e21521c17	95907	আবার বাঁচিয়ে দিলেন কেন
9e21eb90d4	4ea73	এনে ফেলেছিল এই কাল
9e21ff5cd6	ce775	তাঁর জন্ম হয়নি
9e2203c4a9	98b81	দলিলপত্রাদি সংরক্ষণ ও প্রদর্শন
9e220e0b69	e00db	লবণ-হলুদ মাখিয়ে
9e224e50ad	9065c	ডক্টরেট ডিগ্রিধারী ছিলেন না
9e22bc4465	a1201	বেশি উদ্বিগ্ন
9e232ab28b	4c1eb	রান্নার হাঁড়িতে
9e233ce7e1	7e191	ইচ্ছে ছিলো
9e234a63f3	4a67e	গুলি করতে ভুলে গেল
9e234f4ed8	b8ed8	যে ইগো নিয়ে
9e2364839c	cc9fd	ভেবে ঠিক পায় না
9e238cb0d8	f29bf	এবং নাম না জানা
9e23a44239	086dd	নিয়োগ দেয়া হবে
9e23a71704	f6e55	নির্দিষ্ট করা আছে
9e241cc970	60f77	ইরাকের বর্তমান নাজুক নিরাপত্তা পরিস্থিতিতে
9e24412801	4e900	বেশি আসত
9e246abbc6	4c1eb	যদি নতুন কোন অস্ত্র
9e261f1926	73629	যত দূরে থাকা যায়
9e2786d97b	9092b	শুধু কয়েকটি চরিত্রের বিকাশ নয়
9e2823e28e	e6752	খুশি প্রতিরোধের জন্য প্রয়োজন
9e283d8a49	11de3	ভাগ্যে জুটবে ৯৭টি আসন
9e2851f5c2	7f2ef	রমরমা শিল্প এখন
9e28ac8020	491a5	আত্মনির্ভর ছাড়িয়া
9e290692b1	1f733	খেতে আসে উৎসুক মানুষ
9e295442f4	bfac7	স্বদেশ চিন্তার শিল্পসফল সমন্বয়ে ঋদ্ধ
9e2a25592b	fb4cb	ফলে ব্যাহত হচ্ছে
9e2a3cb509	ac904	আছি আমরা
9e2a83b791	1a4a9	মুছে ফেলে অনেককেই
9e2ab3adcb	2909b	কিছূই ঘটেনি তা নয়
9e2ac1e1b2	7ec1c	ড্রেস
9e2b9f2827	29d44	একটি গেম কর্নার
9e2ba6839b	28dfc	অ্যাসিটিক অ্যাসিডের নাইট্রেট
9e2bb465b5	2c9c5	নিয়োগ দেয়া হচ্ছে গোয়েন্দা
9e2bcb35ba	b8ed8	তৈরি পোশাক সেক্টরে ক্ষতি হয়
9e2c5087cf	8143b	ব্রিটিশ ও উপনিবেশবাদের
9e2c5b3198	2556b	ইউক্রেইনের বিধিসম্মত
9e2ca59998	28bb3	যুক্তি উপস্থাপনের পর
9e2d0720b8	616ec	তারা ভীষণ সৌভাগ্যবান
9e2d34bd94	3ec4d	অনশন কর্মসূচি
9e2e3813f5	d7a68	তাকে নিয়ে সিলেট
9e2e4ec6b1	7b900	সমাজের বেশ গভীরে
9e2e7708a3	c958a	জানালার দিকে
9e2e8c947d	6c6bf	সাহিত্য সচিব হিসেবে
9e2e9de69f	44322	অথচ এই সময়ে গাছপালা
9e2eaabe02	2bd99	তা ছাড়া একেবারে নিজস্ব ভঙ্গিতে
9e2ec170df	767ff	আত্মসাতের অভিযোগে
9e2ef58f88	cf82a	লিমনের চোখজোড়া
9e2f9d1c6b	b8ed8	রফিকুল ইসলাম আরজুর সভাপতিত্বে
9e2fbad2e0	a46e2	৯ই সেপ্টেম্বর, ১৮৮২
9e2fdf85de	61820	বাজার থেকে
9e30aa80db	1de6c	শিশুটিকে পেয়ে
9e30ca7e3c	ea8fa	কিছু না কিছু পরিমাণে
9e30f7b24c	aab0f	ছোটপর্দাতে আর
9e312aa911	92bd8	ঝুঁকিও তৈরি হচ্ছে
9e3151723b	323f1	পরিস্থিতি নিয়ন্ত্রনে
9e31652a29	7f2ef	এমনটাই পাওয়া গেছে
9e32447482	03284	চারুকলাকে পেশা হিসাবে নেয়ার অব্স্থা
9e3285ba35	66dcd	দেবযানী খোবরাগাড়ের সাবেক গৃহকর্মী
9e328fac34	287bd	কিন্তু গীতা এমনই দুরূহ গ্রন্থ
9e32a15ac9	fbb81	চাকর-বাকরদের মধ্যেও পড়েছে
9e32f9d4cc	ff1eb	লোক বাঁচে না
9e33660c59	0d8c1	ও আমার দেশের মাটি
9e3384b7fb	f1ff2	অপরাজিতই থেকে যান
9e338bd4a4	3fce2	কোন ঘনবসতিপূর্ণ এলাকায় পড়লে
9e346ec443	13b6a	কালিদাসবাবু বলিয়াছিলেন
9e3544a1a6	db181	মোহাম্মদপুর টাউন হলের কাছেই
9e356bf6f8	9f25e	একদম পরিষ্কার, গন্ধহীন
9e3655b0d5	6d129	তিনি পরিচিত ছিলেন
9e36596c44	3d17c	নিহত হয়েছেন
9e3733c7fc	2ad74	বছর দুয়েক আগে
9e37621394	f143a	তবে উভয় পক্ষের মধ্যে
9e37958372	5cb47	যেন সমর পাল রচনা করেছেন
9e37d54ac9	c2082	আলম বয়াতি বলেন
9e37fd1c80	f2780	আইজিএন একটি মার্কিন ওয়েবসাইট
9e3813cc4f	c958a	কংগ্রেস
9e3882236d	e00db	সেই বিএনপি কিসের দল
9e38c6a942	c1e30	আশে পাশের গলিগুলো থেকে
9e38c79dff	cb842	ধীরে ধীরে নেতৃত্ব স্থানীয়
9e38eed499	21e54	কুয়ালালামপুর থেকে
9e38f337e2	a06a1	ফেরদৌস আজিমের কাছে
9e39081973	ea8fa	ঢাকার পুলিশ কমিশনার
9e39189bfd	29bab	দুপুরে ফটিকছড়ি থানার
9e3933337c	24aed	তার সঙ্গে প্রথম আলো
9e39399a78	4fd66	গাঁজা বিক্রি
9e397f9a62	c6848	ডাকাতি করিতে গিয়া
9e39e910ad	92bd8	চোস্ত ইংরেজি
9e39ea1e5e	93d3b	পরিচয় করিয়ে দেন পাঠকদের
9e3a0960b8	13b70	সেন্স অব ভায়োলেন্স
9e3a26ddad	4bede	দৃঢ় সংকল্প আবশ্যক
9e3a37841d	4237e	হয়েই পড়েছিল রাতজাগা
9e3a8c27bf	3bea8	সময় টিভি
9e3aa1bde5	0d4cb	শ্রমিকদের বেতন বাবদ
9e3b2cb48c	29bab	গ্রহ
9e3b3996d3	7df87	সূর্যে বাঁধি বাসাতেও
9e3b578b20	5cb47	সে কথা ললিতা বলিয়াছিল
9e3bd979eb	7b103	কান চলচ্চিত্র
9e3c3f37aa	2396d	স্কুল অ্যান্ড কলেজ থেকে
9e3caa2408	7b900	চাহিদার উপর প্রভাব ফেলে
9e3d247590	6d129	একটা লম্বা সময় জুড়ে
9e3d69c5d0	0696e	আগুনের মধ্যে
9e3de24e0a	03284	কঠোর নিয়ম-নিষ্ঠা
9e3e0e3c6b	315e9	এর মাধ্যমে পুরো প্রক্রিয়ার সাথে
9e3e8afb10	932bb	বাপের বেটা নহেন
9e3e8b2d96	12702	ঐতিহ্যবাহী বাংলাদেশ
9e3ebdca09	590d0	বোঁচকা বাঁধ
9e3ee27aa1	5a61c	এর প্রতিবেদন
9e3f0d4bdb	d2355	মুলত প্রবাসীদের পাঠানো অর্থ
9e3fc102a9	cd3ac	এডলফ হিটলার
9e3fd39ad3	eaa7a	যার সামনে দাড়ালে
9e4062a27b	f143a	একদিন তিনি
9e408c355a	efc0d	হাতবোমা বিস্ফোরিত হয়
9e41124b69	4c555	জুটিবদ্ধ হয়ে
9e420625e2	dafb6	তাঁর ছেলেবেলা কেটেছে
9e421ba930	80539	মুসলিম শাসক নেতৃশ্রেণী
9e421c7f10	fbb81	মেয়েদের ঋতুস্রাবে সমস্যা
9e4235963d	8cf95	সংশ্লিষ্ট বিভাগের কর্মকর্তাদের সঙ্গে
9e424d7167	dec2d	নতুন অস্থি তৈরি করার
9e431ef733	65652	করতে সক্ষম
9e441bd9fa	2aecc	চিনতে পারুম না
9e442e0d5e	0d8c1	মিছিল বের হয়
9e44386878	3fb17	কী রকম বিস্ফোরক হয়ে উঠেছিল
9e44b2c5f7	68549	যদিও কার্ড জালিয়াতির ঘটনা কম, তারপরও তারা এ বিষয়ে নিরাপত্তা বাড়াতে ব্যবস্থা নিচ্ছেন।
9e45bb097f	e9589	সেখান থেকে কয়েকটা বাড়ি
9e45f086f4	e3d8b	পাশেই একটা হোটেল
9e460ac643	35ef3	তা বুঝার জন্য
9e460be2c9	fd880	যুদ্ধবিরতিতে না আসলে
9e4663b9db	24f73	কারচুপির অভিযোগে কয়েকটি উপজেলায় ভোট গ্রহণের মাঝামাঝি সময়ে নির্বাচন বয়কট করেছেন বিএনপি সমর্থিত প্রার্থীরা।
9e467a2ab3	410fa	তর মথন জাউরা পোলারে
9e46965f0a	c0965	সব ক্ষেত্রে অবাধ মেলামেশাই
9e46b28ffd	2c9c5	আমাকে মশলা বাটা মানায় না
9e46b9f286	730c3	অতীত সাফল্য ব্যর্থতার অভিজ্ঞতা
9e46e379e1	cd3ac	নিয়ে গঠিত
9e4720c04e	d1a48	আমি একটা কিছু হইব
9e483976ed	5dec6	ভেবে দেখেন
9e484eb2cd	976b1	তাদেরকে হারানো ছাড়া
9e48e1edeb	f1240	২০৯ দিন ধরে
9e48f79071	60b9d	স্বয়ম্ভর শিল্প ভিত্তি
9e49006e9f	315e9	ভারতের আন্তর্জাতিক উৎসবসহ
9e493d9a2d	cc18a	তিনি দেশের বিভিন্ন স্থানে যাবেন
9e49c7e55f	7898e	ককটেল বিস্ফোরণ ঘটানো হয়েছে
9e4a5603d6	520fb	অনুমোদন দেয়াসহ
9e4a87836a	cb1aa	বাংলামেইলকে জানান
9e4ae1602d	4e900	লেখক কী ভঙ্গিতে
9e4af3fa76	2aecc	মা আশা করেছিলেন
9e4b03dc78	db181	বিজ্ঞানীদের আশঙ্কা
9e4b16ae8a	4237e	মন্ত্রিসভার সদস্যরাও ছিলেন
9e4b41d228	88654	সব ধরনের মামলা প্রত্যাহারসহ
9e4b99a308	bfac7	দাবি করে থাকেন যে
9e4ba8d366	520fb	শেষজনও চলে গেলেই কি
9e4bf32f24	5d12f	দৈববাণী নাজেল হয়নি
9e4bff8a9f	a3a6d	এটা হলো তিলাওয়াতকারীর
9e4c448d4c	cfc65	কেননা, বহু গবেষকই
9e4c5428c8	58998	ইন্ডিয়া ট্যুর
9e4c63ed60	56508	আরকাইভস্-এ সংরক্ষিত
9e4c8041ee	b8bdd	স্থূলতার যোগাযোগের
9e4caeed4b	ba2f6	পরিপূর্ণ একটা জীবন
9e4d30c59d	f600a	এই ধরণের কর্মকাণ্ডে
9e4d6e3321	ce629	রোববার দুপুর ১টার দিকে
9e4de606a8	cfc65	ফোন করার
9e4decd18b	239f7	আমি তাই
9e4dface48	b7be9	শীতলতম ও শুষ্কতম মহাদেশ
9e4e00bda6	b618b	৩৬ মিনিটে
9e4e242067	31f2a	দেশের একজন লোক
9e4e42977d	65e30	ওই মোবাইল ব্যাংকিংয়ে
9e4e6d99e2	92bd8	প্রেসিডেন্ট কেনেডি
9e4f6c2418	7d004	গণতন্ত্রী প্রজাতন্ত্র ব্যবস্থা
9e4f996243	25696	কিংবা হয়তো তাঁকে
9e4faef873	0a7a0	দেবে না
9e4fb0856e	7f71c	অ্যালবামের গানগুলো
9e4fc3e9c1	ab946	দেখা যাচ্ছে
9e4fe3cd71	49d63	বিভিন্ন গণমাধ্যমে প্রচারিত হওয়ায়
9e4ffb9e82	37d7e	শোয় না
9e50419eb8	0633a	ওরা খ্রিস্টান
9e50bf7e4c	086dd	জেলা প্রশাসকের কার্যালয়ে
9e50c229c7	616ec	তাদের দোকান রয়েছে
9e5203d5c6	eaa7a	অর্জন করেন
9e521b7dd5	c6848	দিতে না পারায়
9e52a3c2c2	287bd	বিষয়টা সম্পর্কে
9e52ebe999	80e98	মতিঝিলের বিশাল সমাবেশে কর্মসূচি ঘোষণা করেন হেফাজতে ইসলামের আমির শাহ আহম্মদ শফী।
9e532ec5ad	ee994	গুগলের উদাহরণ দেওয়া যেতে পারে
9e534fe3a8	ff0fe	বর্ণনা করিতে করিতে
9e5398855c	86b1b	রেখা বলে
9e5405eea9	b78ec	আইনশৃঙ্খলা বাহিনীর সহায়তায়
9e540ea8fd	06527	স্টুডিওর বাইরে এত বড় মাপের
9e549a0c44	71522	যশোর সদর উপজেলায়
9e54e677c2	43b04	সেই থেকে পাতকুয়াটির
9e55c6b3b7	e9589	একই বছর প্রকাশিত হয়
9e56621de8	2b883	অপেক্ষা করতে হচ্ছে
9e574b2310	3fae0	কর্ণ
9e57cc857f	c11b1	দূরসম্পর্কের এক আত্মীয়কে ধরে
9e57fbe166	6a35e	জটিল ছবি
9e57ff211b	1279e	মেয়েকে স্কুলে নিয়ে
9e5848c08b	8406e	বেক করুন
9e584f0ae9	6973e	গত দুই বিশ্বকাপের চেয়ে
9e58549bb7	5b13f	সে কি দাদা, খাবে না
9e5858088a	bdd05	বাবা তাদেরই মধ্য থেকে
9e585e7082	49d63	এবং তার ভাইস-প্রেসিডেন্ট
9e58603fe4	2ad74	পেঁয়াজের চাহিদা রয়েছে
9e58875d36	4a67e	বেলা ২টার দিকে
9e58b02ac1	e6203	সুন্নি
9e58b51f34	16e96	নেমে এসেছেন এ পাড়ায়
9e58f27e05	5cb47	বন্ধু সজল
9e591ecc74	3bb15	এটি বীণামণ্ডলীয়
9e592819d9	80e98	কৃষ্ণের নাম
9e5948b740	194f5	নজরুল ইসলাম জানান
9e596a5c05	2ac82	তদন্ত কমিটি গঠন করা হয়েছে
9e598322e2	92bd8	আপনার মনে কি হইবে
9e5997ca00	420df	তাই অনলাইনে শপিং করা
9e59c4519f	6c17f	আলতাফও একদিন ফিরবেন
9e59c87552	59c73	গত ২৫ ডিসেম্বর
9e5a1a1abe	9282d	সর্বস্তরের মানুষ
9e5adbeac2	e3d8b	মনোযোগ দিয়েছে
9e5ae251f8	577fa	ডিবির উপ পরিদর্শক মো. মাসুদ মিয়া
9e5aed5164	fcefa	ব্যবহার করা উচিত ইতিবাচকভাবে
9e5af0a6c5	f2097	কক্সবাজারের জেলা প্রশাসক
9e5b549924	e43d4	ভারতের সর্বকালের
9e5c55c933	7027a	চলে আসেন
9e5cc17c49	11de3	প্রচন্ড গরম
9e5cf5a4f2	24f73	বর্তমানে নেটোর হয়ে যুক্তরাষ্ট্রের মাত্র ৮০ হাজার সেনা রয়েছে ইউরোপের দেশগুলোতে।
9e5d51cc38	ce775	ওদিকে নারায়ণগঞ্জে নিহত
9e5d7e7dcf	bdd05	মোগল ও ব্রিটিশের পর পাকিস্তান সরকার পাহাড়িদের জমি এবং আবাসস্থল থেকে উচ্ছেদ করে জলবিদ্যুৎ কেন্দ্র স্থাপন করে।
9e5d9863e5	13b70	সাধারণ জ্ঞান বই
9e5ddb5a9d	4f450	মনোরঞ্জন ঘোষাল
9e5f372dee	c9c19	ওয়েব সাইট
9e5f526149	33aef	নিবন্ধন হয়েছে
9e5f7556a8	860f4	উল্টো বলেন
9e5fb52b04	23291	জ্বিন
9e5fe03ee3	520fb	উদ্ভূত হৃদয়োচ্ছ্বাস দিয়া
9e5ff5765e	9e923	উপযুক্ত সম্মান
9e606a4fc7	f2097	তিনি আদৌ এদের আত্মীয়
9e60959a7e	0696e	ক্রিকেট স্টেডিয়ামে
9e6134d688	7d004	অন্নপ্রাশনে
9e613c7302	28bb3	ক্ষতিগ্রস্ত এলাকাগুলোর মধ্যে
9e615fcf59	ee7b2	পপ গানের প্রতি
9e621420a1	80518	কৃষ্ণের সঙ্গে শত্রুতা করিয়া
9e6275b547	698a4	বায়ান্নর একুশ-পরবর্তী যে আন্দোলন
9e62925df0	ee886	দাম বৃদ্ধির কারণে
9e62d813e2	79b06	প্রত্যাশা করি
9e63126565	39293	লোহালক্কর, রেললাইন, বগি ইত্যাদি বিষয়গুলো
9e6344ec8c	7c272	কারও অধিকার কম নয়
9e635fa7dc	860f4	এ ব্যাপারে ব্যবস্থা নেয়া হবে
9e6376a83a	bcaa8	নিরস্ত্র অবস্থায়
9e637701e9	bcaa8	একটি ‘ফেডারেল ফ্রন্ট’ গড়তে
9e6393133e	086dd	বুঝতে পারলাম
9e63fe209f	39dd0	পাথরের দেওয়াল
9e6499cd6f	eecdd	কারণ এখন তাদের
9e6506d57e	a9a58	মহেশপুর উপজেলার
9e654fb236	7d133	উল্লেখ করেন এই কর্মকর্তা
9e65704a6a	c6848	মাত্র পাঁচ দিনের মধ্যে
9e65a5e996	c4973	১৫টি কাপড়ের ব্যাগে
9e65f514c1	3f875	বাংলাদেশ ব্যাংক সূত্রে
9e6633171c	ab946	তবে ধারণা করা হচ্ছে
9e66670a7a	7898e	১৯২০ সালের ১৭ মার্চ
9e66e8e063	ad050	সহিংস হয়ে উঠতে পারে
9e670b20b2	b618b	সেজন্য প্রকাশ্যে
9e6760e69d	68549	আলোচনা শুরুর
9e679141a8	7e1d5	এত লোকের ভিড় হয় না
9e67d0b16b	52f27	তিনি ঘটনাস্থলে গিয়ে
9e67fa0613	29089	কেনেডি শীর্ষক থিসিস
9e687fdf11	e9759	কিছু নিয়ম
9e6964f118	c9c19	হেলিকপ্টারে করে টঙ্গিপাড়া থেকে
9e69727303	ad98d	ওই লোক কিন্তু
9e69b718a5	64092	একটি বৈজ্ঞানিক সত্য
9e69f182e1	ef4f8	ভারতের লোকসভার নির্বাচন
9e6a2bb590	cb842	শনাক্ত করতে পারেন
9e6a53019d	8406e	ঢাকায় প্রধানমন্ত্রীর কার্যালয়ে
9e6a889872	fdcba	বিদায়ী প্রধান বিচারপতি
9e6aace05b	287bd	সিদ্ধান্ত নিয়েছে শিক্ষা মন্ত্রণালয়
9e6ac1fc1b	11bd2	ফেমিকন
9e6afe2527	60b9d	এসি মিলানের প্রতিপক্ষ উদিনেজে
9e6b29e4e0	da6f0	বিশ্বাস করবে না হয়তো
9e6c19b381	2909b	অগাস্টা মার্কিন যুক্তরাষ্ট্রের
9e6ce1b50b	0bace	এ প্রলয়ের বড় প্রয়োজন ছিল
9e6d1638a1	9c8dd	এসবের পাশাপাশি
9e6ddf7329	95907	আর্জেন্টিনার ইতিহাস
9e6e4512d2	49543	দেশীয় উদ্যোক্তাদের
9e6e5a8e27	577fa	এদিকে সোমবার থেকে
9e6e643c85	32998	মাষ্টার বুঝি ঐরূপ
9e6e6afe94	03284	নিকটবর্তী লালখান বাজারে
9e6e6dba11	08458	যথাসাধ্য অধ্যয়ন করিয়াছি
9e6eb8d15b	32998	৫১ জন নিহত
9e6f8b5043	4164f	ভাববাদীদের মতে
9e6f97a8ea	3fae0	আরও ২৬টি মামলা
9e6fbae0a2	4164f	কেন না হস্ত-লিখিত গদ্য
9e6fc0550b	e2c11	উত্তর পেলাম
9e6fc21eee	d2294	মাথাভাঙ্গা
9e6fee3e2c	239f7	আমরা অন্যসব সময়ের তুলনায়
9e700ee99e	c7705	তার গাড়ির
9e70f4616a	6b437	আমিও কবিতা লিখতাম
9e710a92f2	ef4f8	সে যেন সত্যি
9e7134e6c3	ee852	বচ্চন চলচ্চিত্র জগতে
9e71c319e8	4c555	দর্শন, রাষ্ট্রবিজ্ঞান
9e72136032	cb842	একটি প্রতিষ্ঠানে
9e72d43347	77f82	মানুষের কাছে নয়
9e72dd5c3b	4c1eb	ঢাকার মোহাম্মদপুরে এলাকায়
9e72f55f94	1e7c6	সবার সামনেই ঘটে এমন ঘটনা
9e732f160e	86b1b	ডুবে যায় রিগান
9e733b096d	0606d	এমন পর্যায়ে পৌঁছেছে যে
9e7358d24c	09f0d	খাবার জল নেই
9e73758af7	d2355	ব্যক্তিগত ব্যয় দেখিয়ে
9e73a3dd33	1c618	আগরতলা শহরের
9e74157e83	c9c19	চাকরি না পেয়ে
9e743e1605	2bc73	এই সকল কারণে
9e753055ab	809cd	কুমার
9e7619452d	698a4	কাছে গিয়ে
9e76d44f57	24f73	এখন ফেরি উদ্ধারে
9e775124bc	58998	১০৬ রান তোলা
9e778b2589	29089	অম্ল মৃত্তিকায়
9e778cdcad	13b6a	জড়িত থাকে
9e778f9e19	3ccf1	গৃহবধু
9e779373e4	967fd	সেই স্বপ্ন আর মাটির ময়না
9e77fa112a	23b22	র‌্যাম্পে যেমন নিজেকে
9e78239413	d9817	এবং পয়লা বৈশাখ থেকে
9e78750ec2	e03ce	প্রাকৃতিক ভারসাম্য
9e78be662a	59c73	নির্ধারণ করেছে সরকার
9e78d96322	86b1b	জগৎ সরকারকে গ্রেপ্তার করে
9e78e2f045	e2f12	এসব তথ্য বিদেশীদের
9e78f1a984	3f875	৪০০ কোটি টাকার উৎপাদন
9e794ccbc6	c3cca	বিক্রয় ডটকমের ফ্যানপেইজে
9e79796b0c	717bb	হয়ত চলচ্চিত্রেও অভিনয় করতেন তিনি
9e798d7a9c	c7a89	একটা পরিবারের
9e79be09aa	75936	বেলা ১১টা পর্যন্ত
9e79cf158b	16e96	পুরুষের সবচেয়ে বেশি প্রার্থনীয়
9e7a4e447c	ef4f8	অনেক সময় বলা হয়
9e7a731ae8	60b9d	ওই ভবনে পাঁচটি কারখানা ছিল
9e7adca880	42898	বাগানে নামাজ পড়ার জন্য
9e7b5ff641	0edef	প্রাণ ফেরায় ৪৪ মিনিটে
9e7bf500d6	880ae	এরপর আল ফালাহ প্রিন্টিং প্রেসকে
9e7c8d5355	321b6	কয়েক লাখ মানুষ
9e7c918f13	56508	সাধারণ জ্ঞান প্রশ্ন
9e7c9a3f09	69449	টিআরপি হচ্ছে
9e7cc522eb	c0965	জলদস্যুতে পরিণত হন
9e7cefeb5a	3c897	যাওয়ার নাম করে
9e7d623888	52578	৮ ফুট ব্যাস, প্রস্থ ১৮ ফুটে
9e7d65af24	4a918	কীভাবে ব্যর্থ হচ্ছে
9e7da9772a	8ba2b	গান গায়
9e7dbdcfda	f4ba7	এ দুটো সম্পর্ক দিয়ে
9e7e361824	351dd	শতকরা ৬৪ ভাগ মানুষ
9e7e4edecb	69449	আর বেদনায় নীল হয়ে
9e7e8d4012	9fa90	লোকসভা নির্বাচন ২০১৪
9e7ebc36c7	e50f1	কালী আমার মা
9e7ee469f3	315e9	দ্বিজু রায় তাতে
9e7eefe170	ad98d	উস্কানি দিয়েছেন
9e7f7d2bde	5d12f	অশ্বিনীকুমার দত্ত
9e7fa58eee	32c77	সকাল থেকেই কোচবিহার কেন্দ্রের বিভিন্ন প্রান্ত থেকে ছোটখাটো সহিংসতার খবর আসতে থাকে।
9e7fc7547b	b00ba	সারাদেশে অবরোধ কর্মসূচি
9e80546e66	d41be	মূল ভিত্তি ছিল
9e80806abb	8406e	শিব পুরাণ
9e80b4ba1b	c41d8	২৯টির দাম
9e81bc86fd	ee852	মুরগির টুকরা ও চিংড়ি দিয়ে
9e81e45774	31f2a	প্রথম তিনটি ম্যাচই
9e81ef795b	491a5	আকামাস ছিল
9e81fed309	91ac1	বীরাঙ্গনাদের কথায়
9e8235d708	2d78f	আর্মেচারকে ঘুরালে
9e82eb16dd	91230	পায়ের নিচে ভিজে দূর্বাঘাস
9e82f10095	13b70	আরম্ভ করিতে হইলে
9e830347e3	2fe3c	ঋণ নিতে পারবেন
9e836002b0	72649	সবার জন্যই
9e8368a8c4	693cb	মালিক
9e83977e13	4a918	নিতে শুরু করেছিল সে
9e83fd9d7d	f280a	সরকারের শেষ সময়ে
9e84be7493	38d3a	এর আগে তিনবার
9e864a5a69	b9122	আগা থেকে ২ ইঞ্চি পরিমাণ
9e865744a0	ba2f6	অসহ্য বোধ হয়
9e8715326b	60b9d	আদালত তা নাকোচ করে দেন
9e87c8f3fc	98b81	নির্বাচিত বইগুলোর লেখকদের
9e882dd7c3	43199	অসম্ভব সীমাবদ্ধতা
9e8832a099	491a5	মুকুলদের বারান্দা থেকে
9e88825cd8	ab946	ঘুম যে আসে ভূলি
9e888f8fc0	4237e	দোষ ছিলো না
9e8895482e	06736	একটিমাত্র ক্যারেক্টারকে
9e88d17c56	8a46d	মোষঅলা চাবুক কষান
9e88f24731	f837a	ইতিমধ্যে প্রেসিডেন্ট কির সাবেক ভাইস প্রেসিডেন্ট রিক মাচারের সাথে ক্ষমতা ভাগাভাগির প্রশ্নে অসম্মতি জানিয়েছেন।
9e890b3d1c	31f09	দুটি হত্যা মামলাসহ
9e89101f7d	7df87	বিস্তৃত করে এসব সংকট মোকাবিলা
9e8917c237	e03fc	মেস ও অফিস ব্যতীত
9e89595bba	f1ea4	বন্দরটি ভারতের
9e89ab25bb	d1b12	প্রতিদিন পত্রিকায়
9e89c6545b	35ef3	ঠিক পরের দিন
9e8a0c9a8b	9e923	রাষ্ট্র
9e8a17c832	554fe	বিপণ্ন ও প্রায় বিলুপ্ত
9e8a2d023b	3fc9d	আমার উদ্দেশ্য নহে
9e8ab70d1f	d41be	ফরিদা পারভিন
9e8add81e3	3bea8	মায়ায় আবদ্ধ করিয়া
9e8b6dc73c	3c897	অ্যাপল কোনো কিছু
9e8ba8c68b	6c17f	ইউনূসের অভিযোগ
9e8bca61de	717bb	বিড়ম্বনা মাত্র
9e8c3bfd9e	23291	সম্ভাবনাও কম
9e8cbf72e0	b9a81	মেয়ে আরাধিয়ার জন্মের পর অনেক দিন রুপালি পর্দা থেকে দূরে ছিলেন অভিষেক বচ্চন ও ঐশ্বরিয়া।
9e8e21402c	29d44	শুভান্যুধ্যায়ীদের আশ্বস্ত করেন
9e8ef5865d	3bb15	মুছতে থাকে মেঝে
9e8f014c82	0f047	আমাদের বললেন
9e8f979fb5	11915	অন্নদাশঙ্করের অনেক লেখা
9e90326239	256f5	দুটো গাছের ডালে
9e904b0c87	14816	বিভিন্ন মানবাধিকার সংগঠন
9e909e094b	d9817	একটি প্রেমও
9e90afe67e	2840e	সৌভাগ্যের দেবী
9e90df27e0	323f1	চায়ের কাপটা
9e90ece276	d5f7b	নিজ বাড়িতে গিয়ে
9e9142fb0e	7ee9b	যথেষ্ট এগিয়ে আছে
9e9152fdef	db181	হামদর্দ
9e91e8fa69	cb627	তারই তিন ছাত্র
9e929e86b4	ea5be	ইন্দ্র বলিয়া যে একজন
9e92ae8370	32b3e	সীসা একা যে আকার নিবে
9e934be3cf	491a5	উল্টাপাল্টা চিন্তা করছিলাম
9e935c4834	a4750	মারধরের শিকার হন
9e93666e88	8c07c	যোগ্যতা ছিল না মাহবুবের
9e93b8c358	2840e	কোম্পানির তরফ থেকে তাদের
9e93c69489	6dff5	উপস্থিতির সংখ্যা ছিল কম
9e9487659f	f9dfb	এমন একটি ফ্রন্ট
9e95426c8d	778c0	অস্বীকার করে
9e95a3b4f7	4e900	পূর্ব ইউক্রেনে যেন
9e95cb14ca	9d398	সর্বোচ্চ কাজ করে যাচ্ছি
9e96398527	ee7b2	এর কিছু বেচেটেচে আমাকে যদি
9e96640747	ac0df	পাচ্ছেন না
9e9677c7a7	dba43	তিনি ফোক গান
9e96f3cc2d	1b359	প্রচারযুদ্ধে অবতীর্ণ হয়
9e9733c8c7	c1e30	একটু জটিল
9e979b73a4	33aef	এখন সময়ের দাবি
9e97a90db8	e6e48	এখন তেজগাঁওয়ের
9e9850a8f3	d136b	সামনে আছে
9e987fb9b9	c9c19	কর্তৃত্ব করে থাকেন
9e98fb10f6	fcc89	দণ্ড দেয়ার
9e9997119b	4fd66	প্রথমবারের মত সিলেট জেলায়
9e99c09a5d	ad2a0	ভারতের বর্তমান লোকসভা নির্বাচন
9e9a437cb6	b9122	সাক্ষাৎ পাইলে
9e9a5347a5	2909b	একথা শুনে
9e9a925ca0	d2355	অনুষ্ঠানে এলেই
9e9b1af6c2	1652d	একজন নোবেল বিজয়ী
9e9b58c328	21e54	ওই চুক্তির
9e9b9d8290	5d80e	অ্যাঙ্গোলার সামরিক বাহিনী
9e9c38d310	f658d	বাংলামেইল২৪ডটকম সিলেট
9e9ca76982	121bd	ঘটনায় তানজীয়া ইসলাম শাপলা নামে
9e9ceda92f	65e30	করা হয়েছিল
9e9d315467	5b13f	সাদামাটা টিনের চাল
9e9d774ce2	d7a68	একটা ব্যবহারিক পদক্ষেপ
9e9dbd922b	43b04	ঈদের দিন
9e9df93096	9c8dd	একটিতে মলমূত্র জমা হবে
9e9e6dbe25	39dd0	ভরসা রাখুন
9e9f350f0d	17ca1	রায়ান গিগসকে দায়িত্ব দেয়া হয়
9e9f476059	491a5	আমার বয়স খুব কম ছিল
9e9f916003	24f73	মেসি চোট থেকে সেরে উঠেছেন
9e9fd87069	e8dde	আমি নিজে
9e9fdb5d3c	bd576	নজরুল ‘পঁচিশ বছর ধরে’ একইভাবে লিখেছেন
9ea0c41bdf	98b81	এর ছাড়পত্র
9ea0c71043	ff0fe	প্রায় একই সময়ে
9ea10f1cee	e2ba2	তার প্রেমিককে
9ea29f4da7	e6752	হাইকোর্ট বেঞ্চে
9ea2c11ab7	f2097	বৃষ্টির দিনের কবিতা
9ea2d6a212	49543	নিজ নিজ এলাকায়
9ea32bdfe4	6ab59	তুর্কি-নাচন নাচছেন
9ea36670f2	a1201	মন্ত্রিসভায় রয়েছেন
9ea36c6dca	bfac7	গুপি বলল, মহারাজ
9ea40737fe	85430	জোনাহ ফিশারের প্রতিবেদন
9ea4444aae	5b13f	গণধর্ষিতা এক কিশোরী
9ea55b1fc1	f6e55	দুর্নীতি দমন কমিশনের দুদক ভারপ্রাপ্ত চেয়ারম্যানের দায়িত্ব দেওয়া হয়েছে কমিশনার মো. বদিউজ্জামানকে।
9ea5cbb9c7	e6752	সক্রিয়ভাবে সহযোগিতা করেন
9ea630d0d8	bf530	এক একটি কাঠামো
9ea630f8b9	37e17	বাবার বুকে
9ea6788ff4	404ee	ফুলবাড়ি-বাংলাবান্ধা সীমান্তের পাশাপাশি
9ea67cc583	49543	হাসনাইন লালমোহন
9ea6cc1a3f	14816	দাঁত ঘষার তো
9ea709b249	282d3	চমৎকার ব্যবহার
9ea798c90c	92f59	অজ্ঞাত পরিচয় যুবক
9ea7b20c8e	bbb22	কেন বলুন
9ea7bbd7ff	355c1	পুলিশের অ্যাডিশনাল এসপি
9ea7f9e6b5	93080	সেদিন সাদা-কালো
9ea8bb6646	d41be	ধীরে ধীরে দেশপ্রেমে
9ea8f0b8f4	2fc12	কমেডি সিনেমা
9ea8fa5545	6c17f	মিডিয়া থেকে
9ea90a1f2d	5b13f	কাউকে কুর্নিশ না করার
9ea90f4355	83c53	যে-কথা ধ্যানধারণা
9ea9549099	c958a	আহবান জানিয়েছে তারা
9ea999abff	0a87a	অহিফেন তিক্ত হইলে
9ea9cf4e1a	af81d	সাঁতার, ১৯৮৮ সালে
9ea9ed0347	24f73	মরন
9eaa9f322c	1de6c	প্রথমে হাতে খড়ি নিয়েছেন
9eaabc49e7	2d98b	মস্তিষ্কের কোষে কোষে
9eaae48bf4	44322	তাদের কাছে থাকা
9eabaf2bb0	442b7	দূরপাল্লার যানবাহন ছাড়া
9eabeeecf5	cb1aa	চৈতালি বসার ঘরে
9eac8e479e	ce775	গরম পড়েছে এবার
9eacc778e5	91b16	বাংলাদেশের স্বরাষ্ট্রমন্ত্রী বলছেন
9ead3047e2	1b359	তবু এত একা
9ead8fecc9	0b7ca	ঢাকায় বইমেলা ঘুরে
9eadc519f6	adf01	তাদের অবস্থান ছিল
9eae0a2f40	6b437	বড় একটা অর্জন
9eae14aa57	d1a48	মুছে ফেলার জন্য
9eae14cc08	a916a	পুরী যে পরিস্কার
9eae44faf9	f2097	ড্যারেন স্যামি দুটি
9eae90e877	1c618	ক্লাস থাকলেও শিক্ষার্থীদের মধ্যে
9eae9a9dc1	32b3e	আরও ছয়টি অভিযোগ
9eaeffd9dc	65e30	গ্রামীনফোন থ্রিজি
9eaf1b4ec5	06527	আবিষ্কৃত হয় ১৯৭৪ সালে
9eaf455dbf	0f047	একচ্ছত্ব্য রাজাও বলেন অনেকে
9eafb29d8e	e50f1	স্টল অনেক কম
9eaff27d02	0696e	সাড়ে ৬টার মধ্যে
9eb041ebb1	37d7e	আমার জমিতে শস্য জন্মে নি
9eb098b79f	8ba2b	অনুষ্ঠান করাতে
9eb0d1285c	282d3	তাই আমরা পিছিয়ে পড়ছি
9eb1580745	58998	ক্ষমতাই হারিয়ে ফেলে
9eb16c86e2	2695f	অনেকেই স্বস্তির নিঃশ্বাস ফেললেও
9eb1b006b4	6d129	ক্ষুধায় পেট জ্বলছে
9eb1ca60e6	086dd	সাবেক ও বর্তমান শিক্ষক
9eb21aa7ca	ac904	৩৭ বছর বয়সী সিডর্ফ
9eb2bde027	e7230	সমাজকে জাগানোর গান
9eb2daf7e2	aa820	কি একটা কথা
9eb34d97af	46d49	শেষে, একদিন শুনিলাম
9eb397ca92	7351e	তারা সেই মাছি তাড়ায়
9eb3b5586e	cd3ac	তাহা হইলে
9eb3f7bb0f	0633a	আগত সব প্রবাসীদের
9eb4ce71c7	44322	ফায়ারসার্ভিস সূত্র জানায়
9eb4feee56	06bb7	মাড়ুয়া দক্ষিণ সাগর
9eb54bcba7	086dd	সোমবার সেখানেই
9eb5500470	b8ed8	রাজধানী হিসেবে
9eb5875fe4	ee886	পৌর শহরে
9eb5964b02	0744c	একবার তার পায়ে
9eb5c17645	57d54	দুর্গেশনন্দিনী
9eb5e755cf	d5f7b	সারাদেশে সমাবেশ
9eb6777a82	9d398	প্রতিপক্ষ বার্সেলোনা
9eb71bc235	a43b5	ইমাম গাযযালী ইন্সটিটিউটের
9eb740ce59	cb627	তাবলিগ জামাতের ইতিহাস
9eb771bd71	06e62	আজও কারও জানা নেই
9eb79ce772	92bd8	আমার কোনো ব্যাপার নয়
9eb7c3b1e1	14816	উঁচু বাড়িতেই ছিল মানুষ
9eb826a28a	eb179	সার্বিয়ার আনা ইভানোভিচ
9eb89157d3	17ca1	শ্রদ্ধা করি
9eb89f40be	6b437	এটা ওটা দিয়ে সন্তুষ্ট রাখে
9eb95bf262	bf530	বুড়িমারী ট্রেন
9eb99642c2	53396	শ্রী কৃষ্ণ সুন্দর
9eb9ce474b	b8ed8	কাঠখোট্টা বুদ্ধির কারবার করে
9eb9d883c2	23b22	গ্রায়েম স্মিথ ২৭ রানে
9eba0c7dfa	8c120	রিয়াল মাদ্রিদের মোট সম্পদের মূল্যমান
9ebaf5ab41	7df87	অনেকেরই ক্রিকেটে হাতেখড়ি পাকিস্তানি বন্ধুদের সাথে খেলতে খেলতেই।
9ebb35358b	ac904	শিল্পীর অনুভূতির
9ebb40210a	f2097	১৮জনকে আটকের কথা বলছে
9ebbb74e09	4dd57	সব কথা মনে রাখে
9ebbde5e7b	d9081	দেশাল
9ebc5afa22	9d46f	ছোটদার দিকে
9ebd31c2de	f2097	আবার প্যাকেট করে
9ebd4d8a27	6aac8	ফেসবুকে সেক্সবয় নামের আড়ালে
9ebdb0fb3c	e6203	তৈরি করা যায়
9ebdbb9ec1	32c77	পোড় খাওয়া মনের
9ebdfb5bda	c3cca	ইংরেজ আমলাদের
9ebe584da0	f89d7	ব্যবহার করা যাবে
9ebe93c3b5	fd880	অপহরণ করেছে
9ebeb3ba09	5cb47	সন্ত্রাস বিরোধী অভিযানের
9ebef0d16f	e2ff7	আমরা দিল্লী পর্যন্ত দস্তদারাজী করছি
9ec027f34b	1f733	যারা এ জাতীয় রাজনৈতিক
9ec02cb7c4	92bb2	সাত এপ্রিল থেকে
9ec109245a	29089	দ্রুত এ রায় কার্যকর
9ec11b4d4c	eb179	ওই সংস্থার বিরুদ্ধে
9ec1822712	698ff	অফিসে যাওয়া-আসার পথে
9ec204cbfe	29bab	ঢাকা সফরে গিয়ে
9ec28a1d57	32998	পদার্থবিজ্ঞান
9ec2cc1472	64092	ককটেল বিস্ফোরণ ঘটানো হয়েছে
9ec2dc6dc5	7ec1c	আরো সম্প্রসারিত করা হবে বলে
9ec2dca2eb	07660	আর পুলিশও জানিয়েছে
9ec3fbaaa5	0d4cb	এই দু’টি ক্যাটাগরিতে
9ec482ba0a	c0965	একটা গুহাও আছে
9ec4b3c63d	e7230	বাংলাদেশের বহির্বাণিজ্য
9ec4c4cb20	09f0d	মুক্তধারা আবৃত্তি চর্চা বিকাশ কেন্দ্রের
9ec4d7fec6	a06a1	চলতি বছর ভারতীয় সংসদের
9ec4efc908	4164f	নভোচারীদের নিয়ে চীন
9ec511c64f	7f2ef	আমার বড় দুর্বলতা
9ec51a60f0	f2097	সাম্প্রদায়িক সম্প্রীতির দেশ হিসেবে
9ec52f541b	730c3	বিরোধী দলীয় নেতা
9ec53ab6ad	d5f7b	কাজ করতে চান
9ec5b68e27	82926	জান্নাতুল ফেরদৌস মন্ডি
9ec5bac8ef	e2f12	চিঠি আসে তাঁর লেখাসহ
9ec671a19e	2556b	আমারে একটা বেহালা
9ec7154167	e754e	মন আমার দেহ ঘড়ি
9ec75edecf	0bace	জনসংখ্যা বৃদ্ধির হার
9ec8009c06	98b81	অভিজাতদের চিত্তবিনোদন
9ec85e681e	717bb	এমন নিচু মনের মানুষের সাথে
9ec9aae6a1	60f77	পাওয়া কঠিন হতে পারে
9ec9b576db	ad98d	তরল হিলিয়াম
9ec9ba8ba5	616ec	আজ সে সত্যিই
9eca18471d	35ef3	ভাই আপনি কি চাইলেই
9eca98bf0f	b2a62	আলোচনা প্রসঙ্গে
9ecb425e57	e6e48	এমন গুরুতর তত্ত্ব আর নাই
9ecbca293d	1cb75	প্রতিটি অক্ষরে
9eccfe9a6f	442b7	বয়স্ক ভদ্রলোক
9ecd898d8f	dfefa	লেখাটা তৈরি করতে
9ecdc47e6f	17dcd	সামরিক ক্ষেত্রে
9ecef1fe5d	3fb17	এসব নিয়ে
9ecf260dd0	58998	ইন্টারনেটে বিবিসির ওয়েবসাইটগুলিতেও থাকবে
9ed0c272aa	860f4	কিভাবে একটি ব্রোকার বেছে নিবেন
9ed0d5afc5	d9b11	রেখে দিয়েছি
9ed0f87845	92bd8	শিক্ষা বা স্বাস্থ্যসেবা নেই
9ed1c8ba95	fbb81	স্বাধীনতা লাভ করে
9ed1cc04c4	d8c80	ঘুমায় কবরে
9ed203dbb5	11de3	সেই পর্যবেক্ষণে
9ed2994e26	76329	আফ্রো এশীয় ভাষাপরিবারের অন্তর্গত
9ed2b6883a	c0d65	একে খান মোড় সংলগ্ন
9ed2e0e3f8	f837a	ওই সুর বাজতো
9ed32fee88	f2780	আবু নাঈম মোহাম্মদ শহীদুল্লাহ বলছিলেন
9ed3331bd9	321b6	কেবল একটা জিনিসে
9ed37d1460	91223	শনিবারের হাটে
9ed4367a58	43fc0	ডলারের মূল্য
9ed45a4f0c	903fa	এসমস্ত খাবার
9ed48a2583	d2faf	তখন মনজিলা বলে
9ed5da7bfd	2f547	এটার একটা প্রভাব পড়েছে
9ed63583be	ec91c	প্যারিসের একটি হাসপাতালে
9ed63aad0b	7a227	পাইজাম ৩৮ টাকায়
9ed68743b2	d0c70	তারা এ স্মারকলিপি দেন
9ed6c47bea	31f2a	মার্কিন বিজ্ঞানী
9ed72eda31	239f7	তা আনোয়ার হোসেন
9ed76aae3a	28bb3	সাইফুল হক
9ed76f2bca	09b32	মাথায় মুকুট
9ed7ad280e	c0d65	মার্কেটে যেতেও
9ed81638f8	e2ff7	প্রত্যক্ষ ও কুশলী
9ed8222992	9f25e	বইটির নিবিড় পাঠ আবশ্যিক
9ed868b872	6dff5	নাইজার ১৯৫৮ সালের
9ed871da56	e2ff7	কোথাও মেদ জমতে
9ed8c28034	4fbd1	বুটিক হাউসে বিনিয়োগ
9ed8d341eb	fcc89	বিয়ে-বিচ্ছেদ হলো সেই পরিস্থিতি থেকে রেহাই পাওয়ার একমাত্র উপায়।
9ed925d890	10a9f	অভ্যন্তরীণ ও বাহ্যিক চাহিদা কম থাকায়
9ed930c9c8	cc18a	স্থগিত করা হয়
9ed95a2792	7e1d5	২০১১ সংসদে পাস হয়
9ed967e8d0	fdcba	ধ্বস্তাধ্বস্তির শব্দ শুনেছিলাম
9eda6fcc93	a1d4a	এলাকাবাসী তাদের
9eda9f5338	06527	আসামিদের রিমান্ডে নিয়ে
9edab3d6af	cb842	রাজধানী ঢাকার
9edba8acfd	69d9a	সিরাজগঞ্জ সদর হাসপাতালে
9edbb3bfe8	7b103	বাংলা ছোট গল্প
9edbc78855	dafb6	বিরোধী জোটের সমর্থক
9edbfd5b96	9d398	বেশ মজার
9edcb1e6c2	121bd	তসলিমা নাসরিনের লজ্জা বই
9edcfc74b0	8143b	শেখ রাসেলের কর্মকর্তাদের বিরুদ্ধে
9edd3aa885	ee994	নির্দিষ্ট কিছু নকশা
9edd5865cf	53396	মূল্যচেতনা দুই হাতেই
9eddd0064c	2ee04	পারভেজ হোসেনের অনেক গল্পই
9ede0d4f38	dfefa	তবে সেই ব্যর্থতার জন্য
9ede4f877f	698ff	আবার কাউকে অন্য কোনো সিনেমায়
9edecdd1f2	60b9d	তৎপর বলে তিনি জানান
9edf24fadd	2f547	তারা ইয়াসের আরাফাতের দেহাবশেষ
9edf3f0531	bc81e	স্থায়ী কোন সম্পর্ক নয়
9edfc22656	b78ec	সর্বোচ্চ সাজা ভোগের
9ee084cb9d	f837a	এবার এসিয়েন
9ee0a07e03	b9b98	কিংবা লঘু
9ee0fe47e7	3fce2	বোল্ড হয়ে যেতে পারো
9ee11627f8	6c17f	নাসিরুদ্দিন এলানকে
9ee12c06f2	c463d	এমন তামাসা
9ee18e0c4d	b8bba	আগে অনেক কিছু করেছি
9ee195e5e2	287bd	কার্তিকও ফিরে পান
9ee1c84c3e	6ab59	প্রশ্নে দেখা যায়
9ee1c9b7ef	2c9c5	আপনারা কী ভাবছেন
9ee1e26cb6	7b60a	আমাদের মন্ত্রীরাও
9ee2159cf9	943de	নিতে হয়ই
9ee25a4222	323f1	অ্যালাউড না
9ee2ac55c9	4bd2c	বন্ধ থাকা ছাড়া
9ee3006f1e	d2d71	আজহার আলীর
9ee31c5937	e55de	চুপ করে
9ee38776d7	9b864	আমার প্রশ্ন হলো
9ee3a4d78c	2d98b	একটি চিত্রনাট্য লিখে দিয়েছিলেন
9ee3bed0ab	c463d	পানি উন্নয়ন বোর্ডের
9ee3e1b2fc	5dd61	সেরিব্রাল পালসিজনিত প্রতিবন্ধী
9ee48f4855	c0d65	একটি চেয়ারে
9ee590955d	9d7bf	চুল শ্যাম্পু করে
9ee59d8bdf	2de86	বাংলা ট্রোল
9ee5e00046	f4ba7	বৈদিক গ্রন্থে পাওয়া যায়
9ee629c451	6da0a	এসব বিষয়ে ফয়েজের কী ভাষ্য
9ee6843306	b8bba	চেয়ে নেওয়া
9ee731dfc5	6ee5f	কাজটি করা হয়নি তা না
9ee808f2b3	d2355	নারীকে পুতুল বানানোর চেষ্টা
9ee876e0de	0895a	এবং কেয়াবনসহ
9ee8f2619e	1e7c7	কয়েকটি সুযোগ
9eea086504	baa02	সাধারণ সভা-সমাবেশের উপর
9eea8bc9f4	4c1eb	জরিমানা ধার্য করা হয়
9eeb6bb0cd	7d004	হয়তো তারাই
9eeb92714d	db181	এভাবেই থাকতে হবে তাকে
9eebd21cad	f6e55	কোনো বিশেষ
9eebe9bc04	b00ba	একটানে তুলিয়া লইয়া
9eec044ae4	ea5be	উদ্ধার পাওয়াও যেতে পারে
9eec6099d7	bbb22	রাজকন্যাকে বরণ করিয়া নিলেন
9eec786f89	3fae0	কোথাও যাচ্ছি না
9eed29ca34	4fbd1	শিথিল বেণী বন্ধে রে
9eed53f940	d2d71	অতিথিদের হয়ে
9eeda4f6e0	809cd	সাকিবের শাস্তি
9eedce4912	e00db	বাংলাদেশ খবর
9eeeaee6e8	4a67e	মগবাজার মোড়ে
9eeecc168f	6d129	খবর পাওয়া যাচ্ছে
9eef074a4b	1b359	উইন্ডোজ
9eef45e37a	77f82	অনুমতি নিতে হয়
9eef604907	0d4cb	জেনারেল মো. মোখলেসুর রহমান
9eefc05f06	1c618	পূরণ হয়নি
9ef0ba94a8	4dd57	প্রেগন্যান্সি টেস্ট
9ef10e60b3	c463d	বিশাল এই হাড়ের
9ef10f1ba2	92f59	মধুর মূরতি
9ef13ecad3	37d7e	ব্লগারদের বিরুদ্ধে
9ef159e614	ff970	আশে পাশের গলিগুলো থেকে
9ef17f1571	58998	জাতিসংঘ মহাসচিব বান কি মুন
9ef1abfe3d	6c6bf	ড্যানিয়েল থেকে
9ef1b2bc26	ad050	বাড়ির সকলেরই অবস্থা ছিল
9ef1bae498	bbb22	সে রাক্ষসের কাছে
9ef1e29f3c	4237e	কথা হচ্ছিল কয়েকজনের সঙ্গে
9ef2200f6f	e754e	পুলিশ কমিশনারের কার্যালয়ে
9ef2ebcef3	b7be9	প্রেম করে যাচ্ছে
9ef2f1c688	91b16	চেষ্টা চালাচ্ছেন ব্যবসায়ীরা
9ef2f4eda8	e3d8b	সাইয়েদা আক্তার
9ef3057e52	93d3b	স্থায়ী হইল
9ef322ddc0	17ca1	আসন্ন ২ টেস্ট সিরিজের জন্য
9ef40c92e1	7aed9	ব্যক্তিগত ইভেন্টে
9ef4339420	fbb81	চেষ্টা
9ef4b97e84	66dcd	ক্রমাগত বেড়েই চলেছে
9ef5561a20	2695f	রদ্দিমালকে মূল্যবান প্রমাণের
9ef5603dec	ced74	রাজা
9ef5705ae1	6d129	১৯৫২ সালে ‘শেষ কোথায়’ নামে
9ef5f861ff	c3cca	আর ইস্কুলে আসে না
9ef62b96b5	2bd99	ও নৈতিক সমর্থন পায়
9ef701c680	1de6c	অনিমেষ আইচ
9ef76ad998	ef915	সংক্ষিপ্ত উত্তর লিখতে হয়
9ef7804435	4a67e	জীবন চলার ক্ষেত্রে
9ef79018fe	b5fdc	সুস্বাদু সুমিষ্ট
9ef8150e9a	43b04	না হওয়ারই কথা
9ef8e1aca5	3f493	এক কিল বসালেন পিঠে
9ef8e5a4e1	9d46f	পছন্দ করে
9ef912f5ea	ee7b2	নাগরিক সুবিধা নিশ্চিত করতে পারলে
9ef993f669	db735	তপন সিনহার পরিচালনায়
9ef99ba778	91b16	হালকা তাপে নেড়ে
9efa88b371	698a4	এই অপরাধে যাবজ্জীবন
9efae22938	fdcba	বিমান বাহিনী
9efb0f1388	282d3	জীবাশ্ম জ্বালানির ব্যবহার
9efcad70cb	e3f89	লিমন নিশ্চিত হয়ে গেল
9efcf56777	a46e2	১০টি গ্রামের
9efd1c47ef	8cf95	সংবিধানের ন্যূনতম জ্ঞান নেই
9efd674879	d9081	জড়িয়ে পড়া
9efd76bf27	9642e	আরও একটি অ্যাপও উন্মোচিত হয়
9efd9fe294	24aed	সেদিন থেকে
9efdc7d0aa	0bace	তাতে প্রায়
9efe0cc1c2	7b132	যুগান্তর নিউজ
9efe5aeafa	e50f1	সঙ্গীত পরিচালনা করেন
9efeeb8550	64092	এগিয়ে যাওয়া সম্ভব হবে
9eff10ae20	b8fe1	নিতে হচ্ছে ভোক্তাদের
9eff59191f	0606d	জিজ্ঞাস্য হয়ে দাঁড়ায়
9eff8dab07	08458	অনেকেই গাইছেন
9effa7dec6	d5213	আর থাকবেই বা না
9effc790b7	4fc91	২০০তম টেস্ট খেলার
9effd3c576	698ff	২০০১ সালে লন্ডনের
