a800041cb0	321b6	২ এই ধরনের
a8002b841f	e3d8b	ও পাসওয়ার্ড চুরি করেছিল
a8007486af	e9759	বিশেষ দল পাঠানো হয়েছে
a800e0cd57	745b7	বিভিন্ন পার্টিতে তাদের
a8010d5d50	5cb47	বেশি কড়াকড়িতে রোগী কমবে
a80110ff97	08458	এক একটি ক্ষুদ্র লাইব্রেরী
a80161fcd5	948d3	হিসাব অনুযায়ী
a80197687a	aab0f	জন্মের পর তিনি এলাকায় পরিচিত ছিলেন দেলোয়ার শিকদার নামে।
a801f76271	4bd2c	ভয়ংকর গল্প
a802019ef8	195f7	আরও শুনুন
a8020e731e	5cb47	প্রায় শতভাগ অনুপস্থিত
a802af266c	698ff	উনার রসসমৃদ্ধ বাক্যবাণে
a802d719f8	da6f0	গাজীপুর সিটি কর্পোরেশন নির্বাচনের
a802e802bb	bfac7	ছেড়ে দেওয়া হলো তাদের
a80347f9a8	10a9f	বাংলাদেশের তিন তারকার প্রত্যাবর্তন নিয়ে
a803ea8a32	37d7e	পেঁচা, টেবিল ম্যাট সেট
a8040000ba	3ec4d	কবির সঙ্গেই বসবাস করতে পারেন
a80460f9e4	05901	বিচ্ছিন্ন করে দেয়াই
a80489dec1	f4ba7	জলের গান ডাউনলোড
a80494867e	e754e	গঠিত হলেও
a80495e63d	91dff	ছয় আনা বাসিন্দাই চাষা
a804cfc86f	9065c	ব্যর্থও হন
a8052c3540	7b103	তাহলে আর অর্থের কী হল
a8052f30e8	c749e	পায়ের আঙুল ধুলোয় ডুবতে চায়
a806423c29	43199	না, না, সে জুলেখা
a806431670	0d4cb	ওয়েলিংটনে দ্বিতীয় টেস্ট
a80645f5cc	2aecc	দ্রুত গাড়ি থেকে নেমে যায়
a80683e770	39293	মামার বাড়িতে
a8068a6be7	d1a48	গ্রামের সাধারণ মুসলমানদের কথা
a8071603e0	28bb3	ছাড়িয়ে যেতে পারে
a80725c8bd	086dd	লোকে বয়স বাড়লে
a807ab693b	e43d4	অনেকের জানা
a807c76556	fd880	এ ধরনের বইয়ে
a808d23be8	31f2a	পড়েও নেই
a809a992b0	ff1eb	সব ঘুমে নিঝুম
a809c91ca7	2840e	আটক করা হচ্ছে
a809e7565c	01e91	সংগঠনসমূহের মধ্যেই
a809f4ee32	ab946	সুগন্ধে ভরে থাকে ঘর
a80a5a4c3d	09f0d	এখানে ভোট দিতে যাচ্ছেন
a80ab1222e	60b9d	সব পুরুষই
a80adacbb0	c4973	বিবিসিকে তিনি জানিয়েছেন
a80adc24dd	7d004	এজে মোহাম্মদ আলী
a80b2908f8	a274b	১৯৬৪ সালে
a80bf2e1bf	e9fa7	গাইবান্ধা
a80c199d82	6da0a	দুর্বল হয়ে পড়ে
a80cbc0d61	ec91c	তাঁহার বিরোধী হইতে পারে না
a80cc8ff44	e50f1	নির্বাচনের আগেও প্রতিশ্রুতি দিয়েছিলেন এবং সরকার গঠনের পরও বারবার প্রতিশ্রুতির কথা বলেছেন।
a80cf3ac05	3fb17	আমি কখন ২০১১ বিশ্বকাপ
a80d57096a	0d9f1	সেনাবাহিনী বলছে
a80d9b2cf4	c3cb3	হুকুম দিন
a80dd77b6c	cb1aa	ফেসবুক অটো লাইক
a80dda9ae2	da6f0	জুসারের মধ্যে রয়েছে
a80e0a1aa0	17dcd	বিশেষজ্ঞরা হুঁশিয়ারি দিচ্ছেন
a80e89a7b9	35ef3	সরাসরি চ্যাম্পিয়ন্স লিগে
a80f9128c0	dec2d	পড়ালেখায় যেন গাফিলতি না হয় কারও
a80fc5eae9	d7a68	উহাতে অতি উন্নত ভাব সকল
a810081483	12702	১৯৭১ সালের ৬ ডিসেম্বর
a810264ace	05901	নিরাপত্তার নামে
a81048e72b	aa820	পিঁপড়ে রেগে
a81062a113	f2b7d	বুক চাপড়ে
a8106618d6	93d3b	সংস্কারের উদ্যোগ নিলে
a81122121f	c9c19	পোশাক মালিকদের বিরোধিতা কেন
a812ce4959	9813c	ইন্দিরা গান্ধীর শেষকৃত্য হয়
a812d08bab	37d7e	সহযোগীতা করার জন্য
a8135b726e	14d25	ধরে রাখার আশা নিয়ে
a81396f8e6	aab0f	দিনচারেক আগেই ঘোষণা করেছেন
a813bc2cab	2ac82	তাই ছবি পরিচালনার জন্য
a813cc348a	0f047	ওসি মীমাংসার কাগজে স্বাক্ষর নেয়
a8140835a6	b9b98	আমি চাই, যে বা যারা আমার মেয়েকে হত্যা করেছে, তাদের যেন ফাঁসি হয়।
a81451ac6e	7ec1c	আবিষ্কার
a8147f24a9	cb842	হুট করে ডেকে নিয়ে এলো
a8152e7038	eb179	ক্ষমতা দখলের কোন পরিকল্পনা
a815325063	66dcd	ছোটাছুটি করে
a815574a76	17dcd	মন্ত্রসকলের ব্যাখ্যা সহিত
a8171d8ac0	d136b	সেক্সের মাধ্যমেই পরিচয় হবে
a81725deb2	80505	কথাও বলতে পারত না তারা
a81734c6af	a46e2	তাদেরকে উদ্ধার করে
a81772e854	e2ba2	সাহিত্য তাঁর কাছে
a817d5877b	9092b	মঙ্গলীয়ের গায়ে
a8182057b9	410fa	পক্ষ থেকে বলা হচ্ছে
a81851a6f1	6da0a	প্রাধান্য পেয়েছে প্রভু
a818743579	9282d	তারপর তীব্র প্রসব বেদনা
a818ea555f	ff0fe	তুরস্কে খনিগুলো বেসরকারি খাতে ছেড়ে দেয়ার পর এগুলোর নিরাপত্তার দিক উপেক্ষিত হয়েছে।
a81982aff5	4c555	বর্ণহীন
a81996904b	e7230	অনুপ্রবেশকারীদের ধরতে পারে না
a819b5f90d	f1240	গত ৬ ডিসেম্বর
a81a415e59	8845d	তাঁকে কিছুই না বলে
a81ac4d717	c11b1	দুর্ঘটনা নয়
a81ae99a32	25117	ডাইনা বলেন
a81b12510e	21e54	সুঠামদেহী ছিলেন
a81b1e115c	a43b5	মারা যান ১৭৩৭ সালে
a81cd10055	b9b98	তিশমা
a81cea1778	698ff	ঢাকায় যোগদানের ব্যাপারে
a81d0e2b5f	b9a81	অনেকে আল কায়দার সাথে
a81d1a7efc	f4ba7	অক্টোবরে তা কমে
a81d2b58b2	e31e7	৫১ জন নিহত
a81e095de6	d9817	ছেলেটিকে পিশাচ নামে
a81e9ac4ce	870e3	যুক্ত হচ্ছে আরও কিছু পণ্য
a81ec6c5db	ab946	৬৫ টাকা কেজি দামে
a81f4943ef	c6848	বাবা ঘুরে দাঁড়ালেন
a81f7b7f3b	ad98d	বাড়তে লাগল
a8200f98f1	a43b5	আমার দেশ কার্যালয় থেকে
a820a23004	baa02	অন্য ড্রাইভে করতে হবে
a820afe966	79b06	লাশ বস্তায় ভরে
a8214f2012	c0d65	একটি অমৃত হইতে
a8218f2e43	6e6fa	সরে দাড়ানোর ঘোষনা দিয়েছিলেন
a821bd9916	83c53	গণন
a821cf4ddb	f143a	বয়ঃবৃদ্ধির অনুপাতে বাড়তে থাকে
a821eae47e	98b81	স্নাতক ডিগ্রী লাভ করে থাকেন
a821eed3c4	5639c	আমি একেবারেই প্রাচ্যপন্থী
a822389acc	c2082	১৯ বছর বয়সে
a82249ca36	d2355	ডিসেম্বরের মাঝামাঝি
a822892302	25696	৭২ ও ৮২ মিনিটে গোল করে
a822cb1d69	4f2ae	এরপর গত বছর
a823063cc5	84145	পথে অপথে ছুটিয়া বেড়ায়
a823132e92	c7705	আজ আমার সাফল্য
a823803415	d9817	সমুদ্র তাকে বিয়ে করতে চান
a823da75ee	1a4a9	মিতা টেবিলে খাবার দিল
a82432491a	82926	একটা ছেলের সঙ্গে
a8246061cb	9c8dd	কেন এদের
a824c87d7f	089ef	যে সম্পর্কে কারও অধিকার বেশি
a824cd8fb6	e89bb	আদালতে অভিযোগপত্র দাখিল করে
a825631ca6	c9c19	সবচেয়ে বিখ্যাত হল
a82564280c	7df87	জন্ম ১৯২৮
a82568e171	14d25	পাকিস্তান দলের সমর্থকরা
a82588b5de	778c0	তাদের কোথায় পৌঁছোনো হয়েছে
a825fb5577	809cd	অস্ত্রের মুখে জিম্মি করে
a82600e471	9282d	ইউক্রেন কর্তৃপক্ষের কাছে
a826d8244a	0c39f	উন্নত দেশের সব প্রয়োজনীয় পরীক্ষা-নীরিক্ষা ও ভ্যাকসিন চিকিৎসা বর্তমানে বাংলাদেশেই রয়েছে।
a8270c1d57	3f493	অ্যানথ্রাক্স একটি আমেরিকান
a82724421f	3f493	প্রকৃতির ছবি
a8277ff5f0	13b6a	বের হলো
a8279b708d	3d17c	চট্টগ্রাম হাটহাজারী উপজেলার
a827e1f069	7e1d5	অবাধে বিচরণ করে থাকে
a82808fd68	3d17c	বেরিয়ে যেতে থাকে
a8281c856c	e6d83	এ নিয়ে একাধিকবার
a8286a37dc	967fd	ইসলামের সমালোচনা করেছি
a8289d8b2a	b8bf0	কমেন্ট
a828ad3125	4237e	সৈয়দ বেলালকে
a828cd8be8	06ea3	কিংবা ছিনিয়ে নেয়ার কারণে
a828db45ee	4bede	মেদ
a82915b0b8	e00db	লিখতে প্রবৃত্ত হয়েছেন
a8298ab6de	da6f0	কিছুই তাকে জানালাম না
a829b8a198	5a61c	নিরপেক্ষ নির্বাচন
a82a26a9d7	f0f95	উচ্ছ্বাস আর আনন্দই ছিলো
a82ac835e2	65652	কারণ হিসেবে বলা হয়েছিল
a82ae3e1ea	e31e7	ছিনতাই কাজেও লিপ্ত হয়
a82be62e58	d7a68	তখনই তার নামে
a82c0b3538	0633a	কেন্দ্রটি প্রতিষ্ঠার
a82ce8c959	b2a62	সংস্কারকের পতন
a82d152329	7a227	রওনা দিয়েও
a82d1b4d89	0e637	দু-একটা কীটপতঙ্গ
a82d372bc0	e03ce	শ্রীলেখা মিত্র
a82d884321	e55de	আজ আইসিসি টি২০ বিশ্বকাপের ফাইনালে মুখোমুখি হতে যাচ্ছে উপমহাদেশের দুই ক্রিকেট পরাশক্তি ভারত ও শ্রীলংকা।
a82d92e5c7	80be1	ছিলেন রসিকতাপ্রবণও
a82e4a6a25	39dd0	হাজির হয়ে জামিন চান
a82e75fd90	cc9fd	আরও বড় জীবাণুনাশক শ্রেণীর সদস্য
a82ed2d7a0	948d3	এই বদলি প্রক্রিয়ায় যুক্ত ছিলেন
a82f0f4c53	e68af	পদক্ষেপ গ্রহণে
a82f126c6c	1e7c7	আমরা উদ্ধার করেছি
a82f316222	9092b	যারা সবসময়েই আমাদের
a82f4b43bf	ee852	খুব অমায়িক ও দয়ালু লোক
a82f56d7a1	b52ab	উল্লেখযোগ্য সংযোজন
a82f660885	ca088	পৌষের আগেই
a82f9d8a97	7aed9	বছরের পর বছর
a82fe19897	b2a62	কাজ নেননি
a82ff1601d	7027a	কারণ হিসেবে বলা হয়েছিল
a8300544ba	086dd	এ আই মাহবুব উদ্দিন আহমেদ বলছিলেন
a8300f393e	2695f	বিশেষজ্ঞরা মনে করেন
a830648702	1a4a9	সমর্থনে অমিতাভ
a831716575	33aef	ঘরের বেড়াল
a831822ca6	6d129	রেডিও পাকিস্তানের
a8319561e9	4fc91	মার্কিন যুক্তরাষ্ট্রের নিয়োগকর্তারা
a831b2e13e	2bd99	শকুন্তলা জিজ্ঞেস করেছে
a83204e756	3ccf1	ব্যবস্থা নেওয়ার কথা
a83224e08a	ce180	বাইরে চলে যান
a832393ab7	7e191	নির্বাচিত দশটি বইয়ের প্রকাশনা
a8326c45e1	e2f12	মানুষ সংলাপের জন্য অপেক্ষা করছে
a833293560	e6203	সেনাবাহিনী মঙ্গলবার
a8338655f9	194f5	সুতরাং এ ধরনের কারণ
a833980b41	c173f	বৈদ্যুতিক ত্রুটির কারণে
a83437bc66	31f09	এ সময় তারা বিয়ের বাড়িতে
a8348345f5	fbb81	জান
a835070eeb	e9fa7	বৈঠক সূত্র জানিয়েছে
a83523bf30	ff1c3	এতে কোনো হতাহতের
a835ba7192	194f5	চাকরির দরখাস্ত লেখার নিয়ম
a835edaf9e	8c120	মামলা না চালানোর
a83621569e	0d4cb	কত কাউকে
a836b018ce	7b103	এক বিশিষ্ট স্থান
a83713e512	ce180	কিছু মানুষ আমাদের
a838b7f226	17dcd	ভাইবোন
a839aa1843	2556b	বাংলাদেশের অধিনায়ক
a839b83426	ea8fa	ওই ঘটনার প্রতিবাদে বিভিন্ন নারী সংগঠনসহ রাজনৈতিক দল সোচ্চার হয়।
a83a45293c	fcefa	খালি মুখে দিচ্ছে
a83a49aed4	3b1f7	প্রশংসা বা নিন্দা করা
a83a56c7b5	13b6a	উদ্দেশ্য বা লক্ষ্য যাহা
a83b5d1556	ff1c3	তারা আবারো অগ্রসর হয়
a83be62421	717bb	এছাড়াও করেছেন প্লেব্যাক
a83c035ac6	b5fdc	শীর্ষে ৩ দিকে উড়ন্ত বলাকা
a83ca06166	274ee	মৃত্যুর কারণ
a83cc7c7eb	8edea	তরঙ্গ দৈর্ঘ্য
a83d46e28f	1652d	কোন ধারণা দিতে পারে নি
a83d5861a5	46d49	ফলে এক সময়
a83d7d94d7	e68af	এই চুক্তি বাস্তবায়নের জন্য ভারত সর্বোচ্চ পর্যায় থেকে সহযোগিতা করবে।
a83de79bfa	9f25e	বিশ্বে বাংলাদেশের স্থান কত
a83e5e1a2e	0895a	জেএসসি-জেডিসির
a83e9c8f39	4bede	কাটাকুটির দাগ
a83f061526	e68af	তবে এবার
a83f49f277	a274b	৫ মাস পর
a83f6afabd	2695f	যুদ্ধের কোনও অভিজ্ঞতা নেই
a83f6d300e	c41d8	একাত্তরের যুদ্ধের সময়
a83f8d2daf	4bd2c	২৩ সেপ্টেম্বর, ১৯০৭
a84001a26d	15a75	পরিচালিত ছবি
a84041069e	717bb	তাই পেটের টানে
a840684245	2909b	চাপ দেবেন না
a840913bc7	16cfb	এদিকে দক্ষিণ সুদানের
a841458a52	bdd05	উড়ে যাই
a841a105d4	bfac7	পানি সরবরাহের পাইপ লাইন
a8425bf3d0	1a4a9	পাহাড়তলী থানার মধ্যে
a843356705	d9817	এদের মধ্যে অনেকেই
a8435ca80f	e68af	এতোদিন ধরে
a8438abf7a	860f4	এপার্টমেন্ট
a843baf474	ab946	অসত্য অভিযোগে
a8443c7642	bc81e	মনে রাখবেন
a844afb9ec	efc0d	সবাইকে বলতে লাগল
a845e4c5e3	9092b	জনগণের আকাঙ্ক্ষার
a8462f2dc3	f29bf	বাজিমাত করেন সুস্মিতা
a846449160	39dd0	রাজনৈতিক পরিস্থিতি
a8464d7361	8edea	সেমিনারের যৌথ আয়োজক ছিল দুদক
a846764ed5	72649	কারও গায়ে
a846e6b776	18a52	বৃহস্পতিবার নগরীর সোহেল চত্বর
a84727db98	282d3	ফেসবুকে এমন একটি পেজের নাম
a8472edbcd	3fc9d	ঘরে এল
a847511f20	bbb22	ওই বছরের ১৪ই নভেম্বর
a847732e04	2c9c5	একদিনে ২ দশমিক ২৩ শতাংশ
a8478a0475	b618b	রক্তবাহের প্রবেশ ঘটে
a847b7fff0	83c53	বাম মোর্চার নেতাকর্মীরা
a848258f55	0a87a	সিয়ামুল হায়াত
a84877643c	d136b	শেষরক্ষা করতে পারেননি
a84928a76f	9d46f	এ উপন্যাসে ছিটমহলের অধিবাসীদের
a8496d50d7	7f2ef	তা মেনে নেবে না
a849bc01f0	9813c	তার ফিল্ম ক্যারিয়ারের
a849c13faf	cb842	সে বড় বলবান্
a849c56633	80e98	দিগন্ত ও গগন ছেয়ে ফেলছে
a849edbc8b	a4750	কিন্তু বাইরে থেকে
a84a937a3d	6dff5	বিক্রেতাদের সঙ্গে কথা বলে
a84ae51fcd	a46e2	স্লোগান শুরু হয়
a84b4e46e1	b2a62	টেমপ্লেট অনুসরণ করে
a84be15ce4	ac904	মল-মূত্রকে
a84be1a013	f29bf	মায়াবতী রামকৃষ্ণ
a84be9c205	29f8c	সেটা সারিয়ে দিতে
a84bf389c7	ac0df	উপস্থিতির জন্য
a84bf3f3a4	13b6a	মুক্তিবাহিনী পাকিস্তানের সেনাবাহিনীকে
a84c211682	93080	পাকিস্তান ও শ্রীলঙ্কা
a84c69d439	f7a7f	ফুলের মালা
a84c6efc5c	ab946	তিক্ত অভিজ্ঞতা হয়েছে
a84c9f2e9a	efc0d	অমঙ্গল
a84cae0a13	76329	তবে বাংলা ক্রিকেট-সাহিত্য
a84cd75065	76329	রাজধানীর এক হোটেলে
a84d62094c	66b3c	দেশটির আরো আটটি দ্বীপ
a84dbf4bf1	0633a	এ ঘটনায় বিশ্বনাথ থানায়
a84dc03531	66b3c	আধুনিক অস্ত্রশস্ত্রে সজ্জিত
a84de33196	7ed14	প্রচার হয়েছিল
a84df9f071	38ff0	হুমায়ুন কবির
a84dff6c11	9351a	যে দেশে পুরুষ পা-জামা পরে
a84e1e9e3d	d2355	বর্তমানে সেসব প্রস্তাব
a84e9e9413	e9759	নানা ধরনের পণ্য
a84ea48d13	3faff	গ ইউনিটের প্রায় ১ হাজার ১০০ আসনের বিপরীতে সাধারণত ৩৫-৪০ হাজার শিক্ষার্থী পরীক্ষা দেয়।
a84eaab213	91b16	এ উপন্যাস সম্পর্কে বলেছিলেন
a84f19beb9	e00db	তাও আমার স্পষ্ট মনে আছে
a84f2814a3	767ff	প্রচার এবং পণ্যসামগ্রীর বাণিজ্য
a84fa1ff16	8b859	কিছূই ঘটেনি তা নয়
a8501c6423	4bd2c	রুল জারি করেছে হাইকোর্ট
a850260c6b	2de86	রানা প্লাজা, তাজরীন বা আমিনুল হত্যাকাণ্ডের প্রেক্ষিতে যুক্তরাষ্ট্র এ ব্যবস্থা নিয়েছে।
a850e474b8	b5fdc	ইংল্যান্ডের সবচেয়ে সফল ক্লাবটির
a850e50f2b	85430	এটা তাহার ভাল লাগিল না
a851d569b6	d9081	তিনি ওয়েস্ট ইন্ডিজের হয়ে
a851e5bcb7	0895a	নিয়ে আসতে হবে
a852ac05e3	4f2ae	বিশ্বের বিভিন্ন দেশে দত্তক সন্তান প্রাকৃতিক সন্তানের মতো উত্তরাধিকার পাবার যোগ্য।
a852efd785	2695f	আই অ্যাম
a85311e388	730c3	যানবাহন ভাঙচুর
a8531a68c2	35ef3	দূর-দূরান্ত থেকে
a853f091da	16e96	১২টা ৪৩
a85476025f	3d17c	ফোনে দুটি সিম ব্যবহার করা যাবে
a8551efff3	72649	প্রস্তাব গুলো ঘোষণা করার আগেই বিরোধী রিপাবলিকান পার্টি এর বিরোধিতা করে আসছে।
a855213119	d82d9	এই ব্যাখ্যা যথাযথ কি না
a855536ea4	2ecf8	প্রধান নায়িকা হিসেবে
a85571cf1c	13b70	খুব একটা ইচ্ছে ছিল না
a855efb6eb	3d17c	বাংলা অভিধান বইটি
a8567d25bc	1f974	স্থগিত করার সিদ্ধান্ত নিয়েছেন
a85698c8dd	9282d	আমাদের ওর এবং চিকিৎসকদের সঙ্গে
a858854d03	0a87a	ক্রিস্টিনার স্বামী
a858b8cb96	12702	এই ভিলাটি তুমি
a858bc907d	e2ff7	এ ভ্রমণে জনপ্রতি খরচ হবে
a85908d0c2	37d7e	গোল ব্যবধান আর বাড়েনি
a8595a0f48	730c3	আর ফিরে যাননি
a859613cf0	47e8d	কাঁদিয়া উঠিয়াছে
a8599778c4	195f7	সৃজনী প্রতিভা
a859d38083	e8dde	দুটো কাকতালীয়
a85a152760	f280a	হাজার বছরের
a85a3aae7a	1c618	জড়ো হতে থাকে
a85a89329e	4a918	রোববার দশম জাতীয় সংসদের
a85ad51cda	ac904	সেই যুদ্ধের অন্যতম ইংরেজ কমান্ডার
a85ad6f332	33814	কর্মসূচিতে অংশ নেয়
a85b196019	0d4cb	দক্ষিণারঞ্জনের পিতার নাম
a85b330ef5	e31e7	এখানে শফিকুলের লাশও
a85bf79ee0	d1a48	এতে ঘটনাস্থলেই
a85c16819b	ee994	দখল নিয়েছে তারা
a85c2252d4	e754e	বর্ডার গার্ড বাংলাদেশ বা বিজিবি
a85c9b60c1	ad98d	সরু একটা রাস্তায় ঢুকতে
a85d519df1	717bb	২ হাজার ৫শ’ টাকা
a85d65549b	49543	প্রধান বিরোধীদল
a85d9a89e2	e3f89	১৯২০-য়ের দশকে
a85f331a52	3fce2	ফেসবুক থেকে ভিডিও ডাউনলোড
a85f368dc4	33aef	খেলোয়াড় বলবে না
a85f3affad	860f4	যা প্রশংসার দাবিদার
a8602d1d80	b8bba	আমার কেন অঙ্গ হৈল ভারি
a86081c303	b8ed8	আগুন নিয়ন্ত্রণে আনতে
a860854800	f1ff2	অধাতু হল
a860dfa9da	9f25e	তার সাথে আমার
a860f5022c	2d78f	বিশেষ করে প্রত্যন্ত অঞ্চলে
a86189f8ee	38d3a	থানায় তাকে
a8618dbe5e	17ca1	ফজলুল কাদেরের ছেলের বিরুদ্ধ
a8627542eb	745b7	দু’দিনেই মরে গিয়েছিল হেনার
a862aa0a80	d5213	আর যারা প্রকৃত প্রেমিক তারা আজ বঞ্চিত।
a862af4bb0	16877	স্বীকার করে
a8632ed641	1652d	১৫ ওভারের মাথায়
a8635a7e18	7e1d5	তা ভেবে পাইনে
a86388cf91	d136b	রাস্তার যানজট ঠেলে
a86429205a	932bb	রীতিমত নির্দোষ ব্যক্তিকে
a86435de8a	1a4a9	কথা বলতো না
a8648b8ff1	ad69a	পিএইচপি
a864d64de2	410fa	সুষ্ঠু প্রদর্শন-প্রক্রিয়া চালু হলে
a86518fac0	ee852	শ্রমিকদের উস্কানি দেয়ার কারণে
a8653dad31	c0965	প্রচারিত হয় এবং লয়ও হয়
a86562ba3e	d3e06	ব্রিটিশ কর্তৃপক্ষকে
a865b698f9	693cb	আগস্ট ২০০৯ নাগাদ
a865c79994	1f974	অবেস্তা ভাষা
a866770a40	bdfc1	লঞ্চটি টেনে তুলতে পারলেও
a8667c1a73	33814	তাপমাত্রা ঠিক রাখার চেষ্টা করে
a86727f614	dba43	সন্ধ্যা ৬টা পর্যন্ত
a86730046d	28dfc	এদিকে বিরোধী দলের
a867551c4a	29d44	আরেকটা কথা বলব
a867dd1dea	ad2a0	স্বীকৃত ছিলেন না
a8682d0806	6b437	আরাকান রাজ্য-পরবর্তী সময়ে
a868bb86e5	13b70	পূর্ব পাকিস্তানকে
a868d35245	903fa	দেওয়া হয়েছিল
a8693edd52	7d3e1	খাদ্য অধিদপ্তর
a869964ff4	f9dfb	ত্রিপুরার প্রথম মেডিক্যাল কলেজ
a869a334c0	bcaa8	এখন শত শত মানুষ
a869b11c5e	195f7	তারিমুন জাভা অন্যতম
a869f998d0	37e17	আজিমপুর কবরস্থানে দাফন করা হবে
a86ab69237	1a4a9	আতাউল করিমের দেয়া নতুন ধারণা
a86b54ba77	a4750	তারা যেন একটু হলেও
a86b8d33db	3bea8	মি. মোরসিকে মুক্ত করে দিতে
a86b90afd8	9d398	খুরশীদ আলম
a86bd36db7	ce180	পারিবারিক শিক্ষাই
a86be4b658	4fc91	রংপুরে জনসভার পর
a86c0c9a68	39dd0	পাখা
a86c99ec89	c173f	দুই লাইন কবিতা বলবো
a86ca5efe2	e55de	ঠিক করলেন একা নয়
a86d01f3be	698a4	ভাঙচুর করতো
a86d1b47f9	8845d	আমি নিজে
a86d2aa7d9	6fb36	বলেই মনে
a86e030d4c	07660	পৃথিবীর ইতিহাসে
a86e60511c	a9a58	আব্দুল খালেক দিয়ে থাকেন
a86f61c843	f280a	যোগাযোগ করে
a8703e6acf	404ee	অধ্যাপক ড. মযহারুল ইসলাম
a870a43eef	71522	দু’টি যানের জন্য
a870b80590	5b13f	জানান ওসি ইউসুফ
a870d5df0f	b8ed8	চীনা
a8717985c2	b8bba	ওজিল
a8720b6f0a	91dff	সুন্নত না পড়লেও চলে
a872bc980e	698ff	কী কথা খুলে বলবে
a872d9ddd2	c463d	তার মনে হলো
a8734df6ec	430b2	আর মাত্র পাঁচ মিনিট বাকি
a8744e289f	18a52	গণতন্ত্রকামীদের বিরুদ্ধে
a8749fdd04	7c272	রোববার রাত ও সোমবার ভোরে
a874b545da	10a9f	দুই জনকে
a87607cb8a	8edea	ফুটা
a8761f5d8d	68ab7	শুধু সাভারেই মিলবে
a876c428aa	8632b	মে মাস থেকে
a876fa5d87	7ee9b	উন্নত করার জন্যই
a8772183a6	bdd05	সকাল ৯টার আগেই
a8776de325	491a5	সাহিত্যকর্মের স্বীকৃতি হিসেবে
a87774dba9	590d0	প্রেম থেকে বঞ্চিত হয়
a877ab132b	5a61c	ধীরে ধীরে তার
a877f425b2	12702	কাটরা হইতে নামিয়া
a8780d4e4f	ee994	ভিলেন
a8784e844d	355c1	৫ই জানুয়ারির নির্বাচন
a87853a886	0633a	আইরিশ ও কট্টর হিন্দুত্বে বিশ্বাসী
a8788518c9	05901	আমাকে জিজ্ঞেস করল
a878b1ad5d	2b883	জিয়াদ বাহা এল দিন
a87963d95f	9813c	আলাদা বেতন কাঠামো
a879a9dc3e	af81d	এই হাট
a87a0015d2	b7be9	বিভিন্ন প্রশ্নের জবাবে
a87a241acc	7898e	এমন নানা নম্বর যুক্ত
a87a3233b8	16cfb	এই জল খুব একটা
a87ab08e7b	1a2a1	তবে স্প্যানিশরা গুলি করেনি
a87b2c284e	52578	শিক্ষা ভাতার ব্যবস্থা করেছি
a87b30be5c	2de86	আমি চলমান সিলভার লাইন
a87b5a2cb5	bd576	নাটকীয়ভাবে কমেছে
a87ba50933	b52ab	এ বছরের এপ্রিলে
a87bee17d1	f1240	নিজের কাজ নিয়ে
a87ccd1ca6	ea8fa	ডিবি সদস্যরা
a87d5a71af	b8bdd	ওয়েবসাইটে এবং দৈনিক পত্রিকায়
a87d67e57c	3fce2	একই সঙ্গে দিশা গীত
a87dab07ba	84145	গূঢ় তাৎপর্য্য আছে
a87e202854	f2780	নিজেদের জনপ্রিয়তা প্রমাণের
a87e5f062f	948d3	উন্নত জাত তৈরি করেছে
a87e8c5e6d	9642e	সমাবেশের মাধ্যমে
a87e904aa5	49543	কুফর-বর্জিত নজরুলকে
a87eafb142	4486f	এসব পাখি থেকে
a87ee21c48	6aac8	তার একমাত্র সন্তান মুনমুন সেন
a87eed245b	b8ed8	কয়েকশ মানুষ হতাহত হয়েছে
a87f0d1779	717bb	দু’জন হাই বিজয়
a87f49835b	fcc89	একটি নাটকে
a87fc628ee	5a61c	উচ্চ সামাজিক শ্রেণীর
a87fd265ec	85430	তথ্য-প্রযুক্তির ব্যাপক ব্যবহার
a87ff535d5	b8ed8	সবসময় এভাবে শাড়ি পরতো না
a880618819	7b900	বাধা তৈরির একটি উপায়
a88088c0b2	92f59	স্বরাষ্ট্রমন্ত্রী মহীউদ্দীন খান আলমগীর
a880a8e4d2	fb4cb	অতিরিক্ত কিছু আদায় করা
a880f7679f	410fa	দেয়ালের এই পিকাসো মাতিস
a881107754	2c9c5	রাখির বন্ধন পাঠাইলাম
a8811d71ff	f89d7	সকালে টঙ্গী কলেজ
a8814128f2	4dd57	এখনো যে আর্মি নিয়ে আসছি
a881788ef0	3faff	আমাকে জড়িয়ে যে সংবাদ
a881b4dcc8	d9817	হামলার পাল্টা জবাবে
a881cca478	73629	ফটোশপের নতুন সংস্করণ
a881fcb6f1	80be1	লোকে খোঁজে
a88230a2a5	60b9d	নতুন হাসপাতালটা
a8824e1029	33aef	এলাকাবাসী
a88263cfd3	ff0fe	তবে পুলিশ আরও
a8836711cd	49d63	৩১ মার্চ পর্যন্ত
a883cfe56a	80518	সাম্প্রতিক বছরে
a883fb212d	69d9a	একাদশ শ্রেণিতে ভর্তি
a884704302	b8ed8	বিহ্বল-চোখে তাকিয়ে
a885906de1	b4ea7	তা করা হয়েছে
a885d67bfd	88654	ফলে সময়মত শিক্ষার্থীদের
a8868ca8c0	60f77	২-৩ মিনিট হালকা হাতে
a886a566a9	69d9a	উপদেশ দিলেন
a886bcab5d	bd576	ভূমি সমস্যার সমাধান বিলম্বিত হওয়ার কারণে প্রত্যাশিত উন্নয়নও ব্যাহত হচ্ছে।
a886efc5ff	d1b12	বিচার হচ্ছে না
a8871bd29c	4fc91	পুরুষ সহকর্মীর
a887671585	79b06	এজাহারভুক্ত আসামি
a887c318ef	c4973	জনমেজয় কহিলেন, হে মহর্ষে
a8880982dd	194f5	নতুন একক গানের অ্যালবাম
a8882ee6a7	fbb81	‘আদি’ নামে
a888547dc7	9fa90	আশাবাদী ছবির পরিচালক
a888e0f059	d7a68	আমি দেশে নেই আজ কুড়ি বছর
a888ff61cd	31f09	ফি দিতে হবে
a8895c0364	06736	গত ২৪শে নভেম্বর
a8897cdcaa	4a67e	খুব বেশি না থাকলেও
a889ce4419	a9a58	মিল্কি হত্যা
a88a4b97a6	8cf95	কান জবাব না পাও
a88a8b2600	53396	দোকান খুলে লাভ নেই
a88ac66bb7	f0f95	বেডরুম ফার্ণিচার
a88aff0254	c749e	পূর্ব ইউরোপের কয়েকটি দেশে
a88b187a38	14d25	তিনি বিখ্যাত
a88b1cee11	c41d8	রোববার গভীর রাত থেকে
a88c52cda6	f2b7d	আরেক ক্যাসেট চালানো হচ্ছে
a88c70e822	c3cca	তাদের মনোজগতের মধ্যে
a88cdc1ce4	f280a	তার পাশে
a88d02e157	7e1d5	ভিন্ন সংস্কৃতির এ কার্টুনের প্রতি শিশুরা যদি অতিরিক্ত আসক্ত হয়ে পড়ে।
a88d6a0b8f	d9081	মিলাদ
a88e057dc9	7b900	বগুড়ায় সমাবেশ হবে
a88e4337c3	80e98	কাউকে চেনে না
a88e484403	cd3ac	খোপা
a88e659fa6	aabe7	অর্জুনের একটি ব্রোঞ্জমূর্তি
a88e873987	4bede	কিংবা লঘু
a88ea7b942	ba2f6	রঙ্গমঞ্চে প্রবেশ করে
a88eb38b0a	f1ff2	তার ঠিক হয়নি
a88ebcb620	1c618	দৈনিক ইনকিলাব
a88ed44abd	cc18a	মূর্খগুলোর হাতে
a88f1cdc81	c3cca	কারন আন্তর্জাতিক আসরে
a88fc652c8	d9b11	জীবন বিসর্জন দিয়েছেন
a88fe8e799	932bb	সংস্কারক ছিলেন
a890626c0a	7b103	১৯৯৮ সালে
a891291a85	b08d0	তারাও নিউ ইয়র্ক
a8912f8d8f	3f875	হোয়াইট হাউজে এক বিবৃতিতে
a891373425	f0f95	নিরাপত্তার স্বার্থে বাংলাদেশের বিভিন্ন প্রতিষ্ঠানে সিসিটিভির ব্যবহার এখন বাড়ছে।
a891427fe4	698a4	অন্যদিকে সত্যেন সেনের
a891f09253	9fa90	ছেলেরা মাঝে মধ্যে ভুল করে
a89203f590	06736	এই দুর্ঘটনা ঘটে
a89218ad67	3faff	গ্রেপ্তার না হওয়ায়
a892d63834	57d54	উৎপাদন যদি
a8930786f3	4c555	হরতাল কর্মসূচি শেষে
a8930d4ba8	6aac8	দুর্ঘটনার আশঙ্কা আছে
a893c79451	32b3e	প্রতিপক্ষকে পেয়েছেন
a893cdd7ee	13b6a	ভোটকেন্দ্রে হামলা, আগুন
a894244d4e	86b1b	কাল যদি সাকার
a8942a681a	86b1b	মাসলা মাসায়েল
a89498c191	06736	কাজেই বেদে ইন্দ্রাদি দেবগণের কথা থাকা
a894ba6161	eecdd	চালু হবার পর থেকে
a894c789a9	4c1eb	প্রথম পৃষ্ঠায়
a894dc70ce	8143b	অন্যান্য কয়েকটি ডুবে যাওয়া
a894fe27fc	42898	সাধারণ মানুষের পক্ষে
a8961d7d9c	ff0fe	খাদ্য সংগ্রহের
a896212079	16cfb	জানান ওসি রফিকুল
a8969149bd	3ccf1	নিয়মিত যত্ন নিয়ে
a8976cdf79	2bc73	পালনের সিদ্ধান্ত নেয়
a89875b31d	967fd	যাকে রাজনৈতিক অর্থনীতি
a898869c16	ea5be	ইহা জটিল কুটিল
a898a94244	d2294	হত্যা করতে পারে
a898b26522	d2294	বেড়বাড়ির আলমগীর হোসেন
a898e39933	d711f	কলকাতার দিকে আসছিলেন তিনি
a8992af787	9fa90	কিন্তু বিকল্প পথে
a89948609c	5a61c	গনঅবস্থান নিয়ে
a899517ee7	d9ba9	সম্পূর্ণ বিরাম-চিহ্ন দিয়াছিলেন
a899518b4c	17dcd	বরং প্রদেশটিকে
a8999bed45	17dcd	তাঁকে বিচলিত করেনি
a89a18b4bb	1a2a1	কাজের মৌলিক একক
a89ab9550d	ee852	কর্মচারীদের অনুরোধ করা হলে
a89af541d0	eb179	বেঁচে গেছেন অনেকেই
a89bdcf9fc	bcaa8	উপরের অংশ বানরের
a89bf0d6ba	33aef	কিন্তু নিজেদের মতো করে
a89c3b3388	0bace	পিএইচডি ডিগ্রি নেন
a89cb1ff37	f2097	অনেকে শাবনূরকেই দায়ী করেন
a89d133bcd	404ee	নির্ধারণ করতে পারে
a89d5c4bd5	d3e06	অনেক দূর গিয়া
a89e20789d	0e637	কোনো সংহত মানে
a89e733016	d136b	শুরু হবার পর আজও
a89e9aba3a	11bd2	অন্য কয়েকটি গ্রহের
a89f2932fe	0d9f1	তাঁহার লক্ষ্য
a89f2b3119	e03ce	কুইজ প্রতিযোগিতা
a89f3192a1	323f1	জিয়াউর রহমানের
a89f3fb28b	2ee04	কী অসামান্য বই লিখেছেন
a89fa5d01f	e6e48	এক মূহুর্তের জন্যও তিনি
a8a09e1b68	1a2a1	বেনাপোল
a8a0edb297	e3f89	কারখানা মনিটরিং করতে হবে
a8a12a53ca	f9dfb	ভিন্ন সংস্কৃতির এ কার্টুনের প্রতি
a8a16c9541	35ef3	আমি এম এ জলিল অনন্ত
a8a19354c3	8c07c	সবচাইতে গুরুত্বপূর্ন গন্তব্য
a8a1a92044	69d9a	কলকাতার বুকল্যান্ড প্রাইভেট লিমিটেড থেকে
a8a1f7f311	b8bba	"হেডমাস্টার পণ্ডিতমশায়ের
a8a1f8bd66	c0d65	বেধড়ক পিটিয়েছেন
a8a22b058f	7ee9b	জবাবদিহি করে না
a8a27e75bc	089ef	গ্রহণযোগ্যতা বড়সড় ধাক্কা খেল
a8a2a7aa95	d0c70	ভোর যখন হল
a8a2b13999	e03fc	এখানে এসেছি কেন
a8a3bedb61	e9fa7	সাদা ক্যানভাস
a8a3da709d	38ff0	আর্থ-সামাজিক উন্নয়নের
a8a4217623	85430	ফেব্রুয়ারি ২০১২-এ
a8a43f10cf	12702	দিবাস্বপ্ন দেখছেন
a8a4b24841	f7a7f	যমুনা নিউজ
a8a4f14168	d8c80	তাঁর পাশে থাকা
a8a599ef3b	cc18a	তার কক্ষটিও ছিল
a8a60e1300	0895a	তিনটি ফিল্ম ফেয়ার পুরস্কার
a8a6e8f53f	ca088	এত কি আমাদের দরকার
a8a75ae3be	93d3b	তার অপেক্ষার প্রহর
a8a7660fa8	5b13f	লিঙ্গ নির্ধারক ক্রোমোজোম
a8a837aded	35ef3	তামান্না ভাটিয়া
a8a8683a53	ce629	ক্যাসিয়াস ক্লে
a8a880c2e4	3ccf1	একজন সাক্ষীর
a8a8d89ae7	7df87	জনসম্পৃক্তির এই প্যারাডক্সটা আছে
a8a900ab58	91b16	উল্লেখযোগ্য অগ্রগতি দেখাতে হবে
a8a90af192	46d49	আবার চলল
a8a9a6dd0a	cb627	লবণ ১ চা-চামচ
a8a9b340ce	35ef3	এসব কথা বলেন
a8a9e38f0e	d0c70	চট্টগ্রাম টেস্টের প্রথম দিনে
a8aa07b5db	03284	তাঁর লাশ
a8aa7d2980	693cb	সমগ্র মানব সভ্যতা
a8aa83817c	f0f95	ফোন ধরেন আমার শাশুড়ি
a8aa83c738	0f047	ওই হামলায় কমপক্ষে
a8abd168e4	3bb15	মানুষের জ্ঞানের উতস কি
a8abfbaffe	ff1eb	তিনি কাপড়ের ব্যবসা করেন
a8ace4356e	a916a	পশ্চিমা দেশগুলোকে আশ্বস্ত করেন তিনি
a8ace5d5f4	1f974	আর্সেনালের পরেই আছে এভারটন
a8ace99fe6	f143a	পুড়ে যায়
a8ad0a9f72	d41be	ছবির চারিদিকে
a8ad11d325	cc9fd	হাজার বছরের
a8ad12e441	28bb3	সেটা কমলা রংয়ের
a8ad57aab1	76329	ওই ঘটনার পর
a8ad6d0a52	5639c	মঙ্গল
a8ad8afedd	1f974	দাবি আদায়
a8ade5f02e	430b2	এরা সবাই আমাদের
a8ae0f9831	f7a7f	১৫,০০০ টাকা
a8ae206b6f	e6752	সরাবার উপায় নেই
a8ae72eb2e	7ec1c	মাহমুদুল হাসান জানতে চান
a8ae7aea7f	4f2ae	ভায়োলেন্স দেখাব না
a8af0b9030	9d46f	এক সন্তান নিয়ে
a8af0e35af	54e68	মাছ থেকে ময়লাসহ
a8af686439	1c618	সেসব খবর যে মিথ্যে
a8af8228a4	4237e	এক হ্যাকার
a8afcd002b	8cf95	কৃষ্ণ তখন তাহাকে বধ করিলেন
a8b0021734	98b81	এই প্রকল্পের ঠিকা শ্রমিক হিসেবে
a8b0054cdc	86b1b	নিয়মিত চুলের যত্ন নিন
a8b02b7f1b	ea5be	চিনি
a8b02cedef	1a4a9	অভিনয়ের মধ্য দিয়ে
a8b052696f	e754e	দলীয় সরকারের অধীনে
a8b057c195	d3e06	মুখের ভাষা থেকে
a8b091168b	c7705	সে কারণে একটি ছেলের
a8b124cac8	dafb6	তখনো তো বিচার করেননি
a8b1c70f41	c7a89	আর এখানেই
a8b1d5caca	a9a58	নেয়া হবে
a8b1eadf10	e2c11	রইয়া-সইয়া আগমন কইর’
a8b24a18a4	ea5be	এই স্বপ্নের আড়ালে আছে
a8b266e11e	ad050	২০১১সালে বিশ্ব ব্যাংকের সঙ্গে
a8b2d0adfe	d8c80	গাণ্ডীব ছিল অর্জুনের ধনুক
a8b2f6fafb	6a35e	একটি মাদ্রাসার ছাত্রদের সঙ্গে
a8b306a70d	3ccf1	হাইকোর্টের নির্দেশে
a8b31b9671	aa820	শার্ট
a8b3561de0	32b3e	রায় দিয়েছে
a8b42b6441	6da0a	উপকার হইবে না
a8b4e80d5e	ad050	খালি মাথা ঠুকছেন
a8b549b521	fcc89	এস এম সুলতান
a8b54e72cb	b4ea7	সেই সুযোগে তিনি নিঃশব্দে
a8b5bb642f	948d3	কাজ বলতে সেজেগুজে থাকা
a8b5d18d1c	ced74	অভিনয় করেছেন তিনি
a8b6097239	dec2d	বিদ্যুৎ প্রয়োজন হয়
a8b6a0604e	880ae	জিজ্ঞাসাবাদের পর
a8b6dffa63	ced74	সে জানে কীভাবে দোকানে বসেই
a8b6f23fbc	b9b98	শাদা পালক বকরা যেথায়
a8b7472958	b8bba	যদিও পুলিশের ধারণা
a8b788ef17	8632b	পরতে চাইলে
a8b7c4ac3a	83c53	অজস্র বইয়ের ছোট ছোট রিভিউ
a8b7e3d2e5	a3a6d	বাংলাদেশে যুদ্ধাপরাধ আদালতের
a8b846964f	f7a7f	নির্দোষ সামাজিক ব্যবহারের বিরুদ্ধেও
a8b8c22ff4	ea5be	যাঁদের চালচুলা নেই
a8b90f2a0b	66dcd	কিন্তু বাস্তবে তা ঘটেনি
a8b9878f81	4a67e	এতদিন কাজ করে এসেছি
a8b9b7d1f3	2695f	তবে পুরুষকে
a8b9c7a8c6	0696e	তবে যে শিল্পী নজরুল নন
a8ba191117	59c73	এ ধরনের ভোট
a8ba5ce516	442b7	অনেকের চোখে ভাসে
a8bb00584c	43b04	পদ্মা নদী
a8bb1b6bb5	1de6c	একইসঙ্গে যুক্তরাষ্ট্র অর্থনৈতিক
a8bb514482	0a7a0	সে যদি সরকার সহ
a8bb727213	aa820	এসএসসি পরীক্ষার রেজাল্ট
a8bbd30afc	730c3	ভর দিয়ে উঠে দাঁড়ান
a8bc0ea891	a06a1	আট
a8bc432819	21e54	পরপরই তা কার্যকর করা হয়
a8bc88974f	32c77	সতীশ যেন
a8bcf793a2	e00db	মাতা ত্রিপুরা সুন্দরী
a8bd6b9e9b	72649	ইয়েমেনে পাঠানোর সিদ্ধান্ত নেয়
a8bd751b32	5d12f	পরের বছর
a8bdc48871	b78ec	পাসপোর্টে স্ট্যাম্প মেরে
a8bdfd2396	2695f	দৈনন্দিন কার্যনির্বাহ ও আকস্মিক
a8be2b5e17	b7be9	টপকাতে পারেনি
a8be33c467	95f83	সন্তান কাদের সঙ্গে
a8be9ac020	72649	এবাড়িতে আমার আসারই কথা ছিল
a8bf56121e	7aed9	এই টিমকে দেয়ার জন্যে
a8bf7b9a54	dafb6	এপর্যন্ত জানা তথ্যমতে
a8bfcb27a7	29089	সিদ্ধিদাতার পদচিহ্ন অনুসরণ করে
a8c01c311e	967fd	মালয়েশিয়ার নিখোঁজ বিমান
a8c0c35df6	7e1d5	আবিষ্কারের কথা ঘোষণা করেন
a8c1167091	cc18a	মি: হোসেন বলেন
a8c1b6d7f9	b5fdc	ভরা গালের সৌন্দর্য
a8c1baf174	4164f	লেখককে খুবই
a8c1bdd15d	404ee	প্রশংসা করেন
a8c1cacec1	dec2d	করে তোমায় শ্রীমতী
a8c2099e41	4c555	জিজ্ঞেস করলাম
a8c2f9531a	80518	তার কাছে এসে
a8c309022d	80e98	একটা প্যাকেজের আওতায়
a8c319c197	2bc73	এসব মানায়
a8c32a65a7	4e900	হাতের লেখা
a8c3330590	b8bdd	কিউবমাস্টার হল স্মার্টফোন নিয়ন্ত্রিত একধরনের রোবট, যা রুবিকস কিউব মেলাতে পারদর্শী।
a8c3a50dd6	57d54	হয়ে উঠেছেন
a8c426592a	2556b	স্থায়ী আমানত সংগ্রহ শুরু করে
a8c4451d6f	72649	এদের মধ্যে অনেকেই
a8c4d162d4	f1ff2	একটি জীবনী
a8c5b8c4ea	ba2f6	নতুন পৃথিবী
a8c5f9a021	23291	আচমকা এক টান মারল রুকিয়া
a8c60063c9	fdcba	খুব ভালোভাবেই বুঝল
a8c678dcf2	089ef	কসবা থানার ওসি
a8c6d580dd	44322	ব্যাট করে
a8c706eb47	03284	ভারতীয় জনতা পার্টি
a8c76d19a2	f2097	নয় মাস যুদ্ধ করে
a8c77f7535	2de86	সংবাদ প্রকাশের বিষয়ে
a8c79dee41	cfc65	খলিফা বলে পরিচিত
a8c7de2d1b	323f1	মেহেদী হাসান হেলাল জানান
a8c83116d2	287bd	দায়িত্ব শেষ করে
a8c85856bb	1b359	'আমেরিকান হাসল'
a8c88ad387	54cdd	গ্রীষ্মকালীন অলিম্পিক
a8c890177c	4a918	একান্ত অনুভূতি ব্যক্ত করেন
a8c8bcfa11	e31e7	উন্নয়ন বিষয়ক মন্ত্রী
a8c900e4ef	dba43	১৮ জন সেনাপতি
a8c96b954e	a8710	নিজেদের এই সংকটের থেকে
a8c9dca89c	88654	বিভাগসমূহের পুনর্বিন্যাস করে
a8ca30d423	e6d83	নির্বাচন নিয়ে কাজ করছি
a8ca4a22e6	0edef	গত দশ বছরে আলজেরিয়াতে তিনটি বিমান দুর্ঘটনার তিনটিই হারকিউলিস বিমান তবে এটিই এই সময়ের মধ্যে সবচাইতে বড় বিমান দুর্ঘটনা।
a8cab0dd0d	ced74	পার্বত্য এলাকায়
a8cb02e2b3	da6f0	পুরুষকে সঙ্গে নিয়ে
a8cb6ea2d9	967fd	আজ যাব কাল যাব করে
a8cb6fcffa	58998	সোনারগাঁওয়ে আইনজীবী চন্দন সরকারের
a8cb8327a1	e31e7	সেখানে আঘাত হানে
a8cc1c9094	f280a	কেমন জানি একটা
a8cc1e0798	7d133	জানালেন শাহরুখ
a8cc52ac6e	eb179	মামলাটিতে ১৯ বছর ধরে
a8cc5eb4d9	66dcd	ক্ষণেক দুলিতে
a8ccbbcaa8	b8bdd	সেটা বাতিল হলো
a8cce9f831	b618b	চুরি
a8cd001def	65e30	ভারতবর্ষের বিহার থেকে আরাকান পর্যন্ত বেশ কয়েকটি চম্পকনগর রয়েছে।
a8cd1455d1	e31e7	ইসলামি গজল
a8cdab74a0	287bd	এখন রয়েছে একটি ড্যাশ-৮ ১০০
a8cdcb6600	8c120	চমক বলে মনে করে
a8ce207ba0	6ee5f	উত্তর ককেশাসের সবচেয়ে
a8ce2ad36f	7df87	যার উদাহরণ
a8ce831832	c3cca	আগামীকাল ফের
a8ceac296f	b08d0	এবং নতুন কিছু সুবিধা
a8cecdd93e	cb627	প্রায় ৩৪তলার
a8cf991025	07660	জালিয়াতির মাধ্যমে
a8cfb2afbe	2bd99	প্রায় ৯০ মিলিয়ন ঘনফুট গ্যাস
a8cfbb63ce	943de	যার পেছনে
a8cfedc217	b9b98	পশ্চিমবঙ্গ এবং বাংলাদেশ
a8d034dd65	2d78f	৬১ রান
a8d03d01f6	b9a81	এই সব বেসমেন্ট
a8d0935fa4	68ab7	এ ছাড়া টিপু সুলতানের
a8d0a1cfa6	7351e	যাত্রাবাড়ি, উত্তরখানে
a8d19900d1	9351a	কারণ সেটি তার নিজের এলাকা
a8d1bd4509	8cf95	নজরুল ইসলাম জানান
a8d1d9f2af	3fae0	পোস্ট অফিস
a8d24098f4	17dcd	স্থাপিত হয়েছে
a8d2428dca	16a17	ঘটনাটি টিপু সুলতানের কাছে
a8d27472bb	d2faf	৫৭টি মামলায়
a8d2ad7ad7	bf530	বিদ্বেষ আছে
a8d2c6af05	f89d7	এবং সেন্টার ফরোয়ার্ড
a8d2ca09be	ca831	এক ইউনিয়ন নেতা
a8d2d2dc6b	2aecc	অক্ষোভ্য পঞ্চজ্ঞানের
a8d339979c	eecdd	জেনারেল নলেজ
a8d36e294a	420df	আরো আলোচনা হবে বলেও
a8d389a784	2c9c5	এই উদ্যোক্তা হাটে
a8d456e84e	9d46f	পরদিন সকালে
a8d45b952d	37d7e	সে কথা মমকে
a8d4e41d16	e3d8b	অজভূতটাকে কাছে পেলে
a8d59daca9	2fe3c	কেনার ব্যাপারে সক্ষম
a8d5b10c16	bbb22	এখানকার ৪৪টি বাজার থেকেই
a8d5d58359	fcc89	জাতিগত বিভেদই হয়ত
a8d6505ce8	16877	কথা হচ্ছিল
a8d652820e	4dd57	জামালপুর সরকারি স্কুল থেকে
a8d6a3d2a1	491a5	সন্ধ্যার কিছুপরে
a8d6c6ac37	33814	মীজানুর রহমান
a8d6d55a2e	1c618	জাম ফল
a8d6d792be	65e30	শাদ সফর করেন
a8d6e3e259	75f18	ঠিক হয়েছে
a8d80968b7	0c39f	ঈদের চাঁদ দেখতাম
a8d85b71c5	ce629	উইলিয়াম জেমস সিডিসের জন্ম
a8d8860e13	ce775	দীর্ঘ সারি
a8d8b91730	fcefa	দক্ষিণ কলকাতার নিউ আলিপুর
a8d90e9b80	e6752	তখনো আমার দিঘির জন্য
a8d9375544	bfac7	মধ্যে দেখা যায়
a8d94658a4	c0965	এক মুখ থেকে
a8d9bf6149	33aef	মনের কিরকম ভাব হয়
a8da4e5738	e2c11	সুমি ঘরে নেই
a8daaee5b0	39293	এ ঘটনার খবর
a8dacf8f2d	e2ba2	রাষ্ট্রীয় নিরাপত্তা বাহিনীর ভবন
a8dc13985d	f9dfb	দেখতে পেলাম না
a8dc39a360	cfc65	১৯৭০ সাল
a8dcb57fe1	c173f	তবে আদালত বলেছে
a8dd42d711	616ec	মানুষ সুন্দরের পূজারি
a8ddee536f	ee886	তিনি সাংবাদিক হিসেবে
a8de94a29c	3b1f7	সমীর বিশ্বাস
a8dec9665c	52578	প্রতিযোগের প্রথম পর্বে
a8df1927ad	2ac82	সেটা ঢুকবার সময়
a8df614287	7d004	১৩ জানুয়ারি, ২০১৪
a8df92a473	5a61c	কিছুই জানা যায় নি
a8dfa27d01	79b06	রোহিনী নক্ষত্রের অষ্টমী তিথিতে
a8e0dbd1b1	2d78f	তিনি খুনের পরিকল্পনা করেন
a8e0e017be	f280a	সেটার ভিকটিম ছিলাম আমরা
a8e11c514c	d7a68	তারা ঘরে বসে
a8e1a7603b	aab0f	মরিয়া হয়ে ওঠে আবাহনী
a8e25c7ecd	967fd	ভেদ করতে পারে না কেউ
a8e2981b59	84145	কারক
a8e2bfd24b	71522	মাইজবাগ ইউনিয়নের
a8e2eaa1d6	7351e	অনেক লেখকের মতে
a8e316a9da	13b6a	২০ মাইল উত্তর-পশ্চিমে
a8e353cfb5	d8c80	নেট নেলরের সঙ্গে
a8e364c1cc	b52ab	রাজশাহী শিক্ষা বোর্ড
a8e37d80a7	4a918	ইসলামী
a8e4476c14	52578	আফগানিস্তানের এর আগে
a8e46c2475	2556b	অল্পতেই ত্বকের ক্লান্ত ভাব
a8e4c7d7b9	2840e	আশঙ্কামুক্ত বলে
a8e55855b9	e9759	বিষয়টি নিশ্চিত করেছে
a8e6160a90	0bace	আমন্ড গুঁড়ো ২ টেবিল-চামচ
a8e669a34b	7b900	নারায়ণগঞ্জের সিনিয়র জুডিশিয়াল ম্যাজিস্ট্রেট
a8e669d0fe	24f73	একই সময়ে নতুন নতুন
a8e6d060c9	91b16	সোমবারও শ্রমিকরা
a8e7007104	d9081	তাই নিয়ে
a8e72a8a44	a3a6d	ব্যালিস্টিক ক্ষেপণাস্ত্র পরীক্ষার
a8e7a24fb6	e2ff7	মহানগর পুলিশ
a8e7fc9ef3	ac904	অন্যদিকে প্রয়োজনীয়
a8e810d8f6	e43d4	মেহেরপুরের সর্বত্র
a8e869fa35	93080	সশস্ত্র ব্রিটিশ বিরোধী সংগঠন
a8e8ddc4bf	f9dfb	মার একটা ভাইটাল নাড়ি
a8e916184b	693cb	শুনানির তারিখ ধার্য করেন
a8e9ca044a	79b06	তারা জালিয়াতি চালাতেন
a8ea252854	23291	অচলপুর শহরের
a8ea50f5a2	dafb6	বরিশালের সেই স্মৃতিগুলো
a8eaa86751	86b1b	উন্নয়নকে কীভাবে ব্যাখ্যা করব
a8ead61d48	2c9c5	সরকারের নীতিনির্ধারকদের মধ্যে
a8eb06797b	f280a	স্মৃতিচারণসূত্রে তুলে ধরেছেন
a8eb7f8052	24aed	সেই সূত্র ধরে
a8ec219a82	b08d0	স্থানীয় ইউনিয়ন পরিষদের সদস্য
a8ec63d3bb	4a918	কাজ করবেন
a8ece7fff7	0bace	সম্প্রীতির সঙ্গীত
a8ed4854f4	bd576	বাসে ওয়াই-ফাই
a8edc13ad5	442b7	জেল হাজতে
a8ee7ad893	d2355	আমির হোসেন
a8ee7c627f	f1240	অগ্নিলা
a8eedb8684	ce629	স্টেশনঘরের পিছনে
a8efd1804d	f83df	অস্ট্রো-তাই অনুকল্পে
a8f0112e2d	e6752	আজাদ মিয়া আহত
a8f04a78eb	3f875	উপযুক্ত তাপ পেলে
a8f09958e0	d9817	আইওলুস ছিল
a8f0d04b5a	9d7bf	আলোচনার পরপরই
a8f134c765	8cf95	ভারতীয় পুরাণমতে
a8f14c6acf	d9b11	তার পর সেই রাক্ষসীর গর্ভে
a8f16ab0cc	92bd8	সুদূর প্রসারী পরিকল্পনা
a8f1a1678e	0895a	শাস্তি হলে শাস্তি
a8f1ca4054	2f547	পুরুষকে নিঃশর্তভাবে ভালোবাসতে
a8f1e4122a	239f7	সব কথা আপনাকে বলবার
a8f28521ac	25696	সাংস্কৃতিক সৃষ্টি
a8f2aecc1c	2de86	আউটপুট প্রদর্শন করে
a8f2e606a9	7027a	ভগ্নপ্রায় পড়ে আছে
a8f31666cb	fcc89	২০টির বেশি দেশের
a8f323a1de	c0965	এসব সমাবেশে বেশ কয়েকটি স্থানে
a8f36ae806	60b9d	কল্যাণপুর এলাকায়
a8f3aebe4a	7e191	প্রাণ হারালো সীমা আক্তার
a8f48107f7	17dcd	অস্ট্রেলিয়ার নির্বাচক কমিটির সদস্য হয়েছেন
a8f4a745fd	f29bf	চলাচল বন্ধ রয়েছে
a8f4a75a10	0bace	রাজনৈতিক অস্থিরতার কারণে পর্যটনের এই মৌসুমে দেশী-বিদেশী পর্যটকের সংখ্যা অনেক কম।
a8f4b6b9c6	c1e30	নিষ্ঠার সঙ্গে
a8f4c4c030	6973e	মৎস্য ক্যাডারের কর্মকর্তা
a8f4e9e701	0a87a	অস্থায়ী রাষ্ট্রপতির দায়িত্ব পালন করবেন
a8f5197fc0	321b6	ভারত ছাড়া
a8f568bbdf	bfac7	বৃষ্টির গান
a8f58ec705	5a61c	সে জঙ্গল
a8f5be8884	a1d4a	আন্দোলনকারী হিসেবে পরিচিত
a8f6027c47	6a35e	এসব অবতারের
a8f63ff87a	22096	সেখানে চিকিৎসার জন্য
a8f65cb935	e6203	কখনোই ভোলার নয়
a8f71ce21b	1c618	তাই তার কথাকে
a8f7223513	2d78f	উন্নয়ন সম্ভব নয়
a8f78d6d89	01e91	বলে জানা যায় না
a8f7f1a5eb	8cf95	ঢাকা বাংলাদেশ প্রিমিয়ার লিগের
a8f85d5107	c6848	ছাড় দিতে হবে
a8f8bd6420	38d3a	চলতি বছর ভারতীয় সংসদের
a8f8bf3c42	91dff	শ্রেষ্ঠ বিশ্ববিদ্যালয়গুলোর
a8f911b1d6	66b3c	এবার যারা এসেছে
a8f959c4cc	d2d71	৩০ ফুট ফ্রেমে চেপে
a8fa0af990	239f7	নিকারাগুয়া, বেলিজ সহ
a8fa366956	92bb2	নিশ্চিত করার দায়িত্ব
a8fa466a0c	0a87a	বাংলা, ইংরেজি, হিন্দি
a8fa9060ea	1a2a1	আর কিছু থাকেন পর্যটক
a8fb1be188	7ee9b	তৈরী হচ্ছিল
a8fb4f87c9	3f493	বিশ্বাস করতেন,
a8fb96b928	1f733	সহজ ও সংক্ষিপ্ত
a8fc63cdcb	6ab59	সেই মন্ত্রিসভা ছিল
a8fc7dabb2	91dff	মোটামুটি ব্যবসা করলেও
a8fca4f4af	91ac1	আফ্রিকার জঙ্গল
a8fca530aa	69d9a	সিলেটে এক সহকারী প্রিজাইডিং কর্মকর্তাকে
a8fcaf4a54	8ba2b	সাধারণ মানুষ
a8fcb989ea	6b437	অবস্থান করছিলেন
a8fcd925ea	cb842	দুটো আলোর দানার মতো
a8fd44c7f1	b2a62	মানবাধিকারের লঙ্ঘন হলে
a8fe0f770d	3bb15	আশা করি ছবিটি
a8fe32575c	b5fdc	আগামী ১০ মে পর্যন্ত
a8fee2e106	9c8dd	গ্রাম
a8ff145201	086dd	এস এম আতিয়ার রহমান
a8ff403342	351dd	লিখিতভাবে জমা দিতে বলেছেন
a8ff65f69a	404ee	বাস্তব
a8ffbb8682	d9b11	কলকাতায় অরুণ মিত্র
a8ffef1a7e	91dff	মঞ্চের সন্নিকট থেকেই দেখলাম
