ab0072a769	8edea	আগামী ১৫ মার্চ
ab00749ee3	d711f	দ্বিতীয় সপ্তাহের
ab008aa7a1	b8fe1	ভালোবাসার কোনো
ab00f5224e	e3d8b	সে নষ্ট, সে বেশ্যা
ab0177fb2f	4237e	বর্ধমান ভবনের পশ্চিম বেদিতে
ab01d090b2	ee7b2	ছেলেমেয়েরা লেখাপড়া কইরা
ab020956d4	4c555	এতে রাজধানীতে
ab02ab6394	f2097	দেশি বিনিয়োগের
ab031c3c5a	d2d71	চণ্ডীদাস বলিয়াছেন
ab034fbd75	c2082	সুস্থ ও সুন্দর
ab0372cc7f	4bd2c	প্রেজেন্টেবল করতে হলে
ab03d5d065	287bd	তিনি সংযমী নন
ab03e888c5	a1d4a	ওঠেন বুচার্ড
ab050c4e53	3faff	কৃষ্ণচূড়া ফুল
ab050cacd8	09f0d	ব্রাহ্মীলিপি চালু ছিল
ab055f098e	a46e2	কামিনী
ab05620f88	8edea	সেজন্য একটি
ab05c4b443	33aef	মার্কিন যুক্তরাষ্ট্র এবং ইউরোপের
ab06a3a94d	520fb	পাহাড়ী বলিল
ab06b93fb8	fcefa	সক্ষম হন
ab076b8a15	ced74	আফ্রিকায় ফিরতে হবে
ab07b3d2d6	745b7	খোঁজ করা হচ্ছে
ab0811cc74	25117	অনন্তচৈতন্য পরমেশ্বর
ab081c2e33	2840e	বিহারে বসবাসরত
ab083b1b5a	f4ba7	ফল চাহি না বলিয়া
ab084cbe03	9d398	তবে নারীকে করে অন্ধ
ab08e2ad6b	f2097	প্রীতি ম্যাচের দল থেকে
ab08faf199	0633a	সামারদাসা গতকাল কলম্বো শহরে অবস্থিত সিলন বিদ্যুৎ বোর্ডের সদর দপ্তরে ভূতুড়ে বিদ্যুৎ বিলের প্রতিবাদ জানাতে যান।
ab0967a561	ee994	সন্ধান পায়নি
ab09874407	88654	দুপুরসোয়া ১টায়
ab09b6b372	8b859	প্রথমে তত বুঝি নাই
ab0a0bee02	10a9f	পৃথিবী এবং কাল-স্পৃষ্ট মানুষের
ab0a444631	25117	মায়ানমার ভ্রমণ
ab0a5deebc	ca831	উৎসস্থল হিসাবে
ab0ac19751	577fa	সারল্য আর একরৈখিকতা
ab0ae8d352	eb179	না পাইয়া
ab0b1a7f6e	4fc91	সহযোগিতা করবে
ab0b540c5d	21e54	প্রথম আইফোন অবমুক্ত করেন
ab0b896212	18a52	শকুন্তলাকে বলে রেখেছে
ab0bd734c5	9fa90	এ প্রশ্নের উত্তরে স্বরাষ্ট্রমন্ত্রী মি: আলমগির বলেন, এই চুক্তি হতে হবে, এমন কোন কথা নেই।
ab0c2a685b	75936	সবচেয়ে খুশি খুশি দেখায়
ab0c8056cb	2ac82	রাজনগর থানার ভারপ্রাপ্ত কর্মকর্তা
ab0c9c1cf0	11915	অন্য সময়ের তুলনায়
ab0cce45b4	b8bdd	তাদের হামলা বাড়িয়েছে
ab0d10c592	1a4a9	সেসব কাহিনী
ab0d2f75fb	d41be	বিশিষ্টাদ্বৈত বেদান্তের
ab0e6689d0	f2780	তাঁদের জেলেপল্লির ৫০টি পরিবারই
ab0eb0c2ca	baa02	বাচ্চাকে দুধ খাওয়াতাম
ab0f3ee592	1f733	চোরাকারবারি ও পাচার করে
ab0f41c7cd	25696	শত্রুদের মোকাবেলা করতে গিয়ে
ab0f5f9d88	3c897	রিয়ালে যোগ দেয়া বেল
ab0f872ec0	dae88	বেড়েছে বহুগুণে
ab0f9e403a	a7c6f	পাঁচ হাজার মাদ্রাসা আছে
ab0fd8fc16	80e98	করে দেখালো স্বাগতিকরা
ab0fddde58	32c77	বাঘ, হরিণ, ঘুঘু
ab0fed99ab	d2faf	রহিমউল্লাহ ইউসুফজাই বলেছেন
ab1006385d	17ca1	কাহারও জবানবন্দীতে
ab103ff57c	2909b	কিছু পুরুষ
ab105fb328	315e9	এই ভক্তি ও প্রেমের
ab11a7243a	ea8fa	১৯৮১ ও ১৯৮২ সালে বাখরাবাদে আরো ৪টি এবং ১৯৮৯- ৯০ সালে আরো ৩টি কূপ খনন করা হয়।
ab11cdf2c1	15a75	কাঁদতে লাগল
ab11dbf454	323f1	অর্থনৈতিক পরিস্থিতির জন্য
ab12b59e11	03284	মোট পাঁচজনকে আসামি করা হয়
ab12c069e6	c7a89	এঘটনা ঘটে
ab12f0488f	47e8d	অবদানও রাখতে পারে
ab130a46be	e6e48	খুব একটা কাজ হয়নি
ab130e9510	bf530	তা কিন্তু নন
ab1350bae8	13b6a	বিশ্বাসঘাতকের জাত
ab13541787	4bede	লঙ্ঘন করায়
ab13c7e391	69449	হাসপাতালে ডাক্তার নেই, নার্সরাও সব পালিয়ে গেছে।
ab1447ceaf	3b1f7	প্রতিষ্ঠানকেন্দ্রিক আলোচনা
ab157bc88e	3bb15	বাঙালিদের অভিবাসনের মাধ্যমে
ab159bd084	554fe	ঢাকা ও কলকাতা বিশ্ববিদ্যালয়ের
ab15ba464a	11915	মোট আট দিন
ab15d363d8	8143b	২ উইকেট নেন
ab1644a142	3fae0	স্যাটেলাইট তথ্যের ভিত্তিতে
ab170f733f	4c1eb	শিশুর যত্ন
ab179bbbeb	693cb	করে যাওয়া
ab17d75f17	b78ec	এখন বড় বড় শহরের মানুষও
ab182886cc	c6848	বহুদিন যাবত
ab18636eaf	73629	রোববার ভোরে
ab1892428a	eaa7a	খুব গুরুত্বপূর্ণ একটি
ab18dc4616	bc81e	ঋণ উত্তোলনও
ab192e93a4	a0277	এই ব্রহ্মাস্ত্রের শিকার
ab1945ab54	c958a	বেশি ব্যবহার হয়েছে
ab199e4760	6aac8	শাহরুখ সেখানে উপস্থিত হন
ab1b5b21f0	520fb	তবে এ প্রসঙ্গে প্যানেল বক্তা
ab1b6ed2b5	31f09	নাম কি
ab1c5c5356	3ccf1	হরতাল
ab1c7c2d28	dec2d	তাহলে আমরা কি করতে পারি
ab1c850a98	e55de	লিখলেন সহজ-সরল বাউল সুরে
ab1cc38c60	e754e	এসোসিয়েটেড প্রেসের সঙ্গে
ab1de3815e	d71a3	প্রতিপক্ষরা সন্ত্রাসীরা
ab1e6192f7	2ee04	নিহত শ্রমিক শাহীনের পরিবার
ab1e92ac3e	43b04	মাত্র ৪০ রানে
ab1f3a17d7	778c0	প্রাইভেট ভার্সিটিতে
ab1f68d9a2	06e62	শেলটার দেবেন
ab1f73f265	60f77	নারী ও পুরুষের মধ্যে
ab1fe78f72	f0f95	খবর জেনে
ab1fecd356	80e98	নিজ খরচে
ab1fffb859	95907	ইলেকট্রনিক নজরদারি
ab2025b758	1b359	তাদের সমর্থিত প্রার্থীরা
ab2096f099	7ee9b	ঢাকার বাইরে
ab20c1dd7b	9d7bf	৭৫ রানের অবিচ্ছিন্ন জুটি গড়ে
ab20cd811f	6fb36	বিশ্বকাপ আসরের ম্যাচগুলো
ab20d1bee4	17dcd	চলাফেরা করতাম
ab214c7ae5	e2ff7	তাদের শান্তিপূর্ণ বিক্ষোভে
ab215c67d4	e6e48	অলিম্পাস কর্পোরেশন
ab219038d4	bbb22	বাণী আসে
ab21b5244c	256f5	বেরিয়ে এস বিবর থেকে
ab21b5be82	16e96	ছয় যাত্রী ঘটনাস্থলে নিহত হন
ab22486f0e	315e9	ভারতের অর্থনীতি
ab2249ade2	7d004	আলোচনা-সমালোচনার কেন্দ্রে
ab23618b57	76329	সেইখানে শুইয়া পড়ি
ab23c39948	b8ed8	মিজোরাম সীমান্তের প্রস্তাব
ab241512c7	c3cb3	সামনের রাস্তায়
ab251ce089	39293	বাংলাদেশি শ্রমিক কাজ করছে
ab25ab809a	2ac82	উপ-পরিচালক
ab25d12165	11bd2	কিন্তু সেখানে চলতি কথাই বেশি
ab26baf4ce	7f71c	ডান কাতে বাম কাতে
ab26eafad3	9fa90	এক বিরোধ আর অশান্তির বীজ
ab2700665f	7d133	যাত্রা শুরু ক্রিকেট বোর্ডের
ab27450bd0	5e80b	এসময় রাষ্ট্রপক্ষের প্রসিকিউটর
ab27544419	ad050	দুইটি শাখায় ভাগ করা হয়
ab27c18d6c	7a227	বহন করতে হতো
ab27c52147	d2294	শিল্পী এবং সাহিত্যিকগণ হলেন
ab27e7b0af	a8710	তর মথন জাউরা পোলারে
ab286db7ad	da6f0	জনগণ ও সংসদের মাঝে
ab294e0e4b	a06a1	যুদ্ধ জয় হচ্ছে
ab2a329039	60b9d	চিনি
ab2a5a80fe	809cd	পেটে টিউমার
ab2a8d66c4	d2294	বর্তমান ভারতের
ab2a9a79b7	b9a81	যতই বুজুর্গ হন
ab2ade4818	93080	সৈন্যটি ইদকে বললো
ab2b47ada1	509f6	আমি মারা যেতে চাই ইস্তাম্বুলে
ab2b5ab06a	b618b	দীর্ঘ মিছিলে অনন্য ছিল
ab2b5ab920	80539	কানের দুল
ab2b74f608	ced74	৩৯ বছর বয়সী দেবযানী
ab2b98676f	efc0d	আগুনে পাসপোর্ট অফিসের
ab2bf7e0b0	f2780	নির্দিষ্ট সময়ের
ab2c3270fa	24f73	চাপ বাড়ছে
ab2c574926	2f547	সাহায্যের হাত বাড়িয়ে দেয়
ab2c579784	9f25e	মানুষের আত্মমর্যাদার
ab2c7d6491	24f73	রমজানের প্রথম দিন থেকে
ab2c94350f	16a17	সরাসরি মানবদেহে সংক্রমিত হতে পারে
ab2cd61bf5	577fa	পুলিশের অপরাধ
ab2d3c759a	2695f	বিক্রয় করা যাবে
ab2d6efe26	351dd	ছেলে আইজ রাইত এখানেই থাকবে
ab2dfaccb9	430b2	৯৬ রান সংগ্রহ করে
ab2e6d04dc	06ea3	দাবি করেছিলেন যে
ab2e79327b	d5213	বেকিংপাউডার ও ময়দা
ab2efa169e	0606d	বাকি কাজটুকু সারতে
ab2f0e9f2e	b9a81	অল্প দিনের মধ্যে
ab2f110aec	d2faf	তার আবির্ভাব
ab2f9c7e8e	3fc9d	দেশটির সেনাবাহিনী
ab2faed531	11915	যারা এই কষ্টকর জীবনে
ab30920eef	2840e	মাস্টার্স শিক্ষার্থী
ab30b4cdf7	3bb15	চার পাঁচ জায়গায়
ab30cd0d0c	2ac82	পরিশেষে বক্তব্য যে
ab3192420b	92bb2	সন্ধ্যার দিকে
ab31c2e36a	60b9d	লিটল ম্যাগাজিন নামক
ab329e3d97	eb179	তেঁতুল খাইতেছে
ab32b1b120	c4973	অংশ নিয়ে
ab32c8f6d0	4164f	ভারতের পতাকা নিয়ে
ab335e6a25	a8710	কর অবকাশ ঘোষণা করে
ab33a8c2ec	315e9	দেশের প্রত্যন্ত এলাকা থেকেও
ab33af3402	92bd8	কারো সুনাম, কারো দুর্নাম
ab33daaa37	80518	মেলাতে পারছেন না
ab34ad6be0	fcc89	এবং পারিপার্শ্বিক উপকরণে
ab34bf500a	430b2	১১৫ রানের সৌজন্যে
ab34f9980d	f1240	আমার বড় চেনা
ab34feace7	f837a	চটের ছাউনি পর্যন্ত দেয়ারও
ab35adcc1f	8143b	সেই তাপে
ab35f935d2	f83df	কেউ বলছে
ab3636f321	e50f1	এতে সংবিধান লংঘিত হয়েছে
ab36508c82	c463d	মুসলিম
ab369d2199	8c07c	আইনী প্রক্রিয়া শেষে
ab36a64779	0895a	মি. শ্যারন পরোক্ষভাবে
ab3700d7a0	2f547	কেউ বলেছে খাবো খাবো
ab370dae07	8406e	বাংলাদেশে আসবে ভারত
ab376f3825	3ccf1	দলিল বা প্রমাণ
ab376fd7e4	778c0	ইনডিপেনডেন্ট টেলিভিশন কর্তৃপক্ষ
ab37c58ed9	2b883	সেটা আরও কঠোর
ab37c7c632	b7be9	সাধারণভাবে স্মীথ
ab37f8b1e5	a8710	স্বীকার করেছে তারা
ab386a78ef	af81d	অটিজম
ab389f6864	ad69a	পুলিশের জেরার মুখে ঐশী রহমান বলেছে, আমি নিজ হাতে আব্বু-আম্মুকে খুন করেছি।
ab38c8dca5	6dff5	কোনও চিন্তাভাবনা
ab39af1e5a	590d0	অবলম্বনে ধারাবাহিক
ab39c635c5	8b859	স্বস্তি ফিরে এসেছে
ab3a4a7e63	b8bba	গত ৫ ডিসেম্বর
ab3a9d44d6	d2294	উদ্ধার করবে কে জানে
ab3b559ac2	616ec	একজন ভোগ করে
ab3b984f8c	0a7a0	১৩ই ডিসেম্বর
ab3bce2e76	f2097	শুধু একটি
ab3bf3af90	8632b	মাঝে মাঝেই
ab3c8a97ef	976b1	রমেক হাসপাতালে ভর্তি করার
ab3caba4de	ac0df	কিন্তু আমদানি বাড়তে থাকলে
ab3d37ff14	1f733	কী কারণে
ab3d3f97d0	ad69a	রাবার বুলেট ছোড়ে
ab3dfabb3d	c4973	গ্রেপ্তার হওয়ার সময়
ab3e1bf461	c2082	অ্যাম্পিয়ারে পরিমাপ করা যায়
ab3e5bf5b7	c8f7f	প্রতিদিন সোনার কেনাবেচা হয়
ab3e6901a8	1c618	প্রথম তিন অধ্যক্ষ
ab3e915fe3	903fa	প্রতিযোগিতার সুপার সিক্স পর্ব
ab3eb19243	09b32	পলিথিন বিছিয়ে
ab3eed3f79	15a75	পূর্ব বাংলার মানুষ
ab3efc31e9	09b32	সিলেট জেলায়
ab3f3722a7	80be1	মামলায় রোববার রাতে
ab3f574037	32c77	হাসপাতালের কর্মচারীরা
ab3f5c6c26	a7c6f	ফটক বন্ধ করে দেয়
ab3f64b24a	e6e48	আর আইন তার
ab3f659c43	b78ec	পরামর্শ দেওয়া হয়
ab3fa972df	9d7bf	চুড়ান্ত সিদ্ধান্ত দেননি
ab3fd6dfc2	e2c11	আমি ফুলও চিনি না, পাতাও না
ab3fee1cd6	a4750	আমান রেজা
ab404549ba	e31e7	এই স্টুডিও এখনও আধুনিক নয়
ab407d9bb9	d2faf	গত এক বছরে
ab40862f29	06e62	অনুষ্ঠান থেকে বের হওয়ার পরপর
ab40bfb70c	18a52	ট্রাইব্যুনালের নির্দেশে
ab40f3ac14	3bb15	ফেলুদা
ab41332a1d	745b7	বাংলাদেশ সরকারের
ab4190a014	e03ce	সামাজিকভাবেও এরা
ab41b80a89	d9817	এ সময় প্রশাসনের কর্মকর্তারা
ab41bfbcb2	7df87	দুধ অনেক দিন
ab41d55be9	323f1	তৎপরতা অব্যাহত রয়েছে
ab4260d8c0	c4973	বেশি ঝুঁকছেন
ab427951fc	0895a	কবির উদ্দেশ্য সফল হয় না
ab42d12647	577fa	স্মৃতি সংরক্ষণ পরিষদের সম্পাদক
ab431899b8	49543	চারটি পূর্ণ সদস্য দেশের
ab431aeea0	2c9c5	অবশ্য তুমিই তো
ab43df2b29	03284	গত চার বছরে
ab44061f96	860f4	বুঝিতে পারিলাম
ab446b1357	1652d	কয়েকটি বিশেষায়িত ব্যাংক রয়েছে
ab4486b5a3	54e68	এই ক্রীড়া অনুষ্ঠানের
ab450e9521	e55de	মেধাবী কেনেডি
ab45e65ac8	4f2ae	দেড় শতাধিক রাউন্ড
ab46bd3755	6e6fa	এটা একটা মানইজ্জতের ব্যাপার
ab46e54676	2556b	গায়ের গেঞ্জি তুলে
ab4705af14	dae88	সারা মোজতেহেজাদেহ এর প্রতিবেদন
ab471371ad	dec2d	মঙ্গল শোভাযাত্রা
ab47a6972c	b00ba	অবলম্বন নাই
ab48194e4a	7c272	শিক্ষাস্থল প্রথমে
ab481bcd97	fcefa	কাবুলিওয়ালা জিতে নেয়
ab4998a83d	e2c11	এই বুঝব যে
ab499e554f	23b22	প্রত্যক্ষদর্শীদের বরাতে
ab49c2a0e2	aabe7	তখন ছিল না
ab49c67f9e	e2c11	কর্ণ কতকটা নিস্ক্রিয়
ab49f19c0c	5d80e	সংসদে গিয়ে
ab49f5d87f	e03ce	দুই মেয়ে রয়েছে
ab4a037c03	bbb22	গানের হাতেখড়ি ফেরদৌসী রহমানের
ab4a819133	f0f95	বাড়ির সবার দাঁতে
ab4a975169	65e30	নারীদের উন্নয়নের জন্য সঠিক
ab4a98e07e	1b359	স্বাধীনতার পরিবর্তে
ab4b2b2436	9d46f	আমরা সবিতাকে
ab4b5cafb7	32998	মিনির ভূমিকায় টিংকু ঠাকুর
ab4b8d3118	ea8fa	হাসপাতালে ঢুকে
ab4c05f3ad	f83df	তার সঙ্গে কথা বলবার সময়
ab4cf69138	dec2d	১ কোটি ২০ লাখ শেয়ার ছেড়ে
ab4d6deee8	80be1	স্ত্রীর ব্যাগে
ab4dde5609	c41d8	গেরিলা শব্দটির
ab4e10e358	d9817	বউ ত বাঁজা
ab4eb1f55a	3bb15	ওই ভবনের ছাদ থেকে
ab4efc1cf2	c5dc8	সকলকে খুশি করতে পারি
ab4f31eac4	24aed	প্রতিষ্ঠানের তালিকায়
ab4f7fdaa4	49d63	খোলা ছবি
ab50711f69	8143b	তারা এ শিল্পকে নিয়ে
ab51858a1d	28bb3	অ্যাবাউট লাইফ উইদাউট ডেথ
ab51d4f6d5	f0f95	ঝুমকা
ab5208d139	a3a6d	যুগান্তর নিউজ
ab52c50d4f	f600a	১২ জন ক্রু
ab52d0c87c	29d44	শৈবধর্ম, বৈষ্ণবধর্ম
ab52eac61c	ee852	সংস্থাটি দর্শকদের উপহার দিল
ab532a5fef	d71a3	অনুপস্থিত থাকে
ab53c5be59	d9817	ত্রিপুরার পালাটানায় বিদ্যুৎ কেন্দ্র তৈরি করা সম্ভব হয়েছে স্রেফ বাংলাদেশ বন্ধুত্বের হাত বাড়িয়ে দেওয়ায়।
ab53da9853	ef915	সংগীতে অবিচুয়ারি
ab53e8657b	d0c70	অনেক সংগ্রামী ও প্রতিষ্ঠিত নারী
ab542bc0b4	6b437	ভিড় জমান
ab54d0b16d	a3a6d	ইয়ামার কায়কারবার শেষ হলে
ab556b21ed	7297e	প্রথম নবায়নে ফি নির্ধারণ করা হয়েছে।
ab56539cfc	95907	কৈ মাছ
ab566c2c1b	91b16	আমাদের এরকম সুবিধা
ab57b25777	d2d71	তিনি "রাজনীতিতে
ab57c4e26c	536d9	১২ জন আহত হয়েছে
ab57f8ade7	7b103	পুরুষ সহকর্মীর
ab59069690	cf82a	নার্সিং শিক্ষার্থীরা
ab590981c3	f83df	গৌতম বুদ্ধের
ab5a06d8d0	e9759	তত ভালো
ab5a609642	5d80e	কিভাবে অযোধ্যায়
ab5a73ca70	07660	রাজা রামমোহন রায়
ab5a7b086d	39dd0	জাদুঘর করা অত্যন্ত জরুরি
ab5aa2dc0a	903fa	কুৎসিত কদাকার শরীর নিয়ে
ab5ab24e3f	410fa	পক্ষ থেকে
ab5b1a07e6	4e900	মুভি
ab5b7956d0	2fe3c	২০টি বাংলাদেশের সমান
ab5bd73971	2aecc	এই সনদ অনুসারে
ab5c957149	1b359	আবদুস সাত্তার
ab5cb9798b	b9b98	বিদ্যুত কেন্দ্র স্থাপনের
ab5cdeaecf	2909b	আরো অনেক
ab5d303d77	d1a48	কলকাতা এবং কাছাকাছি জেলার মন্ত্রীরা
ab5d4a928f	66b3c	দৈত্যের মতো
ab5d71222d	ef4f8	রপ্তানির আদেশ হারাচ্ছে আরেকটি গুরুত্বপূর্ণ খাত, চামড়া শিল্প।
ab5de272c0	24aed	তাৎক্ষণিক প্রতিক্রিয়ায়
ab5e200a1d	4f450	পূর্ববর্তীকালে প্রচলিত
ab5e3a06b4	ee4ad	অক্ষয়চন্দ্র চৌধুরী
ab5e424a37	e3f89	পুলিশ এ সব গলিতে
ab5e42acd5	351dd	যদি আপনি আপনার সম্পর্কে
ab5e540bfe	b618b	ঘড়িতে টং টং করে
ab5e6dbc95	77f82	রাসেল পারভেজ
ab5e9e4559	fcc89	আয়োজন করে আসছে
ab5eba32e4	b8bdd	দশজনেরও বেশি মানুষ
ab60053a9d	a43b5	ফেলুদা বলল
ab6024d759	08458	পরে মিছিলটি উপজেলা ক্যাম্পাসে সমাবেশ করে।
ab603fd138	5d80e	পিলপিল করে
ab6049baf9	66b3c	মিন্টো রোডে
ab605f91b1	39293	জেনেটিক প্লাজায়
ab6092bcd3	b2a62	১৯৯০-তে তাঁকে নিয়ে যাই চট্টগ্রাম
ab60eac96e	8edea	হঠাৎ দেখি
ab611dbcf3	4e900	তাই বোধ হয়
ab6152a39f	967fd	বুধবার বেলা সোয়া ১১টার দিকে
ab6186e69c	767ff	ফলে সমাজও তাদেরকে
ab6188b116	323f1	টাঙ্গাইল থেকে
ab61b45552	e43d4	মার্কিন যুক্তরাষ্ট্রের
ab621d6927	d3e06	চিরকালই কি বাহুবলই
ab6267ccfd	1a4a9	হাজার হাজার নারীর
ab62f0bba1	d41be	এ নিয়ে বাংলাদেশে
ab6343a698	a1d4a	পার্টন দ্বারা
ab63ad1f37	16877	অকৃত্রিম অশ্রদ্ধা-ঘৃণা বললে হয়তো
ab63b36c86	ea5be	তুমি শুয়ে ছিলে
ab63baf174	d9081	এ পার্কে বেড়াতে আসা
ab6436be72	91230	এই বইয়ের প্রথম খণ্ডে
ab64663981	da6f0	এক ভিন্ন কাহিনি
ab64ab4b2e	f4ba7	একটা সাপ
ab64b3790b	323f1	ভাষা-আন্দোলন জাদুঘর
ab661ab0c7	e55de	প্রথমবারের মতো ঘটলো
ab66c6e09b	2d78f	ঘরে ফিরেছে হলুদ দাঁত
ab6757b784	aab0f	শাওনের বিয়ে নিয়ে তীব্র বিতর্ক
ab6777ba30	b2a62	রনবীর কাপুর
ab677e9ece	16e96	মধুর মধ্যে সাধারণত
ab67964cc7	3fce2	এক ডুবন্ত তরীতে
ab679f0e93	509f6	পরিত্যাগ করিলেন
ab67a8c939	1e7c6	রাষ্ট্রে, আইনে, শিক্ষায়, বাণিজ্যে
ab67eec122	3ccf1	দু-একটি কথা
ab67fa266e	bc81e	জার্মান দার্শনিক
ab68150236	6c6bf	মালয়েশীয় কর্তৃপক্ষ বলেছে
ab686026a1	ff970	ট্রেন চলাচল স্বাভাবিক হয়
ab69d00ce2	e03fc	করিতে লাগিলেন
ab69fb9eef	d2d71	জানলার কাছে দাঁড়িয়ে
ab69fefe70	1652d	ব্যঙ্গ কবিতা লেখার জন্য
ab6a1354d4	56508	দিনাজপুর জেলা
ab6ad04cbc	d1a48	বিপত্তি ঘটতেই পারে
ab6b8f1d0a	4c555	ফকির ইলিয়াসের
ab6bfd7a2f	e00db	তাদের উৎপাদন খরচ
ab6c390fd4	3f493	বাংলাদেশ কৃষি উন্নয়ন কর্পোরেশনের
ab6c6a8b27	6e8cb	সাড়ে-তিন হাত চওড়া
ab6c80c3a4	16877	এত দশক পরেও
ab6cb7a3c9	8c120	আস্থা রাখতে রাজি হবে
ab6cba231f	7d133	মুক্তিযুদ্ধভিত্তিক বিভিন্ন চলচ্চিত্র
ab6d2f5c65	d2294	শান্তিপূর্ণ ও গণতান্ত্রিক পন্থায়
ab6d84c4ba	256f5	কাজ ছিল বলে
ab6e9fc97d	2840e	মোট ১২টি অধ্যায়ে বিভক্ত
ab6f30d85c	2840e	কি আমাদের বলবেন
ab6f42597c	91ac1	মহিলা কংগ্রেসের সভাপতি শোভা ওঝা
ab6f9b4fe2	ee994	অনেকের হয়তো চোখে পড়ছে না
ab6f9d7f1b	69d9a	আমাকে তার রুমে
ab6fa93ae7	80be1	এবারও তারা আশায় বুক বাঁধবে জীবনের চূড়ান্ত গন্তব্যে পৌঁছানোর।
ab7015f15b	e68af	খালেদ মাসুদ পাইলট
ab70b4e229	57d54	পা
ab70c23b08	c173f	মাস্টার ফিরিয়া চাহিলে
ab714684ea	7b103	আহ্বান জানাচ্ছেন
ab71bc2e2b	bf530	ও পার্কে ঘুরে
ab71d5e4d3	7f2ef	যারা স্বাধীনতার মৌল ইতিহাস
ab7242aa9b	58998	কিন্তু আদালতের নির্দেশে
ab7297b70d	4dd57	শীর্ষক একটি বিশেষ সম্পাদকীয়
ab72b35801	29f8c	প্রেম হয় না
ab72bb23fc	06ea3	দেশের শিক্ষিত
ab72d89434	536d9	শরীর মোটা করার উপায়
ab7357dbc1	ee7b2	গবেষণা চালিয়ে যেতে থাকেন
ab73681e5e	6aac8	কমেন্ট ছবি
ab739af202	cb627	শ্রীমান সমর, চট্টগ্রাম
ab73a6dd07	9d46f	এখন ঘনীভূত হলো
ab73b7a9dd	a916a	একটি টেলিফিল্মে
ab73efc946	d7a68	শেষ শ্রদ্ধা জানানোর জন্য
ab74156295	2c9c5	এই গাড়িটা
ab74572847	69d9a	আইনজীবী ছিলেন
ab761303d5	ea8fa	ঘূর্ণিঝড় আইলা
ab76342c02	68549	নির্বাচন অনুষ্ঠানে ব্যর্থ হয়
ab773dc3f8	e6203	বাংলাদেশে অন্যভাবে পরিবেশন করেছে
ab7783696e	4bd2c	ও গ্রেপ্তার করতে হবে
ab7839f1b9	5b13f	দেশের সংশ্লিষ্ট হাসপাতালগুলোতে
ab79082d2c	43199	কুকুরের দাঁত
ab79231be0	7351e	একাধিক ছেলের সঙ্গে
ab795d3fc8	43fc0	তা অবৈধ
ab79a14b4c	0696e	দুটির গতিবেগ
ab79ccb5de	60b9d	যুদ্ধের সময়
ab79d393f1	43b04	এক ও অভিন্ন সত্তা
ab7ad14f7f	e43d4	ধাত্র বেশী
ab7b14defd	7d004	জানে লোকে
ab7b6ce298	09f0d	বিশৃঙ্খলা সৃষ্টির চেষ্টা
ab7bb796dd	880ae	পরিবেশন করে
ab7bf7b4e8	1cb75	বিয়ের পর চাকরি করেননি
ab7c3b1b37	acb88	বাসা
ab7c618f28	16877	কারখানায় অগ্নিকাণ্ড প্রতিরোধের জন্য
ab7ca55804	95907	ঢাকা শহরে চলাচলের জন্য তৈরি করা হয়েছে একটি 'বাস মানচিত্র'।
ab7cb22c38	e2f12	চাহ করিবারে পান
ab7d07244d	420df	মুখ চাওয়া-চাওয়ি করতে লাগলেন
ab7d1fa6de	bbb22	নয়নকে মোটা অঙ্কের
ab7d4c1965	47e8d	কষে থাপ্পড় লাগিয়ে
ab7d5102fb	a274b	শাল্ব একটা মায়া বসুদেব গড়িয়া
ab7de1822d	29f8c	কিন্তু এমন অনিয়মের
ab7def13a7	f2097	২০০৮ সালে অভিনেতা রায়ান রেনল্ডের সঙ্গে গাঁটছড়া বেঁধেছিলেন জোহানসন।
ab7e6889c0	84145	বলা সম্ভব ছিল
ab7e874e91	53396	সেখানে একদল স্থানীয়
ab7e8a340a	32998	যত যত্ন করা যায়
ab7fb69412	3bea8	একে একে নেমে আসতে
ab8029113f	7d133	একমাত্র বাজার নয়
ab802d385f	21e54	নিখুঁত দৃষ্টিকোণ পাওয়া কঠিন
ab8049a381	cc18a	ঠিকানা
ab804e8ca4	0b7ca	মি. আলী অভিযোগ করছিলেন
ab806832bd	dafb6	জটিল সমস্যা সমাধানে
ab8068cca1	eaa7a	সিঁড়িতে রেখে
ab80a39352	1b359	তাহা পূর্বে বলিয়াছি
ab80d970ba	10a9f	দলকে পাল্টে দিয়েছেন
ab8271c220	9d7bf	হঠাৎ যদি এখন বলো যে তুমি নেই
ab82a6e24b	ce180	রাশিয়ার সংসদের উচ্চকক্ষের অনুমোদনের পর ইউরোপসহ আন্তর্জাতিক মহলে উত্তেজনা বিরাজ করছে।
ab82b1afa9	e89bb	খোঁজ নিতে বেরিয়েছেন
ab830af387	d41be	অসন্তোষের কারণ হয়
ab83cbe834	1652d	কোনো কোনো কার্যক্রম
ab843ce1d2	086dd	ব্যবস্থা করা হয়
ab846f7ea7	717bb	উদ্ধার অভিযানের সময়
ab8495d02c	37e17	মিসির আলী
ab84ef34c4	323f1	এই কুরুক্ষেত্রের যুদ্ধ
ab855e3dbc	11bd2	মিঠেখালি থেকে
ab85b4e707	a06a1	বেরিয়েই থাকে, উত্তর নেই
ab85d7a7d5	420df	ব্রাহ্মণ হয় না
ab85dc4a2b	93bf3	জীবন থেকে নেয়া
ab85e815dd	e3f89	এই নির্বাচনে কোনো
ab8607351b	56508	সেতুর কাছে
ab86711f85	ac904	এবার একা পেয়েও
ab86ba7e9d	d9b11	রিংটোন ডাউনলোড
ab870ef225	3fce2	অ্যাবরদিন স্কটল্যান্ডের
ab871b14e4	f1ea4	এখানে পাঠিয়ে দিন
ab873cc015	db735	সংশ্লিষ্ট কেন্দ্রে
ab8775d787	95f83	একটা সময়ে
ab8794d8b4	282d3	আমাদের কিছু প্রস্তাব
ab882d8d22	71522	গ্রেপ্তার এড়াতে
ab88bfcb62	01e91	এ ছাড়া নেশাজাতীয় দ্রব্য
ab88f7553b	0d9f1	অধ্যাপক মো. আনোয়ার হোসেন
ab8901a14a	52f27	একটি চিত্রে দেখা যায়
ab8910a365	c749e	তল্লাশি চালিয়ে
ab895adb4d	10a9f	এত কম সময়ে
ab8ac2a4ce	aab0f	মানবজাতিকে টিকিয়ে রাখার জন্য
ab8ad0ca7d	d8c80	ফেলুদা
ab8b1b9317	d71a3	জনগণের উন্নততর সেবা প্রদানের নিমিত্তে
ab8b2279ae	7898e	নারীদের উন্নয়নের জন্য সঠিক
ab8b336cdb	ad69a	হাইকোর্টের আদেশের অনুলিপি
ab8b4328fd	2bc73	কৃষ্ণ ভূমণ্ডলে
ab8c3d9703	d1a48	যেমন গুগল কপিরাইটের
ab8c5a1043	bc81e	আফিংচির অতি প্রিয় সামগ্রী
ab8c81dced	6da0a	ফারুক হোসেন কামাল
ab8cab4f40	b78ec	নিরসন হইয়াছে
ab8d20ca9c	93080	ভালোবাসার দিন মেলায়
ab8d37b8a5	3c897	করতে চাইলে
ab8d5c4691	778c0	পৌঁছে দেয়ার ক্ষেত্রে
ab8ddddcd5	14816	সিসিইউ ও আইসিইউ
ab8dff9772	17dcd	বোঝাপড়া করে
ab8e458d14	aabe7	এখনো রয়েছে
ab8e692a85	c0965	ডুনেডিনে উদ্বোধনী জুটিতে
ab8e6ae918	ef4f8	যুক্তরাজ্যের স্টানফোর্ড
ab8ecbb031	06e62	একজন নারী নিজেই বুঝবে কোথায় তার গুরুত্ব দিতে হবে ।
ab8f030592	d2355	কেটে কী করেছে
ab8fa86f0b	2695f	বাচ্চাদের খেলনা থেকে
ab9069c187	121bd	বিচার কার্যক্রম শুরু হয়েছিল
ab90c3cc4b	e8dde	সাভার ও তার আশপাশের এলাকায়
ab90e07f37	967fd	আগে গত শুক্রবার
ab911d5728	a0277	১৯০৬ সালে
ab913ee494	ce629	রোববারে বিরোধী জোটের
ab916a7f96	17dcd	সমতা সমানাধিকার ইত্যাদি বিষয়ে
ab9192a700	80505	সফল বাণিজ্যিক ছবি
ab91a2bad3	fcc89	টানাপড়েন শুরু হয়
ab91db88a6	93bf3	গতকাল ছিল
ab923598a3	cc9fd	মিডিয়াতে পরী মনির
ab92422729	2ee04	তা নির্ণয় হয়
ab9275cf9f	e6e48	দর্শকের সমাগম ঘটে
ab9285c1cd	a274b	কংগ্রেস, বিজেপি কিংবা
ab92c7a7c1	e2ba2	সাভারের তালতলায়
ab92cc9876	73629	আটক রাখা হবে না
ab92d1b340	bd576	দূরসম্পর্কের এক আত্মীয়কে ধরে
ab9321bc3a	09b32	পুলিশগুলো গুলিস্তানে
ab9350215d	1279e	এ বিষয়ে আমি
ab936eaee5	17ca1	মিন্টুর ঠিক ডানে দাঁড়ানো
ab93924c3e	e2ff7	কথা তুলে ধরেন
ab94b14fd5	d136b	বন্ধ হতে দেয়া যাবেনা
ab94de2e69	fdcba	ফর দি স্যাংটিটি
ab956c8f9d	c8f7f	সিনেমার ছয়টি গানই
ab9587b484	28dfc	পরিচালন পদ্ধতি
ab95b70dad	28dfc	ত্রুটিপূর্ণ এবং বিচারকদের পক্ষপাতদুষ্ট বলায়
ab9671ef76	8c07c	এককভাবে মানুষের মস্তিষ্কই করে
ab96f70db7	1652d	এক প্রকার মনুষ্যেরা
ab96fd2bd7	0744c	চুপ করে থাকা
ab97daf041	536d9	আওয়ামী লীগের সিনিয়র নেতা
ab98ff3879	fcc89	বিষয়টি ‘সহানুভূতির’ সঙ্গে
ab9940c108	d7a68	আলোয় সেজে উঠেছে
ab99810267	e00db	প্রধানমন্ত্রী তা না করে
ab9990e152	9092b	বেশ কিছু ঘটনা ঘটেছে
ab99e8bc35	b00ba	এই দুই ক্রীড়া তারকা
ab9a1e8888	eb179	বিগত দিনে তিনি সেভাবেই
ab9a1f8cb1	4f2ae	মন্তব্য করেছে রাশিয়া
ab9a3d0b9f	ad050	এ বছর বাংলা একাডেমি
ab9adf4b8d	f1ea4	সুন্দর কিছু কথা
ab9ae45d64	8406e	কোর্ট জনপ্রতিনিধিদের
ab9b96f363	9065c	আশিক ইকবাল চৌধুরী নামের
ab9bef383c	6ab59	সাফ জানিয়ে দেন
ab9bf47c50	6b437	এ শহরে বড়ই চড়া
ab9c0e1cc5	ff1eb	জাতিসংঘ রোহিঙ্গাদের
ab9cb66a99	ec91c	একটি গণপরিবহনে চেপেই
ab9cbf273a	6ee5f	অস্কার ফিঙ্গাল
ab9d3a3a01	80be1	উদীয়মান ক্রিকেট শক্তি
ab9d4508cc	4dd57	বাংলাদেশ নাটোক
ab9d63db70	68549	এটা ভাবা নির্মাতাদের জন্য
ab9d924868	fb4cb	টেবিল সাজান
ab9df03eb2	18a52	সৃষ্টির পথ সরল নয়
ab9df39800	ef4f8	সরকার কী করবে
ab9e4eb4af	ce629	সব্বাইকে প্রস্তুত হতে হবে
ab9ee0ad16	3fb17	ওয়াটার গার্ডেনের চিত্র
ab9eec5868	554fe	বের করেছিলেন
ab9f3f3f8b	0d4cb	হিন্দু সম্প্রদায়ের উপর
ab9f89f97f	cc9fd	সাক্ষাৎ শুভ
ab9fc51e09	a916a	ও কুতুবখালি পর্যন্ত পথ
ab9fcf5dbc	52578	ট্রেনটি লাইন থেকে সরে গিয়ে
aba02a4503	16877	যার দরুন অল্প দূরত্বে
aba1a1a5ab	3c897	বেড়ে চলছে।
aba2184ddb	0a7a0	তখন তার পাশে ছিলেন
aba25357f7	086dd	চরিত্রে অভিনয়
aba260ad77	442b7	পর্যালোচনায় দেখা যায় যে
aba27bc424	323f1	বলে তিনি জানান
aba2eefbfa	4bede	অনুসারে অদ্যার শহরের
aba319a32d	4f450	১৯৬৪ সালের জুন মাস
aba419bf4d	76329	অন্যান্য ভাষার চাইতে
aba43cfc21	d5213	সন্তানের মৃত্যু শোকে
aba466016b	f658d	কার না ইচ্ছা হয়
aba4ca24e0	fda1a	হত্যার জন্য
aba5710553	d3e06	তাহার দোষ গুণ আমরা
aba59fbf28	410fa	সেলিন গিরিতের পাঠানো
aba7088201	9f25e	হ্যাক করে
aba78712d0	ee886	সরকারি, আধা-সরকারি
aba80e7029	57d54	হার্ট
aba8417471	536d9	স্থানীয় প্রশাসনের ঊর্ধ্বতন কর্মকর্তারা
aba894ea67	430b2	হরতাল প্রতিরোধের আহ্বান জানিয়ে
aba8a404e9	54cdd	খুব একটা ভাল হচ্ছে
aba8b3e881	72649	নুডলস
aba8b654de	4fc91	চলচ্চিত্র খাতের সংস্কার
aba8ed40bd	43b04	এছাড়াও দেশের বিভিন্ন জায়গায়
aba96720bd	5d80e	ডাচদের সেরা বোলার
aba981b202	ce629	ঘরের মত
aba9b555c5	9d7bf	এ দেশে মূর্তমান
aba9fa278b	d9ba9	বড় বড় মিষ্টি কুমড়োর ভেতরটা
abaa5bf1d3	4fd66	ফরিদপুরের জমিদার
abaa64e00b	2bd99	নিউইয়র্কে প্রতিষ্ঠিত হয়
abaaa000ca	f1ea4	তাদের বিরুদ্ধেই
abaac151a9	42898	অরণি বিংশ শতাব্দীর
abaafd16bf	6c6bf	বন সংরক্ষণ
abab30e2a3	282d3	যাহা তাঁহারা
abab7d0770	38ff0	এতো বড় একটি টুর্নামেন্ট হচ্ছে
abac8a5973	adf01	বিনিয়োগে নেমেছে ধস
abaca976ee	9f25e	কিন্তু অভিভাবকত্ব আর দত্তক
abaca9c7d7	e9fa7	নিয়ে আসেন।
abacde36b8	c0d65	তার অভিনয় ছিল অনন্য
abaceb8663	287bd	তারপর দুই বছর
abad0ad96b	f29bf	রাজধানী দিল্লির
abad472045	4bd2c	এই ছবির সিকোয়েল
abad4bba83	9c8dd	সরকারি দলের সিনিয়র সদস্যরা
abad8dcd70	adf01	এসে তোমাদের নিয়ে যাব
abad8e5520	42898	শকুন্তলা জিজ্ঞেস করেছে
abadc4fcea	bdfc1	ইদ্রিস জানান
abadcd40fa	2695f	এই লংমার্চকে কেন্দ্র করে
abae818f25	d1a48	ঋণের ব্যবস্থা করা হবে
abaea63a5a	06bb7	মাথার তালু থেকে
abaefa50c9	66dcd	কালি, মনষাসহ ৫টি প্রতীমা
abaf0bc59b	ee4ad	সেগুলোও চলে যাবে
abaf12c49e	7aed9	নামাজ পড়ার জায়গা রয়েছে
abaf504d57	22096	মাও ধমকাতেন আগে
abaf5d3518	616ec	বাংলাদেশকে জানিয়েছে
abafeb11fe	404ee	তাহারা ‘তুই’ ‘তুই’ করিয়া
abb05733c2	69d9a	এ দুর্ঘটনায় অহিদুলের বুকে
abb07af163	0d9f1	ফিরিঙ্গি বাজারের মসজিদ গলিতে
abb098aeac	71522	তাজমহলের প্রত্যেকটি
abb0b23ffd	ac0df	তাঁর সর্বক্ষণের সঙ্গী
abb0dd4621	3ec4d	সামাজিক ডিমান্ড আছে কিনা
abb0e1a51b	eaa7a	সার্বিকভাবে নারীর নিরাপত্তা
abb11d87ce	8b859	অনেকেই আত্মপরিচয়ের
abb204b965	4c555	নিজেদের হীন গণ্য করত
abb2144904	536d9	স্থানীয়রা এসে
abb2314822	3fae0	প্রতি বছরের ফেব্রুয়ারি মাসজুড়ে
abb263c710	f89d7	পরিবর্তনের কথা বলা যাবে না
abb2b1a0a6	717bb	এক লক্ষ আটান্ন হাজার আটশ তিপান্ন
abb349c48c	d1b12	বিএসএফের এক রক্ষী
abb37a2251	58998	মাস গেল, কি সপ্তাহ গেল
abb38532e1	80518	তখন তার বয়স ছিল ১৫
abb426f356	c41d8	মিডিয়াতে মিথ্যাচার করেছেন
abb4bb7195	590d0	মিষ্টি
abb4da684e	aabe7	মামলা তদন্তের অগ্রগতি হয়েছে
abb5140519	ec91c	কমানোর সুবাদে
abb58bff50	66b3c	একটি মরূদ্যানের ওপর দাঁড়িয়ে আছেন
abb59ce2be	0d8c1	রানা প্লাজা, তাজরীন বা আমিনুল হত্যাকাণ্ডের প্রেক্ষিতে যুক্তরাষ্ট্র এ ব্যবস্থা নিয়েছে।
abb5e1be85	a1201	অপরাধ করলে
abb61b49d1	f2b7d	মেসির অনুপস্থিতি
abb6248b5a	69449	বিবেচিত হন
abb7301543	91ac1	শাশুড়ি সালেহা বেগম ও ননদ বুলবুলিও
abb766f56b	37e17	শুমারিতে দেখা গেছে
abb774ed82	809cd	অনেক ভুয়া ব্যক্তি
abb7b2e619	24aed	তাকে জেলে যেতে হয়েছে
abb817e7c3	1a4a9	পূর্ব পাকিস্তান না
abb8966252	e6e48	কাপড়ের পাইকারি দোকান আছে
abb91791fd	6b437	বাংলাদেশ এর জন্য একটি
abb9cdc16d	aab0f	একটু বেশীই
abba2c6268	98b81	দুষ্টু বলিয়া
abbad53a28	860f4	ও উৎসাহ যুগিয়ে আসছে
abbad66b2c	18460	শিশুর বয়স
abbb02a9f5	ee4ad	দুহাত বাড়িয়ে
abbb37171b	1652d	তাদের বিবেকবোধ দিয়ে
abbb3c6998	a1d4a	পাইবার অভিলাষ করেন
abbb57b672	aa820	আজ ইতিহাস
abbcc8eae1	ff0fe	তাকে নির্বাসনে পাঠানো হয়
abbd2bccb6	8406e	সেভাবেই তিনি ধরা দেন
abbd571cfb	c2082	অচিন্ত্যকুমারের শৈশব
abbd68c25e	47e8d	চট্টগ্রাম নগরীর
abbd924dec	0895a	সুটকেসের গোপন কম্পার্টমেন্টে
abbdb54558	121bd	সে চলে গেল
abbee94413	69449	স্বাভাবিক করা হয়
abbf6a78b7	08458	কালো পাড় শাড়িতে
abbf839299	60b9d	দেওয়া হয়েছে তাই
abbf9e38f9	14d25	একরাম হত্যাকান্ড
abbff09a6d	7d133	প্রেম-কাহিনীর শুরু
abc01ecf15	948d3	মাইক ভাংচুর করা হয়েছে
abc02bc87b	d9b11	বাড়ীতে তিনি তামাক রাখেন
abc0b8fb23	c463d	জানান তিনি
abc0d58556	e6752	সামরিক শাসন জারির
abc0fd6f18	33aef	বন্ধ হয়েছে বটে
abc1e52abb	fdcba	বিবেচনা করা উচিত
abc24d07a1	c749e	আদিকাল থেকে পৃথিবীর সমাজ নিয়ন্ত্রিত হচেছ ধর্মকে কেন্দ্র করে।
abc28a8f52	d1b12	এগারো বছর আগে
abc2a9d9c3	2de86	আইনগত ব্যবস্থা নিতে পারেন
abc2f17a98	7ee9b	বুঝতে হবে সেটি
abc391d74b	16877	আউটলুক ট্রাভেলার
abc41e3328	c7705	হাতে নেয় মিরাম্যাক্স
abc44b6d04	31f09	চার উপজেলায়
abc4551788	d2faf	শরীর থেকে
abc4c3db6d	aabe7	অস্ট্রেলিয়ার সঙ্গে মুখোমুখি লড়াইয়ে
abc55dd585	e2c11	চাকরি থেকে ছাঁটাই করেছেন
abc567635e	e9589	দর্শক ও ক্রেতারা তা
abc58b6229	5639c	জ্ঞান বুদ্ধি
abc5ad7008	c9c19	অ্যালেন আমিনের মতো
abc5c4e416	a46e2	আঘাতকে ঘুষি বলে
abc5e157ed	d9ba9	রোমান্টিক গান
abc5e1c44f	0f047	ইসলামের মধ্যে
abc798ec66	5dec6	মামলা নিষ্পত্তি করতে হবে
abc7ab40cf	e2ba2	অংশ নেয়া উচিত
abc7ee7251	5639c	ব্রণের একটি কারণ
abc8162b02	b2a62	নদীর চরে খেলতে যায়।
abc81ecb2b	616ec	ভারতের আসন্ন লোকসভা নির্বাচনে
abc8b15478	fcefa	ও নুড়ি দিয়ে
abc8f4b02b	69449	একটা খোলস থাকে
abc918f411	e7230	যাওয়ার সময় আবার
abc91e937a	7d3e1	তখন আকাশচুম্ব
abc9398776	03284	পুলিশের হুমকির মুখে
abc956d73f	3f875	র‍্যাব সম্পর্কে এখন
abc966d9f1	92f59	পাল
abc98be26f	1652d	কখন কোথায়
abc9f2f533	7a227	ইতিবাচক কূটনীতির ধারায়
abc9f6129e	7351e	শায়লা রুখসানার কাছে
abcaaaafee	05901	মা, মুকুলের মা
abcbf41bc3	4bd2c	পৃথিবীর রহস্যময় ঘটনা
abcc0e127a	ad2a0	সম্পূর্ণ স্বাধীনভাবে
abcca60bd4	2ecf8	তিনি জানান ।
abcd01a79e	33aef	বহন করতে পারবেন না
abcd513e67	16877	তিনি ইহাদের বিপরীত ছিলেন
abcd7f9346	7c272	বিচারে একে অপরের
abcdd5f603	d5f7b	নারীরা অনেকে ক্ষমতার
abcdf7155d	f29bf	স্থূল কথা তোমাকে বলিয়া যাইব
abceaef877	16877	শেষে ঐ কথা শুনে
abcee630d5	dec2d	মর্যাদাহীন
abceef7a71	0e637	১২ বছর পর
abcf1866f1	aabe7	অল্প দিনেই বদলে যায়
abcf8d6b38	c173f	আমরা হাসপাতালে ছুটে আসি
abcfa95ad3	dafb6	যুবরাজ সিং
abd02c18cd	66c6b	মানবাধিকার সংগঠনের তৎপরতায়
abd0f5ff81	4bd2c	নেটোর মহাসচিব
abd156863d	4bd2c	ফলে জালাল খান
abd15a0928	08458	অজিত দত্তের উল্লেখযোগ্য
abd18e7878	3f875	আদিম যুগের মানুষ
abd2050cb1	2b883	বাঙালী মুসলমানেরা
abd25e6d87	6e8cb	একটি বলে মনে করি
abd30f3c43	ff1c3	ব্যাপক ধ্বংসযজ্ঞের পর
abd30faffd	95907	এর আগে জাপানের টোকিও
abd3bdb0dd	6e8cb	চুলের কাটিং
abd4f6ea6a	06bb7	বিবিসি ওয়ার্লড সার্ভিস
abd6e4bc20	256f5	রাজার দন্ত চিকিৎসা
abd71699f4	0e637	বৃষ্টি নেমেছে আজ আকাশ ভেঙ্গে হাটছি আমি মেঠো পথে
abd7c5f797	086dd	আদালত এই আদেশ দেয়
abd8a9547d	577fa	এখন শুধু
abd9124d76	c463d	আবার দুটি খাব
abd941f462	778c0	ন’তলা এই ভবনটির
abd9482d83	25696	ইনচার্জ সাইদুর রহমান জানান
abda1c29d3	76329	থানায় সাধারণ মানুষ
abda2ca45f	1a4a9	আবেগ দিয়ে চ্যানেলগুলো
abda49a599	69d9a	আপ ইন দ্য এয়ার
abda51a3d1	05901	ব্যবসায়ীরা বলছেন
abdae70e66	9d398	যৌথ শ্রমের সমাজ
abdb4597f6	0b7ca	রক্তাক্ত সংগ্রামে
abdb6eea1a	b8fe1	ওই কাপড়ের দোকানদারও
abdc2388dd	75936	ঝিঁকিয়ে তোলা ছবি
abdc6acd55	f1240	আঁকা ছবির
abdc817a82	ab946	এ সব অপহরণের
abdccb2f86	11bd2	এদের কখনও
abdce1df9b	06736	প্রবাহী ইলেক্ট্রনগুলিকে
abdd34e5ad	47e8d	পরিবার ও গ্রামের লোকজন
abdde18ecc	69d9a	বিয়ে-বিচ্ছেদ হলো সেই পরিস্থিতি থেকে রেহাই পাওয়ার একমাত্র উপায়।
abde2240b4	6c17f	পুরুষ প্রস্তুত
abde2613d6	61820	গবাদি পশু পালন করেন
abde93c665	b00ba	জটিল সমস্যা সমাধানে
abdebf2c96	24f73	যোগাযোগ ছিল না বা নেই
abdef26757	4237e	তাদের কাছে খটকা লাগত
abdef64a7c	83c53	২৩৯ জন যাত্রীর
abdf3418e2	37e17	যখন জানতে পারেন
abdf948f5e	967fd	কোড়া টানিতে টানিতে
abdfa45d50	bc81e	আংকারা শহর
abdfadf828	c173f	তার সিনেমা
abdfef2f51	430b2	বা অনেকগুলি কাজ
abe01c0046	12702	বেশ আগ্রহ নিয়ে
abe0f0b285	7c272	দুই গোলার্ধ থেকে
abe1485e85	ced74	অনেক যাত্রী এর
abe14bab9e	8b859	সেই বৃত্তভাবনা
abe19f2069	92f59	এরই পরিপ্রেক্ষিতে ১৭ ফেব্রুয়ারি
abe2110edc	69d9a	এ ঝড় থামাতে
abe22951ea	5354e	নিজের গ্রামে
abe26dacca	cd3ac	আর আমার মাথায়
abe28a8efc	9642e	শরীর যেমন জড়পিণ্ড
abe2d1fba4	06e62	খুনির মেয়ে
abe3336c20	cd3ac	তাই অভিযুক্ত বিএসএফ সদস্য
abe3e5b4f1	f280a	নিরস্ত্র অবস্থায়
abe4175767	4c555	মটরসাইকেল
abe43ba9da	43fc0	মনে করেন
abe4b07787	92bb2	গোরার মতো
abe55829e6	778c0	তার কোন রাজনীতিক নন
abe5788f58	0d9f1	ঘটনার সাক্ষাৎ পাওয়া যায়
abe63299ad	3fae0	তসলিমা নাসরিনের আত্মজীবনী
abe6fa5498	2d78f	তার লাশ ফেলে দেবে
abe7373989	d5213	কুদ্দুস আমি মনে হয়
abe7861e00	9351a	এই ফাঁকা মাঠে
abe89387c0	12702	একে পূর্ণাঙ্গ অঙ্গরাজ্যের
abe92a1ca1	1652d	সত্যি কথা বলতে কি
abe95f8a0e	b618b	জেলায় নিরাপত্তা
abe9ca572b	29089	৩১টি প্রশ্ন রেখে
abea2634d2	315e9	প্রতিযোগিতার শেষ আটের লড়াইয়ে
abea384c2b	da6f0	এক সপ্তাহ আগে
abea4861da	7898e	অধিকাংশ পাঠ্যবইতে
abea499982	a274b	জাফর বলল, না দরকার নাই
abea529e5b	f658d	বিকেল ৪:০০টায়
abeaa9009a	91b16	পরিচিত একজন ঠিকাদার
abeabd285a	46da4	তাকে সুস্থ করে তোলার জন্য সর্বাত্মক চেষ্টা করা হলেও তার অবস্থার অবনতি ঘটতেই থাকে।
abeb30eeda	c0965	১৫ ডিসেম্বর
abeb753d78	4486f	খুবই সাধারণ মনে করলাম
abebc03e13	10a9f	ছিল না তার নাম
abebcdf0b0	b5fdc	ঢাকার সম্মিলিত সামরিক হাসপাতালে
abec6690c7	a7c6f	ঘোষণা রয়েছে তাদের
abed0cf09f	0f047	ইন্টারনেট কি
abedbf6654	f1ff2	কোন ভাল কাজ
abee00fb71	1e7c7	অসম্ভব ঠেকিতে পারে
abee076527	cfc65	কমন রুমে গিয়ে
abef89ed31	9f25e	একটি অদ্ভুত হাট বসে
abf0368995	14816	বড় পরিচয়
abf08cec3d	06e62	বের করে আনা হয়েছে
abf0d69141	d5213	দেশের প্রত্যন্ত এলাকা থেকেও
abf154bd0d	7f2ef	প্রেমের উপন্যাস
abf1c57904	83c53	তার দুর্ব্যবহারে অনেকেই ক্ষুব্ধ
abf1de21bb	dba43	বিলেতের নানা জাদুঘর ঘুরে ঘুরে
abf24108b0	3f875	কিছু মৃতদেহ
abf293531f	bdfc1	ক্যাপুলেট বংশের টিবল্ট
abf2bdaba5	f1ff2	মাথা-ভাঙা পুলটার নিচে
abf357e4b3	6b437	অপেক্ষমাণ রেখেছে
abf3728fb3	ea8fa	তবে এর গুণগত মানের
abf39d71d0	4f2ae	নতুন
abf3b45203	b9b98	আনামুল হক
abf3b511f7	2bd99	বহু শতাব্দী
abf3bea01d	f7a7f	তাই আমি মনে করি সময় লাগবে
abf404fffe	e3d8b	১৯৮৫ থেকে ১৯৮৯
abf4058ca1	05901	আর যদি বেশি করে
abf41d3cbe	e9759	আলোকিত হয়ে ওঠে
abf420f2c9	0b7ca	চতুর্দিকে অভিযান হইতেছে
abf45b0ec6	cd3ac	বর্ষা বলেন
abf46549df	0f047	বা দ্রুত, উচ্চতম শক্তিশালী
abf4a065cd	2556b	বাসটিতে প্রায়
abf5dc18d5	82926	ফরেক্স এডভাইজর
abf62f1017	7027a	তারা গ্রাহকদের টাকায়
abf6a7ee8b	25696	প্রশিক্ষণ চলত এখানে
abf6cf4ad9	16cfb	আপনারা মহানবী সাল্লাল্লাহু
abf7607ca0	2d98b	প্রথম তিনটি ম্যাচ জিতলে
abf79d94f8	2695f	আপনার খারাপ লাগতো
abf7d5f536	ff1c3	ফরেক্স ট্রেডিং প্ল্যাটফর্ম
abf813b80f	9065c	পর্যবেক্ষণ করা
abf85f70f7	db735	বেঁধে দেওয়া সময়
abf87887e3	72649	১০টি সরকারি ডেন্টাল কলেজ
abf8b5022d	4164f	এই বিশেষ কমিটি গঠনের কথা
abf8c78163	eb179	সেজন্যে সেখানে
abf8e1f5a0	520fb	পার হয়েই গেছে
abf9903342	4a918	উদ্বোধন অনুষ্ঠান শেষে
abf9afbb59	2bc73	শ্রমিকদের মানবিক সাহায্যে
abf9d55e7f	09f0d	ফলে দুধে প্রচুর
abfa018336	1f974	কেওড়াতলা মহাশ্মশানে
abfa10096c	8c120	কিন্তু পশ্চিমা ক্রেতারা
abfa17fcff	eaa7a	জোর করে গর্ভপাতের মাধ্যমে
abfa4d0b0a	b9b98	কৃষি মন্ত্রণালয়ের অধীনে প্রতিষ্ঠিত
abfa79daf8	6dff5	রাধার সঙ্গে কৃষ্ণের তাহাই
abfb3e1852	f2097	আরবী ভাষা এবং বর্ণমালা
abfb774a3d	68549	কি ফল পেয়েছে
abfc6c3e65	18a52	মা’কে দেখে
abfc7d9a76	f2097	ইন্ডিয়ান ভিসা
abfc8e95ee	d9081	এদেশের জনসাধারণের ভূমিকাই অধিক
abfcde804a	ff0fe	শাহবাজ আলী খাঁ
abfcfc59f5	577fa	এর মধ্যে প্রায় ৫.১ শতাংশ
abfd15fe04	b8bdd	তিনি এই ঘোষণা দিলেন
abfd3c0b50	e3d8b	দিয়ে দিয়েছি
abfd3d72d2	6dff5	অনেক পণ্ডিত আবার
abfd4f07a0	a7c6f	নিজের ভাষা আর সংস্কৃতি
abfd6d27f8	c11b1	এরই মধ্যে নতুন
abfd9a35d3	3d17c	তিনি যুক্ত নন
abfde8a270	58998	শুভ সকাল
abfe51298f	0f047	হিউম্যান রাইট্স
abfe5f0514	60f77	ব্যবহার করা উচিত
abfeddf93d	aabe7	বিপ্লবীরা কখনো কোনো সম্প্রদায়ের
abff18ea80	3c897	বর্তমানে দুর্যোগে
abff71a18d	ee852	অনেক কমে যাবে
abffe86136	3c897	দুপুর ২টা পর্যন্ত
