af0053da0c	4e900	প্রভৃতি নামধেয় নরাকার জীবগণের
af006a4097	f83df	মুহূর্তটি উদযাপন করে
af00e4a10a	3fb17	স্ত্রী ও সন্তানদের নিয়ে
af00f71145	e2ba2	আমার দ্বিতীয় উপন্যাস
af0104e8a7	acb88	সকালবেলা সোনারঙের রোদ দেখে
af01a7959b	9351a	সেই কারণে
af0235be98	ce775	তবে তারা বিষয়টিতে
af02e5a7ce	17dcd	শিক্ষিত সমাজ
af033c1c2c	6ab59	এতে দুই দেশের সংসদের মধ্যে
af03c08a11	089ef	শ্রমিক ঐক্য পরিষদ
af03c7c166	0633a	ভোটার উপস্থিতি
af042a420a	acb88	স্পিকারের কার্যালয়ে
af04ed87fb	14d25	চালক সেখান থেকে পালিয়ে
af05395c93	ab946	এটা অনস্বীকার্য যে
af056b375d	3bea8	কঠোর নিরাপত্তার মধ্যে
af05bc2ca9	a8710	তার উত্তর জানেনা
af05f7a2a4	0a87a	কমলাকান্তের দপ্তরেও
af066470b7	1cb75	খুঁত বর্ণনা করেন
af06bfe603	8406e	চীনের মিঙ সাম্রাজ্যের রাজত্বকালে
af06e7911c	ee886	নৌ-পরিবহন মন্ত্রণালয়ের অতিরিক্ত সচিব
af07693c58	6e8cb	মাথার চুল থেকে
af078c5e5d	d2d71	নকল ঠোঁট
af07b14d15	a06a1	ফেসবুকে বন্ধুত্ব
af07ca89ff	d9b11	খন্দকার হাসান মোঃ ফিরোজকে
af080eb1c2	8edea	বাংলাদেশে গরমের দিনে
af0810266a	287bd	ভ্রাম্যমাণ দোকানপাট
af08925c88	38ff0	স্যার অ্যান্ড্রু জন ওয়াইলস
af0959599d	a1201	অস্ত্রসহ পুলিশ
af09776813	9d46f	অবিশ্বাস
af097f96db	6dff5	ভারতের স্বাধীনতার পর
af098f3cbc	2bc73	একই এলাকা
af09bd980d	47e8d	উল্টো বমি আসার
af09dd42a9	3ec4d	দেয়া হতে পারে
af0a3cec12	92bb2	নদীয়া বিভাগেই তিনি
af0a5821a8	93d3b	সেল্তার স্ট্রাইকার ফাবিয়ান ওরেলানের
af0a5f8bca	9d46f	আমরা কি দেখিনি
af0a659730	e6752	জাকির নায়েক
af0a794990	e6e48	রোগীরাও নিজেদের কখনো
af0a8d5d10	7b900	এক বিক্রেতা বাংলামেইলকে বলেন
af0b99c3a3	23b22	লুকিয়ে থাকা মানুষগুলো
af0bd9a631	16e96	পাঁচশত বছরেরও বেশি
af0c59941b	a916a	সমস্যা তৈরি হওয়ায়
af0c63fef6	e6203	রমণীদেহ একেবারে নিরাভরণ
af0c6ab4b2	cb842	চুল বাধা
af0ccd6e55	ce180	রিজিয়ার অবস্থাটা তখন কী
af0ceb8eae	8edea	বাঙালি নাগর
af0d259ce3	d41be	আমি নতুন করে ছবি এঁকেছি
af0d720ca4	52578	বিশ্বাস রেখেছেন
af0dd89d6a	f83df	অসমীয়াভাষী ইন্দো আর্য জাতিটিকেও
af0e2ad591	e6d83	হত্যা করা হয়েছে
af0e5bc6ae	b8bba	ভুগতে হচ্ছে
af0f28e5f0	4fbd1	মানুষের মধ্যে একধরনের
af0f4287d9	0d9f1	বিল জনস্টন
af0f6b39c6	c6848	তেমনি সমালোচকদের দৃষ্টিভঙ্গীও
af0f82fe6e	46da4	উৎঘাটনের নেশার বশেই
af0f9b6528	71522	তা করা হয়নি
af103b91f2	4237e	একাত্তরের যুদ্ধের সময়
af107a0bd8	0bace	চোখ সরে যাচ্ছে
af107bc64e	e2ff7	টেলিফোনে
af10a0e97f	2c9c5	নদীর নাম কি
af10a968c5	870e3	তার বিয়ে ভেঙ্গে গেছে
af10b3c148	ad98d	তথ্যসচিব হন
af10ba254e	f2097	তাঁর সক্রিয় রাজনৈতিক জীবন
af10be0204	ad98d	মণি-মাণিক্যকে চেনাজানার
af11641867	14816	যেগুলোর সরাসরি পাঠক আমি
af119ee6c6	809cd	তা ভারতের পশ্চিম বঙ্গের
af11dd5e33	4bede	আমি আর যোগাযোগ করিনি
af120351d2	60f77	গুণগত দিক পর্যালোচনা করা হয়েছে
af12469e26	2c9c5	তাঁহাকে কেহ সৃষ্টি করে নাই
af13023b51	7d3e1	সমানভাবে অংশগ্রহণ করছে
af13096cec	ef4f8	বলে এবং বিশ্বাস করে
af135022ae	d3e06	অ্যাডভেঞ্চার গ্যালির
af146c5c35	430b2	একথা অসত্য নয়
af148c4f69	a8710	কিন্তু জাহাজটি ডুবেছে তিনটায়
af14b9b7a8	c11b1	এই প্রবন্ধটিও খ্যাতি লাভ করিয়াছিল
af15341ac7	88654	রাজনীতিকদের তা করতেই হবে
af1569af8c	65652	বাবা মায়ের উচিত
af1646aff9	28dfc	অন্যরা ফয়েজের সঙ্গে
af16958892	57d54	নারীর জন্য
af16e6bb89	d1b12	ওই গ্রামটার মত ছিলে
af16f11336	56508	ভ্যাট আইন কার্যকর করা হবে
af1707eaed	5354e	হাসির নাটক
af17c14b27	b4ea7	আবু তাহের সিদ্দিকী বলেন
af17dee4fe	cb842	বোনকে নিয়ে তারা
af189644d0	410fa	অন্যান্য বিষয় নিয়ে
af18b73e6f	52f27	পাল সম্রাটদিগের রাজত্বকালে
af18b855ac	09b32	অগ্রাহ্য করেন
af190cf387	f2097	তুলে ধরবেন শিক্ষামন্ত্র
af195e0a50	d2294	তদন্ত প্রতিবেদনে অভিযুক্তদের
af19694a69	cb627	নিদেন পক্ষে উর্দুতে
af1988deb6	83c53	২৭ ফেব্রুয়ারি অনুষ্ঠিত হয়
af19ad4371	7d133	সে কাগজে একটা প্রবন্ধ লিখলে
af19c7db55	698a4	লাভ হবে না
af19e4a108	06ea3	৬ষ্ঠ ধাপের তফসিল
af1a707b92	a3a6d	এখনো শিশুর
af1a822c0d	cc18a	সমাজের গড়নটা বদলেছে বলেই
af1ab55631	5354e	কর্মকর্তা কারা হবেন, নিয়োগ পদ্ধতি
af1ac0f52d	5e80b	তাজ হিসেবে পরিচিত
af1ad3a72d	d9b11	এসেছে বেশিরভাগ
af1b6cb011	cb842	এই ভিত্তি খুবই মজবুত।
af1b74d74c	06bb7	এতে খরচ হয়েছে
af1b897348	ca088	মানুষ দৌড়োচ্ছে
af1b9e19bd	d8c80	জেলা পুলিশ সুপার
af1bb474f9	410fa	গণিতের এক জটিল
af1be59711	72649	স্ট্রাইকিং ফোর্স হিসেবে
af1c40d07f	7351e	আব্দুস সালাম বলেন
af1c6bba9d	fdcba	তার দেহে
af1cc485ea	fcefa	নিহত মিরাজ হোসেন
af1cfe9cb0	c173f	খ্রিস্টপূর্ব ৬০০ অব্দে
af1d076698	f7a7f	ঋগ্বেদে আছে যে, দেবতা তেত্রিশটি
af1d2173a7	a916a	যার মধ্যে তিনি, দাদা
af1d219f68	442b7	ইমাম
af1d7f1c9a	1b359	ফলে দুইপক্ষের অনাগ্রহে
af1dd01f01	cfc65	সবচেয়ে বেশি জনপ্রিয়
af1dfd3248	c7705	সহজ পর্যবেক্ষণে কী ভাবে
af1e8cc121	14d25	পাকিস্তানের ছবিও পাল্টে দিয়েছে
af1fe030fe	0b7ca	প্রথম যুগের
af20402d96	adf01	দুপুরে সুচিত্রা সেনের মরদেহ নিয়ে যাওয়া হয় তার বালিগঞ্জের বাসায়।
af20ac575f	c8f7f	পাঁচশ’র মতো
af20f34203	8b859	দল থেকে হলে
af20f985f9	5a61c	আস্তরণ থাকে
af213d6298	ad69a	বিস্তারিত প্রকাশ করে
af21446d39	8845d	বিশ্ব ওলি মঞ্জিল নাম দিয়েও
af21515b85	2bc73	যদিও অনেক রাজনীতিবিদ
af218939c4	cc9fd	আর উপদেষ্টা সংসদ সদস্যরা
af2194b51a	80505	তুরস্কের খ্যাতি অনেক ছড়িয়েছে
af21db51cd	8a46d	তারা ছত্রভঙ্গ হয়ে যান
af220078cf	536d9	নয়তো মাথায় টুপি
af238982ff	e2ba2	বেশ একটু কমিয়াছে
af24330e0f	e7230	সাইন ইন
af24b3612b	d82d9	সোনা পাচারের সঙ্গে
af25aeebc3	c0965	কেউ কি কখনো কল্পনা করেছেন
af25b9c7fe	49d63	প্রয়োগ তাই রাজনৈতিক বিষয়ভুক্ত
af25ca10bd	ced74	বিশেষ করে আম, আঙ্গুর
af25f92065	fb4cb	ফুরফুরা
af26341eb9	83c53	মানুষ আসেন
af26425529	ee994	উপরের কথাগুলিতে
af2671d356	1f974	রাশিয়ার বেশ কয়েকজন রাজনীতিক
af270e35e9	860f4	বাংলাদেশের অভিজ্ঞ এ পেসার
af2758280d	09b32	অব্যাহত রাখে
af278fda52	7d004	দেড় মাসও টেকে না
af2804c35e	9d398	সংবিধান নাজিল হয়নি
af2857da2c	aab0f	বন্ধ করা হয়েছে
af28580e47	6aac8	জাতীয় দলের
af28add651	121bd	তথ্য শেয়ার করা উচিত ছিল
af28c5d971	5354e	তাছাড়া দল নির্বাচনের বিষয়েও
af28e6974b	7aed9	আপনি চলচ্চিত্র নির্মাণ করেন
af29041c55	9351a	পেরে ওঠেনি ফেনী সকার
af2916b5eb	ee4ad	ক্রোমোজোম নং ১ থেকে ২২
af2919bb1a	c9c19	হিসেবে উচ্চারিত
af292b7eb6	ba2f6	অবরোধের পাশাপাশি
af2945278a	287bd	আন্দোলনকারীরা দাবি জানাচ্ছেন
af2971f564	e2f12	মাঝারি আঁচে
af29c3d4df	f658d	তাদের সেই সুযোগ
af29c636d3	355c1	তার ছোঁয়া পায় নি
af29d98bb1	e31e7	প্রশাসনকে মামলা
af29e64bee	6b437	তার দল থেকে
af2adb3f46	28bb3	মংলা পৌরসভার অধিআংশ দোকান ও ব্যবসাপ্রতিষ্ঠান জোয়ারের পানিতে তলিয়ে যায়।
af2b071a1c	3bea8	তার আইডিয়া ঠিক করি
af2b11b386	287bd	ভাই-বোনের একত্র উপস্থিতিতে
af2b4c1b7f	db181	প্রমাণ ছিল
af2b6d1cda	1e7c7	এটিকে অনেকটা
af2b83c864	8c07c	তিনি জবাব দিলেন
af2bef6e79	d2faf	সরকারি প্রতিষ্ঠানগুলো খোলা থাকলেও
af2c0ceb2d	0edef	বাবার কাছে
af2c8378ac	ef4f8	এক হাজার ৭৫ আসনের বিপরীতে
af2d82aece	0f047	কি তাই আছে
af2df4768e	1652d	না হয় সেই কথা
af2e02091f	10a9f	খরচ পড়বে
af2e44b735	24aed	অফিসে আসার জন্য
af2e6b917a	e03fc	খোদা তাঁকে
af2e87700a	4e900	জরিপে অংশগ্রহণকারীরা বলছেন তাদের সবচেয়ে বেশি ঘুষ দিতে হয় পুলিশ, বিচার বিভাগ, এবং ভুমিসংক্রান্ত কাজ কর্মের ক্ষেত্রে।
af2f1d5e7f	2f547	একটি মাত্র ব্যাগ
af2f6db66c	06527	সিপাই সান্ত্রী
af30c554e8	1cb75	ও আধিপত্যবাদের বিরুদ্ধে
af30e603dc	06527	এ ধরনের নারীদের সাথে
af31221ce5	2d78f	আইবির কার্যক্রম
af3172e681	a06a1	কোনো সরকারই
af31b9d9c5	4237e	লিভার
af3209a05c	0d9f1	যাত্রাবাড়ি থানায়
af323725f4	f29bf	অত ছোট নয়
af323d87b3	7027a	জার্সি গায়ে দেয়
af32a47b89	dafb6	চাই সত্যিকারের নৈপুণ্য
af32c9d89e	8ba2b	নতুন বছরকে বরণ করতে
af32d3da6a	7297e	তাদের নির্দোষ উল্লেখ করে
af32d587a7	287bd	রাগ করে
af32ff2ce4	c2082	নিজেরা পোস্টার ছাপাচ্ছি
af332875a2	2bd99	মিল আছে দুটি মাত্র জায়গায়
af335f6bf0	28dfc	মুহম্মদ হানিফার মূল কান্ড
af33b1f3fd	ca831	এসব পদ্ধতিতে
af33c3335d	d9081	যদি গোপনে
af33f23cc9	2d98b	জাতীয় দলের সাবেক অধিনায়ক
af3420daf9	b8ed8	বাবা পায়চারি করেন উঠোনে
af342d5708	03284	যে কোনো জমি
af3443d515	767ff	নেয়া হয়েছে
af34943468	b52ab	জনসংখ্যা ছিল
af35115d59	a1d4a	তাঁর সকল বিদ্রোহ
af35479900	086dd	যদি সুযোগ হয়
af35721234	fcc89	সেদিন দেখা হয়েছিল
af35bd507c	a3a6d	সোমবার রাত ৯টার দিকে
af363099cb	ef4f8	আমার কাজ করা
af3630e091	c0d65	প্রস্তাব দিয়েছে প্রতিবেশী দেশটি
af3641f5ac	22096	তাকে খুঁজে বের করা
af36442ffc	3bea8	সংবাদ
af365ad3a9	ff1c3	রাজনৈতিক মতাদর্শ প্রচারের
af36833dfa	e6d83	তখন তোপের মুখে পড়েন
af369ed7c6	38d3a	এভাবে নির্বাচন দিলে
af36d0dfdf	b2a62	গজ নিয়ে
af374e6add	38ff0	অমৃত গোলপুকুরপাড়ে
af37cd6ae2	eb179	একপ্রকার শব্দ
af387fff58	f2b7d	এক বা দুই বছর
af39afdfac	ec91c	দ্রুত ওরা গাড়িতে
af39c16873	767ff	এসময় পুলিশ
af39f1f7f0	52f27	নকশা অবলম্বনে
af3a3962da	9065c	মুন্সীগঞ্জ
af3a5cbd1b	58998	গ্রেপ্তারকৃত শীর্ষস্থানীয় নেতাদের
af3a87b1c3	256f5	আইনশৃঙ্খলা বাহিনীর উপস্থিতি
af3a947fc7	2396d	তাহলে এই শক্তিকে চেনো
af3aed98be	06bb7	গুড় গুড় করিয়া
af3af9574f	dfefa	মীরজাফর, টিপু সুলতান ও ওয়াজেদ আলি শাহ র
af3b3fbbc0	6973e	সাধারণত পুরুষরা টাক হয়
af3b7603f3	9813c	অচিন পাখি
af3bb5e292	520fb	আর এক হাতে রুকিয়াকে ধরে
af3c8a13ab	3fc9d	একজন উপদেষ্টা
af3cfc30f1	4c1eb	আমরা মূলত নেত্রকোনা অঞ্চলের
af3d057c5a	76329	যে আকস্মিক একটা কিছু
af3d2b3e73	f658d	মেদিনীপুরের এক বৃদ্ধ জানাচ্ছেন
af3d75869f	eb179	অভিনয় করবেন শিপন
af3db11497	93d3b	বিজিবি সতর্ক আছে
af3dbae603	cb627	রেলওয়ে থানায় রাখা হয়েছে
af3e0a815d	db181	পরিচালক রাফাত বলেন
af3e39ee7f	153c9	শাওনকে নিয়ে
af3e9acbf6	75936	রাত পার করে দেয়
af3f0c9f36	ac904	ইতিমধ্যে মানবতা-বিরোধী অপরাধের
af3f545cd9	bcaa8	একটি কার্বক্সিল মূলক
af3f62958d	287bd	অসমকামী হওয়ার অসুবিধে হল
af3f954c60	7e1d5	যে অবাধ মেলামেশান দেখতে হয়
af3fead250	730c3	খালেদ মাসুদ পাইলট
af3ffe605d	9d46f	তাঁকে আরও এক বছরের
af400bef29	7f71c	আমির হোসেন
af40a424e7	6c17f	এজিএম পদে ৮০
af40f67841	9d46f	লৌহ যবনিকার আড়ালে ছিল
af4168c6bf	b7be9	কৃষককে পরামর্শ
af41d24a7e	f6e55	অর্থবিজ্ঞানে কোন একটি
af4227c632	7c272	তিনটি মামলা রয়েছে
af43018b93	d0c70	এক খন্ড
af4399511e	cf82a	ব্রণে নখ লাগলে
af43bc7a5f	282d3	তাঁর ডাক্তার স্ত্রী লুৎফা
af43e042b2	05901	ছেড়ে দেয়
af441ea6a2	1f733	এলোভেরা
af4429fa25	7027a	বন্ধু
af447e2007	2bd99	কিন্তু তার চেয়েও
af44859fb3	f600a	এটা রীতিমতো উৎপাত
af450dd81d	fcefa	মন্ত্রণালয় প্রতিষ্ঠিত হয়
af4524fd7c	54e68	যখন অনেকে অপব্যবহার করে
af45e31ccc	778c0	শেষ শ্রদ্ধা জানাতে
af45fcbffa	e3f89	গুণবতীও বটে
af46b994c8	32b3e	এবং ব্যবহারকারী অনলাইনে
af47257d02	932bb	দাদা আমার রুচির দিকে
af472626d7	6973e	অর্পণ
af4743bc3c	2ad74	এটি লোমহর্ষক
af475f9c41	2909b	আন্দোলনকারীরা পুলিশ সদরদপ্তরে
af47797594	5639c	অভিনয় করেছেন ওমর সানি
af478c4e86	4dd57	ড. মাহমুদুর রহমান
af484efca8	d711f	আধুনিক করে
af4878927a	fb4cb	এ পদ্ধতিটি
af48b1892b	7b132	তাঁর হাতে এসেছে
af48da13a4	f9dfb	জাল ভোটসহ বিভিন্ন অনিয়মের কারণে
af490889f9	e3d8b	রাজধানী ম্যানিলায়
af4924c74c	5b13f	নির্জন কোনো জায়গার দিকে
af495b5ca5	274ee	তারা জানিয়েছিল
af49b25940	06ea3	অ্যাসবেস্টসের সকল প্রকার নিষ্কাশন
af49b5e12f	c0d65	ফান চিত্র
af4a328650	ce629	শ্রমিকবাহী বাসের সঙ্গে
af4a354527	7d3e1	১ হাজার ১০০ আসনের বিপরীতে
af4a8511d7	52578	মতভেদ হইতেছে না
af4aae5fed	59c73	ও শাহজাহানের স্মৃতিফলক বসানো
af4b28634a	b9b98	বিহার, পশ্চিমবঙ্গ
af4b75c987	58998	বোয়ালিয়া থানা
af4baaaf5a	f6e55	কলকাতায় বসবাস করলেও
af4bddc2b2	16877	বিকল্প কি করছেন তারা
af4c787ef4	f9dfb	মুদ্রিত হয়েছিল
af4cb17fb0	c5dc8	সংশয় হচ্ছে
af4d5ee9b2	c3cb3	সুশান্ত সিং রাজপুত
af4d70d179	37d7e	অন্য রকম বোমা ফেলবে
af4d7f72c2	d2355	সরকারও রয়েছে
af4d832086	db735	রাত্রির বিভ্রান্তিতে
af4dc05af5	9c8dd	ঢাকার আরো কয়েকটি
af4dcea3fb	943de	ভিত্তিতে পদ্মানদীর মাঝি
af4dd96490	0bace	দেহ নিষ্ক্রিয় হয়ে যায়
af4df4edf9	bfac7	অলিকে মারতে
af4e0758e0	c6848	আনুষ্ঠানিকভাবে কিছু
af4e342566	80be1	সাম্প্রতিক কালেও
af4e641612	ff970	তা আবার পরিপাটি করে
af4e9fb941	f89d7	প্রস্তাব দিয়েছে প্রতিবেশী দেশটি
af4f1b02b2	af81d	জন্ম নিতে থাকেন
af4f3aeedc	33814	রাজনৈতিক অঙ্গনে
af4fbb44a0	14d25	এখানে পালিয়ে এসেছে
af4fca53f6	cc18a	প্রাচীন সাহিত্য পাঠের মধ্যে দিয়ে
af504b3287	03284	স্কুলে ছিলেন শাক্তের অবতার
af507f08bc	7b103	মনে এলে
af508d33d1	b618b	এর ১১ মিনিট পর
af508dd11e	bbb22	শঙ্করের হঠাৎ
af516fa929	ca831	গোয়াল ঘরে আগুন দিয়ে
af5190a867	2ee04	নিষ্কাশন প্রায় অসম্ভব ছিল
af52dfb71c	d2d71	সাংবাদিক সম্মেলনে
af53cc8164	23291	রাজা হেসে বললেন
af53fd7133	09f0d	ধারণা দেখা যায় না
af540e3642	315e9	বনের দিক
af54430a7e	ce775	বাঙালি বর্ণ-হিন্দু সম্প্রদায়ের জন্য
af545ecf38	09f0d	তার বয়স আনুমানিক ৪০ বছর
af547ea00d	9351a	দ্য স্টোরি অফ আটলান্টিস
af54cd4ac0	cb1aa	নিজের গলায়
af54cf08f5	bfac7	অতিবৃষ্টি অরণ্যের তাপমাত্রা
af54f2840a	9065c	দুটোই ঘটে ১৯০৫ সালে
af5546b25a	5dd61	তাদের ছাড় দেয়া হবে না
af55a29bed	ee7b2	কিছুক্ষণ বন্দুকযুদ্ধের পর
af5614109d	948d3	অপেক্ষা করছিল
af566ccd44	a46e2	সাংবাদিকবদের বলেন
af572e0b1b	9b864	স্থূলতা বাড়ে
af57a1cc9b	83c53	সঙ্গে সঙ্গে চিকিৎসকের পরামর্শ নিন
af57c35a1d	68ab7	পাকিস্তানের আবার দুটি অংশ
af586ffd2b	43fc0	আদেশ-নিষেধ পালন করে
af58a962b8	31f09	কভারেজ পাচ্ছে
af59b01709	82926	নারীর ক্ষমতায়নে
af59b1411f	315e9	যেসব প্রার্থী নিরাপত্তা চেয়ে
af59eb6c1f	5dec6	তফসিল ঘোষণা করা হয়েছিল
af59f0c56f	38d3a	বিজয় লিখেছে
af5a635af1	6973e	বাড়ি থেকে বের হয়ে
af5a8ab91a	5dd61	কে দেখে
af5ae44977	3fc9d	এমন নয় যে
af5b7fe20e	e43d4	দক্ষিণ চট্টগ্রামের সাত উপজেলাকে
af5b889333	e68af	সাত নম্বরে থেকে
af5bbb5f6f	06bb7	এই চুক্তি স্বাক্ষর করতে হলে
af5ce4d4be	2ac82	প্রতারণা ও অপরাধের কথা
af5d2da329	0606d	সোনা মিয়া ও তার ছেলে বুলবুল
af5d5a0ff4	6c6bf	আরনোডের উড়ন্ত বস্তু
af5da49462	b8bba	প্রচারযুদ্ধে লিপ্ত হয়
af5dadaf0c	46da4	এদের একটি অংশ
af5e806699	b9a81	স্বনির্ভর তরুণী
af5eb2cf68	bf530	প্রচলিত আইনেই হবে
af5f5dca9a	967fd	উদ্যোগ নিয়েছে সরকার
af5f9bf328	f2097	লবণ ১ চা-চামচ
af60493379	430b2	যেখানে আয়েষা দাঁড়াইয়া আছেন
af6067fa72	d9081	তাকে গ্রাম থেকে
af60b91927	06ea3	পালিয়ে যায়।
af60db5c98	c749e	বাধ্য ও বিমোহিত করে
af610a5797	29bab	সংগঠন ইউএনএফপিএ
af61280a7b	fdcba	কারণ থাকতে পারে
af613d297b	ad69a	২ এপ্রিল, ২০০৪
af61425add	60f77	অন্যান্য জঙ্গী সংগঠন
af61514c97	0895a	যাকে বলে 'ওয়ান-ওয়ে টিকিট'
af6163dd6f	0d4cb	তিনি দায়িত্ব নেয়ার পর
af61893ef4	9d7bf	বার কাউন্সিলের ভাইস চেয়ারম্যান
af61bd37b3	8cf95	হাতিয়ার
af622c39d1	aa820	মালিকদেরকেই প্রাথমিকভাবে
af62b1e7a9	1de6c	সারদা গোষ্ঠীর কাছে সেই সংস্থা
af63f07dea	68ab7	তাকে দাফন করা হবে
af64de3d0a	efc0d	হাল্ক
af653f4199	7aed9	বাংলাদেশ সরকার দীর্ঘ সময় ধরে এমন অভিযোগ করে আসছে।
af65c62981	e9589	বিচারক
af65d6799c	287bd	ফেসবুকে নাম পরিবর্তন
af662062e0	2695f	জারি করা হয়নি
af66b84ebe	e9759	এখন ক্ষমতায়
af6736660c	4c1eb	আছে চামড়া
af6747c34b	22096	যুক্তরাষ্ট্রের পররাষ্ট্র দপ্তর
af67ffa608	4bede	আপনারা কী ভাবেন
af6806242d	f9dfb	ক্ষতিগ্রস্ত হচ্ছেন কর্মচারিরাও
af6839c559	1e7c7	আনন্দ দেয়
af688953e2	3f493	বিবিসি জানিয়েছে
af6892c7f1	58998	তাদের কোনো খোঁজ খবরই
af68e322b5	c958a	তরল দুধ
af6a6cd715	442b7	ঠান্ডার বাপের বাহুতে
af6a81bc45	b7be9	বিশেষ প্রস্তুতি নেওয়া হচ্ছে বলেও
af6aa16d8b	2ee04	জানানো হবে
af6ab9363b	0a7a0	আমার সাথে তার
af6b91c4e5	69d9a	অ্যানা ফ্র্যাংক
af6c794516	880ae	বেঈমানের রিমেক নয়
af6c7de91d	32b3e	সাগরদাঁড়িতে কপোতাক্ষ নদের তীরে
af6d0ce385	4ea73	তাদেরকে আটকের চেষ্টা চলছে
af6d89d64f	2fe3c	অর্থ মন্ত্রণালয়
af6dc1f283	e754e	বঙ্কিমচন্দ্রের প্রথম বাংলা উপন্যাস
af6e122d5c	16877	তা ছাড়া রুকিয়া বলেছে
af6e5f6c5f	d82d9	১০ বছর কাটান
af6ea431f6	6c6bf	ভিতরে প্রবেশ করতে পারেনি
af6efe6373	c1e30	মেডিকেল বিশ্ববিদ্যালয় কর্তৃপক্ষের কাছে
af6f29e6a2	32b3e	৩য় জর্জের
af6f73cce3	23291	চারটি টেনিস গ্র্যান্ড স্ল্যাম টুর্নামেন্টের
af6f9cd1e6	c6848	নানাপ্রকার কটুকাটব্য বর্ষণ করে
af6fcd9cc0	1a4a9	রাজশাহীর গোদাগাড়ী এলাকায় জামায়াত ও পুলিশের সংঘর্ষে নিহত হয়েছেন দু'জন।
af6ffcc1b0	2909b	মসজিদে নববী
af71184740	e2ff7	ম্যাচের দ্বিতীয় মিনিটেই
af711e6cc3	6fb36	নাশকতার বিভিন্ন মামলা রয়েছে
af71387039	2695f	পার্থক্য নেই
af718a147b	693cb	শান্তিরক্ষী বাহিনীর
af72009f5f	2556b	সমৃদ্ধ করার ক্ষেত্রে
af72352ace	58998	কেউ যদি পাঁচদিনই যেতে চান
af72954459	efc0d	তোমার তলোয়ার
af733419d0	e6203	প্রকৃতপক্ষে, এই পদগিলি লইয়াই
af738992aa	80505	বিক্রীত হন না
af738b0992	ab946	দেখেছেন প্রত্যক্ষদর্শীরা
af73cb946b	f4ba7	লোকসভা ও রাজ্যসভায়
af73e38caa	efc0d	দেবদুলাল বন্দ্যোপাধ্যায়
af73eed8cb	77f82	সালামি দিয়েছি
af740c793b	442b7	ঘোমটায়
af74bd0dbc	a06a1	আর তা হলো
af7506b001	3ec4d	পা রাখতে পারেন
af754e7469	66dcd	সপ্তাশ্চর্যের মধ্যে একটি
af7557be04	aabe7	দরিদ্রতার কারণেই
af75b09801	95907	কেউ দিতে পারছে না
af75f1c2b0	dafb6	নিয়ে নানান দেশে
af76efb94e	7d004	মুখোমুখি অবস্থানের কারণে
af770a3caa	7a227	অজনল, ভারতের
af776a24f7	1f974	যদিও লেখক
af77749c7b	46d49	রিয়াল মাদ্রিদ তারকা
af782e75e5	a9a58	তবে তার আগে যেসব কোম্পানি
af783ba9d6	e8dde	উনবিংশ শতাব্দীতে
af78626dd1	0d9f1	আরব আমিরাতের আইনে
af799e61f6	b2a62	প্রধানমন্ত্রীর উপদেষ্টা দাবি করেন
af79bdb3a8	b9b98	নাট্যকার,চিত্রনাট্যকার,নির্দেশক
af79e32802	10a9f	তথ্য বিকৃতির অভিযোগে
af79fdc390	f143a	বিজেপি নেতা
af7a0fa08b	7f2ef	চাঁদ দেখে
af7a7ee40d	86b1b	কোনো কিছু আনতে
af7a846ca4	b8bba	সারা দেশে সড়ক, রেল ও নৌপথে
af7ab71f65	57d54	এবার ভারত থেকে
af7b652c0b	b7be9	ব্যবস্থা নেয়ার প্রস্তাবে
af7be01c2c	778c0	ডাকতে শুনেছিলে
af7ca52a53	d5f7b	ইন্টারপোলের মহাসচিব
af7d0fde64	bd576	বেজে ওঠে
af7d140140	ac0df	গাভী পালন
af7d3e5973	dafb6	শুধু নয়
af7e218835	93080	সামরিক পোশাক ছিল
af7e573d72	6b437	মুখের দিকে চাইলে
af7ed0a2e7	80539	গতকালও নয়াদিল্লিতে
af7ee2ecf0	a1d4a	জাতীয় পুরস্কার অর্জন করেন
af7f491526	b8bba	এ সময় তাঁর পাশে
af7f78e217	cfc65	দোকানদার মুসলমান
af7f7f28ec	18460	ইলিয়াসের একাধিকবার চট্টগ্রামে আসাটা
af7fba451e	7e1d5	আগামী অগাস্ট থেকে
af7fc59627	fcc89	অনেক শিশুই বাসায়
af8079e183	06ea3	নিবন্ধন পরীক্ষা
af80a4984c	9282d	নকিয়া স্মার্টফোন
af80f5b466	13b6a	আমাকে আবার টেনে নিলে
af81b83d4f	25117	অবরোধের সমস্যা তুলে ধরে
af823ddd55	f0f95	যথেষ্ট দক্ষতা
af82b20f46	351dd	প্রহর গুনছেন
af82fa42bb	11bd2	প্রস্তুতি শুরু হলে
af831798bc	23291	রূপ হল
af839048e0	8b859	জেলা জাতীয়তাবাদী মহিলা দল
af848322f1	e6752	আমিও জানি না
af84a535d6	92bb2	দূরে ছিলাম
af84f69be3	4bd2c	রায়হান ও শহীদ
af862ace1d	c5dc8	ওয়ান ইলেভেনের কথা
af865c3ce8	ee852	এমন ঘটনাও রয়েছে
af8733f60f	0a87a	গোপন তথ্যের ভিত্তিতে
af877e7fb9	5dec6	মেঘনার বুক জুড়িয়া
af87ba3ec1	f0f95	চাঁপাতলা গ্রামের মালোপাড়ায়
af87df8dc7	ba2f6	রোগি মৃত্যুর অভিযোগ উঠে
af87e4bba3	54e68	গ্রেফতার করা হয়
af8843128c	bbb22	গাঁটছড়া বেঁধেছিলেন জোহানসন
af884a93bb	4a918	আমাকে পুরুষপক্ষের গুপ্তচর
af8860b7ea	f0f95	মাত্র দেড় বছরের মেয়ে
af88bae015	d8c80	বলে জানিয়েছেন ঈশ্বরগঞ্জ মডেল থানার ওসি
af88cdc1aa	f0f95	সাতক্ষীরার সহকারী পুলিশ সুপার
af890c697b	ce629	এ মামলায় আদালত
af8a329167	7d3e1	এর সূত্র ধরেই
af8aadac03	29089	নুর আলম
af8abf05b9	9351a	যে বাংলায় না জন্মিয়াছেন
af8af4c8a5	ce775	বয়স বড়জোর
af8b02d42c	49543	কচি পেঁয়াজ কুচি ৪টি
af8baac445	ad2a0	তবে উপ-দূতাবাসের সূত্রগুলি
af8c2d2246	fda1a	ইমেরিটাস অধ্যাপক আনিসুজ্জামান
af8c45b02a	a46e2	প্রশ্নবিদ্ধ হবে
af8c6b9035	80e98	২০০৪ সালে
af8ca7803d	1b359	দলে ছিলেন
af8caabe5e	79b06	সন্ধ্যা ৭টা ৩৫ মিনিটে
af8d0a5d33	cb627	জানালেও কী অভিযোগ
af8da25c60	a8710	এবং তার ভাইস-প্রেসিডেন্ট
af8e3a3670	6b437	বিক্রি হয়
af8e54b871	93d3b	সুস্থ মানুষ মনে হয়নি
af8e79e407	06e62	নোবেল পুরস্কার লাভ করেন
af8e7ea7b7	5b13f	ভাগ করা যায়।
af8e84e6e6	7a227	কাপড়ের পাইকারি দোকান আছে
af8eb33549	7ee9b	ফাগুনের হাওয়ায়
af8eb8734d	f0f95	সংবাদ সম্মেলন থাকলেও
af8f8b9bc8	43199	কারখানায় নিরাপত্তাজনিত ত্রুটির কারণে
af906adcb0	2f547	এতো বড় একটি টুর্নামেন্ট হচ্ছে
af91005d1a	22096	কেন্দ্রীয় শহীদ মিনারে
af9111e25b	d2faf	আজেন্টিনার পতাকা
af92d7b380	33aef	কাউন্সিলরদের ভোটে নির্বাচিত হন
af9322a8dc	18a52	নির্মাণ শ্রমিকরা
af93557c46	29f8c	পুরানা পল্টনে
af94272a4f	2396d	২০০৭ সালের ২৮ ফেব্রুয়ারি থেকে
af94302781	f658d	অবমাননাকর মন্তব্য
af944ccd8c	ca831	দাম: ৫,৫০০ থেকে
af9456c94c	c0d65	বৃহস্পতিবারের মহড়া
af9484dfa0	967fd	ধর্মের অবমাননা ব্রাজিলে
af94fa51e5	491a5	দেশের পানির ব্যবস্থা করেননি
af950e230f	95f83	এ ধরণের ক্ষেত্রে
af95a14bcb	6fb36	এক অনুষ্ঠানে মূলপদ্মা সেতু নির্মাণে
af95aa9414	287bd	স্বামীর আদেশ নির্দেশ
af95bae041	7f71c	ওই তরুণী বাদি হয়ে
af96802442	4fc91	বস্তুত সুযোগ সন্ধির
af96ade6c1	0895a	এরাই তো ছিল
af96b89a1d	282d3	প্রথম সম্পাদনা করেন
af96c7e592	0a87a	সে বিষয়ে এখনও
af9733b015	16cfb	তোপ দেগে
af976c4cea	1c618	পুরো জাতির মধ্যে
af979e84e4	32c77	অন্যদের পুলিশ এক সাংবাদিক থেকে
af97f30979	7ec1c	গত বুধবার দুপুর থেকে
af97f8b048	84145	গলা টান হইয়া
af9806c9ba	ad2a0	সন্তানাদি ও ক্ষমতা
af985e45c3	3fae0	আর তার ছাপ পড়েছে জীবনযাত্রায়
af986bc1bf	9b864	আহলে হাদিস জামে মসজিদে
af9898b797	2f547	সরকার ট্রাইব্যুনাল আইনে
af989dcf98	25696	ফর দি স্যাংটিটি
af98e133d9	72649	মোহাম্মদ কামাল উদ্দিন
af9905f16e	6c17f	এই ব্যাটনের পরিক্রমা
af99280e51	f1240	ধুম ধাড়াক্কা
af9960390a	38d3a	এখন বিক্রি হচ্ছে
af9968207d	bcaa8	মেরাজের আলোচনা
af99acb275	9d46f	টাক
af9a4eb829	aabe7	১৯৫৬ সালে চিত্রায়িত
af9b396062	f1ff2	সর্ব স্তরের দর্শক
af9bca15fc	80518	চালক একবার
af9c281c14	1cb75	বৃহস্পতিবার সকাল পৌনে ১০টায়
af9c79a0a2	eb179	হ্যাকারদের কবলে পড়ে
af9d980a4c	4237e	আপন করে নেন
af9db333b6	cc18a	সরকার এবং বিদ্রোহী
af9e5d482d	c7a89	তা চৌম্বক আবেশের মাধ্যমে
af9e5e7e52	21e54	সাংবিধানিক ও গণতান্ত্রিক ধারাবাহিকতা
af9f131365	536d9	নির্দোষ প্রমাণের চেষ্টা করেছেন
af9f143337	b8bdd	অ্যানার বাবা ছিলেন
af9f75e543	46da4	১৭ নভেম্বর
af9fb8c577	37e17	কথার উল্লেখ
afa0277451	f89d7	এর পুনরাবৃত্তি করবে
afa0b11176	e7230	তাগিদ দেবে
afa1c51dfe	c958a	কারিগরি ও বৃত্তিমূলক শিক্ষায় প্রশিক্ষিত
afa1f64cb6	5a61c	শাওনের জন্য
afa23d37b9	5cb47	কূপে ফেলত বালতি
afa247300f	29d44	পূর্ণ এক্তিয়ার
afa29dd1d7	b4ea7	তিল তিল মরণেও জীবন
afa3109fff	7ee9b	লাল হইয়া গিয়াছে
afa400a07a	64092	নাজিম তুরস্কে ঢুকতে গিয়ে
afa448da2e	e3d8b	বনরক্ষাকারী বাহিনীর সদস্যরা
afa45e2122	da6f0	ঘরে টাকা-পয়সা যা ছিল
afa4a6e814	66c6b	কিন্তু নির্বাচনে জয়ী হয়ে
afa4a8bfb0	ff970	কিন্তু তখনকার লোকদিগের ন্যায়
afa4e4f3ed	f2b7d	ষোল শতকেই এই ঘটনাকে
afa54b7e9b	d8c80	তৈরি হয় বিপুল পরিচিতি
afa5610b1f	5639c	ছাত্র সংগ্রাম পরিষদের আহ্বায়ক
afa5792787	bd576	সরকারের তরফ
afa60218d5	6c6bf	নিজের ভালো করার প্রবল প্রতিজ্ঞাকেই
afa6363d66	1e7c6	হিস্ট্রি মিউজিয়ামের
afa6425f8c	4e900	এদের কয়েকজনকে ফাঁসিতে ঝুলিয়ে
afa68cc6d5	7e1d5	সেরা অ্যানিমেটেড চলচ্চিত্র বিভাগে
afa6b5280b	5dec6	দেশটিতে নয় বছরের নিচে বয়স
afa724cbd2	17ca1	তোমাকে পাইনি আজো
afa7c4ff0b	f2780	মামলা সমাপ্ত হয়
afa7deaf13	3f875	মার্জনা করা যায়, কেন না
afa867323e	dfefa	বৃহস্পতিবার বিকেল তিনটে নাগাদ
afa89e5679	eecdd	পাড়ি জমিয়েছিল ক্যানাডার উদ্দেশে
afa8bd51dd	f2097	ক্যাম্পেইন শেষে ছবিগুলো
afa8c6540f	3fce2	তবে প্রথম দফায়
afa903f069	e9759	অবনীন্দ্রনাথের প্রথম প্রবন্ধ
afa92fca61	351dd	শিক্ষাক্ষেত্রে উন্নতির ছোঁয়া
afa9dc1291	976b1	আমার চিল্লাচিল্লিতে তখন
afaa28dc31	ad050	নায়করাজ রাজ্জাক পরিচালিত
afaa6ea787	d5f7b	যানবাহনের চাপ বেশী থাকায়
afaa81982f	7a227	ডা. শামীমের বিরুদ্ধে ন্যূনতম
afaa975f84	c958a	এর দু’বছর পর
afab009d2e	71522	সোহরাব হাসান বলছেন
afab07ddde	25696	অভিজ্ঞতায় স্নাত হওয়ার
afab14e832	a1d4a	যখন তখন আমরা
afab6273df	29f8c	উচ্চ বিদ্যালয়ের অবসরপ্রাপ্ত শিক্ষক
afab67c2cb	acb88	এই অভিধান সম্পাদনার
afab86b882	7027a	এরপর কয়েক মাস ধরে
afac4398cb	fcc89	মানুষের কণ্ঠস্বর
afadafb753	c41d8	পরীক্ষা শেষে
afae13b3e3	b78ec	কোনো পরিকল্পনা
afae5386bd	9e923	কি চিন্তা করিয়াছিলেন
afae7c1267	80539	এখন দুদিন ধরে
afaed6ba8b	85430	নিয়ে ছবিটি তুলেছেন
afaee02715	6e8cb	একটি বৈঠক করে
afafb74ad9	16cfb	সকাল ৮টা থেকে শুরু
afafe723fb	59c73	একটা সিংহ হয়ে দাঁড়াবে
afafebfed7	dba43	সৃষ্টি হয়েছিল
afb0f1fa67	bcaa8	এক সাক্ষাৎকারে
afb1241a13	0edef	কতক বুঝিতে পারিব
afb143079c	4c555	১৫৮২ সালে
afb1d5e961	2aecc	সহকারী অধ্যাপক হিসেবে
afb23c9bfe	69d9a	নির্বাচন করলে সমস্যা কি
afb2764b4f	b9122	শমশের এম চৌধুরী বলেন
afb2fbe6da	1f733	বেসরকারি মেডিকেল কলেজ ছিল ৪১টি
afb389f997	dec2d	জিপিএ-৫ পেয়েছিল
afb3976fde	6b437	প্রতিটি বাসে
afb3b8e7a9	153c9	ধর্ম, ইতিহাসবিদ
afb40f7bb6	cd3ac	নয়ন আলীকে
afb4601ad6	15a75	ব্রহ্মা এক কন্যা
afb47935c4	54e68	আর দশটা গ্রামের মতোই
afb4bfd09a	e9759	মুখ্যমন্ত্রী হওয়ার পরে
afb4d8b788	23291	ফিরিয়ে দেয়
afb543e849	b00ba	সে সবার ছোট
afb55c42e8	1e7c7	পাত্র-পাত্রীর যোগ্যতা
afb65674ef	c6848	বলিউডের ‘হেট স্টোরি’র রুপকার
afb68b844e	4c1eb	আমি সেই মেয়ে
afb7660ff7	92bd8	গোলাম আজম
afb772ea97	88654	চলতে শুরু করেছে
afb77b8fa5	3f875	দিনেশ দাস তাঁর
afb7bc5843	93d3b	আগামী মে মাসে
afb832db55	2de86	১০০বিলিয়ন ডলার
afb86fc321	ad98d	যেন আমিই জনগণমনের অধিনায়িকা
afb8efadff	a06a1	অর্থের প্রায় ৫০ ভাগ
afb989b72f	d9817	ভর্তি করা হলে
afba36120a	bdd05	তাঁর গোয়েন্দা একজন পেশাদার চেহারায়
afbab64c47	fda1a	মহাব্যবস্থাপক, উপমহাব্যবস্থাপক
afbb0f5654	089ef	কাজেই অধিক ওজন
afbbb2b1c6	32b3e	এসব তথ্য জানানো হলে
afbca596af	64092	ভোটের ফলের তালিকা
afbccf923f	e2ff7	মধ্যবিত্ত লোকের কথায় ভরা
afbcf3df71	d41be	কলম্বো শহরে অবস্থিত
afbd3b3c23	f9dfb	গাঁজনের মাধ্যমে
afbddc8839	f1ff2	আমার সাথে লড়
afbe0ac96c	09b32	দু একটা গাড়ি ভাংচুরে হবেনা
afbe941621	2f547	বিএসটিআই সরকারি পর্যায়ে
afbefe6fae	6da0a	এরপর আল ফালাহ প্রিন্টিং প্রেসকে
afbf362ceb	ce180	অবশ্য দাবি করেছেন
afbfaf0f68	3f493	কারণ আগে নিজের দেশ, তারপর অন্য দেশ।
afbffe9e40	b8ed8	নূর মোহাম্মদ জানতে পারেন
afc05dbfc0	c958a	বাসের চাকার নিচে পড়ে
afc06ddd06	a06a1	অঘোষ মূর্ধন্য ঊষ্মধ্বনি
afc085b1fc	6fb36	হুমায়ুন আজাদ
afc11e3daa	46da4	টিআইবি
afc1208ab6	9c8dd	নীল গোলাপ
afc2379b99	03284	তাদের বংশের প্রতিষ্ঠাতা ছিলেন
afc2728995	195f7	উন্নয়নের কাজ চলছে
afc2af8dbd	c0965	সম্প্রতি ভারত, ইংল্যান্ড, অস্ট্রেলিয়া
afc2d81829	66b3c	দেশটির পুগলিয়া অঞ্চলে
afc2e29367	5dec6	রাজধানী ঢাকাসহ দেশের বিভিন্ন স্থানে
afc3dd2e10	6da0a	সরকারের কোন কাঠামো নেই
afc3f9d631	f2780	বিশ্বব্যাংকের রিপোর্টে বলা হয়েছে
afc412cab2	c0d65	সেসব বস্তুতেও
afc43e77c5	d7a68	সাধারণ মানুষের প্রবণতা
afc4c16282	b7be9	চিনতে পারেন
afc5145a06	b78ec	ভোট গ্রহণ হব
afc53b9431	ff1c3	এদিকে নাক দিয়ে
afc5424980	64092	ডালিয়া তিস্তা ব্যারেজ সংলগ্ন
afc58f1be5	948d3	বিস্ফোরণ ছিল অনিবার্য
afc5f29f85	ee852	বিরাট একটি সমস্যার
afc62c6a5b	83c53	অগ্নি-৫ এর
afc6fd54ed	95f83	তবে চিরকালই
afc719604b	37d7e	ডিউক বিশ্ববিদ্যালয় থেকে
afc7b2ea8d	7d3e1	২৬১ পর্যন্ত পৌঁছাতে তাদের মাত্র দুটি উইকেট খরচ করতে হয়।
afc7cba78b	d9817	দিন দিন সুনাম
afc7de0b66	c11b1	বা তাদের কাজের লক্ষ্য
afc816dad6	e754e	পুরিয়া নূর মোহাম্মদ মেহেরদাদ
afc848b361	bd576	কুড়ি বছর আগে
afc8c5ff73	f6e55	হস্তান্তর করা হবে
afc8da66e8	287bd	শোকাহত স্বজনদের কথা ভেবে
afc90042ab	e6d83	চৌধুরী লিখেছে
afc929a4aa	9282d	গ্রহণ করতে পারবেন
afc9c74d9b	eb179	বঙ্গবন্ধুকে প্রথম দেখি ১৯৭২-এ
afca5aa39c	eb179	২০০৮ গ্রীষ্মকালীন
afca61d52f	da6f0	রোববার দুপুর সাড়ে ১২টার দিকে
afca823974	66c6b	বাংলা ভাষা সাহিত্যে
afca9e4f39	239f7	প্রাকৃতিক গ্যাস প্রকৌশল
afcaa5a825	cb1aa	লাশ উদ্ধারের পর পুলিশ
afcac5f1d6	c9c19	৭২ ঘন্টার
afcafc001c	2b883	প্রতিবেদনে আরো বলা হয়
afcb36a988	f2097	নাহিদ নওশাদ মুকুল
afcb3b99c1	b618b	প্রতিবেদনে বলা হয়েছে
afcbacf7ab	8c120	২০০৯ সালে অদিত ফিচারিং
afcbda0b3a	c4973	চৈতালী
afcbe5ff74	31f09	এরপর ওয়াশিং পাউডার দিয়ে
afcc3877e4	dec2d	আমাদের বাড়ির দরজায়
afcc92b460	5a61c	নির্বাচনেও সিসি জয়ী হতে যাচ্ছেন
afccf7c6c0	f837a	অন্য কোনো কর্মসূচি দেওয়ার
afcd3f0076	15a75	নবায়নের সুযোগ রয়েছে
afcd78b371	c958a	রাজনীতির ময়দানে আসেন
afcda5ea58	b618b	আমি সব সময়
afcdc1d9ba	b8ed8	সঙ্গতিপূর্ণ নয়
afce3a7e0c	15a75	চিঠিতে জানতে চেয়েছে বাণিজ্য মন্ত্রণালয়
afcef21813	9642e	কোথাও কেউ নেই
afcf6517ec	92f59	একাধিক জঙ্গি সংগঠনের সদস্যদের
afcf83f46a	11915	কলকাতা গিয়েছে
afcf91b927	e9759	অনুসন্ধানে বেরিয়ে এসেছে
afd0079f97	acb88	এ সাপ্তাহের চাকরির খবর
afd0df8c4d	21e54	পাচার হওয়া চীনাদের
afd1630181	b00ba	এ ধরণের অভিযান হয়
afd31689bb	35ef3	সঠিক নীতি গ্রহণ না করলে
afd348689a	d9081	সড়ে দাড়াননি
afd38da751	7351e	ধারালো অস্ত্র দেখিয়ে
afd3b14e50	52578	কৃষক ধান উৎপাদন করতে
afd3dfdeb5	09b32	এভাবে নির্বাচন দিলে
afd44cb5f0	943de	যেখানে কোন পরিবর্তন হয় না
afd47a0a4b	ad98d	পাহাড়ের ফাটলে
afd4dd0dc7	1e7c6	ভাবনা-চিন্তার পর
afd4fa28a7	b52ab	নোয়াখালী
afd501e8ba	c7705	নাম কি
afd5bbd8e1	0e637	সে আবার সেই পুলিশ
afd7090009	3ccf1	এখনও চূড়ান্ত হয়নি
afd77a5bdd	44322	সংস্কৃতি ও ঐতিহ্য রক্ষায়
afd79f9bd4	e3f89	আপনি ব্রাহ্মণ
afd7cd6810	d2faf	মো. আবুল কাসেমের কাছে
afd8651664	fbb81	প্রধানমন্ত্রীর জাপান সফর
afd8c2d90c	e2f12	হ্রাস পায়
afd900a38b	68549	তার উপস্থিতিতে
afd999bdeb	7ec1c	ব্যর্থ হয়েছে মুশফিকরা
afd9a36e5c	7b103	হামলা,অগ্নিসংযোগ, লুটপাট
afd9aa3b41	93080	যে দলটি নাইজেরিয়ায় যাচ্ছে
afdaaf05c7	11de3	জনসচেতনতা সৃষ্টি এক্ষেত্রে বড় ভূমিকা রাখতে পারে।
afdb416ccd	fd880	তাদের দাবির প্রতি
afdbb23035	39dd0	ভেজাল
afdbcb06d1	5cb47	সে কাজ করতে পেরেছে
afdbd9efe6	4fc91	একগুচ্ছ কলা
afdbfbc13e	18a52	বেশ কিছু সময়
afdc6e0395	68549	দীর্ণ হয় বিভা
afdcee2860	16e96	অনুপ্রাসের ব্যবহারে
afdd2f296f	430b2	২৮ পয়েন্ট নিয়ে
afddbb7e53	730c3	পুলিশ কাজ করবে
afdde8dda1	a699c	কোরআন ও হাদিস
afddf29b24	d9b11	সম্মান করবে
afde11f5da	860f4	গ্রন্থের মধ্যে আছে
afde49f360	4f450	এখন শত শত মানুষ
afdee5ae21	7c272	বিলাসবহুল ঘড়ি
afdf2092a5	fd880	মহাবিদ্যালয়ের প্রধান নির্বাহী ব্যক্তিত্ব
afdf3d8270	e6752	তাঁর কাছে কিছুটা শিখে
afdf8506cb	e6e48	বাংলা ভালবাসা
afdfe098ae	5d80e	নিয়মিত কাজ করা শুরু করেন
afdffcaf05	acb88	এখনো রয়েছে
afe0198028	fb4cb	পেনাল্টির বদলে
afe0eca4cb	71522	কমিশনের নিদের্শনা অনুযায়ী
afe0f0d4b4	4a918	আজমত উল্লা খান
afe129ed54	43b04	সতীশ চন্দ্রকে
afe1ca9a47	7e191	দুই পক্ষের লোকজন
afe2050c38	bfac7	জনতাব্যাংকের সিনিয়র অফিসার ছিলেন
afe263de63	860f4	দীর্ঘদিন টিকে ছিল
afe2c4bbca	6aac8	বেহায়াপনার কথা বলিয়া
afe2c4ecba	745b7	দ্বিতীয়ার্ধে অবশ্য
afe2fc3176	2556b	ঘটনার প্রতিবাদ করায়
afe38f6f3a	d1b12	বন্ধ পাওয়া যায়
afe38ff5f2	c4973	সংলগ্ন ভূখণ্ডে
afe3a36334	730c3	সেই গণতান্ত্রিক ও মুক্ত সমাজের স্বপ্ন
afe40668c3	5d80e	অযোধ্যা
afe453f1e6	6973e	ছোটদার ঘাড় ধাক্কা দিয়ে
afe485fcfc	f2b7d	সে অনেকগুলো
afe4ae5ccf	d8c80	আমি ভিক্ষা করিব
afe52f0d62	bbb22	রাহার সাথে আমার এবং বর্ষারও
afe54a1174	fcefa	কলকাতা হাইকোর্টের
afe54a82ba	82926	তারা হেসে চলে যায়
afe5f196f4	351dd	হাতে পড়ে
afe5fc9ca6	eb179	আরও জনপ্রিয় হয়
afe68d6041	5b13f	আবাসন সংকটের পর
afe75c0ffd	0d9f1	টেলিটক থ্রিজি ইন্টারনেট প্যাকেজ
afe7ffec32	121bd	ছবির প্রযোজক পিন্টু দা
afe80abde5	95f83	উপস্থিত হইল
afe90d0bc2	cc18a	জুম্মা মোবারক
afe917651d	95907	ফরিদপুর শহরে
afe9398059	10a9f	আগের সরকারের অপকর্ম
afe97db359	10a9f	কথাটা মোহনের আসলেও
afe97ed882	b8ed8	কানেকটিকাটের এ সংগঠনটি
afeb20f0e6	4dd57	দুই বন্ধু
afeb2e5302	61820	৯শ ২৬ জনের তৈরি
afeb63a871	6ab59	থাকার জন্যই তো
afebdef51e	80505	গত ৬ এপ্রিল থেকে
afebf2b6d7	8406e	এটা পরিষ্কার হয়ে যায়
afebfb447f	c2082	আদর্শ অপরাধী
afed20dcb8	bd576	গণভোট দেয়া উচিৎ
afed33c928	4237e	বিপ্লবী দলের সর্বাধিনায়ক
afed9a2038	d5f7b	আকসুর কর্মকর্তারা
afee02b32e	fbb81	অনুষ্ঠিত হবে বলে
afee20a92a	25696	এদের দৌড়ে আসা চাই সামনে
afee2b9281	745b7	গণবিজ্ঞপ্তি জারির পর
afeeab82a5	d9081	যা পাওয়া যাচ্ছে
afeee860dd	1b359	খোলাসা করা হয়েছে
afef0693b5	5b13f	ছয়জনকে গ্রেপ্তার করা হয়
afef57dd93	ea5be	বলে আদালত
afefbf8d70	93d3b	শুরু হয় বিয়ে পড়ানো
aff000eeb9	f7a7f	আগাগোড়াই প্রশ্ন তুলে আসছে
aff08b3f78	17ca1	এই বিচার প্রশ্নবিদ্ধ হতো না
aff098fe40	6d129	কয়েকজন নেতার বিরুদ্ধেও
aff09f10c6	fda1a	বিদ্যুৎ কেন্দ্র হোক
aff0dd7021	fda1a	অভিযোগপত্রে বলা হয়
aff1539947	fdcba	আপনাদের সাথে কথা বলছি
aff15bd943	c0d65	নামিয়ে ঠাণ্ডা করুন
aff1606043	d1b12	কোর্ট বলেছে
aff1a7c1bf	24aed	মাঠে ভালো করতে না পারলে
aff1d356b5	ea5be	সেই বছরের পেমেন্ট
aff2c1168d	1e7c7	সম্প্রতি সোনা চোরাচালানের হার
aff3f150e6	b5fdc	তুমি কি বিষয়টি
aff46260a2	4486f	মিশরের পরিস্থিতি আরও
aff48ff71c	f2780	হঠাৎ মাথাটা ঘুরে গেল
aff49fff2b	d5f7b	বিশ্বকাপের ছাড়পত্র
aff4bda276	68549	এ মানুষটিকে আমি
aff5c58a40	7351e	গত পরশু মার্কেটে
aff5d09700	0d9f1	এই ভয়ে পা সরিয়ে রাখি
aff662176c	3fb17	এনামেলের ক্ষতি হয়
aff66f8d2c	d3e06	কখনও স্বীকার করেননি
aff6969043	c958a	কিন্তু কীভাবে
aff6faed8f	bbb22	এখন অন্তঃসত্ত্বা তিনি
aff71510f3	aabe7	সংক্রমণ হয়েছিল
aff7d7efb2	3f875	কিন্তু এর পরের ইতিহাস
aff8719265	cf82a	প্রসঙ্গত সম্প্রতি টিআইবি
aff889d2f1	fdcba	ব্যবধান আরো কমান তিনি
aff8d7ba9d	0edef	যদি ছিলেন
aff92f606d	bbb22	মো. আনিসুর রহমানকে।
aff994318c	1b359	অনেকটা সেনা অভিযান সফল করার মতো
aff9f9f5e8	f9dfb	সরিয়ে নেয়া হয়েছে
affa23471a	536d9	কাজী মারুফ
affb5c5c70	46d49	গ্রহণযোগ্য বলার
affc939386	3fae0	দেশের শীর্ষ
affcc975df	e89bb	গাছাপালা আর্দ্র হয়
affd389e2a	e6752	সম্পূর্ণ অচেনা এক লোকের সঙ্গে
affd9caf4a	f0f95	নাসিব ও আসিবকে
affddb0a37	76329	অন্ত নেই
affe37358f	b9b98	মূলধন বিনিয়োগ
affe718bf4	e754e	প্রেমের কথা
affe82fbbc	91b16	বন্ধকি ব্যবসা নিয়ে
afff051ec7	eecdd	এই এলাকায় পাওয়া যাবে
afff7fbff6	2556b	কেবল অন্য চরিত্রের সঙ্গে
