b600d7fda5	7297e	ভাঙা জুতার বাড়ি খায়
b6010e11cc	59c73	২টি গাজরকুচি
b6014c192f	14d25	ব্যবহার সম্ভব
b601976125	b5fdc	ডুবে যায়
b601c8aa1d	a1201	তেজগাঁও থানার ভারপ্রাপ্ত কর্মকর্তা
b602025f1e	64092	যতটুকু ছিল চোখের কোণায়
b602204dbc	5b13f	পরিস্থিতি পুলিশের নিয়ন্ত্রণে রয়েছে
b602349ac5	ad2a0	একযোগে সারাদেশে
b602b7b2cb	f29bf	ক্ষুদ্রাকৃতির এ রচনাটি পড়ে
b602e91b90	e6e48	প্রয়োগ করা হবে
b60307943b	2695f	ফেলু মামাও সরে যাচ্ছেন
b603492f95	8ba2b	ক্লাস শেষের ঘণ্টা বেজেছিল
b603b2b7b4	a3a6d	ধর্ষণ করার অধিকার
b6045bd0df	f2097	হরতাল শুরুর আগে
b604fbc147	c6848	নানা ধরনের কর্মকাণ্ডের ফলে
b60517f65b	6e6fa	এ সমস্যা দেখা দিলে
b6051acfce	9282d	ওকে কথা বলানো মানে
b605add9bf	d1a48	পরবর্তীকালে ২০০৮ সালে
b605dcf0ae	43b04	সময় কাটছে তার স্বজনদের
b605ffa68b	58998	সেনবাগ উপজেলা নির্বাহী কর্মকর্তা
b6063117a5	adf01	থেকে শুরু হবে
b606bf5f93	7ee9b	জায়ান্ট স্ক্রিনের সামনে থেকে
b6070e86d9	2ad74	১২তম এশিয়া কাপে অংশ নিতে
b6073e9b01	e03fc	এই আগ্নেয়গিরির
b60778294f	b00ba	সাত ওভার বল করে
b607bdd1a2	7d004	পারিলাম না
b607cfc333	b8bdd	মুক্তিবার্তা
b60807f06f	1f733	ব্রাজিল জার্সি
b6082d5988	d3e06	মামলাটি
b60838bde2	80518	মেয়ে তাকে বলেছে
b6088d8750	b9122	ভালো হয়
b609961965	8ba2b	এতে ইতিহাস বিকৃতির
b609aaa009	321b6	যার ফলে মামলাটিতে
b609bb88e9	44322	মন্ত্রীর পারিবারিক কলহের
b609ce1b28	e50f1	অন্যান্য সকলে
b609fead6e	6e8cb	একুশের চেতনা এবং বাংলা সাহিত্যের
b60a3b8773	db735	মুখ্যমন্ত্রী মমতা বন্দ্যোপাধ্যায়
b60a5e8b21	b5fdc	সমন্বিত ভর্তি পক্রিয়ার
b60a613a2c	e2ba2	আমাদের আনন্দের কারণ অন্য
b60a65b969	12702	জন্ম নেয়ার জন্য
b60ad0b873	5354e	নুয়ান প্রদীপ হাস্যকরভাবে
b60aded03c	121bd	তার বোনকে উত্ত্যক্ত করে আসছিল
b60b4cd5df	9fa90	শঙ্কর পথে এসে দাঁড়াল
b60b591d3c	68ab7	রাশিয়ার অংশে
b60b71bdba	404ee	ভাদিয়ালির নাসিরউদ্দিন ছিলো
b60c20efef	91223	তাই আসতে হলো
b60cd88070	b00ba	আদালতে পেশ করা হবে
b60cdd5142	d1b12	১৯৫৮ আর ১৯৫৯ সালে
b60d05f82d	80be1	পাঠকদিগকে আর কষ্ট দিবার
b60d4558be	5354e	ইউরোপ থেকে ১৩ টি দেশ এবার চূড়ান্ত পর্বে বিশ্বকাপ খেলতে যাচ্ছে।
b60d468874	ff1eb	চিৎকার করবেন
b60d5ab67d	db735	লেজ দিয়ে যতটুকু পারা যায়
b60d6d2c71	d41be	পুরো এক বছর
b60db5337e	d136b	তাঁহার বিরুদ্ধে
b60ec5f78d	2ad74	ধার করছি
b60f1f4b5e	1de6c	ফতুল্লায় এশিয়া কাপের
b60f269320	5354e	পান্ডু অভিনীত
b6102ebed9	16e96	আধুনিক সাহিত্য
b610829c0c	29bab	আঠারো বছরের কম
b610c12286	09f0d	নিজের পরিবার
b6115a3ded	d2d71	একিউজডকে মেন্টালি ডিস্টার্ব করার জন্য
b6115e3f83	d711f	তার ছোটবেলার
b611820493	ea8fa	আমি অষ্ট্রেলিয়ার নাগরিক
b612fa52e3	0895a	এমন কোনও অস্ত্র
b6130bd260	121bd	আমরা প্রতিবাদ জানাব
b6136d3985	256f5	এত লোকের ভিড় হয় না
b613aa4431	2f547	ঘেরাও করা হবে
b613faac20	c11b1	২০০৪ সালের জানুয়ারি মাসে
b61409b90e	6e6fa	ঝড় ওঠে
b6140a316a	274ee	তাদেরকে সাহায্য করতে পেরে
b614185505	e6752	সবার উপর মানুষ সত্য
b6142b6df9	17ca1	কাউন্সিলশীপ চেয়ে নির্বাচন কমিশনার
b6142e5642	8edea	অচিন্ত্যকুমারের শৈশব
b6144f44c7	ced74	মতামত, মন্তব্য প্রদান করেন
b614f9b4aa	92bb2	আবুল হোসেন
b6153e3c12	693cb	ভোর থেকেই পায়ে হেঁটে
b6155c1f5d	3bea8	একটিতে ১০ বছরের কারাদণ্ড দেয়া হয়
b615894811	8845d	সংঘটিত এ অগ্নিকাণ্ডে
b615de09f8	28dfc	সুবল দুত্তোরি বলিয়া
b616636cce	91dff	তাঁর পিতা
b6166b80e7	53396	তার কোলের বাচ্চাটিকে
b6167b5aca	2840e	এক সময়ের দরিদ্র এলাকা
b616cbde7a	ef915	তবে ঐ সকল ভাষ্য ও টীকা
b61736af00	b618b	প্রতিনিয়ত বলি হচ্ছি
b617765406	af81d	সভায় আমি ঠায় বসে থাকতাম
b6181f6e4d	5b13f	গ্রামগুলোতে সহিংসতা
b618c476a9	9f25e	ফেব্রুয়ারির ১৪ তারিখ
b6192bf81e	ce180	তিনি রাবারের স্বাদ পান
b6195b3008	2c9c5	এই সেবা দেয়া হবে
b619dc0833	9282d	রেজ্জাক মোল্লাদের অভাব নেই
b61a5acab1	52f27	করে আর এই ধরনের
b61a6874b7	49543	মাপতে গিয়ে
b61a90549c	1a2a1	পিডিপির চেয়ারম্যান
b61b18b7b0	85430	দাবি জানায়
b61b5224ff	2bc73	করার জন্য খুলে দেয়া হয়
b61b57bb05	e43d4	নন্দিনীর মা বলে
b61b73596a	2d78f	কিছুটা দূরে
b61bf02146	287bd	মুক্তিযুদ্ধের পক্ষে
b61c07deef	b4ea7	রুটিন
b61cd2de91	274ee	ওই দিন মুক্তি পেল
b61d85d986	509f6	আমার বাবা মাই
b61d96a344	dafb6	সম্পাদনের মাধ্যমে
b61dee5676	e55de	পেট্রাপোল চেকপোস্টে
b61e641a26	1b359	রিজভী বলেন
b61e9de8a2	e43d4	সেজন্যে সেখানে
b61ef659bd	06ea3	পররাষ্ট্র মন্ত্রণালয়ের
b61f14f091	5dd61	এই বন থেকে
b61f64a4f0	616ec	দুর্নীতি মামলা
b61f68154e	ea5be	সম্পর্ক রাখতে না চাওয়ায়
b61f816549	256f5	নিবিড় ও সংবেদী
b61fc9ebce	93bf3	উল্লেখ্য, সংরক্ষিত বনাঞ্চল
b61fdc15aa	92bb2	৩৮ জনের দেহ
b61feebb55	5dd61	আমার অনেক বড়
b620b1d3f3	f1ea4	বঙ্গবন্ধু হত্যাকাণ্ডের পর
b620eb35e9	a3a6d	ঢাকা কলেজ
b622480d87	9fa90	দীর্ঘসময় তদন্তের পর
b622d3a5ec	b00ba	যত যত্ন করা যায়
b622d97bd3	16e96	নারীর গলায়
b622fbfe1b	d2d71	এইসব নিবেদিতপ্রাণ সংস্কৃতিকর্মীদের জন্য
b623131551	68ab7	মুখ বুজে থাকা
b6232067aa	e9759	জানলেও গুরুত্ব দেয়নি
b62325593d	5dec6	পরিচয় ছিল না
b6234b966d	b5fdc	খুন করা হয়েছে
b6234ecdcd	4e900	লন্ডনে ২০১২ সালের
b6235b6c8f	ca088	সহজেই বাড়ানো যেতে পারে
b623a00a11	57d54	নিজে বোরখা পরে আসছে
b623b4eb1d	ad98d	মজার বিষয়
b624a1bbf0	13b6a	পরিচিত নাস্তিকবৃন্দ
b624c68288	6e6fa	সাহারা প্রধান সুব্রত
b624cf24fa	3ec4d	ভোটগ্রহণ স্থগিত রাখা হয়
b624dc5570	54cdd	নির্দলীয় তত্ত্বাবধায়ক সরকারের
b625846f91	903fa	গোয়েন্দাদের দ্বিধাদ্বন্দ্বে ফেলেছে
b625baa25b	730c3	স্বামী-সন্তান নিয়ে
b625d572d8	5b13f	আমাদের হাতে
b625de8a6d	f9dfb	বন মানুষ
b6266186ba	f600a	তাদের ছেলে-মেয়েদের
b62689f0fc	967fd	তবে পুরো ব্যাপারটাই
b626d4cc50	809cd	পরদিন ভাইকে
b627bce296	75626	যথাসময়ে জানানো হবে বলেও
b6280d2309	93bf3	বুটিক ব্যবসা হতে পারে
b628524016	b00ba	খারাপ ছেলেদের সংস্পর্শ
b628f4bbe9	0606d	আপনাদের রক্ষায়
b62938bd1f	a3a6d	প্রথমার্ধে রেডরা
b6295b88e2	bf530	ঘুরে বেড়াচ্ছে ঘরময়
b629d8f415	b78ec	কালকের ম্যাচের দিকে
b629ea6392	3ccf1	তাহা অমূল্য
b62a2c83d0	68ab7	অন্য গ্রন্থগুলির মধ্যে
b62bacfde8	323f1	৭৬ বছর আগে এই দিনে
b62beecb98	29f8c	রানা প্লাজার ধ্বংসস্তূপ থেকে
b62c89ac87	282d3	স্বীকারোক্তিমূলক জবানবন্দী দেন
b62cefbe9a	c173f	ড. জাকির নায়েক
b62d16d047	7d004	বিভিন্ন ধরনের চুলের জন্য
b62df43107	92bb2	মোবাইল ব্যাংকিংয়ের মাধ্যমে
b62e1436a9	2fc12	বাটার বা তেল ১/৩ কাপ
b62e3701b4	49d63	মাস্টার্স পরীক্ষার রুটিন
b62e64a0eb	e7230	চিকিৎসা বিশেষজ্ঞদের মতে
b62e670bbd	ee7b2	জনগণের ভোট ছাড়া
b62ef078f8	db181	পুলিশ ও স্থানীয়রা জানান
b62f86d744	11915	ঘটনায় তিনজনকে
b62f8a62ee	aab0f	ঘোষণা আসেই
b62fd71c4a	7351e	পরিবারের সদস্যদের নিয়ে
b62ffdd57a	69d9a	তিনি দুইটি দায়িত্ব
b630031a32	5b13f	এ পর্যন্ত
b6300ed9cc	3f875	সেই উত্তরীয় পরে
b630b033a5	cc9fd	নাস্তিক
b630e5181a	93080	আঘাত করা
b63116bddc	ab946	তিনি একটি
b6312d8ef2	75936	মেডিকেল বিশ্ববিদ্যালয় কর্তৃপক্ষের কাছে
b6313e8551	c41d8	থাকসিন চিনাওয়াত
b6319e0298	7df87	আমি মনিবের বাড়ির মেয়ে
b631c730d7	6b437	শামসুজ্জামান রিন্টু নামে
b632318e40	fb4cb	মৃত আগ্নেয়গিরি আছে
b632a80d3b	ac0df	শিষ্য-শাবকদের চোখে
b632dd25f3	323f1	মাছরাঙা টেলিভিশন
b632e4f0a1	da6f0	পাঁচ মিনিট অনেক সময়
b63302b231	10a9f	জ্ঞান করিয়াছেন
b63331d3fe	a06a1	বিশ্ব এখনো মনে করে
b63356aa14	d136b	সরকারের প্রতি
b633884519	aab0f	আবার ছিলেন শঙ্করের গুরু
b633b75944	d8c80	আপনারও বয়স হয়েছে
b633b90503	7b60a	সেই ঘটনার নিরপেক্ষ বিশ্লেষণ
b633ffc171	194f5	মাঝিরঘাট কি
b634e64506	1c618	বর্ণনা করিতে করিতে
b634fe0e1b	b8ed8	বসে থাকবে
b635403e17	f658d	শেষে অনেক যুক্তির পর
b6356736db	bbb22	উৎপাদন বাড়ার সাথে সাথে দাম কিছুটা বাড়াটা স্বাভাবিক।
b6357102cf	75f18	অংশীদার করেছেন দেখে
b6368ec194	2d78f	তোমাকে কান দেওয়া হয়েছে দুটো
b6369ea555	943de	পৃথিবীর উপরিভাগে
b636d44e42	56508	প্রিয় ফুলতরুগণ
b6371693a0	809cd	শিরোনাম দেয়া হয়
b63750483b	e8dde	তফসিল ঘোষণার পর
b63763abf9	3fae0	তিনি তো চ্যালেঞ্জ করেছিলেন
b638289a76	2695f	নন্দিনী পারেনি
b638e6e6a9	08458	ব্যবস্থা না নেয়া পর্যন্ত
b639a23a9d	5e80b	ল্যাণ্ড করব
b639e1b13a	7027a	কয়েকটি দ্বীপের মালিকানা নিয়ে
b63b2c6b41	8cf95	বাঘের দুধ আশা করার বোকামো
b63b8b1d33	e03ce	বিভিন্ন কর্মকাণ্ডের অভিযোগে
b63b928e38	509f6	সন্ত্রাসী হামলার ঘটনা ঘটে
b63bd8e423	4dd57	এ রায়কে কেন্দ্র করে
b63cf35ea4	ad050	কাজেই ফায়ারিং ছাড়া
b63d0ba7af	aa820	এখনো উত্তাল অবস্থা
b63d1291f1	38ff0	সরকার গঠনের
b63d540dd7	153c9	মা দাঁতে দাঁত পিষে বলেন
b63d738783	4e900	মানতে হতে পারে বলে
b63df58b33	32c77	উড়ে বেড়ায় খোলা বাতাসে
b63e76220b	6c6bf	আছি আমরা
b63f31cdd9	2fe3c	স্যামসাং স্মার্ট হোম দিয়ে
b63fdd3179	7ec1c	কটা বালির পাহাড়
b63ff33470	0d4cb	কী ব্যাপার
b640017e5a	09b32	চলে এলো আর কি
b64008e78b	10a9f	ত্রাণ বিতরণও করেন
b640494034	509f6	১টি মন্তব্য বাকিটুকু পড়ুন
b6408c4fa9	cb842	এবং সেন্ট মার্টিনসে
b640cabe26	f4ba7	আইহো, ভারতের
b640d638ad	d2355	ব্যবহারের জন্য নয়
b6413ff958	75626	বাংলা ভাষা ও সাহিত্যের উপর বিশেষ
b6415de581	e6752	কে এম রিয়াজ মোরশেদ বলেন
b641f401ba	92f59	জাবেদ আলী বলেছেন
b6420ac056	db181	যে কোনও জায়গায় যে কোনও সময়
b642546f2d	cc18a	এবং জাতীয়
b643205979	7d133	পছন্দের জায়গা থাকা উচিৎ
b64339f8bc	2f547	ডিএসইএক্স সূচক প্রায়
b643c357e9	aabe7	মো. সাখাওয়াত হোসেন
b6440bcb40	ce180	এখন ভয় পাচ্ছে না
b6440ffa5d	13b70	তাঁহার রাজ্য হস্তগত করিয়া
b64465d451	e3d8b	জনপ্রিয় নাম আদোনিস
b6446709b8	bcaa8	সামান্য মরমি ফকির
b644870197	2d78f	একদল সন্ত্রাসী
b6448fd207	1cb75	কোনো বিষয়েই মিল নেই
b644c24368	0f047	তানভীরুল ইসলামসহ
b644e0329a	80539	তার মনে পড়ত না
b644e762be	321b6	যাইতে হইলে
b6450d0c89	a4750	সিনেমা তাদের জীবনের
b6450f721b	0895a	অনেক নরম হয়েছে
b645bc755b	d2294	সহিংসতার মাত্রা
b645d931a3	ff1eb	সেটা যে তারই ঢোল
b645de9155	442b7	বাকি ১১ জনের কারো বাড়ি
b646495dc0	06e62	আরিফ তিন বন্ধুকে নিয়ে
b646dc7ba6	8632b	দু-একটি কথা
b647063003	c11b1	যদি ভারত সেচ প্রকল্পের জন্য
b647bb4ebb	39dd0	পীর
b64821e6b1	cb627	পুরস্কারটি গ্রহণ করেন তিনি
b64841f78d	932bb	তারা অনেক এগিয়ে
b6486f337c	f837a	অতিবৃষ্টি অরণ্যের মধ্যে
b6488f6851	c4973	ময়নাতদন্ত ছাড়াই
b648f7b7db	10a9f	আমার মত রোদে পোড়া
b64957d5a9	b8bdd	কাজ করবেন তিনি
b64a16665e	d9817	পশ্চিমা উপনিবেশ ছিল না
b64a8b6329	46d49	আনন্দের নিশ্চিত সূচক
b64a8cfb50	f1ea4	বুঝা যায় না
b64ae10179	f9dfb	পুরুষের এক শিকার
b64b17bb5b	a7c6f	মিতা নূর
b64b1b176d	8cf95	অন্তর্দহন ইঞ্জিনের সর্বাধিক
b64b9275dc	b7be9	অনেক ম্যাচিউরড অবস্থা থেকে
b64c783988	37e17	ইংরেজি সাহিত্যে
b64c89ef96	93bf3	সমতা ফেরায় অতিথিরা
b64c8c53fe	778c0	বড়বাবুকে খাতির করিয়া
b64cb3fd18	2d78f	সালমানের রাগের খবর
b64ce1f10a	68549	উপজেলার আনন্দপুর ইউনিয়নের
b64cf70a7c	0a87a	এক বাংলাদেশিকে
b64dbfc949	a3a6d	নিজস্ব ব্যবস্থাপনায়
b64dcf8377	29f8c	তখন ছিলেন
b64df2ee3c	f600a	পুলিশ গুলি চালায়
b64ed0fec8	35ef3	টি টোয়েন্টি বিশ্বকাপের
b64ed904bf	730c3	কিছুদিন যেতে না যেতেই
b64f98c435	2fc12	মডেলিং ও উপস্থাপনাও করেছেন
b6501d13c8	60b9d	পুরুষের প্রয়োজনেই
b6502a4756	ff970	ওপরের দিকেই থাকবে
b6508fd5b6	0a87a	সতীশের মন
b651091e15	ff1eb	সরকারি প্রতিনিধিদলের সঙ্গে
b65135c01a	dfefa	আলোর উৎসবের
b651ded97a	3d17c	সূর্যোদয়ের পরপরই
b651e2bf81	388c9	গরুর খামার
b652198349	7351e	মূল পাচারকারী
b652992a6f	2909b	পরনের লুঙ্গি খুলে
b6531c8c7d	32c77	মাত্র ১৪.২ ওভারে
b6531f2174	49543	পথ-শিশুকেই দেখা যায়
b653a38f00	b8ed8	হিলি সীমান্ত
b653e06433	60b9d	৬০০০ টাকার মধ্যে
b6541f3f5a	80505	এটি আবার মঞ্চে এসেছে
b654263257	6fb36	এই শর্তেই তাদেরকে
b654385d18	1a2a1	সম্রাট, ফারজানা রিক্তা
b65488e4c9	3faff	যা ভূমিতে ব্যবহৃত
b654c64e76	7b103	অন্য দলগুলো পেয়েছিল
b654fbeaad	4ea73	মার্কিন এই কৃষ্ণ সুন্দরী
b65536e047	9092b	নিরাপত্তার বিষয়টিকে
b656b12cdf	7027a	দখলকারীরা কোনো দাবিও জানায়নি
b656d2cd46	d82d9	অ্যাথেন্সে ফিরে না এসে
b656d3bd4d	22096	দক্ষিণ সুদানে অব্যাহত লড়াইয়ে ব্যাপক প্রাণহানির খবরের পর জাতিসংঘ সেখানে হাজার হাজার অতিরিক্ত শান্তিরক্ষী পাঠানোর প্রস্তুতি নিচ্ছে।
b656ec8a5d	7b900	পরিবর্তন আনতে হবে
b6573b7ed0	1c618	না,খাই না
b657d68fb7	9351a	বহু ধর্মমত ও উপধর্মমত
b6584a8ede	ff970	তিনি সর্বশেষ নবী
b65866526a	355c1	ব্যবহৃত জাবুলানি বলটি
b658ce555b	967fd	জার্মানি ১০ হাজার
b65956713d	33814	পোশাক শ্রমিকরা আরো বলেন
b6598aaea8	b8bdd	এইচএনএম শফিকুর রহমানকে ফের
b65a0a7065	31f2a	এম জি রামচন্দ্রনের ওপর
b65a19c6e5	2bc73	সামঞ্জস্যপূর্ণ আচরণবিধি
b65aa47c9f	948d3	কুড়িগ্রাম
b65bb713d5	ee7b2	কিন্তু অলিখিতভাবে
b65bef884a	16877	প্রথমবারের মত সিলেট জেলায়
b65c1fa48f	7f71c	শ্রেয় মনে করবে
b65c5e84b9	420df	টেনিদা
b65c87bf34	4bd2c	এলেন অপু বিশ্বাস
b65cf90e00	f1ea4	এমন দুই বোনের সাথে
b65d5bba91	287bd	জন্মের পূর্বেই
b65d9d5bc5	88654	পাকিস্তান সেনাবাহিনীর সঙ্গে
b65dcf97f1	7b103	উপন্যাস লেখার কথা ভাবেন
b65dfd9b66	49543	দ্রুত সমাধানের বিষয়ে
b65e311783	323f1	একপর্যায়ে
b65f042c85	7ed14	ও নোট বইয়ে
b65f2db337	e68af	যারা সেদিন কাজ হারিয়েছেন
b65f504009	6ee5f	দ্বিতীয় স্থানে থেকে
b65f7a70e5	4ea73	বাঙালী মুসলমান সম্বন্ধে
b65ff30b8a	6a35e	ঘটেনি
b6600ac3eb	e8dde	জন্ম হলো কেন
b6603f0d1b	91dff	পরামর্শ দিতে পারবেন
b660a26007	194f5	খুলে দেয়া হয়েছে
b660b43126	88654	এটা অনুধাবন করা
b660f09478	f2b7d	বিএনপি চেয়ারপারসনের
b6611af15f	0f047	রূপকুশলী আফরোজা পারভিন
b6611b96fc	cb1aa	পাকিস্তানের সম্পর্ক
b6618d7dc0	d1b12	বই বিক্রি হবে
b661f182ed	f2097	ওয়েলব্যাকের ব্যর্থতায়
b662115444	967fd	সংলাপ দরকার
b66262744c	93bf3	একজন বিখ্যাত
b6633081fc	315e9	তারা পাকিস্তানে
b6635e080e	9092b	সুগভীর কালচেতনা
b6637a35d9	7b900	এবং সরকারের পতনের লক্ষ্যেই
b663d913fd	c41d8	সত্যের অনুরাগে
b663da17e8	4bede	কিছু অর্থ দেয়া হয়েছিল
b663e18c1b	ee994	সে কারণে এতে
b663e3f519	54e68	শাস্ত্রে এ কথা লিখিত আছে
b663efeec0	e6d83	পদার্থবিজ্ঞান অলিম্পিয়াড এ
b6640cc5a1	5e80b	ঠিকঠাক চলছে
b6643888fd	d0c70	তালেবানের পতনের পর থেকে
b66442f5fa	c3cca	ওই স্থানগুলোর আশপাশে
b6645f72af	2b883	অতিরিক্ত স্বর্ণ ও রৌপ্য নয়
b664720998	2fc12	রনি নামের এক কিশোর
b664748312	7f2ef	বাণগড়ের দানপত্রে
b664b585e0	dae88	মঞ্চে আনে আশির দশকে
b6652dbf87	24aed	সিদ্ধান্ত নেন
b66561e09f	3c897	নিয়োগ প্রক্রিয়া
b66574b07f	420df	রুলস অব অরিজিন
b6658674bc	086dd	অন্য কিছু ভারতবর্ষ গ্রহণ করেনি
b665ffadd1	4fd66	তাদের চিঠিতে জানিয়েছে
b66645c9ab	323f1	নতুন এ সেট
b6666fd1bc	c7705	পরবর্তীতে ৩ মার্চ
b6667e4d40	2bd99	ফাউল করে লাল কার্ড দেখেন
b666b6dd9a	e03ce	আন্তর্জাতিক এ সহায়তা
b666c11b5a	58998	জমে খুব
b66986fb00	a1201	ভরম সব ভাগা
b6698c7aba	91ac1	সিসিটিভির ব্যবহার বাড়ছে
b669a341cf	967fd	বাইরের দিক ছাড়া
b669a40bf4	0e637	ম্যাকলিন থেকে
b66a3432a1	10a9f	প্রস্তাবের সমন্বয়ে
b66a3eda30	77f82	ইউক্রেইন রাশিয়াকে এ হুঁশিয়ারি দিল
b66a795f82	a9a58	জাফরউল্লাহ খান বলেছেন
b66a86364f	93bf3	সকালে পত্রিকায় খবর
b66b63703f	ad69a	মিসরের সেনাপ্রধান
b66ba9ec52	80505	কবি সুকান্ত ভট্টাচার্যের
b66bb7ffd7	5d12f	তামিম ইকবাল, নাসির হোসেন
b66bc06b1c	d71a3	তার স্বামী তানভীর
b66bce0521	d8c80	এই অঞ্চলটি
b66bd5eed4	577fa	লোক জড়ো হয়ে গেল প্রচুর
b66bead48b	3faff	আরো কয়েকজনের সাথে
b66c54c3a6	6aac8	ভুল গিয়েছেন
b66cceb86b	0c39f	সাত খুনের ঘটনায়
b66cebe0e7	6c17f	পৌঁছেছেন কর্মকর্তারা
b66d30f728	3b1f7	তা সে জানে না
b66d985866	0a7a0	চালিয়ে যাওয়ার
b66da6e12e	24f73	বিদ্যুৎ আমদানি ও রপ্তানির জন্য
b66dd52ef9	5b13f	চলে আসার
b66e0d478e	4c1eb	মেয়েরা পছন্দ করে
b66e0dd7b8	75f18	মাটির সঙ্গে
b66e2e1794	0bace	তখন আমার মধ্যে
b66e400147	3f493	এ ব্যাপারে চাপ দিচ্ছে
b66e4bb871	a8710	বিশেষ অভিযান চালিয়ে
b66e6f6f82	aa820	চিকন রক্তনালী দিয়ে
b66eb87840	6973e	শ্রী কৃষ্ণ সুন্দর
b66ef74a78	1b359	রানা প্লাজা বিধ্বস্ত হবার
b66f30ef83	c6848	অথচ এই খাসজমিতে
b66f4b1522	d9b11	অন্যদিকে আন্তর্জাতিক বাজারে
b66f8498fe	91b16	পরে গ্রেপ্তার এড়াতে
b66f9326d3	91ac1	গতিবিধি জানার জন্য
b66fadb9bd	509f6	ওদের ঘরদোর
b66fcc2372	880ae	তাদের অজাচার-ভীতি
b670a37824	f2780	বাংলা লাভ লেটার
b671ca426f	195f7	তবে এই অভিযোগ
b6720a5162	06ea3	সেটিকে গোলে
b672123d45	282d3	যে কোনো কিছুর বিনিময়ে
b67258c64d	fcefa	একটি ঐতিহাসিক মধ্যযুগীয় মন্দির
b6728c14af	5d80e	চাররকম কথা বলিল
b672afc334	cb1aa	এক অক্ষৌহিণী সেনা মরিল!
b672e41509	d5213	কী কারও প্রেমে পড়েছ নাকি
b672f3c60a	ac904	অর্থনীতিবিদ সালমান জায়েদী
b67395050e	23291	জিজ্ঞাসাবাদ শুরু করেন
b673e40f66	d9ba9	পৃথিবীতে টোটেমই
b673f38880	153c9	ঢাকা বিশ্ববিদ্যালয় থেকে
b673f62acf	7351e	নির্বাচিত হন মোদি
b674654d4c	6aac8	ওই পুলিশ কর্মকর্তা
b674ac38de	e6e48	২-০ গোলে হারায় সাউদাম্পটনকে
b674c0260c	e55de	কিভাবে ধনী হওয়া যায়
b674d99e82	b78ec	দুধেও ফরমালিন
b674efe78b	0f047	পাঠানো হয়
b674fe3899	e8dde	নলছিটি থানার ওসি
b6757200b0	7c272	তালিকায় অন্তর্ভুক্ত করে
b6759a387e	44322	এদিকে দেশটির রাষ্ট্রীয় বার্তা সংস্থা জানাচ্ছে সোমবার পর্যন্ত তাহরির স্কয়ার বন্ধ থাকবে।
b675adb57f	1e7c7	খাবার জোটাতে জোটাতে
b675c8ca8e	b9a81	কালো বা ফর্সা
b675d2e00d	39dd0	কেজিতে৫ টাকা বেড়েছে
b67690e02a	6b437	একই সঙ্গে ১৪ জনকে
b677a97559	37d7e	যাওয়ার কথা থাকলেও
b67859fe97	274ee	ড্রামার বিল ওয়ার্ড
b6786d230d	7b132	সংগঠনগুলো হচ্ছে
b6796ef586	66b3c	মনোনয়নপত্র প্রত্যাহারের
b679706af7	72649	সংরক্ষণ করতে হয়
b679836ddf	404ee	তখন তিনি ব্রেইল
b6799c8ded	eecdd	ভেবেচিন্তে এসেছি কি
b679b6bf60	eb179	পোশাক ব্রান্ডগুলোকে
b679ebf5c7	65e30	সিদ্ধান্ত নিল বিএসএফ
b67a6e5e19	ee886	গোস্বা করিও না
b67a9639c8	ca831	প্রায় ৬ পয়েন্ট কমে
b67b221da4	7898e	দুটো-তিনটে স্রোতশাখা
b67b231171	2c9c5	সরকারকেই বহন করতে হবে
b67b2a1efa	7ed14	চিকিৎসাধীন কনস্টেবল সিদ্ধার্থের
b67b2b5340	a46e2	হাজার হাজার লোক
b67b95b79d	ee852	আয়োজিত সংবাদ সম্মেলনে
b67b968f82	9d7bf	স্বাগত জানিয়ে তিনি বলেছেন
b67bb0af6e	e6e48	সব ক্ষেত্রে অবাধ মেলামেশাই নারীর প্রতি সহিংসতার মূল কারণ নয়।
b67bbdefe7	a1201	তিন ব্যক্তিকে আটক করেছে
b67c31dacc	3faff	খুলনার পাখি বেগম
b67c5f6493	75936	সে কারণেও আমাদের ধারণা
b67cdda1bf	57d54	কিছু সংশোধনীর জন্য
b67d0e6719	948d3	মোট ৭টি বিভাগ গঠন করা হয়
b67d4d614b	323f1	তিনটি লাশ
b67d78800f	8a46d	ভর করেছিল
b67d7b2dcd	577fa	৫৯.৮৪% লোকের
b67f227320	dafb6	বয়স্ক হননি
b67f8ecab1	a1201	আর সে বাঁচবে না
b67ff0b315	c4973	তাকে এক ঝলক দেখার জন্য
b67ffd3c3f	a8710	সাঈদ খোকনকে সাংগঠনিক সম্পাদক
b68060f750	f0f95	তাও বেশ ঘোষণা করে দেন
b680682d51	6c17f	কঙ্গো ও গণপ্রজাতন্ত্রী কঙ্গোতে
b680cf6878	5a61c	গ্রীষ্মের দুপুর
b68120c883	932bb	মঞ্চে থাকা কর্মকর্তারা
b6813173c8	b5fdc	সামনে রেখে
b681418c47	5639c	ছবির চারিদিকে
b681c26356	1e7c6	আমার কেবল ইচ্ছে জাগে
b6827554c7	13b70	আহসান হাবীবের কবিতা
b6827aaeed	cb842	চট্টগ্রাম বিশ্ববিদ্যালয়ের এক শিক্ষক
b682e27dc4	bd576	কিন্তু পালক নেয়া
b682f138ef	c0d65	রোববার বেলা
b683237857	404ee	এবার বিশ্ববিদ্যালয়ের ছাত্রছাত্রীদের নয়
b6849a4a32	b8bba	প্রাথমিক বিদ্যালয় কেন্দ্রে
b684b2dabc	a4750	জানিয়ে দেয়া হয়
b684e3800b	91b16	সংস্কার প্রকল্পও নেয়া হয়েছে
b6859a2c77	7b60a	প্রমাণ করার লড়াই
b686159773	80e98	মায়ানমার ভ্রমণ
b686a9ab0f	ee4ad	আন্টিবায়োটিক ব্যবহার
b686b680d8	ce775	শ্রীলংকা ও বাংলাদেশের
b686cf5df6	ff1c3	ফ্লাইওভারের গুলিস্তান, পলাশী, মতিঝিল
b686fc1d44	f29bf	দ্বিপাক্ষিক অথবা বহুপাক্ষিক ট্রানজিট
b68866302c	c0965	হাতে নিয়ে
b68898e6d6	4fbd1	তবে এদিনের
b688c27747	2556b	যাতে নানান পাখির বাস
b688d618d8	1cb75	৮৮ দশমিক ৮৮ শতাংশ ছাত্রী
b688ec5248	0f047	সব মানুষের অংশগ্রহণে
b6890093d9	767ff	যুদ্ধের সময়
b68957c58b	c9c19	মূল্য বাড়ে মজুতদারির জন্য
b6899909a6	7d004	সকালে গার্মেন্টসে ঢোকার কিছুক্ষণ পর
b68ac0396e	80be1	ইসলামী নাম
b68aca61a9	6973e	মাই বিগ ফ্যাট গ্রিক ওয়েডিং
b68b418ad8	06e62	ঠিকই এগিয়ে গিয়েছিলেন
b68b47768f	ba2f6	নতুন নেতৃত্ব
b68bb90ec9	1e7c7	প্রেক্ষাগৃহের মালিকের কাছে থাকে
b68c043253	80be1	আপনার হাত ছাড়াই
b68c9907b3	5639c	লেখার এক পর্যায়ে বলা হয়
b68cb07a3a	46d49	দীর্ঘ ১০ বছর ধরে
b68cbbe7af	c6848	বললেন প্রত্যেক বার
b68cbfd283	9813c	এক দৈত্যের যোগ আছে
b68cd0780d	a4750	আসসালামু আলাইকুম
b68ce02fcf	d2faf	যারা এটা বিশ্বাস করেননি
b68d169289	d9081	তা বন্ধ করার জন্য
b68d45cde3	8ba2b	বিদেশি মুসল্লিদের জন্যও
b68d5416ed	9065c	সার্বিক মূল্যসূচক বাড়লেও
b68d9fc103	ad69a	পৃথিবীর বিভিন্ন দেশেই
b68da5c764	10a9f	তাকেও রিমান্ডে নিয়েছে পুলিশ
b68e018718	85430	বাস্তবিক এ জীবন বন্দীর
b68e17bf37	903fa	আর তাঁহার যেরূপ চরিত্র
b68e545629	7c272	নিখিলনাথ রায়
b68f1a5864	dec2d	পূর্বের তুলনায়
b68f5cfbbe	7d3e1	পাইন্না ম্যাগ
b68f904e9f	d2355	প্রথম ও পঞ্চম অভিযোগে
b68fb66dea	a916a	তিন ও চার নম্বর
b68ff29dce	06736	চুল কমতে থাকার সঙ্গে
b690293431	68ab7	১৯৬৪ সালে অকল্যান্ড প্রযুক্তি ইন্সটিটিউট
b69050d3a0	9f25e	দেশি বিদেশি
b69097b8cd	ff970	নিউইয়র্কে আছি
b690db7215	a7c6f	আহতদের ১০ থেকে ৪০ ভাগ
b69104da5e	ee4ad	অব্যাহত রেখেছে
b691511a2d	948d3	কারও সঙ্গে একটা ফ্ল্যাট
b69177fe7e	d9b11	কলকাতা খবর
b69188601c	698ff	বিশ্ববিদ্যালয়ে সিন্ডিকেট সভার
b691c8af0a	31f09	অগ্নিকাণ্ডে শতাধিক শ্রমিকের
b691f1e26a	e9fa7	বিষাদ
b692451232	778c0	কিংবা মেয়েদের প্রতি
b6924dee08	32b3e	তারা কিছু জানাতেই পারে না
b692d8a212	c3cca	গোল করে এগিয়ে নেন অলরেডদের
b693772500	11de3	জাতীয়
b693820af5	d41be	নেলসন ম্যান্ডেলার মৃত্যুর পর
b693d19dc1	f1ea4	অপহরণ করবার এই ঘটনাটিকে
b693ee62c6	0c39f	একজন গীতিকার
b693f10784	1f733	তাহা অসম্ভব
b6947c1983	c7a89	খবর শুনে
b695b56476	aabe7	আমের উপকারিতা
b695eaa409	7f2ef	তীব্র নিন্দা জানাচ্ছি
b69603cbb2	93bf3	খরচ করতে হয়
b6960629a4	420df	আমি কষ্ট করে লেখাপড়া করছি
b696695838	1cb75	হঠাৎ বৃষ্টির শুরু
b69675032d	2fc12	রাণীকে জানাইতে পারিলেই হইল
b696af606e	0edef	অতিরিক্ত উপ কমিশনার
b696b50aba	b618b	সে হিসেবে ২০১৩ সালে
b697369054	3bea8	গলাকাটা লাশ উদ্ধার করেছে পুলিশ
b697e05d68	d711f	তারেক মাসুদ ও আমাদের বন্ধু
b697e5c96b	8cf95	জেনারেল সিকিউরিটি ফোর্সেস কোর্ট
b698232aa3	d1b12	আপনার রাজধানীতে গিয়ে
b6992c6ca3	71522	আঘাত হানার হুমকি দিয়েছিল
b69a097c2c	2695f	আসেন পাশের দেশ
b69a7c241f	68549	লালনের ১০০ গান নিয়ে তিনি অ্যালবাম বের করবেন যেটা বাংলাদেশ ও ভারত থেকে প্রকাশিত হবে।
b69a90994c	4fd66	নাম দেবার সদিচ্ছা
b69b7da40e	767ff	হইল না
b69be74048	d71a3	কোনও মানুষের ক্ষমতা আছে
b69be88d69	c1e30	নির্মমভাবে হত্যা
b69c2fc125	e03fc	স্পর্শ করলে
b69c4a1187	cd3ac	প্রভাবশালী কিছু দেশের
b69c76c009	3ccf1	জানতে চাইলে জবাব আসে
b69cde60d0	49d63	অ্যাবরদিন ইউরোপের
b69d22ebc2	8143b	যেতে পারে বলে তিনি বলেন
b69d446cf2	693cb	শিক্ষানবিস চিকিৎসকদের বিরুদ্ধে
b69d716187	f1ff2	অসম্মতি জানায়
b69d73a9b8	5dd61	তিলকে তাল করা
b69d8919e2	c463d	কিন্তু পাওলীর কি
b69dcf9bf2	d8c80	আটকে পড়েছিলেন
b69ee45c37	778c0	এই ঘরের দিকেই
b69f0140e9	404ee	মনোনয়নপত্র জমা দিতে হবে
b69f6defba	6d129	গত বছরের ৯ই ডিসেম্বর
b69fa6674e	06ea3	তিনি তাদের
b69fbdcb3f	9b864	শেখ হাসিনার ছবি
b69fdf757b	4ea73	এক ঘণ্টা পর
b6a11fc5a0	903fa	বাঙালি তাঁদের প্রিয় সাহিত্যিকদের
b6a23f1458	aabe7	মহাসড়কে চলাচলরত
b6a2819a1d	7ed14	কত পরস্পরবিরোধী
b6a2cd1865	287bd	ঘটনাস্থল পরিদর্শন শেষে
b6a2ea9e38	a0277	দেহের রঙ পাল্টায়
b6a3071950	8a46d	পরীক্ষা করে দেখেছেন
b6a34d53c7	520fb	সংশ্লিষ্ট কর্মকর্তা বলছেন
b6a3b2e8d1	37d7e	আত্মগোপনে রয়েছেন
b6a3c75a53	09f0d	সংগ্রামে চাই
b6a403a582	4a67e	মি. চৌধুরীকে
b6a4605ea4	92bd8	বর পক্ষের লোকজন আসার আগেই
b6a4c41472	520fb	একটি সাইনবোর্ড লাগিয়েই
b6a4e804d8	7ed14	স্বাক্ষাৎকারটি নিয়েছেন
b6a5056547	d711f	ফার্ণিচার প্রস্তুতকারক প্রতিষ্ঠান
b6a51ee72d	71522	দুরবস্থার মধ্যে পড়তে যাচ্ছে
b6a5703862	bfac7	জন্ম ২৪ অক্টোবর, ১৯২৭ সালের
b6a581d7d7	93d3b	তিনি বুয়েটের আর্কিটেকচার বিভাগের তৃতীয় বর্ষের শিক্ষার্থী।
b6a5a62c67	cb1aa	গার্মেন্ট জিএসপির আওতায় নেই
b6a60b44f5	ff0fe	প্রায় ৩০% বৃদ্ধি পায়
b6a619e1df	c7705	আল্পসের তিনটি প্রধান শাখা
b6a6546b49	2ac82	অবকাঠামো যেমন বেশ দুর্বল
b6a65b50ba	4dd57	যেখানে রেডিয়াম থাকে ৪০০ মিলিগ্রাম
b6a6e9fef0	0b7ca	আমরা চেষ্টা করব
b6a6f9ea22	bd576	ঢাকার সত্যিকার মনোভাবও
b6a7416c83	f2780	কাটিয়ে দিচ্ছেন সারাদিন
b6a749bfcb	76329	গ্রাম ও শহর
b6a79653d9	b618b	এসব গুমের রহস্য
b6a86270a6	eb179	আমরা নতুন নতুন পোশাক
b6a87d2b76	4fc91	জুস
b6a91a7d92	4a67e	বঞ্চিত হচ্ছে নতুন প্রজন্ম
b6a9853150	2ecf8	এক প্রকার হরমোন
b6aa3df9d0	c1e30	মাথায় তখন
b6ab0bee99	355c1	তার বিরুদ্ধে ফতোয়া জারি করলে
b6ab72ae7d	cfc65	দানি আলভেস, পেছনে নেইমার
b6ab937326	85430	ছোট ছোট ঢিল
b6abcdb9b3	23291	একদল সন্ত্রাসী
b6ac259320	10a9f	জয়ের ব্যাপারে
b6ac2fa739	ef4f8	শ্রীদামাকে কৃষ্ণ বর
b6ac87d591	e2f12	সম্মেলনে ও উৎসবে
b6aca65013	f2097	পিস্তল
b6ace48fd4	c11b1	বিষয়টি আমাকে ব্যথিত করেছে
b6ad0fe820	0d4cb	সেই দূর্নিরিক্ষ অন্ধকারে
b6ad2af199	9c8dd	গ্রন্থকারকে না জানিলে
b6ad3ddf06	0633a	লেখককে লেখা নিয়ে
b6ad7afcd3	86b1b	অনুভূতিতে প্রকাশ
b6ae163619	16cfb	যারা আসছে
b6af2aecb1	195f7	মা খবর পাঠান
b6afc0ab77	2de86	পা দুটি উঁচু করে
b6b04a75f9	6fb36	জাতীয় পরিচয় নিবন্ধন অনুবিভাগ
b6b0e3348e	e3f89	৫০০ টাকা করা হয়েছে
b6b11136da	33aef	পড়াশোনা শেষে তিনি
b6b1178a5e	e89bb	পরাগধানী থেকে পরাগ রেণুর
b6b12d721f	12702	প্যান্ট ছিলো না
b6b176f322	315e9	একজন কসাই
b6b2cc2592	7ec1c	ভাগ্য ছিল
b6b2d56485	33814	এবং সকালে
b6b354c6dd	80518	অলসতা মানে
b6b36fd85d	616ec	৩৮তম জাতীয় অ্যাথলেটিক প্রতিযোগিতায়
b6b3a15075	7f2ef	এ সংখ্যা ৪৭ শতাংশে গিয়ে
b6b3e89c61	ac904	তিনি সিনেমার স্ক্রিপ্ট লিখতে
b6b4b7bcc0	2f547	যারা আফগানিস্তানের কিছু এলাকা
b6b4fb97b8	194f5	শুকুর আলীর স্ত্রী
b6b6430058	8edea	নম্বর পেয়ে
b6b6cd3f47	77f82	পরম সুখে বাস করে
b6b78813b7	880ae	ছোটদের ভৌতিক উঠোন পেরিয়ে
b6b7d7070e	8cf95	সেই যে বর্ণাশ্রম প্রথা
b6b7f01c6e	d9ba9	রোমান্টিক এসএমএস
b6b91bca36	cd3ac	পৃথিবীটা যখন হয়েছিল
b6b9204af9	ca088	আমাদের কিছু জানায়নি
b6b94b349a	194f5	সৌর বিদ্যুৎ কাজ করছে
b6b94cdd88	4fd66	খুব শিগগিরই নতুন শিক্ষক
b6b9525170	38ff0	যার উপরে
b6b97a42cf	2ac82	ওই মাছ ধ্বংস না করে
b6b9a091dd	315e9	ইচ্ছা রাখি
b6b9debb57	9b864	ব্যারিস্টার তানজীব উল-ইসলাম
b6b9fcf2b3	7b103	বেজে যায় পাথরের ধাতব রাগিনী
b6ba0dec87	42898	অভিনয় করেছেন ইন্দ্রনীল সেনগুপ্ত
b6ba609e69	acb88	মজার অজানা
b6bb214293	4bede	রক্ষা করেন
b6bb5dbee9	3f493	পরিনতি কী হয়
b6bb60d239	c8f7f	স্নান করি আমি
b6bb973922	7b132	হঠাৎ মাথাটা ঘুরে গেল
b6bbc4aacb	b618b	স্থির থাকতে পারে
b6bc09162d	cf82a	মোবাইল ফোন নম্বর নিয়ে
b6bc35b7a9	37d7e	গাছ চোর উপাধি
b6bc7f95aa	4237e	অ্যাকাউন্ট
b6bcb43383	9e923	সঠিক এবং নিয়ম মাফিক
b6bccdb307	8c07c	একদিন দুপুরবেলার দিকে
b6bcde32f1	4bd2c	আজকের যে ব্যাপারটি হইয়াছিল
b6bd561396	31f09	এ কারণে রাতে
b6be7ee1af	2396d	সুতীক্ষ্ম হয় কি না
b6bf2812a0	79b06	উভয়েরই ঠোঁট এবং পা কালো
b6bf3c1246	903fa	কয়েকদিনের জন্যে গেছি
b6bf5bf8ee	0f047	সরকারি মালিকানাধীন
b6bf7540c0	80505	চকলেট নেওয়ার জন্য
b6bf9a3fc3	53396	বন্দুক হাতে বেরিয়ে যান
b6bfdb789c	eb179	ওদিকে স্যামসনের দেখাদেখি
b6bfededcd	47e8d	ছুঁয়ে গেছে
b6c00b8041	0a7a0	স্বামী আছেন আরেক শহরে
b6c0407a1c	2b883	গ্যামবন ডাম্বলডোরকে
b6c041a215	ced74	বড় সহেলি
b6c0627913	9351a	সাংবাদিকদের জানিয়ে দিলেন
b6c07c3267	256f5	সম্প্রতি মুয়াম্মার গাদ্দাফির
b6c15924bf	80505	গানটির রেকর্ড সম্পন্ন হয়েছে
b6c1bcc49e	6c17f	ইউরোপীয়রা সর্বপ্রথম আসে
b6c2617031	274ee	এসিয়েনও তাই ঘানাকে নিয়ে
b6c2a28e93	88654	জমীদার কাঁধে
b6c32699ce	2bc73	এসব কাজের মধ্য দিয়ে
b6c3ee13c2	2909b	পৌঁছাতে পেরেছেন
b6c4250abd	2396d	নতুন কেন্দ্রীয় কমিটি
b6c4480e24	16e96	তাৎক্ষণিক এক সংবাদ সম্মেলনের
b6c4728b15	12702	তা শুধুমাত্র দাপ্তরিক উদ্দেশ্যে
b6c4a2c8dd	d9ba9	কিন্তু মাঝে একটুখানি জায়গায়
b6c53e3c13	8845d	নারী উন্নয়ন মেলার কারণে
b6c59441dd	d5213	বই কিনে কেউ কখনো
b6c59ad1f4	943de	পার্শ্ববর্তী দেশে
b6c5a60a91	b8ed8	জাতীয়করণ করা হয়েছে
b6c5af2a75	c5dc8	অযৌক্তিক গোঁ ধরে চলেছিলেন
b6c5c24e06	2695f	বেশি উপযুক্ত
b6c5d5cacb	64092	লাল হইয়া গিয়াছে
b6c6a025e0	f0f95	মূখ্য মন্ত্রী মমতা বন্দোপাধ্যায়
b6c72427a7	43fc0	অশোক সেন
b6c799fe0d	e68af	যশ আজ ছড়াইয়া পড়িয়াছে
b6c7de1dfb	7b900	তিন চাকার গাড়িকে
b6c8067469	860f4	চাঁদ পবিত্র
b6c82a4ffd	3bea8	এ শাড়ি তৈরিতে
b6c8431ac4	b8fe1	৮ জন কারিগরের
b6c8a8ec7a	f143a	লক্ষ্য রাখতে হবে
b6c8cf3e1a	d8c80	সেই রাতে না হোক
b6c8d67ea0	cb1aa	এরপর সে
b6c903c47c	92bd8	ইসলামিক কবিতা
b6c98923fc	8ba2b	পরিচালক ড্যারেন আরোনফস্কির
b6c9bca5b8	58998	কোনাবাড়ী হয়ে কালিয়াকৈর এলাকায়
b6c9f41d0a	e89bb	কুফরি
b6ca0839d1	ea5be	অপ্রতুল তথ্য বিভাগের
b6ca6f77b4	4dd57	সেশনজটে পড়তে যাচ্ছে
b6cb656ef6	6973e	একটি নাটকের কাজ করার
b6cbfb86ee	91230	বাস্তব
b6cc3eebd3	f600a	কিন্তু এটি আসলে টিঁকে আছে
b6ccdce8e1	f2097	বিমানটি দক্ষিণ ভারত মহাসাগরে
b6cd97e32b	06bb7	খবর তাদের কাছে নেই
b6cdd0e015	880ae	যিনি প্রথম স্পিকার হলেন
b6cddacf66	cfc65	প্রায় পাঁচ ধরণের
b6cde0b1f7	43fc0	মসনদ দখল করেছিলেন
b6ce0db5bd	7c272	জানুয়ারির সমীক্ষায় ইঙ্গিত ছিল
b6cecab888	88654	যে কোনো জায়গায়
b6cf16f963	870e3	প্রথম একজন মানুষের সঙ্গে
b6cf606b6a	69449	শেষ উত্তেজক দৃশ্যের পর
b6cf76fd2e	274ee	ভোগান্তি পোহাতে হয়
b6cf9c121b	42898	কখনও বউ নিয়ে
b6d026f783	0696e	শুক্রবার উইকেট রক্ষকের
b6d091c416	153c9	কিশোরীর বাবা বাদি হয়ে
b6d13f174a	16cfb	ঘটতেই থাকবে বলে
b6d205a107	80539	টেবিলের তলা ও পাশ
b6d23e486a	8edea	থিয়েটার গিয়ে দেখি
b6d2e76754	3b1f7	এবি মির্জ্জা আজিজুল ইসলাম
b6d2ea79a4	d41be	ধ্বনি যেন
b6d30b7f82	f2097	ডিম ১০টি
b6d3e78e3f	d136b	মৌলিক বিষয়গুলোকে
b6d3e8d61b	2de86	লড়াইয়ে মেতে উঠল
b6d405d56c	1c618	সহায়তা করে
b6d412a5d2	85430	রিও ডি জেনিরোর
b6d47306d5	d8c80	এসব তথ্য জানানো হলে
b6d52d6e28	af81d	জাফর ইকবালের
b6d54810ac	7898e	মারসেল পণ্য
b6d5b14082	18a52	ইতিপূর্বে আর কেহ লিখেন নাই
b6d5b44133	778c0	থাপড়ানো পরোটা
b6d61ac51b	66dcd	কর বাড়ানোর
b6d633b77a	b8bba	দিনাজপুরে বাড়তি ফসল হিসেবে
b6d68f63e0	da6f0	কারো কারো সমস্যা হলে
b6d6f71051	509f6	পূর্ণ হয়ে যায়
b6d6fd614c	f837a	সব ধরনের ব্যবস্থা নিতে
b6d736672f	6b437	এন্ড্রয়েড মজা
b6d746caf3	cb1aa	মন্দির হল
b6d76dd1e3	0a87a	বর্ষবরণের চাঁদ দেখত
b6d7d376a9	f0f95	শক্ত হাতে ধরা
b6d8044862	2d78f	সুপারি
b6d8707198	d2faf	তাদের এই সমাবেশের
b6d8872787	287bd	মধু ভালো করে মিশিয়ে
b6d89ea7e6	bf530	ম্যাক্রোমিডিয়ার তৈরি
b6d9960574	d41be	গোল করে এগিয়ে নেন অলরেডদের
b6d9df191c	e3d8b	তাঁর নাম আলোচিত হচ্ছিল
b6da7549a3	fbb81	বিশ্ববিদ্যালয়ের প্রক্টর
b6da761cc9	f29bf	অভিষেক এবং অ্যাশ
b6dabab08f	79b06	উল্লেখ করলেন
b6dac14f95	3fae0	ক্রেস্ট, সনদপত্র
b6dacdea27	d9817	নারায়ণগঞ্জের জ্যেষ্ঠ আইনজীবী
b6db4cff13	03284	শুক্রবার থেকে
b6db629b1f	0bace	তার নিথর হাত ধরে
b6db8e6c23	eaa7a	উদ্ধার হওয়ার পাঁচদিন পরে হাসপাতালে গিয়ে দেখা যায় কঙ্কালসার মেয়েটির সারা শরীরে আঘাতের চিহ্ন।
b6db97a110	fcefa	মাইলস্টোন কলেজ
b6dbb772bd	f7a7f	সেই একই জিনিস
b6dbe3328f	37d7e	অফিসার জিজ্ঞাসা করলেন
b6dbec1849	f6e55	ক্ষেপণাস্ত্রের প্রথম
b6dc0a6fd6	0edef	প্রাথমিক ও গণশিক্ষা মন্ত্রণালয়
b6dc381c48	778c0	ডুবে যাওয়া লঞ্চেরই কর্মচারী
b6dc5af202	967fd	পরবর্তী কয়েক দশকে
b6dce9743e	520fb	ভাল ছিল না
b6dd6032c3	f9dfb	তাকে গ্রেপ্তার করা হয়
b6dd8f4140	91223	এলাকাভিত্তিক এদের
b6dd9e64d4	7ed14	সময় গেলে
b6ddf5f9e8	fda1a	যে স্বীকারোক্তিমূলক জবানবন্দি দিয়েছেন
b6de08ca1a	80518	চুক্তির খসড়া তৈরি করা হবে
b6de2537b2	7d3e1	ও দুইজন ফরাসী নাগরিক রয়েছেন
b6de562fde	a7c6f	জেলে পাঠানো উচিৎ
b6de60c848	315e9	আইলাম আর গেলাম
b6de670c62	49543	সম্ভব হলে ঘড়ির সঙ্গে
b6df2eb690	0a87a	বিষ্ণুপুরাণে ইঁহার বিবাহবৃত্তান্ত
b6dfbd9df4	c2082	উপাদানকে বলা হয় প্লাজমিড
b6e0048c16	e03fc	শ্রমিক সংগঠনসহ বিভিন্ন সংগঠন
b6e0546b47	536d9	ডাকার ক্ষেত্রে
b6e05dc651	f1ea4	তারা এজন্য
b6e0a463c1	7b900	আউটলুক মানি
b6e0f434b4	06bb7	বাদ দিলে
b6e14d6a52	16cfb	বাঙালি তা আবিষ্কার ও ব্যবহার করেছে
b6e18406de	616ec	অভাবনীয়ভাবে ক্যাচগুলো
b6e1979fe7	11de3	নাইজারের প্রথম প্রেসিডেন্ট
b6e1a72ff2	4486f	শেষ করা যাবে না
b6e1ce3e4e	7aed9	আমাদেরও বিপদে ফেলা হয়েছে
b6e22d4f1b	52f27	ঠিকমতো মাথা তুলতে পারেন না
b6e2601dbb	e03fc	পোঁটলা বানালেও
b6e34bb85d	8c120	পূর্ব দ্রাঘিমার মধ্যে অবস্থিত
b6e3d9024c	c3cca	আফগান ক্রিকেটারেরই
b6e3fa9408	47e8d	কোনো সম্ভাবনা নেই
b6e3fb71d0	6aac8	ওটা এখন দীপুর বিছানা নয়
b6e476b64c	e2ff7	তেমনই আসে বৈচিত্র্য
b6e51e797d	80518	এ ব্যাপারে অগ্রণী ভূমিকা
b6e52fad5d	0d9f1	ছোট ভাই প্রখ্যাত অনুবাদক
b6e5a6d5b7	33aef	তাঁর অন্নপূর্ণার ঝাঁপি কবিতায়
b6e5e2df48	29d44	নাম আছে কি?
b6e5ea7df4	4bd2c	দেশটা অনেক পাল্টে গেছে
b6e622656b	121bd	ব্র্যাকের পক্ষ থেকে থানায়
b6e63b199f	e03fc	তিনটা মিস্ড কল
b6e64c5481	76329	দেশের মধ্যে ক্রমশই অসন্তোষ বাড়ছে
b6e6be9a52	1e7c6	অনুসন্ধানে বেরিয়ে এসেছে
b6e6c60336	a4750	তার একটি লেখায়
b6e6e8db16	e8dde	কিন্তু টিউমার
b6e745fabf	ea5be	ভরণ-পোষণ চালাতে
b6e8934c45	d2355	বিশেষ করে এশিয়া কাপে
b6e8dfee05	ce629	তাহারা খাঁটি কথা শুনিলে
b6e90e6f09	68ab7	পরিস্থিতির মধ্যে নিয়ে গেছে
b6e9682b6c	4dd57	দাঁতে দাঁত ঘষা
b6e9817a12	f2097	মুক্তিযুদ্ধে বাংলাদেশকে সহায়তা করে
b6e9b5840f	8ba2b	নোটিশ করেছিল দুদক
b6e9f592cc	14816	মুন্সীগঞ্জ
b6ea4ecd57	321b6	একটা নীল বুটিদার শাড়ি
b6eacc11bc	06736	টুক করে
b6eb4fbb29	554fe	ঘটনার সঙ্গে জড়িত সন্দেহে
b6eb92e9a7	f83df	রাজনীতি করে
b6ebdec0e9	948d3	শুটিংয়ে রাত হলে
b6ec064255	d9b11	এর কার্যক্রম শুরু হয়
b6ec1b06f4	4f450	জীবিকানির্বাহ করে
b6ec6ca7f3	68549	মার্কিন যুক্তরাষ্ট্রের চেয়ে
b6ec949d5b	fdcba	অনুপস্থিতিতে প্রতিযোগিতামূলক
b6eca1af08	fcc89	বন্ধ করার কথা
b6ed5cd5cc	ee852	ত্বকও হয়
b6ed840a42	282d3	১১১ জন পোশাক শ্রমিক
b6edabb160	f2b7d	শেষ হওয়ার কথা ছিল
b6edaeb7c6	03284	তিনিও অংশ নিয়েছিলেন
b6ee3768c9	b8ed8	শুক্রবার পরীক্ষা-নিরীক্ষা চালিয়ে
b6ee8444e3	6973e	ও গৃহকর্মী সুমি
b6eeede06c	7b60a	মা আবার বলেন
b6ef006c21	121bd	তেম্বু গোত্রে
b6ef53e00e	2c9c5	এক কর্মী বলেছিলেন
b6ef7bd4aa	d2294	ভিন্ন দেশে, ভিন্ন পরিবেশে
b6efeb1046	93080	স্থানীয় কোচ
b6f01d8dbf	0e637	তাহা মীমাংসা করা দুর্ঘট
b6f0b94715	5dd61	দুটো চিতাবাঘ
b6f0fea11a	3fae0	তবে শেষ দিকে
b6f11fbb87	2f547	না পাইয়া
b6f1311c6c	c7a89	এসব দেশের তরফে
b6f18713cb	92bd8	তাই তিনি মার্কেটে এসে নিজে পরখ করে কাপড় কিনতে চান।
b6f22cce7e	2d78f	আমাদের সংসার চলছে না
b6f23adf7c	35ef3	এ মতামত দেন
b6f2473337	d41be	ভারতের ২০০১ সালের
b6f2532dcf	d5f7b	গুলশান
b6f26a0df9	22096	হ্যাকারস চলচ্চিত্রে
b6f3606bb6	e31e7	একজন মেয়ে-মৌলবি দরকার আমাদের
b6f36ee699	e43d4	রাজধানী ঢাকাজুড়ে
b6f378d343	1cb75	কিভাবে বন্ধ করা যাবে
b6f3e1604f	a3a6d	হাজার হাজার শিশু
b6f417745f	73629	৫৪ ধারায় গ্রেপ্তার করতে
b6f51eba46	75f18	জলদস্যুতে পরিণত হন
b6f5495a03	24f73	উপস্থিতি অনিবার্য করেই
b6f556da51	82926	ভারতসহ কয়েকটি দেশ
b6f632b739	c7a89	সোনিয়া গান্ধীর কাছ থেকে
b6f689b21c	dafb6	প্রতিহত করা হবে
b6f7008ac1	717bb	তারেক রহমানের নেতৃত্ব
b6f74e14c7	e55de	শুধু মাত্র সমকামীতা বিষয়ে
b6f775bfa2	410fa	দায়িত্ব পালন করছিলেন
b6f89f1e17	8b859	কেহ তাঁহাকে দেখিতে পায় না
b6f8d3786c	9c8dd	১৪ শতাংশেরও বেশি প্রবৃদ্ধি রয়েছে
b6f95f8a99	f2b7d	কিছু প্রশ্ন উত্থাপন করেছেন
b6f997ccd3	d9ba9	বিরক্ত হই না
b6fa070341	d1a48	কোন সম্পত্তি পায়না
b6fa7420ab	4164f	ধর্মীয় পরিচয় নিয়ে
b6fa75f8da	bdd05	রবীন্দ্রসংগীতের একটি প্রবল আকর্ষণ আছে
b6fad8949c	31f2a	চতুর্থ সূক্তের দেবতা ইন্দ্র
b6fb7afa22	1652d	নামের সঙ্গে তিরিশের আধুনিক কবিদের
b6fba5a16f	967fd	না হয় চাটগাঁয় গেছি
b6fd034a7b	e2c11	পালন করা হবে ২৬ মার্চ
b6fd27c554	8c07c	দেশের বিভিন্ন স্থানে
b6fd556d79	f143a	মুক্তিযুদ্ধের পর ১৯৭৪ সালে
b6fd9117e9	80e98	নীলফামারী আধুনিক সদর হাসপাতালের
b6fe29052d	16a17	শিক্ষক ইতালীয় শিল্পী
b6fe3692cd	9813c	কারোর মাধ্যমে
b6fe7a6ead	7b60a	আমি শুধু মেট্রিক পরীক্ষা ছাড়া
b6feaf1fbf	8632b	বার্সার ডিফেন্ডার বারত্রা হাত দিয়ে
b6febd644d	a274b	সুপেয় পানির অভাবসহ
b6fee7f595	efc0d	চিন্তার কিছু ছিল না
b6ff21fe18	e3d8b	আপনার মতটা
b6ff652848	11bd2	খরচ বাদে
b6ff986ef5	efc0d	বাইনোকুলার দিয়েও
b6ffbc6cf0	c3cb3	আগেই শেষ
b6ffe031d0	d9817	অস্ট্রেলিয়ার প্রধান সমুদ্র বন্দর
