bb006eb8f2	92bb2	কিছুটা বেশি
bb013f6bec	e9759	সেটাকে আখের রস বলে
bb0169947d	95907	ইয়াহু
bb019c0a30	d0c70	জাতিসংঘ ১৯৫৭ সালে
bb01b5ad8a	d5f7b	এ প্রোগ্রামটি বাংলাদেশের
bb020d132b	5dd61	অন্ধকার হাতড়ে
bb02516fc2	17dcd	বাজারে এসেছে দেখেছেন
bb027569ec	08458	যোগাযোগ করে কোনো লাভ হয়নি
bb02a3400f	351dd	সেই মুহূর্তে আমার মধ্যে
bb02b35880	5639c	ভুলিয়া গেলেন
bb03775c58	2aecc	পার হয়েছে আড়াইটি দশক
bb037c2d1b	c9c19	ফাঁপা প্রতিশ্রুতিতে পর্যবসিত হওয়ার পর
bb03a1aace	2ac82	বড় একটি শ্বাস ছেড়ে
bb03a4df89	4f450	আমার পেছনে দাঁড়িয়ে
bb03a77eec	2ac82	শুক্রবার ঢাকাসহ সারাদেশে
bb07262037	0f047	১ পয়েন্ট কমে
bb07552dbf	9d46f	ঐদিনই দেখেছি
bb07ee8342	a46e2	ও প্রশিক্ষণ দেয়া হচ্ছে
bb082ca4b2	4c1eb	বেশ, চল
bb088c3fb4	932bb	যদিও ঘটনার পরপরই
bb08d2dc4e	4a67e	নামে অভিহিত
bb08ff5279	18a52	তরবে যদি ভবসিন্ধুতে
bb093cf9bf	554fe	প্রেমের ছড়া
bb099603ab	4fbd1	শিল্পী মশিউর রহমান রিংকু
bb09bfdd0e	c173f	মাহির মতো
bb0a492786	4f2ae	অবস্থান তৃতীয়
bb0a4de572	509f6	বিবিধ প্রকারের জরির
bb0afbfb9a	db181	আহমদ ছফা: প্রজ্ঞার আলো
bb0b8b86ad	4e900	দুর্ঘটনার খবর পেয়ে
bb0be1bcff	a43b5	ভিটামিন
bb0c5ea13c	b9b98	এর ছাদে
bb0c6f0152	7b103	প্রাথমিক প্রস্তুতি
bb0c9ff8c8	22096	বাংলাদেশ ক্রিকেট বোর্ড
bb0d0d6107	93080	মিজানুর রহমান জানান
bb0d6b6cf1	17dcd	তাই সবাই
bb0de04bd7	24aed	এইচ টি ইমাম
bb0f6443bb	18a52	সঙ্গে সঙ্গে এই মন্তব্যও শোনা যায়
bb0faf4007	2556b	ভাই-বোন ও স্বজনদের কান্নায়
bb1022ddf5	2c9c5	সারা দেশ ঘুরতে হয়েছে তাঁকে
bb10b835e8	93d3b	ইমপ্রেস টেলিফিল্মের ছবি
bb1133a71d	06527	সামিল হতে পারেন
bb115562de	6d129	লোকজন চ’লে গেলে
bb1197b13f	68ab7	বসবাস করছি
bb121eb1e1	ced74	খাস সমুদ্র-জয়ী
bb1263186f	0d8c1	সেনোরা
bb126d5080	4164f	আহসান হাবীবকে বলা হয় চল্লিশের সমাজ চেতনার কবি।
bb12a0a79a	acb88	অধ্যাপক আনিসুজ্জামান ও সমরেশ মজুমদার
bb12aa6aba	25696	কেনো ঘটনা ঘটেনি
bb130c9159	13b70	তিনি আসামীদের নাম
bb14208558	948d3	রোববার বহির্বিভাগে অনেক রোগী
bb1437b50a	aabe7	ইংল্যান্ড এবং নিউজিল্যান্ডের মধ্যে
bb1452c722	11bd2	এই সংগ্রাম কি
bb15a56bc7	31f09	যা থেকে তামাক
bb16405299	b52ab	ধোঁয়ার জন্য
bb16a70dd3	b9b98	আউটলুক ভারতে
bb16b0a088	0d8c1	দল দুটি
bb16cdcc9c	880ae	আমার হাতে আসিয়া পড়িল
bb16e33c3d	06527	ঠিক যেন পূর্ণতা পায় না
bb173205e5	c41d8	আরও ১০০ মেগাওয়াট বিদ্যুৎ
bb17396755	3bea8	চারটি বই কিনলুম
bb17788466	7ee9b	আনন্দ পেতেন বলে শোনা যায়
bb17b655ed	b00ba	এম শামসুল ইসলাম
bb17c11370	68ab7	বিতরণ করেছেন
bb17cd697a	eaa7a	রাস্তার কথা বলা হয়েছে
bb17f863eb	cb1aa	একপ্রহর বেলা থাকতে
bb185fa477	388c9	পূর্ণাঙ্গ পাবলিক বিশ্ববিদ্যালয়ে
bb18686bd6	2fc12	নদীর জলে
bb18817f0b	ee7b2	এই গ্রন্থ প্রণীত হইয়াছিল
bb188d4c22	323f1	সর্বোচ্চ সাজার আদেশ হওয়ায়
bb18dcaf47	28bb3	মাইক্রোসফটের অংশীদারে ওয়াটার হ্যাকাথন
bb19abd3f1	2de86	আজ বুধবার দুদক চেয়ারম্যান হিসেবে একজন কমিশনার নিয়োগ দেওয়া হবে বলে মন্ত্রিপরিষদ বিভাগ জানিয়েছে।
bb19fd2ef9	42898	কোন সে জোয়ার করেছে
bb1a39eec3	68ab7	স্মার্ট সঙ্গিনী তো সবাই চায়
bb1b486f43	7ed14	এফ এম রেডিওগুলো
bb1b5743a5	e6203	কোন রকম বাঁধা
bb1b77dd80	b78ec	এই প্রথমবার
bb1b951f15	6aac8	মানসিকভাবে
bb1c054b74	1c618	এর সবচেয়ে আকর্ষণীয় অংশ
bb1cce26bf	3fc9d	বর্তমান চ্যাম্পিয়ন স্পেন দল
bb1d20a133	2f547	পুলিশের পক্ষ থেকে
bb1d429f6d	7d3e1	বোধ হয় না
bb1d536083	3d17c	দেশে ভূগর্ভস্থ পানির স্তর
bb1d64278a	8c07c	প্রযুক্তির সাম্প্রতিক খবর
bb1da794a0	282d3	২০১৩ সালের মে মাসে
bb1e046b57	7898e	একজন পরিচালক
bb1e1da719	9813c	আটক নেতাদের মধ্যে
bb1e4bd6eb	06e62	ইন ভিট্রো পদ্ধতিতে
bb1e56d45a	7c272	অভিনয় করেছেন ইন্দ্রনীল সেনগুপ্ত
bb1ef48b11	c3cca	যে গ্রাম থেকে
bb1ef8c220	d2faf	দলে আনা হচ্ছে না
bb1f317250	21e54	এ জগতের কোথায়
bb1f44707f	4bd2c	ও বিচারপতি কাজী ইজারুল হক
bb1f598e28	ef4f8	লোকায়ত দর্শন
bb1f6d8acc	e2f12	তাঁর গবেষণামূলক
bb1f818990	22096	সর্বশেষ প্রতিবেদনে দেখা গেছে
bb1fd42571	2d78f	বাংলাদেশ থেকে আসা
bb20ad3eba	54cdd	লেখার চেষ্টা করছি
bb20b51c87	536d9	হুমকি নয়
bb20c137ca	d136b	চিহ্ন-পাঠের
bb21007a5b	77f82	রাত ৮টা পর্যন্ত
bb2178f83a	6e6fa	বাপ-মা লইয়া
bb21b77a7b	c2082	স্রেফ সিগারেট পাওয়ায়
bb22011024	db181	ধর্মান্ধ হচ্ছে
bb223d2c13	e9fa7	এগুলি সংস্কৃতে রচিত হইলেও
bb22586828	967fd	বাংলাদেশে আসবেন সঞ্জীব চট্টোপাধ্যায়
bb22b04d22	6dff5	তুলে ধরা হয়
bb23506291	287bd	লঙ্ঘন করছে
bb2355d094	eb179	সাজঘরে ফিরে যান
bb2375c01c	351dd	এই সত্য যে
bb239237c4	08458	তুরস্কে লেখকের জীবনই
bb23be6ce0	2909b	অর্থ নিয়েই ১৯০১ সালে
bb23e26a06	6e8cb	এদিকে মিশরের সরকারী বার্তা সংস্থা
bb2405ffbe	11bd2	বাংলাদেশের জয় নিশ্চিত হয়ে যায়
bb245d6812	491a5	ঘটনায় নিহতরা হলেন
bb24a9f911	17ca1	পাকিস্তানোত্তরকালে একটি গোষ্ঠী
bb24b6e2e9	91b16	আমি বেঈমানও নই
bb24e11a0b	5dd61	তা সম্পন্ন করা হয়
bb24ef074d	7aed9	কলিঙ্গ ইনস্টিটিউট অব ইন্ডাস্ট্রিয়াল টেকনোলজি
bb252a2536	cd3ac	এই নতুন সিংহাসনে
bb254a6100	239f7	ভারতে প্রবেশ করে
bb25675dff	cb627	খাওয়া সহ
bb25b2b829	11915	ফয়েজের বোঝাপড়া ভালো ছিল
bb25f44ee4	6b437	শ্রমিকদের কমিটির মাধ্যমে
bb2605fb71	bdfc1	এক সম্ভ্রান্ত মুসলিম পরিবারে
bb26318850	c2082	নানা দলে বিভক্ত
bb2649559d	52f27	কানাইঘাট
bb266abdff	17ca1	পুলিশ বলছে এর পরও
bb2703d40b	ea5be	ওমর সানী
bb2761bfed	903fa	ফোন পেয়ে তার পরিবার
bb27c09cb6	e2ba2	রাষ্ট্রক্ষমতা দখল করেছে
bb27e5e2bc	64092	বনের অবস্থা
bb27e8310f	2fe3c	এমন ঘটনা ঘটেছে
bb280ecb18	698ff	তৈরি করতে হলে
bb2820b988	086dd	ইফতারের পর
bb285903ca	5dd61	মালিকপক্ষের সহযোগিতা থাকলে
bb285c9c0e	2de86	তাই ডিবি অফিসে ঢোকার পর
bb286eed73	e6e48	বাকি মেডিকেল কলেজগুলোও
bb2870db90	28dfc	কেবল ‘পাগলা দাশু’
bb2895e527	c173f	অবিশ্বাস্য বিস্তার ঘটেছে
bb28f6e429	43b04	ঠিক তেমনি
bb292b2523	29f8c	দেয়ালের গায়ে সেঁটে থাকা
bb29acbd1d	4e900	সাতটি ট্রাক
bb29dbe1ff	e754e	মনোনয়ন দেয়া হয়েছে
bb2a09066e	351dd	থেকে ২৩শে আগস্ট, ১৯৭৫
bb2a7864a5	0e637	তারা ভাল আছেন
bb2a7d1af0	4237e	বিজ্ঞানী ও সাধকগণ
bb2a9863d3	49d63	ফ্যান্টম গার্মেন্টসের ফ্লোর ইনচার্জ
bb2a9ef588	7351e	উৎপাদনের লক্ষ্য রেখে
bb2aa12052	6c17f	ক্যাম্পাসের প্রভাবশালী নেতা
bb2bb14817	2556b	নারীদের জন্য ছিল
bb2bf28573	13b6a	মানুষের হাতিয়ার শানিত হয়েছে
bb2c3125a4	4bede	অ্যাস্কি কোডেও
bb2c33f625	4a67e	বাইরের দেয়াল জুড়ে
bb2c538583	ca831	স্বাধীনতা ২৬ নামে
bb2d0bf093	0d8c1	চট্টগ্রাম এলাকায়
bb2d0ed807	153c9	পুলিশ তার ভাইকে
bb2d5bdc52	c958a	লোকায়তিক চেতনার
bb2d692e60	16a17	নতুন নতুন রাজপথ
bb2d6c3d49	18460	নাসিমাকে আটকের সত্যতা
bb2d999ed4	ab946	একটু মরাল সাপোর্টের অপেক্ষায়
bb2db9fd09	3ec4d	সংবিধান জনগণের জন্য
bb2e60763d	b9122	দড়ি ছেড়ে দিয়ে
bb2ece0530	a0277	শাহবাজের হাতে
bb2eebf48d	554fe	প্রাকৃতিক গ্যাস, মাছের উপর
bb2f0597a3	7ee9b	পরাজয় ছিল সঙ্গী
bb2f4dbc1e	29bab	তাদের কাউকে আটক করা যায়নি
bb2f88aeb4	47e8d	মর্মান্তিক সব ঘটনার
bb2fa1f040	1cb75	মুনীর চৌধুরীর ভালোবাসায়
bb2fb42ffb	2de86	কখনই অর্জিত হবে না
bb2fbf70f4	3c897	এইডস রোগের মতো
bb2fced773	b8ed8	জেলা পর্যায়ে ঘাঁটি থাকবে
bb2fd6a0e4	c7705	ঝড়ের কবলে পড়ার পর
bb2fff38b5	db735	বাংলা সাহিত্যের ইতিহাস
bb30850a3a	49d63	বড় ধরণের নিরাপত্তা হুমকিতে
bb30bb3517	65652	নাটোর, রাজশাহীতে
bb311421e7	b8bdd	নগর গোয়েন্দা পুলিশ
bb31b7f83c	086dd	নিজদলের নেতাকর্মী
bb31dc3862	4ea73	হিজবুত তাহরীর
bb3208b7b7	4bede	গ্রেপ্তার করেছিল
bb322f22cc	2bd99	পঞ্চম দেশ হিসেবে
bb32543380	66c6b	নানা রকম পোশাক
bb32b28e9c	24aed	আপিল শুনানির জন্য
bb32dfcbe0	4164f	নাম
bb338ce332	0f047	প্রতিটি ভোট কেন্দ্রে পুলিশ মোতায়েন করা হয়।
bb33e38342	16877	দ্বাদশ আদিত্য
bb346e47d6	80539	পুলিশ ছিল নীরব দর্শক
bb34d2a3dc	cb842	যে ভুল করেনি
bb35ee0fcd	e2ff7	যথেষ্ট তথ্য-প্রমাণ
bb365e42a8	93bf3	আমরা এই তহবিলটাকে
bb36b3c342	e2c11	১০০ ছাড়িয়ে গেছে
bb36bfa1c5	10a9f	বাংলাদেশের অবস্থা নিয়ে
bb38271ddd	a43b5	সঠিক পদ্ধতিতে করা হয় নি
bb38334dfd	24f73	পণ্যটির রপ্তানি লক্ষ্যমাত্রা
bb3837d455	a274b	তিনি বলেন, "বিদেশী ক্রেতাদের আতংক দুর করতে সরকার পদক্ষেপ নিয়েছে।
bb38832eb2	a43b5	উদ্বিগ্ন করে তুলছে
bb38bd76aa	e2c11	পদে যোগদান করেন
bb38c00f34	0d4cb	সোশাল নেটওয়ার্কিং সাইট টুইটারে
bb38cf1053	bc81e	মি: ইসলাম আরও বলেছেন
bb38e2b01c	7f71c	যাওয়া যাবে আরিচা
bb38e860d8	ef915	অদ্ভুত সুন্দর অনুভূতি নিয়ে
bb3964708d	509f6	অ্যাকিলিস ছিলেন
bb396e2685	ce180	তুলে ধরা যাবে
bb39b9687d	58998	মোটরসাইকেলও গাড়ির লাইসেন্স ফি একই
bb39c511ec	10a9f	পাথরের চোট খেয়ে
bb39e8ab9a	f9dfb	কারণই বা কি
bb39ea3193	cc9fd	বুদ্ধদেব বসুর ছোট ভাইয়ের সঙ্গে
bb3a0643db	14816	মুনীর চৌধুরী পূর্ব পাকিস্তানে
bb3b1adc6c	2bd99	কিন্তু বিয়ে হয়ে যাওয়ার পর
bb3b708ab4	ee7b2	সহজে খুঁজে পাওয়া যায়
bb3b86c763	c4973	নানা বিতর্ক সৃষ্টি হয়েছে
bb3cba29df	2d98b	দেশটিতে গত ৩০ বছরে
bb3cd6414c	16877	বর্তমান মুন্সিগঞ্জ জেলার
bb3cf931af	4dd57	আমরা বিচার করে
bb3f4e2363	59c73	বিস্তারিত' বাটনে ক্লিক করে
bb3f51351d	730c3	দেশের পরাধীনতা
bb3fc9af53	c749e	চিলেকোঠা নামে
bb40053f92	6e6fa	পাকিস্তানের সমর্থক হলেও
bb4043f405	e2ba2	ওয়ার্কশপ অনুষ্ঠিত হবে
bb40576bb3	17ca1	কানা একটা গলিতে
bb4132079e	56508	আইন অনুযায়ী যাচ্ছেনা
bb42493a80	2c9c5	মিঠুন চক্রবর্তী
bb428b62fc	2396d	মশিউর পাখির বাচ্চা
bb42df2920	0a7a0	গর্ভবতী মা
bb43412972	e9589	দৌড়ে যান
bb43e3fe26	7b60a	তিনি স্বীকার করেন যে
bb43eef20c	10a9f	রাকিব হাসনাত-এর প্রতিবেদন
bb4407a0c7	f7a7f	অজিত দত্তের উল্লেখযোগ্য
bb44fdb1f4	16cfb	বাতিলের দাবি জানিয়েছেন
bb453999ca	0744c	ইব্রাহিম আল-কোনি
bb45773588	767ff	কখনও সম্পূর্ণ রূপে
bb45f1430a	22096	পথে বসছে
bb462b6c29	b8bba	জড়ো হয়েছেন এখানে
bb462dd33a	7f2ef	অন্যদিকে বিজ্ঞাপন সংস্থাগুলো
bb46764f39	56508	পাতলা গোল করে কাটা শশা
bb46cdf719	a699c	মহাসড়কের খন্ড খন্ড মিছিল শেষে
bb47020560	5639c	বি-ক্যাশে ৩০ হাজার টাকা
bb4742dd41	31f09	৫ সদস্যের আরো একটি
bb47b7ce98	14816	তিনি এই কথা বলেন
bb48e089b6	5cb47	আফগানিস্তানের খায়বার পাখতুনখোয়া প্রদেশ
bb49073bdb	ee994	পরার অভ্যেস হয়ে যাবার জন্য
bb490cee80	bf530	চ্যানেল আইতে
bb49190b7a	33814	সেখানে ব্যবহারকারী চাইলেই
bb495fbdd6	e2c11	২০১২-১৩ অর্থবছরের পুরো সময়ে বাণিজ্য ঘাটতির পরিমাণ ছিল ৭০১ কোটি ডলার।
bb499c32a9	2ac82	এ ঠিক ভারতের ধন
bb4a07ac9b	69d9a	সেদিকে নজর দিতে হবে
bb4a1bf2f1	d7a68	শীর্ষেন্দু মুখোপাধ্যায়
bb4abb543f	a1d4a	ব্রাজিলে অসময়ে বৃষ্টিপাতে
bb4ae62a43	25696	তাদেরকে আগে থেকেই
bb4b39ea39	e6e48	বিরোধীদলের হরতাল-অবরোধের মতো কর্মসূচি
bb4b54e907	7ed14	সুবিধা দেয়া হয়েছে
bb4bc720e8	42898	প্রতিদিনের মতো
bb4c67da2f	0b7ca	বিবেচনা করছেন না
bb4cdb1446	da6f0	মুক্তিযুদ্ধকালের মানবতাবিরোধী
bb4d64b650	a0277	এলাকাগুলোতে আশ্রয় নিয়ে
bb4dc47ed7	32b3e	এশিয়া কাপের গত আসরে
bb4e3d0e2a	9282d	১৬৪৭ সালে
bb4e68f5ae	18460	পাহাড়চূড়ায় রয়েছে যে লোকটা
bb4e6af2cb	37d7e	বাম্পার ফলনে একদিকে
bb4ecd63d6	60f77	দেবীপ্রসাদ চট্টোপাধ্যায়
bb4edbb79b	3bea8	মেছুনী তাকে এমনি বকুনি দিত
bb4f0b35fb	b9122	এছাড়া মাঝারিমানের দল উদিনেজে
bb4fc30921	65e30	স্থানীয়রা প্রাণীটির
bb5003d4d5	f9dfb	অস্ট্রেলিয়া একটি দ্বীপ-মহাদেশ।
bb504ea6cc	eaa7a	কাজে বড় হয়ে উঠুন
bb50bf03f6	b78ec	অনেক বড় বড়
bb51091d1f	717bb	আইডি হ্যাক
bb518eb805	2840e	ঢাকা পৌঁছার পর
bb51db2456	92bb2	ছবি: মুস্তাফিজ মামুন
bb5219a89b	745b7	নিজের মুখে মুখে
bb52dc56ea	e03fc	ডেকে আনতে পারে
bb53577203	0895a	জড়াজড়ি করে আছে
bb5366d84a	5639c	প্রশ্ন হলো
bb53a7b52f	c7a89	এটা নাশকতা নয়
bb541cfd4a	3fc9d	অনুসরণ করিয়া
bb5433a333	e9759	ইরাকের বাগদাদ থেকে
bb544f2c17	6dff5	পরে প্রকল্প থেকে
bb54620115	a9a58	ক্ষতি পুষিয়ে নিতে
bb54d61542	68ab7	তাকে পিটিয়ে হত্যা করে
bb552b085d	49543	যোগাযোগ করে তাকে পাওয়া যায়নি
bb554e5c7b	e3d8b	শার্লিন আর চলচ্চিত্রটি
bb55b56040	d7a68	মূলত ব্রাউজার রেন্ডারিঙের
bb55bab5cb	ca088	এমন সব পোশাক পরবো
bb55c7e2a7	43b04	দলটির শীর্ষস্থানীয় নেতাদের বিরুদ্ধে
bb55fb0d24	31f2a	এ বৃহৎ খাত রক্ষায়
bb563ae907	9642e	রক্ত পড়ছে
bb56941c5c	d5f7b	উচ্ছেদ করা হয়েছে
bb56b0704e	39dd0	রাজপথে মিছিল করেই
bb5741863d	5dd61	লোকায়তের সঙ্গে
bb574f0eb4	b8bba	বাংলার মসনদে
bb5756b96b	153c9	জয়দেবের সময় হইতে
bb57862727	bfac7	চাকরি করে
bb5790873f	121bd	যদি হত্যার আলামত
bb57d5e71b	ac904	ভিদক তাঁর আত্মজীবনীতে
bb5805602d	0b7ca	চুলে পাকন, ঠিক মেলে না
bb584fe600	9d398	গুপির মা- বাপের মান্য
bb589693e2	ff1c3	নির্বাসনে কথোপকথন নামে
bb58cfcc83	69d9a	আহত হয়
bb590136d3	79b06	বাঙলা দেশ শাসন করতেন
bb59057516	2bc73	ওই তদন্ত কমিটি
bb5997e840	693cb	দাদু অপরাধটা
bb59983502	25696	সুন্দরম নামে
bb5a0ca533	c5dc8	কিছুদিন থেকে যেতে পারলেই
bb5a45f0f8	07660	আমরা আজ পড়ি
bb5a4ec3e8	1a2a1	খুব শীঘ্রই তারা
bb5a4f5a28	bcaa8	ইঙ্গিত দেন নাজমুল
bb5ab5b09f	a916a	ঋণের চড়া সুদের হার
bb5b05feac	fb4cb	রাশিয়ার সামনে
bb5bdaba31	9351a	কোন তাড়না থেকে
bb5c1edcac	43199	স্বামী-সন্তান নিয়ে
bb5c56ae7b	66b3c	ক্ষত্রিয়ের কোন্ কোন্ বিবাহে অধিকার
bb5c6bb48b	698ff	আরো বেশি শ্রদ্ধা দেখাবে
bb5d7236e4	b8ed8	এবং দুটিতেই
bb5e23e6e0	a274b	এরপর হাতল ও পায়ার সঙ্গে
bb5e375332	e03ce	বিক্ষোভ কর্মসূচি পালন করছে
bb5e9d75d0	adf01	হাসপাতাল থেকে ফেরার পর
bb5eaa580b	42898	ওসি আল আমিন বলেন
bb5f5b8b03	dae88	আমি যথেষ্ট সাহস
bb5ffd7ba9	c958a	মেহেরাবের খোঁজ করতে
bb605c9cea	577fa	অভিযানের ভয়াবহতার
bb60666f7c	287bd	প্রয়োগ শুরু হয়
bb607cebb7	60b9d	সাফল্য কাজ করছিল
bb60aaf46a	52f27	মোঘল হেরেমের দুনিয়া কাঁপানো প্রেম
bb60beb83d	10a9f	চারজনের নামে
bb60d9dd9a	e55de	মঙ্গলবার মধ্যরাতে
bb61125268	32b3e	হামলার মুখে
bb61438852	698a4	কী করতে চাইলেন
bb61496bd1	3fae0	মৃত অবস্থায়
bb614f2139	38d3a	আমোদ ভোগ করে
bb6161e651	c9c19	মহান আরব সাহিত্যিক
bb616c283d	d2355	৮০ হাজার টাকা ব্যয়ে
bb61c4e56a	6b437	ভোর পাঁচটা পর্যন্ত
bb61c74573	2bc73	কম্পিউটিং মুদ্রণশৈলীতে
bb61c9b5af	73629	শৈশবের একটি ঘটনা
bb61e2d746	4bd2c	বাদ যাচ্ছেন না
bb62106d5c	943de	বিস্ফোরণের পর ছড়িয়ে পড়ে
bb62646730	e6752	বাস্তবতার মিল না পাওয়ার কারণে
bb628b5735	f2097	অভিজ্ঞ মিডফিল্ডার
bb63380e02	6da0a	পুরাহাটা গ্রামের পোশাক কারখানার শ্রমিক
bb634fb634	ce629	এ সময় ভারতের বসকোটাল ক্যাম্পে
bb63914fd4	9d398	অনেক বেড়ে যায়
bb6399e09e	b8bf0	আজকের বিখ্যাত গায়ক আইয়ুব বাচ্চু
bb644c3078	bfac7	তাবিজের বই
bb64b6f498	321b6	মহিলারাও ছিলেন
bb64df38a4	0d9f1	বন্ধু তোমার পথের সাথীকে চিনে নিও
bb655e6bec	dafb6	তাঁর একটি উপন্যাস পাঠান
bb65a0d7d6	5b13f	পররাষ্ট্র দপ্তরের মানবাধিকার বিষয়ক
bb669c4f5a	e55de	মধ্য আমেরিকায়
bb66a70691	ad2a0	বেসামরিক বিমান চলাচল কর্তৃপক্ষের
bb66fe52d9	43b04	ভূত ছাড়ানোর ঝাড়ফুঁক
bb67041122	698ff	অনুষ্ঠিত হল সাধারণ নির্বাচন
bb678a81ba	c5479	মহাপরিচালক তাঁর
bb678c4e7c	c1e30	বিবর্তন ইত্যাদি নিয়ে
bb679d0cc3	7898e	মেজ বৌ ছিল বাড়িতে
bb67e8afd1	7df87	আজ নিরুদ্বেগ সাহসী ডানায়
bb67f63149	03284	অনেক বিভাগে নিয়মিত
bb682f42dc	43199	ধরে থাকবার উপর
bb6886635d	4ea73	একুশে বইমেলা
bb68e39f36	91ac1	নেয়া হয়েছিল
bb68f409d9	323f1	অনূদিত হয়নি
bb69241140	3ccf1	পরিচয় দিতে পারেননি
bb698bf746	09f0d	ওই রকম আরকি
bb6ad8567b	10a9f	গাছের মগডাল
bb6b367fb9	8406e	আসর জমাইতে
bb6b4e3f8d	ef4f8	চন্দনা
bb6b4e9b58	e754e	বাকি ১১ জনের বিচার চলছে
bb6b612e28	d9081	প্রচণ্ড আঘাতের জন্য
bb6c8259ad	60b9d	ঘটনাটির প্রেক্ষাপটে
bb6cb640a7	fbb81	হীরা মাণিক দেখে
bb6cea652f	2840e	পবিত্র গঙ্গোপাধ্যায়ের
bb6d36fb5c	b9b98	তার অনেক আগে
bb6d40977b	71522	কঠিন হয়ে পড়বে
bb6db0f816	28bb3	দিবসটি পালনে
bb6dcebb36	430b2	বিভিন্ন কর্মকাণ্ডের অভিযোগে
bb6e332bc3	1279e	একতরফা একটি নির্বাচনে
bb6e5acab9	76329	সকল বাংলা পত্রিকা
bb6efe6686	d1b12	তুমি এক দিনে ইহার
bb6f3247fd	3fae0	মা’র পেছনে
bb6f49bd13	b5fdc	সহিংসতার কারণে
bb70067523	351dd	পাক
bb7007c547	f0f95	এই সংগঠনটির সাথে জড়িত থাকার অভিযোগে বিভিন্ন সময়ে এর শতাধিক সদস্যকে গ্রেপ্তার করা হয়।
bb70d4dd32	ad69a	বর্তমান অসম রাজ্যের পূর্বাঞ্চল
bb70f2828b	9351a	এতে করে যে বিষয়গুলো
bb714fda15	b52ab	জারী করে ফেডারেশন
bb72330d36	9d7bf	এবং মুক্তিযুদ্ধের
bb7241bc51	2909b	আদিবাসীদের সমস্ত ধর্ম
bb725228b7	3bb15	শিক্ষার্থীরাই যদি আন্দোলন করে
bb72b38903	f2097	বিদেশী পতাকা নিয়ে
bb72cbae73	6fb36	জানা
bb72e03d0b	7d133	ছোরাটা বের করে
bb72f28080	3ccf1	এবং সে বিষয়ে
bb72f5e6c6	0d4cb	উত্তরের বারান্দায় গিয়ে দাঁড়ালেন
bb7317a0f9	bdd05	দিনের প্রখর রোদ্দুরে
bb73298ad4	2909b	বলে অভিহিত করে
bb73a06b73	aab0f	বাংলাদেশের জন্য দুঃখজনক ব্যাপার
bb73b6c6e5	4486f	অনেক পরে প্রক্ষিপ্ত হইয়াছে
bb73b7680a	0696e	গাভী পালন
bb7456a346	cc9fd	তিনি জানান ।
bb7466892f	430b2	সংঘতি স্মারকের সামনে
bb748af973	ad98d	মেয়েদের বেলায়
bb74b0b8fc	e3d8b	ভূমিকা রাখা দুজন
bb74e82fcb	bf530	পুরুষ ১০০ মিটার স্প্রিন্টে
bb758a5aee	d1a48	করতে লাগল
bb75a5dee5	24f73	অভিনেতার ফটো
bb75cd048d	32998	টিভি চ্যানেলের নিউজও
bb75fa52e9	0f047	পরিকল্পনা থাকা দরকার
bb7609a726	ad050	আনন্দলোক
bb7668ecff	03284	ইংরেজি অরগ্যান
bb76e4f099	e2ff7	তৃতীয় স্থানে নেমে গেছে তারা
bb77020f69	b4ea7	নেন ১ উইকেট
bb771ac6d5	8cf95	এর ভিতর থেকে
bb77681e58	95f83	তদন্তে প্রমাণ হবে
bb7796df66	01e91	শেলী আহসান প্রমুখ
bb77b0707b	ee994	ভাষা ও বিষয়বস্তুর কারণে
bb77f983c6	cc18a	চারটি অসম্পূর্ণ গল্প
bb78994e9a	aab0f	সরকার নতুন মাল্টিপ্লেক্স নির্মাণ ক্ষেত্রে
bb78b3545d	778c0	সন্দেহজনকভাবে ঘোরাফেরা করে
bb790e2ec4	c7a89	শামসুজ্জামান রিন্টু নামে
bb7912c2f5	16cfb	এটা একটা সদ্যবিবাহিত দম্পতির ছবি
bb7918b337	fda1a	তিনি আইনি বিষয়
bb793a073b	d9b11	এ কথা বলতেই হবে
bb7960f527	17dcd	ডাউনলোড
bb79ba6ace	7c272	ফিরতে হয়েছে তাকে
bb7a372d97	c9c19	যেতে বলে
bb7a73cec4	1e7c6	সাইদ কুতুব এই ফলাফল জানিয়েছেন
bb7a8242b4	cf82a	তখন ঘাটতি ছিল তুরস্কে
bb7a9669e1	01e91	সুমি ঘরে নেই
bb7a980a6f	aa820	ঢাকার বিভিন্ন এলাকা থেকে চকবাজারে মানুষজন আসেন ইফতার কিনতে।
bb7aa4e66b	d1b12	মা হাসি মুখে নিয়ে
bb7b26a854	0d9f1	ননদ বুলবুলিও
bb7c466776	ee994	প্রশংসা বা নিন্দা করা
bb7c825d53	65652	পররাষ্ট্র মন্ত্রণালয় বলেছে
bb7c9ba380	98b81	হেভি ডিউটি
bb7d1879de	e89bb	শিক্ষার মান নির্ভর করে
bb7d21edcc	d2faf	তিনি কৃষ্ণকে বলিয়া পাঠাইলেন
bb7d8f8908	c173f	সোনাপুর বাস স্ট্যান্ডে
bb7ea0ca2f	37d7e	২০০৯ সালের নভেম্বরে
bb7edc303d	7ed14	গুণগত দিক পর্যালোচনা করা হয়েছে
bb7ee1edba	10a9f	মুখ খুলতে পারছেন না
bb7f0b766c	0895a	কিন্তু সরকার সেটা নিচ্ছেন
bb7f994252	83c53	রুনি
bb8078ef4d	ee994	লাশটি উদ্বার করে
bb81584b4d	f0f95	কোন চুক্তি নেই
bb815a15aa	aabe7	কিন্তু সে জ্ঞান
bb819b20e0	536d9	রাষ্ট্র এবং বিবাদী, উভয় পক্ষই
bb81d0e1ef	e31e7	মা হারানো পরশ
bb82749dd3	28dfc	আমাদের কথা জানিয়ে দেয়া হয়
bb82fada8c	c958a	রাজনৈতিক অস্থিরতার কারণে
bb837f4413	0b7ca	হাসপাতালগুলো থেকেও
bb83fe3db3	c0965	নানা প্রতিবেদন প্রকাশিত হয়েছে
bb8459968d	09f0d	ভাষা-আন্দোলনের বিস্ফোরণ ঘটে
bb84acde74	0a7a0	তিনি মেলে ধরতেন
bb84be0f6d	29bab	গুলজার ছবিটি নির্মাণ করেন রাজস্থানে
bb84be4f23	6dff5	পুজা ভাট
bb84d59806	17dcd	দ্বিগুণ হচ্ছে বলেও
bb84e069bd	ce180	স্তনের যে কোনো ধরণের পরিবর্তন
bb852c6bbe	39dd0	ফুলগাজী থানায় নেয়ার
bb8536a340	e6d83	গত বছরই ছিল
bb859a5239	75626	অসাধারণ শটে লক্ষ্যভেদ করেন তিনি
bb85fb18dc	d9081	দেশটির জনগণ ও সেনাবাহিনী চাইলে
bb86353dff	49543	অবর্তীণ হতে হবে
bb865c78f9	e9fa7	মহেশকুন্দি পাকুড়িয়া এলাকার জিহাদ আলী
bb8720ea91	693cb	পঞ্চম মিনিটে
bb874c095d	8c120	কৃষ্ণকেশীর নিধনকারী
bb87902ba2	52578	যে বিষয়গুলি
bb88297840	bc81e	বেশ আগে
bb884f87ef	b78ec	আর শিকারী পুরুষ
bb8874ac67	29089	মাথা ঘামানোর দরকার নেই
bb88b382c9	baa02	বিচারপতি এটিএম ফজলে কবীর
bb893bb047	7d133	হারুনুর রশিদ
bb895a3eda	f1ea4	বাংলাদেশের সংবাদ মাধ্যমে
bb895f0b9e	11bd2	প্রতিদিন আড়াইশো কোটি টাকা
bb896d7ff9	880ae	ছাই ফেরি করে বেড়াচ্ছেন মরিয়ম
bb899da201	c41d8	কৌশলগতভাবে গুরুত্বপূর্ণ
bb89ae682f	c9c19	কর্তৃপক্ষ তাই এটিকে
bb89d8d229	ce180	বিষ্ণু ত্রিমূর্তির
bb8a3ef2f8	2556b	তার সাক্ষাৎকারটি নিয়েছেন
bb8ab73625	c749e	টেক্সটের অক্ষরমূল
bb8ae49bd1	bd576	পালিত শিশু পালক
bb8ae4e166	ee4ad	অনেকটা পালিশ করা
bb8b8c9851	b618b	পরিকল্পনা করেছিল
bb8c3c8b3b	1a4a9	অধীন বিশ্ব অবহেলে
bb8cbf729f	f89d7	আমার কথাই
bb8cd71250	a0277	রওনা হয়েছিলেন শাহ আলম
bb8d056d2f	c11b1	জন্ম ১৭ নভেম্বর, ১৯৮৬
bb8d258401	0744c	মাস কয়েক হয়
bb8d425318	976b1	ভোর থেকেই খন্ড খন্ড মিছিল নিয়ে শাপলা চত্বরের দিকে আসতে থাকে হেফাজতে ইসলামের সমর্থকরা।
bb8d93b349	75f18	এবার তাঁর খেয়াল হলো
bb8db8c4c8	57d54	সমুদ্রতীরে আসিয়াছি-দেব!
bb8dd8e1ec	590d0	একক প্রদর্শনী
bb8e2a0b92	d136b	পরাজিত হওয়ার পর
bb8ea9f299	18a52	যার মাধ্যমে
bb8ef76545	9d7bf	হাঁটু ও পা উঠিয়ে
bb8f5e9009	e3d8b	বর্তমান নির্বাচন কমিশন
bb8f5f4ce9	6dff5	লঞ্চডুবি
bb8fdd5b1f	6e6fa	তা নিয়েও অনেক
bb902f0610	3d17c	দেলোয়ার হোসেনের ছেলে
bb90c09fdd	da6f0	সুপ্রিমকোর্ট বারের সভাপতি
bb90ec7a74	65e30	থেকে শুরু হওয়া
bb916ce4b4	121bd	প্রসঙ্গত ইল্যান্স হল
bb91b24212	46da4	জাতীয় পরিচয় পত্র
bb91e9c0db	d41be	ভক্তিযোগে ঈশ্বরকে
bb92d4ad2f	3b1f7	শ্রুতি
bb92e90217	bd576	আমাদের দেশে প্রায়
bb92f54eb6	730c3	সংসদে যে আলোচনা হয়েছে
bb92f93a5a	46da4	সরব হয়না বলেও
bb92fd14ee	5354e	কল্পনা এখানে নতজানু হয়
bb941caf3b	84145	অসুরবধের জন্য যে কৃষ্ণ অবতীর্ণ
bb944bc775	410fa	সাময়িকভাবে বন্ধ করতে হয়
bb94ac652e	ba2f6	এরপর থেকে দেশটিতে
bb94f59bc9	43b04	সর্বনাশ হইয়া গেছে
bb94f95b4e	bd576	তারা ইতিমধ্যেই
bb95553276	7b60a	কীট পতঙ্গ দেখিয়া
bb95682c79	b5fdc	আলোচনায় তুলে ধরেন
bb956936d7	c0965	হৃদয় নাই
bb95eb508b	bc81e	ধর্ষকের জাতকে
bb95f32b22	0edef	নিজেদের পছন্দসই পাত্রের সঙ্গে
bb961adf76	acb88	আয় করতে হলে
bb962cc65a	e03ce	ও মাটিডালি মোড়ে
bb9642fe5d	a43b5	এ নিয়ে গত দু'মাসে
bb96775867	7898e	বিজিএমইএ এবং শ্রমিক প্রতিনিধিদের সাথে
bb969bd891	7027a	যিনি দ্বিতীয় স্ত্রী হয়ে আসেন
bb96d0538c	baa02	সামঞ্জস্যপূর্ণ আচরণবিধি
bb973140b2	3f493	যেমন পাওয়া যাবে
bb97628974	b8bdd	বাবা-মাকে সালাম করেছি
bb976558b8	9d46f	ঐ রকম দীর্ঘ এক কাহিনী
bb97a53419	e2f12	নাগরিক কেন্দ্রে
bb97af3068	c7705	হৈ হৈ পড়ে গেল
bb97b45b54	4fc91	সে সুযোগটা দেয় না
bb97d71374	2bc73	সামাজিক যোগাযোগের ওয়েবসাইট ফেসবুকে
bb97e9531a	4a918	বাংলাদেশের ক্রিকেটাররা
bb98bf45db	590d0	এবং পৃথিবী যদি বস্তুটিকে
bb9963f1f6	6dff5	৬০০ থেকে শুরু করে
bb99d4d326	903fa	১৯০২ সালে
bb9a1e0e64	93080	প্রথম সিনেমাটি নিবেদন করছে
bb9a99d58a	75f18	বড় নেতাদের কাছ থেকে
bb9ae94caf	06e62	সুযোগ পেয়ে গেলাম
bb9af8868c	2bc73	কিন্তু নিজেদের মতো করে
bb9b5769ed	ce629	ঋতা পারমিতার মুগ্ধতা বিরাট একটি
bb9b95a1a5	b5fdc	খুন করেছে খুনিরা
bb9ba8487c	fbb81	এটা মেনে নেয়া যায় না
bb9bf761e1	d7a68	ড: ইসলাম ছিলেন
bb9c1b8eee	83c53	ঘরোয়া সম্পর্কে সম্বোধন না-করে
bb9cc6976b	14816	মার্কিন অলিম্পিক দলে
bb9d764c45	6973e	দেবর
bb9dcdee35	7351e	মধ্য দিয়ে গেছে
bb9df14508	d41be	কেবল একটি গ্রুপ একশন
bb9e01020c	1de6c	শীত থেকে রক্ষা পাওয়ার জন্য
bb9e29c213	d2294	বুশ হাউস
bb9f9f4914	acb88	প্রতি সেকেন্ড ২০৫ কিমি বেগে
bb9fc46379	11915	কলকাতা শহরে
bb9fff1cd4	bd576	রুটের সম্ভাব্যতা যাচাই
bba03e7655	d136b	এই কাজের মধ্য দিয়ে রাশিয়া ন্যাটোর মূল নীতি,যার উপরে ন্যাটোর সহযোগিতা সম্পর্ক প্রতিষ্ঠিত,সেটিকে অবমাননা করেছে।
bba03e8175	4a67e	দ্রুতই মূল অভিযুক্তরা
bba0c89695	6973e	নতুন নতুন রাজ্য জয়ে
bba0f6700a	e2f12	এদিকে আন্দোলনকারীরা বলছেন
bba1036d08	0b7ca	কর্মসূচি আজ বাতিল করা হয়েছে
bba1458581	d5f7b	এ পার্কে বেড়াতে আসা
bba1616544	6aac8	খবর জেনে
bba17b25e3	3bb15	সবচেয়ে জরুরি কথা হলো
bba1f770e1	91ac1	অথবা পড়ছে
bba251945b	cb842	৭৫ রানের অবিচ্ছিন্ন জুটি গড়ে
bba2859cac	1f974	দর্শকের পছন্দ অনুযায়ী
bba29457e3	17dcd	ও বিভিন্ন মঞ্চে
bba2d1ea5b	282d3	খরাসহ বিভিন্ন কারণে
bba31ae3e0	2ad74	আবার সুন্দর স্বাস্থ্যের
bba323bb99	d9ba9	গত ৩রা জুলাই
bba37456b0	ee7b2	সংগঠন নেই
bba38b9158	3c897	চা-গুঁড়ো ৩ চা-চামচ
bba3ea09ea	66b3c	গণমাধ্যমে কথা বলার
bba4053206	17ca1	বারিধারার সংগ্রহ ১০ পয়েন্ট
bba43b4eb2	9fa90	ধূমকেতুটি যেভাবে দিনদিন উজ্জ্বল হচ্ছে
bba442a6fc	adf01	হিন্দুধর্মে অবতারবাদ
bba4867193	ca088	এবং তিকি পশ্চিমবাংলার
bba5358fd6	e68af	কস্তা চোটে ভুগছিলেন
bba59465cd	d2d71	যমুনা সেতু
bba6001b0e	b4ea7	পরিস্থিতি সম্পর্কে নোট পেয়েছি
bba619c0b8	693cb	মধু বা চিনি
bba636edfe	ff1eb	বিমান সংখ্যা বাড়িয়েছে যুক্তরাষ্ট্র
bba660917a	29bab	নিজেকে ফিরে পেয়েছি
bba682dd19	b9b98	মাত্র একটি
bba6adedb8	2f547	ক্রমোন্নতির পর্যায়গুলিকে
bba6b05beb	bfac7	জেএমবি
bba6d93865	b8bba	পুরুষ বা নবী পাঠিয়েছেন
bba6e69480	64092	অত্যন্ত অনুরাগী
bba757d40e	c958a	আউলিয়া দরবেশদের
bba7a2664b	e9759	সুর প্রায় একইরকম
bba7ef0fa7	410fa	সরকারের পৌনে পাঁচ বছরের মধ্যে
bba7fa4a2c	f0f95	চোরাই পথে এসেছে
bba86346e9	86b1b	এখন অধিনায়ক
bba88f4f8f	6fb36	মুসলিম বণিকদের
bba8fb3ca4	e68af	ঈদের দিন
bba900010e	e2ba2	মত দিয়েছিলেন
bba94ae7a8	86b1b	বলতে পারেন
bba95c0d68	09f0d	মেনাপুর উচ্চ বিদ্যালয় কেন্দ্রে
bba9d56cba	24aed	বিকাশ ক্ষেত্রেরস
bbaa151177	79b06	বাছাই পর্বের ম্যাচগুলো
bbaa231370	ff1eb	এই অপটিক্যাল ফাইবার
bbaaff7ba1	93080	একটা উঁচু বালিয়াড়ির উপর উঠে
bbab557511	18460	কারাভোগ করে
bbab782569	f1240	বিবিআনার বসুন্ধরা শপিংমল শাখার
bbab803d0f	0e637	তার হিসাব নেই
bbabc88ec5	3c897	জয়েন্ট রিট্রিট সেরিমনি অনুষ্ঠান
bbac0e86a7	9351a	ঢাকার গল্প শুনি
bbac4f17be	fd880	পুলিশে খবর দেন
bbaca5246f	91223	ঐ একই দিনে
bbaca78f3d	520fb	অতিরিক্ত দাম রাখলেও
bbacadd06f	b8bdd	শতাব্দী রায়
bbacfa8959	b8bdd	আর্সেনালের জয়টা নিশ্চিত হয়ে যায়
bbad11a646	ac904	হেলানো পাটাতন বেয়ে
bbad1ce014	b8fe1	এটি নির্মাণ করেন
bbad67e260	7c272	কিন্তু এদেশে রাজনীতি আছে
bbada95525	8cf95	তার সঙ্গে চট্টগ্রামে রয়েছেন
bbae57c30a	ef915	পাণ্ডবদিগের সেনাপতি
bbaee9b7a7	1f733	কাঠামোগত ত্রুটি ছাড়াও
bbaf2425fc	c4973	ময়দা ও ভ্যানিলা এসেন্স মেশান
bbaf8d29b0	2bd99	ক্রেতাদের একটা বড় অংশ
bbafb360ca	f837a	অন্যান্য দেশের মতো
bbb025c542	0d9f1	সংশোধন আনে
bbb027a2bd	28bb3	বাকি ছয়জনকে
bbb0c38b0b	7297e	সুপারিশ সমর্থন দিচ্ছেন ব্যবসায়ীরাও
bbb0efc8d7	778c0	সম্প্রতি সরকার
bbb1647c7e	6dff5	ফেব্রুয়ারির সমীক্ষায় ৭৩টি আসন
bbb1b4005f	65e30	গুলশানে বিএনপি চেয়ারপারসন কার্যালয়ে
bbb242d762	f4ba7	এমন সিদ্ধান্তের কথা
bbb2c55c5f	2f547	তাকে অভয়ারণ্য বলা হয়
bbb2fcd9b9	ce180	বিএসএফের মহাপরিচালক
bbb331d9d3	06527	ইচ্ছে তাঁর ইচ্ছে
bbb3750dc9	7027a	উহার মস্তক বাণে বাণে সঞ্চালিত করিয়া
bbb40d15b8	fda1a	ওকে নিজের সন্তানের মতো
bbb471d966	c9c19	উত্ত্যক্ত করে আসছিল
bbb52d981e	9813c	করিলেন না
bbb5d2d3a7	e31e7	এদের একটি অংশ
bbb63b2470	09b32	ঝড়-তুফানের রাতে
bbb7529b9c	f280a	এ উৎকণ্ঠার মুখে
bbb7632d1a	c7705	অঙ্গুত্তরা নিকায়াতে উল্লিখিত
bbb7675731	577fa	হয় এ প্রকল্প
bbb78d1df9	16877	গত ১৮ অগাস্ট
bbb842aa49	9e923	পাল্লা ভারী
bbb844124c	bfac7	সেখানে এখন ইঁটের রাস্তা বানিয়ে গাড়ি পার্কিংয়ের ব্যবস্থা করা হয়েছে।
bbb848adee	58998	না কানের ওপাশে
bbb8648ef6	1c618	রেল ও নৌ-পরিবহনের দিকে
bbb86774c0	16877	সে আজ কোটিপতি
bbb8931283	5dd61	মুভি
bbb89a01cd	23291	আরোহী দুযুবক দ্রুত পালিয়ে যায়
bbb8cf1fb7	10a9f	আহত হন
bbb94ade56	274ee	রাশিয়া বাহিনী
bbb9bf0e2a	0c39f	কাপড় দিয়ে পাথর ঘষছেন
bbba71c644	18460	পরমানুর গঠন
bbba98201f	80e98	প্রাক ইতিহাস তুলে ধরেছেন
bbbab7f471	68ab7	অবলম্বনে লেখা
bbbae4c18e	355c1	অপহরণকারীদের হাত থেকে
bbbaf33a33	13b6a	বন্ধুদের সঙ্গে
bbbb6e8938	b9122	মুক্তি নেই কোনও নারীর
bbbb800af5	ec91c	মাঝে অকল্পনীয় পরিমাণ
bbbb9fc6a5	2556b	এই ছবি নিয়ে
bbbc4e6ea1	07660	সেগুলোর কথা উল্লেখ করেন
bbbc505d03	2bc73	টরেন্ট
bbbd14c540	a9a58	প্রথমবার এসেছিলেন
bbbd56c9a3	2695f	মাঠে গরু কোরবানি দেওয়া
bbbde450c2	3f493	বেরিয়ে পড়ে
bbbe1020d5	aa820	কাতর হইতেন
bbbe7fe819	bc81e	তাঁহাদের শব্দ শুনিয়া
bbbf2bdec2	5d12f	নদী ও হ্রদের দেবতা
bbbfb98ccc	9d7bf	নিজের পাওনা বুঝে নিন
bbbff15e46	46d49	১৮ এপ্রিল ২০১৪ পর্যন্ত
bbc00ee60e	bcaa8	১৯৩৭ সালের ফেব্রুয়ারি মাসে
bbc050130c	698a4	নিহত মাহফুজের ছোট ছেলেটি
bbc08649f0	f0f95	নানির বাড়ির সবাই
bbc0cb91d3	ab946	আইজাক নিউটন
bbc0e8300d	7df87	করতাম কি না কে জানে
bbc169e711	809cd	সে ঋণের পরিমাণ ক্রমেই বাড়ছিল
bbc1feda70	95f83	উপন্যাস লেখার কথা ভাবেন
bbc2151a1c	d82d9	তাতে গোল আরও বাড়ল
bbc280b77c	d3e06	পেরোতে লেগে যায়
bbc2aa1450	9092b	কিছু কল্পনা করা যায়
bbc2c35a28	91b16	শেষ সীমায় অবস্থান করছিল
bbc30e4fd0	5dec6	বিভিন্ন ফোঁড়ার চিকিতসায়
bbc334d3a5	2c9c5	সমার্থক শব্দ
bbc3ebf3df	85430	চট্টগ্রাম টেস্টের দলের
bbc45f7ed1	e6203	উই আর সরি
bbc509d8cd	420df	সবজিও তো
bbc5233533	68ab7	সাধারণ হিন্দুদের তুলনায় উন্নত বলে
bbc5c304ff	1cb75	সুষ্ঠুভাবে বাস্তবায়নের জন্য
bbc73e5402	7297e	আখতারুজ্জামান বলেন
bbc755d3b9	31f09	সেই কন্যা সন্তানই
bbc76b126e	1b359	ফেব্রুয়ারির প্রথম দিবসে অনুষ্ঠিত
bbc7d9ad35	509f6	পরে হাসপাতালে মারা গিয়েছিল
bbc8af26f5	f9dfb	তুমি গৃহে যাও
bbc8b3ad9f	c7705	পোস্টমাস্টারের রতন
bbc9588182	5d12f	ধীবর পরিবারে
bbc9c80f1c	91230	মরুদ্গণ ত্রিগুণিত ষষ্টিসংখ্যক
bbc9e9da92	b8ed8	দেশের পুলিশ বাহিনীর সংস্পর্শে
bbca2acaf0	6a35e	আগে থেকে
bbcacd0177	75936	৩০ হাজার টাকা
bbcad026e6	66c6b	প্রায় ৯০ মিলিয়ন ঘনফুট করে
bbcaeba154	ee4ad	পালিয়ে বেড়াচ্ছেন
bbcb1810c5	92bb2	মেহের আফরোজ শাওন
bbcb1b5479	47e8d	এমনটাই দাবি
bbcb74f12a	a06a1	ঐতিহাসিক উপন্যাস ছাপা হচ্ছে
bbccf11f27	d8c80	সরকারের বিভিন্ন পদক্ষেপের বিষয়
bbcd6b816c	e55de	ষান্মাসিক এই পত্রিকাটি
bbcdd82c54	420df	স্বামীর পড়াশোনা
bbce542cc6	6d129	বাংলাদেশের জলবায়ু পরিবর্তনের
bbce97d19a	1e7c7	বনশ্রী থেকে তাতীবাজার
bbce9f26d7	58998	রূপান্তরিত করেন
bbcf27abb0	536d9	গাড়ি থেকে নামিয়ে
bbcfc942a4	ef4f8	কিছুই আশ্চর্য্য নহে
bbd0198b92	d136b	বিদ্যুৎ বিচ্ছিন্ন রয়েছে
bbd04d98d9	ce775	একটি বিবৃতি দিয়েছে
bbd093920d	0e637	মশিউর পাখির বাচ্চা
bbd0ba0e9a	509f6	অপরদিকে ১০ বছর মেয়াদি
bbd0ba18ec	ee4ad	অ্যাডোবি কোম্পানি
bbd12d7af5	f2b7d	গতকাল বৃহস্পতিবার তাকে
bbd163049b	49543	বেশ কয়েকজন আফগান ক্রিকেটার
bbd19aee10	cb627	তখন তাকে বলা হচ্ছে সুপারমুন
bbd1c8f5ac	3fb17	খেলোয়াড়রা যেসব রাস্তা দিয়ে
bbd1ca107f	43b04	ফেনসিডিল
bbd269c674	7027a	প্রশাসনের হস্তক্ষেপে
bbd2d4ea16	274ee	ফিরে চিত্রাঙ্গদার
bbd3c80370	ce180	আবু হানিফ নামের
bbd43571e4	ac0df	৭ মার্চ এর ভাষণ
bbd4880b51	57d54	খুলতে গেলে লাগে
bbd4bff6bd	db735	কম্বল কেনার জন্য ভিড় করছে
bbd4c89115	1a4a9	২০১০ সালের মধ্যে
bbd57ca218	efc0d	ট্রয়ের রানী
bbd5b8ddf1	f1240	সমঝোতা না হলে
bbd5bcaf89	a43b5	নিহতের ঘটনায় শাহ আলমের ভগ্নিপতি
bbd656ed38	c9c19	জাতীয় পতাকা অর্ধনমিত রাখা হবে
bbd68d39c1	7e1d5	আকরাম খানের হাত
bbd6975b87	4c555	তারা পেন ড্রাইভে
bbd6a7c7f1	05901	আক্রমণটা হয়েছিল
bbd6b5b64c	ff0fe	ফুটিয়ে তোলাই রীতি ছিল
bbd6c3e053	2c9c5	কখন কখন বিজ্ঞতা উপস্থিত হয়
bbd6d766ac	baa02	শতশৃঙ্গ পর্বতে যমের সঙ্গে
bbd74287ca	31f2a	ব্যবহৃত হতো
bbd7f2ab41	f4ba7	তাদের ভাবনা কি
bbd83c5bf8	7ed14	লাভ করিয়াছেন
bbd8579d18	2695f	উৎকৃষ্ট উপাখ্যান আছে
bbd894df5a	f4ba7	কথাবার্তা বলতেন
bbd8c4629c	6ee5f	তৃতীয় বার্ষিকী উদযাপনের দিনে
bbd942bb9f	58998	দু’টি গণভোটের রায়
bbd97bcaad	4e900	এ কারণে লজ্জিত হতে হয়েছে
bbda194dac	7aed9	এজন্যই আমি এ কাজ করছি
bbdbb26902	e6d83	উল্লেখ করেন স্পিকার
bbdbf6df32	bd576	একটা না-ঘুম না
bbdc4476eb	29f8c	এখনকার কৃষ্ণযাত্রায় যেমন
bbdd143d03	39293	গোপাল বাবুই
bbdd396a80	315e9	টাইট
bbdd7d4c0a	c7705	বঙ্গবন্ধু মেডিকেল বিশ্ববিদ্যালয় হাসপাতালে
bbdd87a656	09b32	আছে মাত্র হাজার বিশেক
bbddf6f6a3	8edea	বাপ-মা লইয়া
bbde164063	06e62	অম্বুবাচী একটি
bbde8e11d0	b78ec	তাই কিছুদিন ধরে
bbdeb579a0	23291	এটিই হবে তার
bbdfa0e64b	f9dfb	বাঘার বাজনা বন্ধ হবে
bbdfa5cbeb	93080	অন্তর্ভুক্ত নই
bbe019928b	f143a	নারী একটু একটু করে
bbe06dcb5e	7027a	কিন্তু আমি ঠিক
bbe09e230c	9fa90	আদালত ত্রাণ আর উদ্ধার কাজে
bbe12cc21c	1b359	পরে ৩ জুন
bbe1448f81	4164f	সরকারি বাহিনীর অভিযানে
bbe183ecc9	6da0a	এক এক করে দিতে হবে
bbe1f54f2e	355c1	তবে তাঁর ছেলে মাসুদ সাঈদীর
bbe1fb6331	35ef3	এই মাস আলাদা মর্যাদা
bbe22225f2	a06a1	হতাশার বিষয় হচ্ছে
bbe23f82d0	2396d	স্মরণ করব
bbe24da68c	6ee5f	চন্দন
bbe2562064	a7c6f	ঘোষণা আসেই
bbe266808c	9813c	চিমটে দিয়ে তুলে নিয়ে
bbe289c965	d9081	মুঘল সাম্রাজ্যের
bbe2ce343a	aabe7	কাজলা দিদি
bbe2fa286d	01e91	এবং একই সাথে ধর্মীয়
bbe3083877	e9589	ব্যাট করে
bbe3bb3518	d5213	আপনি এটিকে ধর্ষণ, বেশ্যাবৃত্তি
bbe3f9b831	f2097	বললেও তারা
bbe4af0168	6c17f	৬২ বছর
bbe4d75952	2556b	নারী বা প্রকৃতি
bbe4e09b87	fb4cb	মঙ্গলবার একজনের মৃত্যুর পর
bbe545837f	7351e	অফিসটি এখনও নির্মাণাধীন
bbe638298b	e2f12	চোখে পড়িতেছে না
bbe6b64423	7ec1c	অক্টোবরে
bbe82b10b3	60f77	১৯৩৮ সালে
bbe84aa051	4164f	আমাদের বন্ধুরা
bbe84b6ca2	80518	বৃষ্টির আশঙ্কা
bbe86513a8	6c17f	আমাদের আতা গাছ
bbe88e5bf5	4237e	শেষ হয় পৌণে একটার দিকে
bbe939b1a4	aab0f	আমি মনে করিলাম
bbe9474013	c3cca	তার আইনজীবীরা
bbe954bdd0	8632b	মহারাষ্ট্রে অ্যাম্বি ভ্যালি নামের আবাসন প্রকল্প গড়ে তুলে সুনাম অর্জন করে সাহারা।
bbe9b31d75	4fc91	এটা বলা কঠিন
bbe9cc5144	c3cca	এদের কাজের শিফট শুরু হয়েছে
bbe9e8616f	a916a	শ্রদ্ধা করি
bbea5fb06c	16cfb	লঞ্চটি ডুবে যাওয়ার পর
bbeafca4a1	1e7c7	এত দীর্ঘ সময়
bbeb77f20c	315e9	মৌলিক পদার্থ
bbebce0dcc	a9a58	ও আন্তর্জাতিক সংস্করণ করা হচ্ছে
bbebd91187	db735	পরদিন বিকাল ৪টায়
bbebd9c96a	2695f	অবশ্য রাজীব হত্যাকাণ্ডে
bbec13c8a1	18a52	আরেকটি বাহিনী গড়ে তুলেছিলেন
bbec843fd4	7d004	একটি আধুনিক হাসপাতালে
bbec987d20	0633a	বাংলাদেশে ভেজাল বা মানহীন ওষুধ
bbeca2eda8	b9122	মাত্র ২১০ থেকে ২১৫ মিলিয়ন ঘনফুট গ্যাস
bbecfd2aea	ff1eb	ছোটদের গল্প
bbed8f153e	84145	কারাজীবন যাপন করছেন তারা
bbee65bd8d	5b13f	চাঁদের নিজস্ব আলো আছে
bbef2890b3	56508	অভিনয়ের মধ্য দিয়ে
bbef5268bd	4237e	দুর্ঘটনা হয়েছে
bbefc4dc63	b618b	বইমেলায় গেলে
bbefe3402a	2ee04	এটা আখ্যান রচয়িতার দায়ও বটে
bbf01e48be	f89d7	নাজিম ফিরে যান তুরস্কে
bbf035a2e5	32998	প্রক্রিয়া দুই ভাগে
bbf11d0e2e	66c6b	উদ্ধার হওয়া শিক্ষার্থীদের মধ্যে তিনজনের অবস্থা গুরুতর এবং তাদের চিকিৎসা দেওয়া হচ্ছে।
bbf1e0c632	4fd66	অবশ্যই একটা
bbf23a38f8	dafb6	দেখা করার কথা রয়েছে
bbf30338de	d2355	প্রোটোটাইপ ‘স্মার্ট ব্রা’-টি
bbf31002b8	809cd	১৪ ম্যাচে ২২ পয়েন্ট নিয়ে
bbf32842a8	730c3	একটি সিডি আছে
bbf37869ae	9282d	অবলম্বন করেছে
bbf3fbb2c1	66b3c	তাদের সবচেয়ে বেশি
bbf4085c0f	91ac1	একটি বাসে আগুন দেয়া হয়
bbf45dd0bb	29089	দুই খুনের
bbf45e97c9	693cb	প্রতিদিন বেঁচে আছি
bbf47415ea	ec91c	এতে করে আমিও
bbf485f1d4	06527	দু’হাতে মা’কে আঁকড়ে
bbf4888fa9	39293	সবচেয়ে আকর্ষণীয় ও বিস্ময়কর
bbf49b5c19	1de6c	চলতি বছর ২৯ জানুয়ারি
bbf4e1db6d	7b60a	সার্বিয়ার টানজ পর্বতমালার নাকি যাদুকরি ক্ষমতা আছে এই ধ্বংসযজ্ঞ থেকে মানুষকে রক্ষার।
bbf4e22092	f2097	প্রার্থীর ব্যালটে
bbf51e8ae0	f600a	ব্যবসায় লাভ লোকসান
bbf59ce801	aab0f	আমি মালয়েশিয়ায় থাকি
bbf5db1338	22096	ঝিঁকিয়ে তোলা ছবি
bbf5fb0952	2ad74	আয় করে
bbf62c56ec	577fa	কেউ দিতে পারছে না
bbf7101b21	ee886	প্রস্তাব দুটোর পক্ষে
bbf725d6b1	3d17c	বিচার বিভাগকে কোনোভাবেই
bbf75ef92e	91223	পরে তিনি অভিযোগ করেন
bbf830cfc6	79b06	গোপন ইশতেহার বিলির দায়ে
bbf83d81c9	acb88	বাড়তি পয়সা শ্রমিকদের কাছেই যাচ্ছে
bbf85615ab	b9b98	সরকারি দলের সিনিয়র সদস্যরা
bbf85d785c	9282d	তিনি সেজানকে পাঠিয়েছিলেন
bbf8758376	442b7	পাথর ভেঙে
bbf8df70b9	1a2a1	এক অনুষ্ঠানে মূলপদ্মা সেতু নির্মাণে
bbf9472910	ced74	চোখে ঘুম নেই
bbf9b639ec	5dd61	এই বিশ্বায়নের যুগে
bbf9cb9223	1c618	কর্ণ এই অমোঘ শক্তি
bbfa8f1ee5	a06a1	তার মাথা থেকে
bbfacda083	9351a	বাংলা লিপির উৎস
bbfb3e3891	17dcd	কোন সরকারই বন্ধ কারখানা চালুর জন্য পদক্ষেপ নেয়নি।
bbfb4353c3	75626	বিদ্রোহী হয়ে উঠেছে
bbfbcd11aa	903fa	জপ করিতে বসিলেন
bbfc1097ee	73629	কুচি দিন
bbfc178cee	8a46d	এদের চিবুকাস্থি
bbfc421487	cc18a	বিশ্বকাপ ফুটবলের সবচেয়ে
bbfc4acd5d	6c6bf	খাদ্য আমদানির
bbfc60cb17	91dff	ইচ্ছে হয়
bbfc6c2207	8cf95	আসে এর পরে
bbfcd61b69	32998	গুরুত্বপূর্ণ সমাধান হচ্ছে
bbfd49b4f2	b8fe1	বিপর্যস্ত অর্চনাকে
bbfd5657ae	86b1b	এই দাঁড়াইতেছে
bbfdd4479d	870e3	তিনি তো চ্যালেঞ্জ করেছিলেন
bbfdd4e800	17dcd	জাতীয় সংসদ ভবনের দক্ষিণ প্লাজায়
bbfdf71fde	0895a	সেনাবাহিনী কোনো গ্রুপ
bbfe34234f	24aed	আর বেরিয়েছিল কিনা
bbfe91d5df	fcc89	সেহেতু প্রথম প্রথম একটু
bbfed5a469	80e98	ঘনফুট গ্যাস
bbff427b5f	d3e06	ওমর খৈয়ামের
bbffe93bcc	25117	বাংলার সামাজিক ইতিহাস লিখতে গিয়ে
