bc00cd6bae	79b06	কেইলিন রিসার্চের কাজে আছে তো
bc00d832b9	2c9c5	এত দীর্ঘ সময়
bc00e0c30e	e31e7	রাজ্জাক, আনোয়ারা, সোহেল রানা
bc011b491b	9e923	এমন ভাইও আছে
bc014e30c2	d9b11	পথঘাটে জলাবদ্ধতা
bc01e4f57f	66b3c	সেটা সহায়ক হবে বলে
bc029c4de9	f89d7	তো বটেই
bc02ca10dd	3f493	বেসামরিক বিমান চলাচল কর্তৃপক্ষের
bc02f024d5	a1201	সেটাই জেলের নিয়ম বলে
bc033ecc43	274ee	এক ধ্যানে চার তলার
bc03710a33	b618b	প্রচলিত ভূমি রেজিস্ট্রেশন পদ্ধতি
bc03e18b6e	dec2d	কথা বলার মতো
bc03eff3e1	536d9	বৃহস্পতিবার বিকেল ৫টার দিকে
bc042d69a7	66c6b	মি. এ্যকুইনো বলেছেন
bc043d6eb4	351dd	খুব বেশি
bc0458030e	3faff	শুরু করলে
bc04b8a777	c0965	কী বলো তুমি
bc05645588	72649	মাগরিবের নামাজ পড়েই
bc05f4ddbb	11bd2	গণমাধ্যম শাখার
bc068e4896	d2294	স্বামী মারা যান
bc06ad9028	bbb22	বৃষ্টিতে ভেজার ছবি
bc06b7a029	33aef	দক্ষিণ পূর্ব এশিয়ার
bc06c48553	3fae0	বাড়ানো কমানো সম্ভব
bc07219c83	554fe	যতবারই পড়ি
bc07405f62	8632b	স্টার জলসা বোঝেনা সে বোঝেনা
bc07845328	8406e	উল্লেখযোগ্য অগ্রগতি দেখাতে হবে
bc07f74ab0	ff1eb	১ লাখ ৬০ হাজার টাকা
bc0818b547	5a61c	তারা এর দেখাশোনা করার উপযুক্ত
bc08e7edbd	590d0	এত লাভ সম্ভব নয়
bc08f6f441	08458	আলভারেজ পাথরের ঘায়ে
bc09720f21	dfefa	সকল সংশয় আর ভয়
bc09c5b742	e03fc	চাপা দিয়ে পালানোর চেষ্টা করে
bc0a43c621	d1b12	সাবান ব্যবহার করা হয়
bc0a4c8e17	590d0	তার পর ঘুড়ির কাঁপকাঠি
bc0a68074a	9e923	তেয়াটিয়া
bc0aa71b51	d5f7b	ক্লাস পরীক্ষা ঠিকই চলছে
bc0aa7c558	fcefa	উদীয়মান সূর্যের দিকে
bc0af4182b	d8c80	ঘোষণা করেছিলেন
bc0b912ad9	32998	ঠিক হতে সময় লাগবে না
bc0c05a851	948d3	দেখলেই
bc0d099ee4	91ac1	শনিবার জর্দান সফরের মধ্য দিয়ে
bc0da68a2e	9c8dd	ধরবে না করে
bc0dbb8420	29f8c	ক্ষুণ্ন হচ্ছে
bc0e03e24c	d2d71	তাই স্কুল থেকে
bc0e60f17c	ea5be	৭.২৫ ডলার থেকে বাড়িয়ে
bc0e904c18	29d44	অতীতে তিনি তার মেয়ের জন্য
bc0eea4b0d	d9b11	আমি কাছে গিয়ে দাঁড়ালাম
bc0f24a4ea	21e54	রাশিরাশি চিহ্ন থেকে গিয়েছে
bc0fc9a05e	cb627	আয়োজন করে থাকেন
bc1012bf8a	1f974	আমাদের গলিতে
bc10177f8f	0e637	দেখা করবেন
bc103a775f	91dff	আটক থাকার পর
bc1042b83f	f2b7d	যদিও তারা বিষয়টি
bc10559d4b	13b6a	জড়িয়ে পড়া
bc108c373e	c0d65	জিজ্ঞাসাবাদকারীরা বলেন
bc1095cfc0	420df	একই কাজ করেছে
bc10a9c8e7	194f5	আমি ভাবিয়া চিন্তিয়া স্থির করিয়াছি
bc110a182f	0606d	দেখলে মনে হবে
bc11172376	72649	আলোড়ন সৃষ্টি করেছে
bc113e5d5b	10a9f	তিনি নিজেও
bc117b6e81	9642e	পোকাটি কয়েকটি জায়গাতে
bc11a28bc6	24aed	ঈদ আর অতটা বৈচিত্রপূর্ণ নয়
bc1221b093	c0d65	অ্যালান অ্যান্থনি ডোনাল্ড
bc12479773	3fae0	ওই সাবমেরিনটিতে
bc124b9460	745b7	শুক্রবারের এই ভোটাভুটিতে
bc125de35e	59c73	শ্রমিকপ্রধান এলাকাগুলোতে
bc12b2a48e	e6d83	তাদের এই লংমার্চ
bc1303491f	91223	কমিউনিটি ক্লিনিক প্রকল্প
bc1379fac0	9065c	তারা মামলা করতে
bc13c7084a	7ee9b	রক্ত বেরোচ্ছিল
bc13e97b30	7d3e1	এ প্রশ্নের উত্তরে স্বরাষ্ট্রমন্ত্রী মি: আলমগির বলেন, এই চুক্তি হতে হবে, এমন কোন কথা নেই।
bc1434d53a	e50f1	সহযোগিতা নেবে
bc146fe831	c173f	এনিয়ে কোনো কথা না বললে
bc156f887b	eb179	বাড়িতে জানিয়ে দেওয়া হল
bc1578ef19	2bd99	বোমা বিস্ফোরণে
bc157a7179	ee7b2	যতটা সম্ভব
bc15898bd3	6b437	এসএম সুলতানের
bc15cce0a1	2c9c5	তা বের করার
bc15f2c5a2	a06a1	২০১২ সালে
bc1624348b	9092b	তাকিয়ে দেখলাম
bc1658b827	68549	এই স্বীকারোক্তির পর
bc17244a7f	d9ba9	আপিল শুনানির জন্য
bc175a1365	c0d65	দেওয়া যাবে না
bc1798d5a4	dfefa	কাজ করার সুযোগ করে দিয়েছিলেন
bc17b36e30	cb627	অকোলা শহরের
bc17e1d8ce	e03fc	গ্রহণযোগ্যা না হই
bc18026e4d	fda1a	মাহি অভিনীত
bc181df7ea	cf82a	সেখানে একটি বন্যপ্রাণীর বাজার আছে
bc18511734	11bd2	অন্য কোনও মাবুদ নাই
bc1897a5ce	65652	তত্ত্বাবধায়ক পদ্ধতি বাদ দেওয়া হয়েছে
bc18b83fb7	698ff	পুরো ছবিটা
bc18dc2d4c	79b06	ব্যবসার প্রাণকেন্দ্র
bc191680a6	693cb	দৈনিক আলোকিত বাংলাদেশ
bc1918481f	c5479	৭৭ বছর বয়সী ওয়াহিদার মতে
bc19480f9f	3fc9d	শিল্পী
bc194be445	88654	ভিসা-অন-অ্যারাইভাল দিয়ে থাকে
bc198dba60	80539	স্বাগত ভাষণ দেন
bc1a0616b0	32c77	মহামারি চলে গেলে
bc1a59559d	730c3	নামিয়ে দিচ্ছে
bc1a81bb92	93080	আল্লাহর পথে চলে এসেছেন
bc1a972052	92bd8	মাইলি সাইরাসকে
bc1af89ee1	2d98b	পুলিশ আরো জানায়
bc1b07cdc5	c2082	এই বন্যায়
bc1b3843ec	44322	এবং জাহান্নামের ভীতি প্রদর্শন করে
bc1b3eae7d	6d129	প্রতিবেদন দাখিলের জন্য
bc1c024912	1cb75	লড়াই করছে ভারতের জনগণও
bc1c0f43dd	93bf3	তাই এদের থেকে
bc1c175ddd	b8bba	তিনি এককথায় অনুমতি দিলেন
bc1c4f6b5a	91230	রাষ্ট্রপক্ষে ছিলেন ডেপুটি অ্যাটর্নি
bc1d3ea746	c0965	নিজের ওপর মানে
bc1dec2d3b	0c39f	সেই আনসার বললেন
bc1f8077f9	f0f95	নতুন তৎপরতা চোখে পড়লো
bc207b2334	5e80b	আদিল ও অধিকারের পরিচালক
bc208fd4ab	71522	যার মানে হল
bc2129ca59	a9a58	বল ধরার কারণে
bc21573e35	db735	এক পা বাঁধিয়া রাখিলে
bc2201189a	bdfc1	জীবনের স্রোত ও তরঙ্গ
bc220e7e91	c7705	প্রার্থিতা প্রত্যাহারের শেষ দিন
bc2231ff06	239f7	না দিতে পারা গেলে
bc223e532c	10a9f	তারাই বা কি বোঝাতে চাইছেন
bc22c0cdd5	fcc89	সেখানে গেলে
bc23094936	93bf3	কিছু মানুষের
bc239d3688	c5dc8	ইসির নির্বাচন ব্যবস্থাপনা
bc23ae6669	9d398	মাসের পারফরমেন্স নিয়ে যখন
bc23e0d98a	c2082	সে বলল, দাদা
bc2445f6cf	4dd57	ওয়ার্ল্ড টিভি প্রিমিয়ার হবে
bc24954575	4237e	ভালো চোখে দেখছে না
bc25025a6a	4bede	ভাড়া পাচ্ছি
bc2513afce	05901	প্রথম তিনটি ম্যাচই
bc25791676	0744c	তবে এর বাইরে আরও
bc25c0d9a3	2695f	সন্তানকে দীর্ঘদিন
bc26402176	60b9d	অধ্যক্ষ স্যার একদৃষ্টিতে
bc26618ca3	e3d8b	সোয়াদুই কেজি
bc26903ea4	e6e48	জ্ঞাতিনামের সূত্রাপাত
bc26b9b48e	2ecf8	অন্যান্য সরকারি অফিস
bc271d9f55	fcc89	সড়ক দুর্ঘটনায়
bc271f6d1c	95f83	মোবাইল ব্যাংকিং
bc272a281b	e3f89	খোকনসহ অন্যরা উচ্চ আদালত থেকে
bc275ecf6a	38ff0	যখন চট্টগ্রামে ছিলেন
bc278d8482	fcefa	আহ্বান জানায়নি
bc27a9c86c	31f2a	বিছানায় নকশি কাঁথা
bc27c53bb7	778c0	সবচাইতে বেশী
bc27fe6a70	fb4cb	এফ এম রেডিওগুলো
bc2804aaf9	121bd	ব্যবসা চক্র
bc283f3674	60f77	নয়ন তুমি তো আমাদের
bc289f47d2	68549	দুই দিনব্যাপী এ অনুষ্ঠানে অংশ নেন
bc28a9e327	4fd66	মাঝারি গোছের নেতাও হননি
bc28cf4f3f	6da0a	বীরভূমে আদিবাসী তরুণীর ওপরে
bc28f69625	c0965	সোজাসুজি অনুবাদ বা ছায়া
bc290d77fd	31f2a	বটতলায় গিয়ে শেষ হয়
bc296dc91e	7e1d5	বেঁচে থাকার সম্ভাবনা
bc2a2cbbb0	93bf3	যদিও বাসটি দ্রুতগামী
bc2a6aedac	18a52	দেশের জাতীয়
bc2b1a5753	8a46d	২০০৬-০৭ অর্থবছরে বেড়ে
bc2b6caf31	7ec1c	পুলিশের ওপর হামলা
bc2b7c029a	5639c	৪১ বছরের সেনসেশন জন
bc2c0af6f4	932bb	অভ্র কীবোর্ড
bc2c98c35e	80be1	তাঁর বিদেহী আত্মার
bc2ca66319	80539	যে অর্থে চলচ্চিত্র মাস আর্ট
bc2caf3765	28dfc	আগুন ধরাবি
bc2cc94b07	a274b	জওহরলাল নেহেরু পুরস্কার
bc2cde65fa	f29bf	বিভিন্ন গোষ্ঠীর মধ্যে
bc2cde6e25	80539	কাশ্মীরি শৈবধর্ম
bc2d1d8ad8	3fb17	গ্রামের মৃত
bc2d1d8efa	c7a89	অনেকটা গিয়ে
bc2e88c9b5	2ac82	অধ্যাপক রমেশচন্দ্র মজুমদার
bc2eaa8615	ef915	এখন বরকত নেই
bc2f8e3c09	db735	প্রবৃদ্ধি অর্জিত হবে
bc2fc8401a	b9b98	তা তার জানা নেই
bc3002a3ae	0633a	আগে অবাধ বিচরণ থাকলেও
bc3029a439	6e8cb	সময় কাটছিল
bc30d7f106	2556b	মিমাংসিত বলে উল্লেখ করে বলেন
bc31294a95	db735	সঠিক ধারার চর্চার জন্য
bc3174a41a	11bd2	সভা-সমাবেশের ওপর বিধিনিষেধ তুলে না নিলে তাদের আন্দোলন অব্যাহত থাকবে থাকবে বলেও তিনি এসময় জানান।
bc325a33c1	28bb3	সহীহ হাদিস
bc32755b50	3d17c	জামিনপ্রাপ্তদের সঙ্গে নাতি
bc327b6243	aa820	কোনো বিষয়েই
bc32da3a25	bcaa8	আমাদের এরকম সুবিধা
bc32ed12e5	43b04	নিজেদের সমর্থক খুঁজিয়া পাইলেন
bc3301faaf	acb88	বেশি হওয়ার খবর দিলে
bc3313bcdc	92f59	পেট
bc33bf17e4	315e9	নানা কারণে
bc33f2ca7f	e2ba2	লণ্ঠন হাতে করিয়া
bc33f5c849	809cd	ব্যবস্থা নেয়ার চেষ্টা চলছে
bc34139a65	0744c	তবে আজকের
bc34705c16	5cb47	ত্রাণ সহায়তা আসার পর
bc347e4fc9	c41d8	একটি ফেলোশিপ পান
bc34c1d24b	f29bf	যা মার্কিন যুক্তরাষ্ট্রের
bc35018499	0f047	৯০ ডিগ্রি ১৮ মিনিট
bc35228918	e2c11	সুস্থরা আহতদেরকে নিয়ে
bc35dc1524	db181	রহস্যজনকভাবে বজায় থাকে
bc363b2cbf	92f59	এই প্রতিবেদনে
bc36616ea4	76329	ঢ্যাম কুড়কুড়
bc3687e1d4	32c77	নাজিব এ বিবৃতি দেন
bc36a629ee	aa820	গত কয়েক দিনের
bc36ba6cf8	cc9fd	অন্যান্য ডিভাইসের জন্য
bc3718d67b	577fa	পরদিন নির্বাচনকালীন সরকারে
bc376991a0	420df	তার কারণ
bc37a337b8	7b132	বছরে গড়ে ৪০ দিন
bc38063926	80e98	শীতের আগে
bc381ee5e8	4a918	বাংলাদেশ শিল্পকলা একাডেমীর
bc3859246e	7297e	অন্য কোন চিন্তা ছিল না
bc38e79d46	1cb75	পাঁচ আসামির বিরুদ্ধে
bc3957f459	af81d	বিশেষভাবে তা চাইছি
bc39932e15	7027a	এখনো ভালো ক্রেতার
bc39d14d6d	2f547	সরাসরি হাসপাতাল থেকে আসেন
bc3a0dc0f2	80539	স্বাধীনতার পরই
bc3a59e40a	4164f	এবং নতুন কিছু সুবিধা
bc3ab6ec16	33814	নগরীর এম এ আজিজ স্টেডিয়ামে
bc3acd24ec	fd880	অনেক পরিবারে
bc3c3649cd	e754e	গবেষক মেল লিনটার্ন আরও বলেন
bc3c6e1e39	37d7e	হবিগঞ্জ ত্যাগ করতে
bc3d6284bd	39293	তার চোখ দুটো
bc3d89c31b	29089	সরকার দায়িত্ব পালনে
bc3de04552	5e80b	গার্মেন্টস শ্রমিকরা
bc3eaeaf35	f89d7	শুনতে কি পাও
bc3eff5ee9	967fd	কিন্তু, পাল্টা বিবৃতি দিয়ে
bc3f092e3a	4fc91	ওয়েব ডিজাইন
bc3f443cc0	bdfc1	হিমশিম খান
bc3f6f31b5	e8dde	কথা
bc3fbc89b2	17dcd	হলেন একজন ইংল্যান্ড ক্রিকেটার
bc3ffae721	239f7	অবশ্য রাজীব হত্যাকাণ্ডে
bc40ef4488	f83df	মুহূর্তেই বাতাসে ঢেউ তুলে
bc41623429	13b70	মঙ্গলবার ডিএসইতে
bc41a0aa64	3fae0	আন্তর্জাতিক অপরাধ আদালতে তাঁর বিরুদ্ধে মোট বিশটি অভিযোগ আনা হয়।
bc41a91549	4fbd1	সেখানকার সব হোটেল
bc4281fed2	ff970	মা’র নাগাল থেকে
bc4295f70d	2ac82	টেলিভিশনের দিকটি মাথায় রেখেই
bc42b70c10	77f82	রাহাত ইসলাম বলেন
bc43047c7d	2d98b	একটু ভিন্নভাবে সাজিয়েছি
bc4341b4bf	5e80b	বিশেষভাবে প্রভাবিত
bc43d758c1	4fbd1	তবে ঢাকায় হরতাল সমর্থকেরা
bc44ba45f0	eaa7a	নেটোও রাশিয়াকে
bc45321312	ba2f6	প্রথম আলোর খবর
bc4561bada	c9c19	এখন বিভিন্ন আধুনিক
bc45a45a26	58998	পরে রাষ্ট্র পক্ষের আবেদনে
bc45c15bf8	28bb3	শিক্ষক বাতায়ন
bc45ec750b	5354e	এবং সামাজিক আদর্শের
bc45ff87e6	8845d	হান্নান শাহ বিবিসি বাংলাকে বলেন
bc460375e4	5d12f	ঢাকা শহর তার কেন্দ্রের চতুর্দিকে
bc466bb841	88654	প্রযোজকের লাভ দূরে থাক
bc46c7f632	274ee	বিভিন্ন রাজনৈতিক দল
bc47067ee7	d2faf	ফিওদর দস্তয়েভস্কির
bc47604999	e03ce	মাত্র পাঁচ দিনের মধ্যে
bc47bcadcc	c8f7f	বিয়ের চার বছর পর
bc47e95e4f	a06a1	তবু থেমে থাকে না জীবন
bc481312ba	c463d	করে তোমায় শ্রীমতী
bc48141764	7027a	তিনি ঢাকা বিশ্ববিদ্যালয়ের উপাচার্য
bc487519d8	85430	উল্লেখযোগ্য রচিয়তা কে কে
bc48eec2cd	adf01	সমস্ত অবকাশ চেপে বসে আছে
bc48f31b41	5dec6	ঘটনায় বুধবার সকালে
bc493b319b	7b103	তার সবগুলোর পক্ষে গেছে
bc49435e95	4a67e	নওয়াজেশ আলী খান
bc496cf907	8c120	ড. র‍্যান্ডাল আরমিস
bc49edfc2e	321b6	প্রতি কেজি ওজন
bc4a0d1500	f9dfb	কবি আর জীবিত নেই
bc4a6bf8b6	d136b	পর্তুগিজ ধর্মপ্রচারক
bc4a97c7f8	54e68	লক্ষৌ পুলিশ
bc4b522d48	b9122	অন্ধ বা অন্ধত্ব
bc4ba5abb1	f600a	জমিলার মায়ের ঘনিষ্ঠ জীবনসত্য
bc4bd602b1	4237e	কারেন্ট চলে গেল
bc4c6783f8	c3cb3	যিনি কৃতিত্ব দাবি করতে পারেন
bc4d0dabea	25117	চাইতাছিলাম আমি
bc4d0e156e	64092	ইন্টারনেট ব্যবহারের সব ধরনের
bc4d9dee1e	d2294	৯ জন অভিযুক্তের মধ্যে
bc4dd0ef4f	2ecf8	মনিরামপুর থেকে
bc4df159b1	fda1a	আমাদের কথা ধীরে ধীরে
bc4df1cc62	282d3	তা প্রত্যক্ষ করাই
bc4ed52d2c	e9759	না জানি কেমনতর
bc4ee7be39	2556b	সহায়ক ভূমিকা পালন করে
bc4f11f08e	42898	সিনেমা থেকে রাজনীতি আবার রাজনীতি থেকে সিনেমা - এই ধারা চলতেই থাকবে।
bc4f8b08b0	71522	জনগণের মতামতের
bc5052c997	c8f7f	অবশ্য আমানউল্লাহ কবির মনে করেন
bc5098c10d	520fb	এই শহরের এই অদ্ভুত পীরবাড়িটির
bc514a1c92	7e191	একটি উদাহরণ দিলে
bc51d65a8b	fd880	সিরিয়া সংকট
bc51d7fa54	ea5be	ওসি মঞ্জুর কাদের পিপিএম
bc5206b7ab	18a52	একটি কোম্পানিতে চাকরি করছেন
bc52b99b1a	4c1eb	আমি উঠিতে উঠিতে
bc537a94a9	5d12f	এক আরোহী নিহত হন
bc53e5074a	6c6bf	আরেকটি ছেলের সাথে
bc540c25a4	6973e	প্রাধান্য থাকে
bc541cb250	bdfc1	কর্মসূচির আওতায়
bc542c19a8	6c6bf	এই যে ধর ডাবের মধ্যে
bc542d04db	4a918	ইউরোপীয় বিচারে স্থির হইয়াছে
bc54565523	d9081	পরিবার
bc54675d1d	194f5	এখনো এদেশের বেশিরভাগ মানুষের
bc54ffc549	698ff	শক্ত লবিং
bc55093b03	a916a	মিল্কি হত্যা
bc555df22a	aab0f	তথ্যের ভিত্তিতে
bc5599a9fc	f2b7d	বাবা নাই মা আছেন
bc55d80dc9	bd576	শুভ নববর্ষ
bc565b93e3	c6848	কথিত এই বাড়তি ইনজুরি সময়টাকে
bc570c4851	82926	এটি যতটা না রেডিও
bc58570c41	28bb3	জনগনের কাছে স্পষ্ট করবে কিনা
bc590f647e	14d25	পুলিশের সংঘর্ষ হয়েছে
bc594ab869	52f27	মেয়েদের ফাইনালে
bc59a2c0db	cc9fd	নামিসার দাবি
bc5a330138	09f0d	কি বলিতে লাগিল
bc5b1f1131	6ab59	সংখ্যা পদ্ধতি
bc5b3aa42e	e2ff7	দেশে পারিবারিক কোরবানিতে
bc5b4ecfb6	75f18	শিক্ষক ও উপাচার্যের
bc5b62e410	31f2a	ভোটকেন্দ্রের মাটে
bc5b80550c	c173f	ফার্ণিচার
bc5bade2ba	3bb15	অভিযোগপত্রে বলা হয়
bc5bdaab7f	d71a3	অর্থায়ন
bc5c147cfd	82926	আর জাপান, বলছে
bc5c46c563	79b06	অবলোকিত প্রাচীনতম
bc5c6335be	a916a	তা পড়লে লোম দাঁড়িয়ে
bc5c85c177	71522	আরম্ভ করিতে হইলে
bc5cc3abce	3fb17	অঙ্গ দান
bc5cc8c04d	0edef	এর বরফ
bc5db18d58	ff0fe	অন্যান্য দুষ্কর্মের মধ্যে
bc5df8e7d3	1652d	নিয়মিত আইনশৃঙ্খলা বাহিনীর পাশাপাশি
bc5dfbf340	38ff0	সেখানকার মায়েরা
bc5e2d9174	33aef	এক সময়ে
bc5e366dd6	fcefa	এই প্রতিষ্ঠানটির মাধ্যমে
bc5e76073d	e9fa7	তছনছ করে দেওয়ার দিকে
bc5e8a41a0	54e68	এ নিয়ে কুসংস্কার রয়েছে
bc5f58eca1	2fc12	কৃষ্ণ ভল্লুককন্যা বিবাহ করিয়াছিলেন
bc5f5cbb5e	c41d8	বাতাসে ছড়িয়েছে।
bc5f9f8ca9	0895a	সবক’টি তলার
bc5fccf980	06527	সৈয়দপুর
bc6073b804	d2294	ঠোঁট নাক গাল
bc60fe7991	7b103	সরকারি প্রাথমিক বিদ্যালয়ে
bc6180942e	9092b	কিন্তু জটিলতার কারণে
bc619ee3bd	ee852	শিবরাম চক্রবর্তী
bc61c47cf6	282d3	নাসার স্যাটেলাইট থেকে
bc61d2dc72	e9759	আর নাটক অর্থে প্লে
bc6220123f	95907	উত্তেজনারও কমতি ছিল না
bc624893b9	e3d8b	বক্তব্যের জন্য জাতির কাছে
bc631156a2	38d3a	প্রতিফল দিতে
bc63fdd9c4	95f83	গ্র্যান্ড মাস্তি
bc64625a2e	46da4	যখন খেলা চলাকালীন
bc646f2543	f2b7d	যারা বাঙালী
bc648748ca	7ee9b	দেনা শোধ করে
bc6527ac59	153c9	সেই অনুযায়ী বহরে যুক্ত হয়
bc652eaf74	dec2d	হাড়ের সমস্যা নিয়ে
bc661a1a58	86b1b	সাংবাদিকদের ক্যামেরায়
bc66e42e5f	b8bdd	জ্যাঠামশায়ের মুখের দিকে
bc66ee3726	8c120	রামায়ণে আছে
bc677915cb	4c1eb	দুই ফকিরকে দেওয়ার মতো
bc680dc90b	f1ff2	গ্যুসেপ তুচ্চি
bc6819330c	6c17f	নাস্তিকতা
bc68dd00b4	7297e	ফেনী নিউজ
bc68f49c0f	e6752	শাহাবুদ্দিন তার জবানবন্দিতে
bc693eb0c4	75936	একটি জাতির সম্পদ
bc69678894	f1ea4	মাংসের তলে হাড্ডি
bc6a0219cd	5b13f	কথা বলারও কেউ নেই
bc6a2a484a	bf530	যুগান্তর নিউজ
bc6a3d355b	0d9f1	এনি
bc6a610999	a0277	সেই প্রকল্পের বাস্তবায়ন কাজ
bc6a6a04f9	2b883	বড়লুক হইলে
bc6b789a87	b08d0	বেশি পেঁয়াজ
bc6bc235f9	2d78f	কুঁচ বরণ কন্যা
bc6c5c0c4b	ce775	বিষম লেগে
bc6d07e446	a274b	সিফিলিস
bc6d3cbf41	698ff	সংগ্রামে সে বীরকে কেহই
bc6d6dea54	ad98d	ট্রাইব্যুনাল-২
bc6d8cdb1e	0edef	কোনো খেলো
bc6dc4c6bb	f600a	এভাবেই তিনি চরের কঠিন পথ
bc6dd28462	536d9	পলিটকেনিক এলাকায়
bc6e6f9867	6fb36	তারপর একের পর এক
bc6ec6ccab	e6752	আগের দুই দিন
bc6ec9aa37	ea5be	গ্রামবাসীর সন্দেহ হলে
bc6f274be7	15a75	গত বছরের
bc6f6a95a0	01e91	শ্রদ্ধা জানাতে
bc6f9feab9	2aecc	পাখির জন্য
bc70e167ce	870e3	তুলে আনতে পারে
bc70ede01e	9642e	ছেলে মেয়ে ছাড়া
bc71436457	d82d9	মোটামুটি অবিকৃত রাখা হয়
bc7193636a	9282d	সারা মিশর জুড়ে
bc7195653f	ff970	ব্যবহার করতে পারবেন
bc71c72289	616ec	বা অপ্রকাশ্যে
bc7242b495	fdcba	আমরা আপিলের সুযোগ চাইছি
bc72f496b1	efc0d	সুপ্রিম কোর্টে রয়েছে
bc7348cad2	b4ea7	ঘরের বউ ঝিরা
bc7352aa41	7aed9	আজ তারা ট্রেনে ফিরছিলেন
bc73618830	121bd	অজ্ঞাতনামা আসামির তালিকায় যুক্ত করার
bc73db672c	9282d	বর্ষবরণ শুরু হয়
bc7409f658	69449	এখনো অনেক পিছিয়ে আছে
bc7439d7c3	ac904	মুকুলদের বারান্দা থেকে
bc7465ce8c	06527	রঞ্জিত মলি্লককে
bc747a1029	aabe7	বৈপরীত্য লক্ষ্য করেন
bc74936b73	fb4cb	যত দ্রুত সম্ভব
bc75bb8a85	15a75	বলেন তিনি
bc764a0d11	0edef	ঘুম আসে না
bc767b2d0e	91223	পুরুষ সুপিরিয়র
bc77043bc2	a699c	কোন অভিযোগ নেই
bc778c25a9	0606d	লাহোরের ন্যাশনাল কলেজ অব
bc779fecd6	2695f	তারা কোথায় আছেন
bc780ea61f	44322	এটাই বড় কথা
bc7820680d	e9fa7	সামনে আসছে
bc783fe5b2	64092	ঘোষণা করলেন যে
bc78d3f10a	d9b11	তার জন্য নিয়ে যান
bc7964bc15	68ab7	মূল সভাপতি
bc798b1e9e	778c0	ঢালু গা বেয়ে
bc79e71837	86b1b	আমরা যে এহেন চক্ষু
bc7a3a18e7	1a2a1	শিল্পের ওপর নির্ভরশীল
bc7a6bb616	eecdd	এখন তারা
bc7a7052e9	f6e55	যে কোনো বয়সের মানুষ
bc7a99cb9c	68549	ও রুহুল আমিন পরিচালিত
bc7aa055b1	80518	অন্ডকোষে ব্যাথা
bc7af2cf7e	7898e	কাচা মরিচ
bc7b94351d	e6d83	এসব ঘটনা অব্যাহত থাকলে
bc7bf62ad6	f143a	আছে তাই
bc7c4393f1	c463d	এসব জানিয়েছেন
bc7cb5d96f	84145	তার বাগ্মিতা, সংগ্রাম
bc7cb83a0e	590d0	শরীর সুস্থ রাখে
bc7d06b358	8c120	যেকোনো ধরনের
bc7d971585	e50f1	উদ্ধার তৎপরতার দিক
bc7dd0f1ed	66dcd	ইটের টালি বানাইয়া লইত
bc7e09c4d4	7c272	আবিস্কারের ফলে
bc7e17852e	ef915	মাত্র তিন দিন আগে
bc7e20f90c	9c8dd	ক্ষতিয়ে দেখা হবে
bc7e5e18ed	d7a68	কি করে তোকে বলব তুই কে আমার
bc7e822afa	95907	আশঙ্কা প্রকাশ করেন
bc7ef8d210	eecdd	যতই পানি ঢালি
bc7f1b8732	a0277	সারারাত্রি শঙ্কর চোখের পাতা
bc7f5ba191	7b132	তার নতুন সিনেমার মধ্য দিয়ে
bc7f824f02	49543	অ্যামেরিকা-ও কৃষ্ণ সাগরে
bc7f920408	b9b98	এই বুশ হাউসে
bc80073d03	3fce2	তাই একজনকে মরতে হয়
bc80ccd4ca	5dd61	টানার জন্য চষ্টো করছি
bc8108de75	06e62	সাংবাদিক হত্যা হচ্ছে
bc810f5992	0a87a	শুক্রবার সন্ধ্যা ছ’টা থেকে
bc816377e7	f837a	খুব চেষ্টা করি
bc81b1f761	44322	এবং জাহান্নামের ভীতি প্রদর্শন করে
bc8270c305	cfc65	পাকিস্তানের ব্যাপারে বিজেপির অবস্থান বেশ কঠোর।
bc827105b0	f2097	আবহাওয়া বিপদ সঙ্কেত দেয়া
bc82924dc6	4237e	পরে জানা গেছে
bc82c6b038	9092b	এ ফিল্ড থেকে
bc836ba695	2fc12	প্রলম্বিত অংশ
bc8373682c	a916a	বেশিরভাগই হয়েছে
bc83e8d5d4	60b9d	এ রকম গল্প
bc84008d29	8143b	আমিও তো তাহলে খেলোয়াড়
bc842ed970	35ef3	কেন্দ্রীভূত হয়ে যায়
bc8432c9fb	75f18	বিধিবদ্ধ জমা হিসেবে
bc84906b16	18a52	প্রশ্ন উঠেছে
bc851156c0	f1240	সীমান্তে ব্যবসা করলে
bc85292db1	29d44	গান ছেড়ে দিন
bc852a9874	6c17f	অন্য পার্কের চেয়ে
bc85590679	95907	যা ১৮৭১ সালে নির্মিত হয়
bc86576e98	e6203	তাই নিয়ে শোকপ্রকাশ করাতে
bc86b10133	06e62	এই বেদনা
bc86d9ac11	a4750	বৃহত্তম শহর
bc87133d8d	14d25	বিষয়টি অবাক করার
bc8742ada0	b618b	ঢাকার বিভিন্ন স্থানে
bc87ad24a5	948d3	টর্চের ক্ষীণ আলোয়
bc87d4ffee	29089	দুনিয়াতে আর কজন আছে
bc8863c39c	72649	মধ্যবয়সের স্ত্রীজাতির
bc8892a624	12702	নাই বা কেন
bc88d8d726	bfac7	বিকাল ৩টার দিকে
bc89185178	91230	কোনোদিনই রিক্তাকে নির্যাতন করবেনা বলে
bc8966c228	5dd61	চাপিয়ে দেননি আমাদের
bc896f0dd1	09f0d	ইন্টারনেট ব্যবহারকারীদের
bc89857737	2bd99	নির্মল ছিল তাঁর মন
bc89a3f315	cc9fd	আউটরাম ঘাট হল
bc8a1f2bbc	d5213	জুনাইদ আহমেদ পলক
bc8a344e81	745b7	দুই গার্মেন্টস কর্মকর্তাকে
bc8a875a77	cc18a	ছ’মাসের মেয়ে
bc8abf0ced	baa02	ওবামার কঠোর সমালোচনা
bc8ad789e8	287bd	অন্তরকের ব্যবহার
bc8bd8f812	1a2a1	রমজান পড়ালেখা ছেড়ে
bc8c9856e2	7ed14	গান গাইতে পারতাম
bc8caa2f96	24aed	পরামর্শ নিতে হবে
bc8caed644	9282d	এই অভিধানের ব্যঞ্জনবর্ণ অংশ
bc8cd0f8b7	11de3	তল্লাশি শুরু করেছেন
bc8cdfd17b	2840e	চলচ্চিত্রের কাজগুলোর
bc8d0475e5	6973e	যা সহায়ক হয়েছে
bc8d671a06	e3f89	আকাশে দৃশ্যমান
bc8dbacd50	91b16	গোলের পর মেসির উচ্ছ্বাস
bc8dcbe0b9	1a2a1	তরুণীদের মধ্যে
bc8e541df4	82926	এগুলো সরবরাহ করেছে
bc90027c8e	b8bf0	এই মহাকাব্যের নামকরণ করা হয়
bc900a7552	eaa7a	রাগে অনুরাগে
bc9087295a	aa820	বাচ্চাদের লালনপালন
bc90e588ec	7aed9	তাঁদের অনুমতি নিয়ে
bc9102f127	2695f	কিন্তু অমিয় চক্রবর্তীর
bc9143125f	f0f95	দ্বিগুণেরও বেশি
bc91f3455e	60f77	আরেকবার ঠিক করে নেওয়া
bc923cd6f0	b9b98	আমায় ভালোবাসে না
bc926581e5	61820	নানা গল্প ছড়িয়ে আছে
bc928e879c	a06a1	কবিতা তার
bc92e68bd0	1e7c7	মান থাকে কই
bc9322d3ba	4fbd1	নামক টীকাভাষ্য
bc93999017	903fa	এবং অন্য কয়েকজন
bc93c5fb38	bdd05	কৃষক ধান উৎপাদন করতে খরচ হয়েছে ১৬ টাকা, অথচ সেটা বিক্রি হচ্ছে ৮ টাকায়।
bc93c82c33	69d9a	যুবদল নেতা শরীফ হোসেন
bc93d6c6fb	16e96	দিনে এক বার দু’বার
bc94bc6659	69449	চার তরুণ গবেষক
bc961e610c	0bace	না খেতে খেতে
bc967c1a49	cb627	অজ্ঞাত দুর্বৃত্তরা
bc977ce19f	25117	এ উপলক্ষ্যে হংকংয়ের হেরিটেজ মিউজিয়ামে
bc97d5eb33	577fa	এই বিষাক্ত গ্যাস
bc9909e4a1	3b1f7	ওকে তাড়ায় না
bc992a6b67	194f5	রিজার্ভ থাকলেই যথেষ্ট
bc99bcfce6	c8f7f	অদ্বৈত আশ্রমই
bc99c5dd59	17ca1	চার্চিল যা শুনতে পছন্দ করতেন
bc99fbbe8c	29bab	তখন কয়েকশ’ খেলোয়াড়ের
bc9acd0f04	d1a48	একটি দড়কচা মারা মানুষ
bc9b1741c8	9351a	উৎপাদন যদি
bc9ba6b26e	ad69a	কুপার অভিনীত থ্রিলার ফিল্ম লিমিটলেস
bc9be2e878	8632b	আবুল হুসেন, কাজী মোতাহার হোসেন
bc9bf13693	7e1d5	তাই বা কে বোঝাবে
bc9ca1167f	7351e	ইন্ডিয়ানা জোনসের
bc9d44ae26	b8bba	কবিতা পড়ব বলে
bc9d53d0a0	4f450	একসঙ্গে দিল্লির রাষ্ট্রপতি ভবনে
bc9dcd73ef	c9c19	১৭৬৫ সালের পর
bc9e2b2e36	c3cca	রিক্তা বেগম নিজেই
bc9e3e866d	fbb81	একদিন মারা গেল
bc9e851203	ad69a	বাতিল চেয়ে করা আবেদন
bc9ee3101f	ce180	এদের মধ্যে শারীরিক ও মানসিক প্রতিবন্ধী ছাড়াও রয়েছে দৃষ্টি, শ্রবণ ও বাক প্রতিবন্ধী শিশু।
bc9f07d50f	9c8dd	উন্মত্ততার শিকার হয়েছিল
bc9f5208af	0f047	রিপ্রেজেন্ট করার কথা ভাবেন
bc9f5c1584	23b22	রপ্তানি আয় কমছে
bc9f918e4e	9d7bf	আর কিছু উচ্চদরের কার্য্য
bca07de668	f2097	সামর্থ্যের প্রমাণ রেখে
bca080a2b6	eecdd	ব্যবহৃত হয়
bca0ab2e1b	f600a	এমনই এক মিলনমেলার
bca1199ded	d82d9	তৃতীয় ও চতুর্থ স্থানে
bca152c202	d1b12	৬৪টি পরীক্ষা কেন্দ্র বেড়েছে
bca1ec99bf	dba43	অগ্রগামী মডেল
bca229a4b0	da6f0	পদ্মার চরে
bca2383f7f	69d9a	হাতিম
bca2443c73	195f7	গুনা জেলার
bca28e06a5	cf82a	ডেকে পাঠানো হয়
bca2a8f696	2d78f	তবে তারা সুচিত্রার মতো
bca318fd36	9813c	পিঁপড়ে তখুনি বেরিয়ে আসত
bca355b87b	60b9d	শ্রীমঙ্গল
bca3789aa0	ac904	জুন মাস থেকে
bca38470eb	75936	সে যেন
bca4003b77	16877	১৯৩৭ সালের ফেব্রুয়ারি মাসে
bca4563122	967fd	ইনশাল্লাহ আজ আমরা জিতবো
bca4f53f8f	b618b	অফিস কক্ষ রয়েছে
bca53fef0f	520fb	এবং অনেক পরিশ্রম করেছে
bca56c461e	4bede	ভারতের মানুষ
bca58e4985	086dd	নারীমূর্তি পাওয়া গিয়েছে
bca5f65287	a46e2	১৮০০ মিলিমিটার থেকে
bca6dae0e7	8c07c	জামু বাহিনীর দখলে
bca72dcc9f	f2097	মার্কিন যুক্তরাষ্ট্রের চেয়ে
bca7d34f7e	24f73	সে কথা অবশ্য
bca817bdee	2bc73	নিবিড় ও সংবেদী
bca8325c9f	9e923	যেমন সিরিয়ার জেনানাদের দিকে
bca8c0c181	d136b	আরতি দেবীকে
bca8e9f598	d9ba9	গার্মেন্ট মালিকদের নেতারা বলছেন, বাংলাদেশের তৈরি পোশাক খাতের শ্রমিকদের নিরাপত্তা ব্যবস্থা উন্নত করার চেষ্টা চলছে।
bcaafaf98b	f600a	পাঁচ আঙ্গুলে মুঠো ভ’রে
bcaafd8e38	a8710	ব্যয় কমানোর সুযোগ আছে
bcab300cbe	d9081	সে একবার জামার বাহু দিয়ে
bcabc9e4de	35ef3	কিছু টাকা দিয়ে আসতে হবে না
bcabcee9ba	93d3b	নুনেসের ঝামেলা শেষ করে
bcac0e50be	dec2d	ওষুধটি সঠিকভাবে
bcacd208fe	086dd	১৯৭৮ সালে
bcace367fb	72649	প্রায় ৬শ কোটি টাকা
bcadc4e160	ad050	পেশাদারি, সেবার মান প্রভৃতি প্রসঙ্গে
bcadf7036d	f600a	এ যানজটের সৃষ্টি হয়
bcae0eccf1	1cb75	মেজ বৌ
bcae682aea	29f8c	যোগাযোগের কোন বিকল্প নেই
bcae8f4bb0	ab946	কক্সবাজার শহরে
bcaf437383	6c17f	এই
bcb00e1bf0	bdfc1	ঢাকা সাভার
bcb02e8e27	46da4	সংসারটা চলে
bcb0587152	23b22	চতুর্থ তলায় ফরেনসিক বিভাগে
bcb06dcbb4	287bd	কোরবানির ছুরি কামার
bcb0b1274e	e50f1	বৃষ্টির ফটো
bcb0dc4349	9d398	ক্ষুধায় পেট জ্বলছে
bcb1572ecf	2de86	যুদ্ধাপরাধের বিচারের জন্য
bcb19875fd	089ef	১৫ ওভারের মাথায়
bcb1a64c0d	ab946	তা মানুষের ধর্ম
bcb1d0ef86	f7a7f	উপস্থিতি বেশী লক্ষ্য করা গেছে
bcb2116f97	e7230	ব্যাঙ্গালোর থেকে
bcb26e5c7f	72649	সরবৎ সদালাপ সংগীত-ভীতি
bcb2794948	239f7	দু’একজন যারা পরতে
bcb317dcb3	15a75	রাজনৈতিক দলগুলোকে
bcb4a35817	eaa7a	বিক্রি করে থাকেন
bcb4d39afb	355c1	সমস্ত দিনের পরিশ্রমে
bcb55db2cf	cf82a	আমি ভাবিয়া চিন্তিয়া স্থির করিয়াছি
bcb55e2484	ac904	বৈশিষ্ট্য হচ্ছে
bcb60b745f	8b859	টিপু সুলতানের রাজপ্রতীক
bcb668be9f	195f7	২৫ নভেম্বর, ২০১৩
bcb68932f1	4fc91	ডিএনএন স্ক্রিনিং পদ্ধতির সাহায্যে
bcb6e91044	4164f	প্রকাণ্ড মাঠে
bcb86d752c	6a35e	একই আচরণ করছে
bcb86f6030	d8c80	ছুরি নিয়ে এসেছিলেন
bcb8c6fbf0	43199	উচ্চতম মুহুর্তগুলোর একটি
bcb91f8681	b78ec	বোরখা ইসলামের পোশাক
bcba62eb80	4fbd1	একটাই টিভি চ্যানেল ছিল
bcba6b4e83	b8ed8	প্রথম গুরুত্বপূর্ণ ধাপই হলো
bcba905bd3	8edea	অবরুদ্ধও করে রেখেছিলেন
bcbaa0421c	e43d4	ব্যক্তিতে ব্যক্তিতে
bcbae0402b	21e54	সত্যিকার অর্থেই
bcbb38cc00	f29bf	একটা নতুন লোক আইছে
bcbb3fc350	44322	আসনটি শূন্য হয়
bcbb48a201	43199	দলটির মাঠ পর্যায়ের
bcbb5cd5a2	6ab59	একমাত্র লেখক ছিলাম না
bcbb968854	68549	কিন্তু অফিসের গাড়ি এল না
bcbba79034	6fb36	এই ক্ষুদ্র ব্যবসায়ীরা
bcbc289055	3fc9d	তর মথন জাউরা পোলারে
bcbcd9f1ea	7aed9	কমর্রত রয়েছেন
bcbd2231fa	4ea73	হৃদয়ে ধারণ করে
bcbee7b0b0	2aecc	এগুলো পাঠিয়ে দেয়া হবে
bcbefefc97	f89d7	গণহত্যা চালানোর পর
bcbfe46c9d	3bb15	শহরের কোথাও কোনো
bcbfe608b0	2ac82	কাব্য
bcc05f35e6	2ee04	সেটাই আপনাকে বলছে
bcc0f33f9e	5d80e	এবারের পর্বে
bcc1aade64	fcc89	সিডর ২০০৭ সালের ১১ নভেম্বর
bcc1d76902	4164f	আওয়ামী লীগের কেন্দ্রীয়
bcc1e5d4fa	7b132	সানাউলকে সিরাজগঞ্জ সদর হাসপাতালে
bcc1fbcbd5	31f09	এছাড়া জাতীয় বিশ্ববিদ্যালয় থেকে
bcc2279a7d	3fae0	ঊনচল্লিশটি ব্যঞ্জনবর্ণ
bcc23a9f7a	01e91	তামিম
bcc23f676e	42898	স্থায়ী বহিষ্কারের দাবি জানান তারা
bcc25854ac	4c555	১৯৯১ সালে তাঁর গাওয়া
bcc2948c1c	8143b	ঢাকায় বিবিসির
bcc2b4d7e9	44322	৭১ হাজার টাকা করে দিয়েছে
bcc2be205f	31f09	বর্তমানে বিশ্বের
bcc38c0d5c	809cd	ফলে বোঝাই যাচ্ছে যে
bcc3a17cfb	4e900	চেষ্টা করে যাচ্ছে
bcc3cab970	4c1eb	পরিবেশ রক্ষার জন্য
bcc3da470e	ad050	ঘরের মধ্য
bcc4362d3d	d9081	করণীয় কী হবে
bcc43dd42b	f6e55	এ সপ্তাহের শুরুতে
bcc4821e6c	2ecf8	ওজনের উপর
bcc4ca7def	b8bba	তার মেয়ে
bcc535d630	d2355	যাহা জানি
bcc58dd050	32c77	একুশে পদক পাওয়া আফতাব
bcc5ddad57	24aed	চীন যে ক্রমশই মহাকাশে
bcc5e49e31	9f25e	ব্যাপারটা তো
bcc61964ff	e9759	রবি অফার
bcc637d718	ce775	তিনি ১০৬ রানে অপরাজিত
bcc6e157d8	ce775	উড়তে উড়তেও
bcc7035b58	52578	সূর্যরশ্মির আপাতন কোণের উপর
bcc71fb647	c2082	দেয়ালে পরিচিত-অপরিচিত
bcc762aac1	16e96	উঁচু করে ধরে
bcc7f220d5	d5213	তা হয়ে ওঠে
bcc82d87be	43199	এ রকম হাস্যকর
bcc8815e2c	fcc89	ব্যক্তিগত বিজ্ঞাপন হিসেবে
bcc89a33e9	8a46d	এক নির্বাচন কমিশন
bcc8b61902	d9b11	বাংলাদেশের খ্রিষ্ট ধর্মের অনুসারীরাও
bcc8f82b81	e2f12	জীবনের ঝুঁকি তত বাড়বে
bcc92c2acd	287bd	দুর্ঘটনা ঘটে
bcc9560c8f	e6e48	গ্রামোফোন রেকর্ডের
bcca122d00	d136b	তাদেরকে উদ্ধার করে
bcca200d2a	2aecc	এটা ঠিক না
bccb0c7260	ee886	অসাধারণ
bccb9567a9	0b7ca	গত মাসের শুরুর দিকে
bccbb1251b	e6752	যেমন ভাবে
bccbb3e7e3	8143b	নির্বাহী পরিচালক
bccbeda512	6c6bf	প্রিয় মানুষটির জন্য
bccc462881	2d98b	ফলে বাজারে
bccc66c3bc	2b883	আমি কি দেখে
bccc9abf92	d2faf	সম্মুখ সমরে
bcccfb5ab2	b8bba	সূত্রপাত ঘটে
bccd8b28a7	12702	ললনাকুলের কত আগ্রহ
bccdf94996	dec2d	হাবীব হাওলাদার
bccdfe91cc	95907	মাত্র ১৮ রানের মধ্যে
bcce8376e4	9fa90	কার্যকর তথা পানি প্রবাহ
bccedb6455	c4973	পেশায় সে চোর নয়
bccf099494	3ec4d	ক্রমে সেকেন্ডারি অস্টিওপোরোসিস
bccf686f08	dba43	রাজকীয় ভ্রমণসঙ্গী
bccfa63e36	b9b98	ইন্ডিয়ান অলিম্পিক অ্যাসোসিয়েশন
bccfdbbe54	25696	অভিনয়ের মধ্য দিয়ে
bcd05e56d2	7ed14	তারা সব প্রস্তুতি শেষ করেছেন
bcd05f1a3f	bdfc1	এ অবস্থায় দেশটির মানুষ
bcd0f3d855	b9a81	সংবিধান সমুন্নত রেখে
bcd12c05e0	91230	প্রক্সি দিচ্ছে মাত্র
bcd1348bd2	e6203	অন্তর্বর্তী সরকার নিয়ে
bcd1446d04	60f77	বাংলাদেশ পুলিশ ফটো
bcd1a6e5af	d2294	ঢাকার ইফতারের
bcd1f09914	06527	বৃষ্টি হয়েছিল কি রাতে
bcd1f36000	f2780	আর সাধারণ মানুষও
bcd2889dc3	9065c	কানু হুড়মুড়িয়ে বাড়িতে ঢুকে
bcd30f4c55	6a35e	কিংবা হয়তো তা নয়
bcd348ced0	80539	কিন্তু নির্বাচনের দুদিন আগে
bcd3b6aa67	8845d	পুনম পান্ডে
bcd3fa6fb9	1b359	অস্ট্রেলিয়া এক গুচ্ছ
bcd4212304	d3e06	পুস্তিকাদি পড়া
bcd4849ecb	54e68	একজন রাজনৈতিক নেতা
bcd4a4c738	2d78f	সেখানে পশ্চিমা সেনাদের
bcd54d7061	4bede	২০০৪ সালের ১৬ ফেব্রুয়ারি
bcd5fbb4a5	f2b7d	পরে আমরা
bcd62ed568	8b859	ইউক্রেনের নতুন নেতৃত্বকে
bcd68bae96	06527	শ্যামবাজারে মিল ব্যারাক ঘাটে গিয়ে
bcd6d40ac1	bdfc1	বিশ্বে বাংলাদেশের স্থান কত
bcd6ddf60a	2fc12	৬ লাখ ৯০ হাজার টাকা
bcd73ffdcc	28bb3	একটিতে থাকতো
bcd7aaf0ef	2d78f	জীবনযাপন করে
bcd834fb9c	2fe3c	স্মৃতিকেন্দ্রে রয়েছে
bcd8c21f34	efc0d	ইতিহাস জানা
bcd8e566f4	ad98d	এটা রাজনৈতিক বেপার নয়
bcd9515422	d9817	জঙ্গিরা নিরস্ত্র মানুষ হত্যা করে রেহাই পাবে না।
bcd95b7be9	a06a1	বাচ্চাদের সময় দিতে পারি
bcd9b5a5d5	442b7	আলোচনা অনেক
bcda09e98a	fd880	হিটলারের অধীন
bcda523da0	88654	মুশফিকরা
bcdb7556b9	b08d0	শিক্ষক কর্মরত আছেন
bcdc81ae6d	b8ed8	পেগাট্রনকে আইফোন
bcdc85e7aa	9d398	খরচ হয়েছে
bcdcc91f31	f2097	এখানে রাজনৈতিক আশ্রয়ের জন্য
bcdd2012d3	577fa	জাপান ও স্বাগতিক দক্ষিণ কোরিয়া
bcdd90cf53	e03fc	জাহাজ পরিত্যক্ত ঘোষণার পর
bcdd968b1e	ced74	আরেকটা গ্রামে
bcdde3766e	07660	তুলনায় হাইড্রোজেন
bcde7e5473	92bd8	সবচেয়ে বড় জয়টি ছিল
bcdec1c364	ee852	দুধ হতে প্রস্তুতকৃত
bcdf07a135	8632b	সুরমার পা, গলা ও বুকে
bcdf50f4d2	c41d8	কি গাঁথুনি
bcdf829b83	3f493	২৮ জনকে
bcdfb9c31d	24f73	শত শত নারীর ওপর
bcdfc82270	2ac82	দ্রুত একটা সমাধানে
bce00c44aa	a06a1	বক্স পাঠিয়ে থাকেন
bce06b1ff5	69d9a	সবচেয়ে জনপ্রিয় জায়গা
bce08fd0de	a46e2	বিশ মিটারেরও বেশি লম্বা
bce16f1044	0b7ca	পার্টি
bce21037c1	b2a62	বেঁচে আছে কিনা
bce24760db	84145	শ্যালক দীপক
bce250fc3e	2ad74	বইটা যে অবস্থায় আছে
bce268b186	0f047	ম্যাপ দেখল
bce2704f95	e9589	তাঁর কাছে গেলে
bce2abc1fd	767ff	বাইরের দেশে
bce2d2b911	9813c	জায়গা-জমি দখল করে
bce3dafdd5	e8dde	বাঙালী মুসলমান সমাজ
bce426b9ec	e7230	নিষিদ্ধ' হয় আঁধি
bce438f9a3	0d8c1	ছবির দৃশ্যে
bce4623e76	7f2ef	ফেনীতে রেললাইনের কিছু অংশ
bce4ab1236	c11b1	বিজ্ঞাপনের দাবি পূরণের মতো
bce4b46a79	77f82	এ পর্যন্ত এগিয়ে রয়েছে
bce4ee2206	a1d4a	নির্ধারণ করেছেন
bce51a0994	7898e	মুর এলাকায় প্রায়
bce531ec7d	f2097	পরবর্তীতে রাজা ত্রিদিব রায়
bce5d248ba	22096	বাংলার মুসলমানরা ছিল
bce5d829bd	adf01	বা মাটির প্রদীপ জ্বালিয়ে
bce5d971c5	75f18	ঐতিহাসিক সম্পর্কের ব্যাখ্যা
bce62615ce	4a67e	যে পুরুষ নিজেদের নারীবাদী বলে
bce65cbd69	e89bb	সৃষ্টিকর্তাই শাস্তি দিয়েছেন
bce733cee3	0606d	সৃষ্টি করতে পারে
bce73865b6	577fa	উপস্থিত শিক্ষার্থী ও শিক্ষকদের অনেকে
bce75d1f94	1c618	ঢাকা বিশ্ববিদ্যালয়ের চারুকলা অনুষদ থেকে মঙ্গল শোভাযাত্রা বের হয়েছে।
bce76be5b1	05901	ধারণা নিয়ে
bce7945f50	ff970	আর কিছু উচ্চদরের কার্য্য
bce7a06a38	2840e	অর্থনৈতিক আচরণকে
bce7bb2fb1	95f83	প্রকাশ
bce814f06e	b5fdc	ফলিত গণিত ও তাত্ত্বিক পদার্থবিজ্ঞানে
bce8985a61	4f450	যা হবার হয়ে গিয়েছে
bce89c32b0	9d7bf	শওকত জানান
bce8fd2a1f	6e8cb	এমন কিছু যন্ত্রপাতি রাখা হয়েছে
bce90e525a	bdd05	বাংলাদেশের সমর্থকরা মনে করেন, শুধু দুর্বল দলগুলোর বিরুদ্ধে জয় নয়, শক্তিশালী দলগুলোর বিরুদ্ধেও তারা জয় দেখতে চান।
bce9457d34	16877	দুই মেয়ে সুস্মিতাসরকার
bce972a7cf	6aac8	সমর্থিত প্রার্থী এ এ মান্নান
bce9c6dcb8	c7705	পাকিস্তানি সেনা বাহিনী
bce9dfade4	4237e	অমিতাভ বচ্চন থেকে ধর্মেন্দ্র
bcea37f78c	e2ba2	জেলা প্রসাশনের পক্ষ থেকে
bcea9b60a6	8ba2b	এই তেলের
bceaa44dc2	0e637	বাংলাদেশ টেলিভিশনের জনপ্রিয় শিশুতোষ অনুষ্ঠান সিসিমপুরের চরিত্র হালুম, ইকরি ও টুকটুকিকে পুরো অনুষ্ঠানে শিশুদের আশেপাশে ঘুরে বেড়াতে দেখা যায়।
bceab1168c	b8fe1	আদর করিতেন
bceace1342	b08d0	আর কলকাতার একটি আদালত
bceae2f679	a1d4a	পাজের অনুরাগ ছিল
bceae58bbe	6da0a	অশ্বমেধ নামক স্তুতিতে
bceaf960f5	d136b	আনন্দ পেতে পারে
bceb47d46d	fcc89	অন্যের ঔরসে
bcebd7da34	8632b	থানায় মামলা না নেয়ায়
bcebe32716	d8c80	১০জন বেকসুর খালাস পান
bcec2a9c77	5e80b	এই সংকটের কারণ
bcec7c841f	46da4	নিজেদের সৌভাগ্যবানও মনে করতেন
bcec8d4e7b	0f047	যৌথভাবে তৃতীয় স্থানে আছেন
bcecc24ec0	ad050	করজোড়ে বারবার নিবেদিছে সুকুমার
bced383723	420df	উল্লেখ করে বলেছেন
bced5fb354	a916a	সুরেশের প্রেমও
bced84f6ea	2695f	আমি মনিবের বাড়ির মেয়ে
bceda370fd	1279e	আরো বেশি সময় ধরে
bcedb58e4b	616ec	রামপালে কাজটা করা যায়
bceeac7831	089ef	আত্মপ্রকাশ করে এই সংগঠন
bceeb13425	58998	উতোর-চাপান পাঠকের ওপর
bcef1e9713	6d129	বস্কের দোলাচলে ভাষ্য
bcef441aad	8a46d	জবাব না থাকায়
bcefccf6d2	13b70	ব্রিটিশ পার্লামেন্টে
bcefe7a085	bc81e	উদ্বোধন করা হয়
bcf025850a	2fc12	আজও আমাদের সমসাময়িক
bcf04a37c2	a06a1	ফ্রি উপদেশের জন্য ধন্যবাদ
bcf06f2cc3	9d46f	অবমুক্ত হলো
bcf144f8a0	13b70	চাকুরিজীবী, গৃহিণী
bcf16cbde0	7a227	পুরো ক্যাম্পে
bcf18b8115	c3cca	মূর্খের মতের বিশেষ
bcf2250628	ac0df	আমাকে আপনার সঙ্গে
bcf24c2637	52f27	দ্রুত উত্তেজনা কমিয়ে
bcf269613e	e2f12	আর মোর কেবা আছে
bcf2c454dc	3fc9d	পরিচালনায় নির্মিত
bcf2d8edd7	693cb	ব্যাপক শ্রোতাপ্রিয়তা পেয়েছে
bcf2e9b3be	18a52	তামিম ইকবাল
bcf2f50a45	a43b5	সিংড়া উপজেলায়
bcf3942242	9fa90	আবার কেউ তাকে
bcf3aa96af	2f547	এই প্রস্তাবিত রেখাটি
bcf41dad2e	c1e30	এসব পণ্য কিনতে পারবেন
bcf436cb2e	d7a68	এসময় দুই ভাই
bcf48057fd	7b132	জানা গেলেও
bcf50ac819	1cb75	এদের উদ্দেশ্য ভালো না
bcf545ea16	dfefa	কম পক্ষে সাত বছরের
bcf58a3114	2bd99	টি-টোয়েন্টি খেলেছে ভারত
bcf5c879ed	29d44	এর জবাবে
bcf6108b4c	43b04	তালেবানদের সাথে পাকিস্তান সরকারের
bcf6246cd1	f143a	মুক্তিযুদ্ধ গবেষণা ট্রাস্টের এই প্রয়াস
bcf6257ab9	4c1eb	পাওয়া যাইবে
bcf62efb53	93d3b	নিক্ষিপ্ত হওয়ার ঝুঁকি নিয়েছি বটে
bcf64bcaa8	12702	যখন আমরা বিষ্ণুপুরাণকে
bcf6cac224	e6752	জানায় নাই
bcf70026e3	dec2d	আসলে যে শিক্ষা
bcf7f87146	33aef	মন জয় করে নেন
bcf7fa96ae	323f1	পরে কথা বলি
bcf822f6fe	9b864	সেই লোকগুলি
bcf83c6d5e	7ec1c	শুরু হয় সাংস্কৃতিক অনুষ্ঠান
bcfa3293ec	321b6	সর্বশেষ ২৮ মে
bcfa5298a0	15a75	গামছা কাঁধে বের হচ্ছে
bcfa5f7bd4	23b22	সুব্রতর ছেলে সীমান্ত রায়
bcfab2a267	442b7	ব্রীজ
bcfb71f67e	ced74	২ জন ওয়াই এসআর
bcfbb9cb62	c5479	অর্ডার দিয়ে
bcfc0688fb	bd576	গায়ক হিসেবে
bcfd0001a3	c0965	টিউশন পড়াতে
bcfd3ece08	4fc91	দুটি প্রযুক্তি সামগ্রী নিয়ে এসেছে
bcfd692fd9	c3cca	এই ভায়োলিন তৈরি, সেখানে
bcfd7365a3	1de6c	তারা ব্যবহার করতে চাইছে
bcfd8e2968	287bd	ক্যারিয়ারের মধ্যগগণে এসে ‘আন্ধি’ ছবিতে রাজনৈতিক দলের নেতা হিসেবে কেন্দ্রীয় চরিত্রে দুর্দান্ত অভিনয় করে দর্শকদের হৃদয় জয় করে নেন সুচিত্রা।
bcfe8d321f	0f047	একজন রাজাই বলা চলে
bcfee38f64	4c555	এবং বয়সের কারণে সৃষ্ট
bcff46a50f	d136b	দীর্ঘ সারি
bcff5c1dae	23b22	চিলি
bcff92f773	b9b98	মাস আর্ট আমরা যাকে বলি
