bf00069ec7	e9589	মোবাশ্বের আলী
bf002f94ba	cb842	বৃষ্টি ভেজা রাত
bf006c5cdd	91223	বাংলাদেশের অভ্যন্তরীণ এবং পররাষ্ট্রনীতি আঞ্চলিক দেশগুলো, বিশেষ করে ভারত দ্বারা প্রভাবিত।
bf0097b1ec	d41be	থাকতে পারব
bf00d06ef8	dafb6	গায়ে পতাকা জড়িয়ে
bf01038283	d8c80	আর পলক পড়ে না
bf0132ddaa	cf82a	লংমার্চের সমর্থনে বুধবার
bf016ee887	9b864	এই কেলেঙ্কারিতে জড়িয়ে পড়া
bf01f9c3de	1b359	ভাড়া নিতে পারি না
bf0210dee3	bf530	অতিরিক্ত পুলিশ সুপার মহিদুল ইসলামসহ
bf023dc62a	9f25e	আখাউড়ার থানার উপপরিদর্শক এবং মামলার তদন্তকারী কর্মকর্তা মো. আবদুল আওয়াল জানান, নিহতের নাম ঠিকানা এখনো পাওয়া যায়নি।
bf02d113c7	92bd8	একটি চটি-জুতোর ভিতরে
bf02d6bf8f	e00db	আমার অন্তঃকরণে
bf030dca7c	c5479	খুবই কম
bf036fcec0	2f547	ঘুরে বেড়াই
bf03956ce4	d41be	সারা পৃথিবীতেই জনপ্রিয়
bf0489db4a	b8bdd	বিশেষ কিছু ঘটনা
bf04e765f5	44322	মাঝামাঝি থেকে
bf05516382	6fb36	শিশুকিশোরদের জন্য
bf05d920d8	32c77	এখানে মাটি শক্ত
bf06a6face	05901	খেয়ে শেষ করল
bf06fe161f	1652d	৩ কর্মকর্তা
bf07cd60d6	91b16	পূর্ণিমার রাতের বাড়তি আলো নয়
bf07fdd4bd	42898	লিখিবার স্থান করিতে
bf08ad03c6	aabe7	ম্যাচের শুরুতে
bf08f5acff	49d63	এবং জাতিসংঘ
bf0a0764c7	7898e	অস্ট্রেলিয়ায় কুকুরদের মধ্যে
bf0a6eddf8	e43d4	যৌতুক হিসেবে
bf0ab00209	7d133	১৯৬৮ সালে ৩ জানুয়ারি
bf0afebae9	cb1aa	এই সময়টা চুল খুশকিমুক্ত
bf0b3e4950	0744c	তাদের মূল দাবি
bf0b568c95	7ee9b	দোষ দিতে পারি না তাঁদের
bf0bad897c	a1d4a	শিলিগুড়ি
bf0bc65a15	f2097	তারা নির্বাচনী ভাষণে
bf0c2e4045	0744c	মুখোমুখি হতে হবে না
bf0c4b2e14	bdd05	উচ্চ আয়ের লোকের ওপর
bf0d37dfbd	1652d	আসাদকে কালীগঞ্জ স্বাস্থ্য কমপ্লেক্সে
bf0d3f78ef	4237e	সেট থেকে
bf0d8140a7	06527	এক বৃদ্ধা বলেন
bf0daeb216	11de3	আরও জানা গেছে
bf0e2e96f1	967fd	ঢোল গিয়েছে
bf0e455a1b	37e17	আমাদের মানে
bf0e534dca	80539	জিরো পয়েন্টের দিকে
bf0e6f0bdf	5639c	শঙ্খ
bf0ea8d841	f29bf	বৈঠকে যুক্তরাষ্ট্র ও এর মিত্ররা
bf0ee2b967	f83df	বাঁচতে চাস
bf0f69a3af	16cfb	টরেন্ট
bf0f9d6f77	c41d8	নানাবিধ অনুভবে
bf0ff9b631	9b864	সরাসরি ট্রেড ইউনিয়ন নেই
bf107a7a95	18a52	নিজেদের সামর্থ্য অনুসারে
bf109d3992	ca831	অনুপ চেটিয়া ১৯৯৮সাল থেকে বাংলাদেশের কারাগারে রয়েছেন।
bf10c08e1e	7df87	তিনটা প্রাইভেট মাস্টার
bf10e52edd	967fd	তিনি আর মাঠে নামতে পারেননি
bf10f36ae1	e6e48	কুকুরের দাঁত
bf1114865f	80539	বিজয়ের মধ্যে
bf1152156b	09f0d	বছরের ২৮০ তম
bf11a06bfa	11915	নির্ধারিত ফরম পূরণ করেও
bf11f06982	6da0a	করা হয়
bf1243c684	8cf95	নেতা-কর্মীরা সমবেত হয়
bf12600f6e	4f450	নেতৃত্বে
bf12a760c5	d711f	বাংলাদেশের চেয়ে
bf12f222f8	43b04	পঙ্গপালের মতো মাছগুলো এসে
bf1304b235	7027a	দেশের হয়ে
bf137aacc8	ea5be	এবং সাহিত্যামোদী ছিলেন
bf137c830d	2b883	এই চারি জন মাত্র জীবিত রহিলেন
bf13cb9c9a	07660	আর কিছু নেই
bf14763d2b	3bb15	চিকিৎসকের সেবায়
bf14f3e8b7	ee886	১৪ দশমিক ৩১ শতাংশ
bf14fe05fa	db181	৪ লাখ ৬৭ হাজার ৫৩৪ জন
bf1500e058	536d9	চাপা উৎকণ্ঠা
bf1501e053	ac0df	পুনা মাছের ঝাঁক আসত
bf150a8b27	8ba2b	পণ্ডিতমশাই দুহাত দিয়ে
bf1594ccc0	b8ed8	হাঁপিয়ে গেলুম
bf15e805a4	ec91c	কোন দেবীর কাহিনী নিয়ে রচিত
bf15ef1f03	7a227	ঐ পত্রিকায় প্রকাশিত
bf16154bc9	80539	দ্রুত অন্ধকার
bf16570e1f	6e6fa	ঠিক সামনে
bf16b060de	8b859	সিল করা ফুডগ্রেড পলিথিন
bf16d5461f	43fc0	স্বরাষ্ট্র প্রতিমন্ত্রী বলেছেন
bf174b71b2	37d7e	ইতিহাস বিকৃত করা
bf18d36f8e	06527	করতে পাঠান
bf192f81e0	f837a	দুই ডিফেন্ডারকে ফাঁকি দিয়ে
bf19562a6e	ff0fe	অন্দরের মানুষ হতে পারে না
bf19bfb90c	49d63	টেস্ট খেলার ওপরই
bf19db7690	f2097	ভাইকিং অভিযানকারীরা
bf1a1f6239	ee4ad	অ্যামিকাস কিউরি
bf1a763320	6ee5f	আমরা এখানে
bf1a83260e	2c9c5	আমাদের পাড়াতেই
bf1acc081b	b8ed8	জীবনে-মরণে
bf1adce271	83c53	নানা বিষয়ে
bf1b17f631	e6d83	৫০ হাজার সেনাবাহিনী
bf1ba019c2	0696e	সিনেমাটি প্রযোজনার কাজ
bf1c249741	33aef	সেমি-ফাইনালের টিকেটের সর্বনিম্ন ১০০
bf1ca99694	a916a	মাহবুবুল হক শাকিল উপস্থিত ছিলেন
bf1f0399dd	3fae0	কলেজ-বিশ্ববিদ্যালয়ের শিক্ষার্থী
bf1f03f272	6c17f	পূর্ববাংলার মুক্তি আন্দোলন নিয়ে
bf1f2910b6	9e923	লাল কার্ড দেখেন
bf1f2a0d4f	c7a89	সে প্রসঙ্গে আসছি একটু পরেই
bf1f808ed7	f1240	মুক্ত জলরাশিতে
bf20cb6f79	d2d71	এলাকায় ও কেনিয়ার উত্তরাংশে
bf212cd9f9	8ba2b	তারা এখন
bf213007eb	06e62	দুই দশক ধরেই অবৈধভাবে রোহিঙ্গারা এসেছে, যারা শরণার্থী শিবিরের বাইরে কক্সবাজারের বিভিন্ন জায়গায় ছড়িয়ে পড়েছে।
bf21c38e5e	2695f	তার মা বেনজির ভুট্টো ১৯৮৮ থেকে দু দফায় পাকিস্তানের প্রধানমন্ত্রী হয়েছেন।
bf221128f4	bbb22	নীল-দর্পণ তাঁহার প্রণীত
bf225e3ba4	16a17	কয়েকজন ছাত্র-ছাত্রী
bf226d19ad	92f59	আইরিশ ও স্কটিশ অভিবাসীরা
bf2277ec90	5354e	এটি রান্না করা যায়
bf22daa40d	16877	প্রত্যক্ষদর্শীদের বিবরণ
bf22e49eef	0606d	বিদেশি প্রভুদের
bf22e82d00	520fb	সমস্ত সন্দেহ
bf23449a93	80be1	নিরাপদ মাতৃত্ব
bf23d61090	0c39f	এই সাবানে যে রাসায়নিক থাকে
bf241c43cd	5639c	সেখানে চলে আসবে
bf24b333e1	3c897	সেই প্রশ্নের
bf24f45bf6	195f7	তিনি অহিংস গণতন্ত্রবাদী
bf26bc2b43	dfefa	এই ১২২টি জিনিস
bf272b8762	ad2a0	সুর ও সংগীতে
bf2753b185	49543	আমাদের বাঙলা-সাহিত্য
bf276fbd2c	f2b7d	তাকে গ্রেপ্তার করলাম
bf27d0a798	4fbd1	বেদে যা কিছু লেখা আছে
bf27d7f7a2	2bd99	শাদ সফর করেন
bf27fd86e8	80e98	সংখ্যা দ্বিগুণ হয়েছে
bf2828e11a	2ecf8	ওয়েবসাইটটি ভিজিট করে
bf28aeccff	75626	উপায় নাই
bf28bdbf33	29d44	কিছুকে পরোয়া করে না
bf292d660f	eecdd	সিলেট, খুলনা, নারায়ণগঞ্জকে
bf296663eb	43b04	পাঞ্জেরী
bf2984f09e	e55de	পূর্ববর্তী বংশগত
bf29dbcabb	3d17c	অ্যাকাউন্ট
bf2a0fb0c6	b9b98	উপস্থিতির আশা করছে ইসি
bf2a675323	2ecf8	নিজেকে বিসর্জন দিতে শিখলাম
bf2ac59767	c463d	বিপিএলের ভবিষ্যৎ কি
bf2afb6cb8	0606d	আবার স্বীকারও করে
bf2b046aac	b00ba	৬ উইকেটে হারিয়ে
bf2b054d1d	d2d71	বের হতে ইচ্ছা করে না
bf2b13265e	bd576	হোল স্টিম ফিশ উইথ লেমন
bf2b1f8d44	9092b	ভাবা হলেও
bf2b4699c6	7ee9b	জন্ম ২ জুন, ১৯৮০
bf2b85b151	d136b	স্থানীয় সংবাদ মাধ্যমগুলো বলছে
bf2bf41007	9d7bf	জানানো হলে
bf2ce792c5	43199	গ্রামবাসীরা এই আনন্দে নিজেদের মধ্যে মিষ্টিও বিতরণ করেছে।
bf2d1147e9	7ed14	তার সেই নির্মাণ না হওয়া
bf2d667249	0a7a0	নোকিয়া এন্ড্রয়েড
bf2de60dfa	80be1	কারণ সেখানে একটি
bf2deaff2f	dba43	আজকাল
bf2e101021	943de	বাড়িতে ছিল
bf2e52d201	23291	ইহা মৌলিক মহাভারতের অংশ কি না
bf2e625957	f658d	পরিচালন পদ্ধতি
bf2e7e9231	8c120	মহাশূন্য থেকে পৃথিবীতে এসেছিল
bf2ebc6e24	f143a	মামলায় শুধু
bf2f26c283	5354e	কখনো হোটেলের পানি খাবে না
bf2fb662d7	4e900	তিনি রবীন্দ্রসংগীতানুরাগী
bf2fdaf363	0bace	এটা কৃষকের পেটে
bf2feaf468	da6f0	তারা তিন-জনেই
bf2febc9b1	7027a	শুল্ক প্রদান করেছে
bf300af8b2	f2780	১৯৯০ সাল রচিত
bf303c82a6	4c555	কোনো দর্শনে পরিচালিত হবে
bf3052f72f	7297e	বিরত থাকতে হয়
bf30604396	b618b	কোতোয়ালি থানা এলাকায়
bf309babd7	43199	সাগরের জল থেকে
bf30f165f3	dafb6	অনুপস্থিত থেকে যায়
bf31612064	a9a58	বাড়িটার মাটির নিচের
bf3184d6c7	e3d8b	আবার অনেক ক্ষেত্রে
bf31b9617a	536d9	পরিচালক রাফাত বলেন
bf31e094cf	d1b12	শুধাবো কারে
bf31fea495	c958a	সবকিছু রয়েছে
bf329c344e	11de3	আমির শের আলী খানের সিলমোহর
bf329c648d	323f1	প্রথম পরিবারের পক্ষ থেকে
bf329db7cf	256f5	এ ব্যাপারে গুগলের একজন মুখপাত্র বলেন
bf32a04dc8	bc81e	মূল নাম জানতে পারলাম
bf32c5a0c9	9092b	কী করে
bf331b66a5	c6848	সাম্প্রতিক হত্যাচেষ্টার আগ পর্যন্ত
bf332eb3fc	23291	ব্যর্থ করে দেন
bf340cf00d	2695f	বেহেশত
bf34d43e70	239f7	নিজ নিজ সংস্থাগুলো সভা করে
bf34dd0259	13b70	অগ্নিসংযোগ করেছে বিক্ষুব্ধ জনতা
bf35354def	2d78f	ঝাঁজ থেকে
bf35451dd4	fd880	এই প্রকল্প কাজ করবে
bf357aa28b	25117	বুধবার সকালে
bf369cf821	25117	এ লেখায় সন-তারিখের
bf3721ae3f	948d3	দস্তুরমত খেপে গেলেন
bf3739a5e7	730c3	ওয়েবমাস্টরদের মাধ্যমে
bf3761c757	8406e	পাল্লা ভারী
bf3836f33d	e7230	এদিকে জানা গেছে
bf38498aac	7d004	পাগল মধুকর
bf387631d1	e754e	অনুভব করছি
bf3889ab42	11de3	কিন্তু এ অঞ্চলে
bf38a83cfd	5d12f	বিষয়ীর এই প্রকৃত আদর্শ
bf38b74b1b	03284	কঠিন লৌহশৃঙ্খলের
bf397a72fc	616ec	শাজাহান মাস্টারের ছেলে
bf397ecea7	b9122	তা নির্ভর করে
bf39f60e94	cc9fd	বুদ্ধদেব বসুর ছোট ভাইয়ের সঙ্গে
bf3a0d4c4f	29d44	তালাইমারি মোড়ে
bf3a1f6849	b8ed8	এই লং মার্চ
bf3a5aba8e	4164f	ঢাকায় নিয়ে
bf3a9141d0	9c8dd	তার তাৎপর্য বোঝার জন্যে
bf3aa83f4e	9d46f	দেশের সব প্রাথমিক বিদ্যালয়কে
bf3b0757e1	56508	বস্তাবন্দী একটি লাশ দেখে
bf3b47369f	a9a58	তারা অভিযোগ করছে
bf3b8dc04f	0633a	হিজড়ার কোন লিঙ্গ পরিচয় নেই
bf3bde4243	10a9f	আধুনিক বর্ষপঞ্জি অনুসারে
bf3bff9539	7ed14	তাদেরই সমাধান করতে দিন
bf3d0ef86e	2bc73	পক্ষে শুনানি করেন
bf3d19308f	b8bf0	অনুষ্ঠেয় এই মেলাকে
bf3f073ce6	72649	এই দর্শকদের মধ্যে
bf40112e5a	870e3	এবারে প্রকাশিত হচ্ছে
bf401f0211	1652d	চুরচুর হয়ে
bf40204a3a	f1240	আলপনা আঁকা হবে
bf40532410	880ae	সাড়ে ১১ শতাংশ বাড়ানোর
bf419b9ccb	15a75	পূর্ব লন্ডনে
bf42f5f0cf	4237e	অ্যাকোয়ারিয়াম, জলচর প্রাণী
bf4369b7e7	3fc9d	যে চুড়ি পরিতে
bf43e3afec	e03ce	বঙ্গবন্ধু যাবেন
bf442c2e42	11915	আঞ্চলিক পুলিশের একজন মুখপাত্র
bf44b1a599	9092b	যাত্রা শুরু হয়েছে
bf44c33298	d82d9	নতুন এই সাফল্য
bf464259ff	f6e55	পৌঁছেছেন কর্মকর্তারা
bf46a0ecaa	1cb75	শুরু করেছে
bf4728bfdb	5dd61	ইতিহাস অনুসন্ধানীরা
bf4738b26b	db181	ছবির প্রযোজক পিন্টু দা
bf476b46ba	5639c	আকিব জাভেদ
bf47bebb48	80518	প্যারিস বৈঠকে
bf48289868	7b132	তাফসীর
bf48918960	bcaa8	এবং ভারতীয় চিত্র-শিল্প
bf4977ba3e	b00ba	শক্তি এবং সাহস
bf49d48a37	aabe7	সাবেক সভাপতি জয়নুল আবেদীন
bf49ffffee	d1a48	আড়াই লাখ ডলার সহায়তা করে
bf4a33a098	38ff0	বাংলাভাষার একটি উত্কৃষ্ট উপন্যাস
bf4a3e396f	16877	চাকর বললে
bf4aeb910a	d1a48	তার আশেপাশের এলাকাতে
bf4b1c9b51	e2ff7	দেয়ালের দিকে
bf4b4fd1f9	ea8fa	বন সৃজন ও রক্ষার্থে
bf4b50b5cd	49d63	আমি ও ঘরের দিকে ছুটি না
bf4b6433ba	8143b	দুই রকম
bf4b6eb899	948d3	এই ভাবপ্রবাহের মূল প্রতিপাদ্য
bf4b9cf9ec	4f2ae	তিনি হিন্দু ছিলেন
bf4bca9b8f	1e7c7	যে মাসে নানা
bf4beb9a4f	aabe7	২২৩ রানে
bf4c5c28e4	4bede	সমাজে সত্যিই বিরল
bf4c6a8be2	25117	ব্যবহারোপযোগিতার কোনো ব্যত্যয় হয় না
bf4cbca4d0	ee886	২০টি বাংলাদেশের সমান
bf4cc70534	d2faf	আশ্রয় দিল
bf4d47f8da	0d8c1	মরদেহগুলোর ডিএনএ প্রোফাইল
bf4d9bdd27	7b103	ঐতিহ্যগতভাবে বৈদিক জ্যোতিষে
bf4e3f2ae3	f83df	মিস ফাতেমা বলেন
bf4e83b655	68549	শুয়ে আছে দুজন
bf4ef18fcd	c749e	রাত্রে নৌকা চালনা হইতে
bf4f1b1770	7b132	বিভিন্ন রাজ্যের
bf500f04a8	903fa	বাংলা ছায়াছবি
bf50fb4dcb	5354e	সঙ্গীদের সকলকে
bf51ea7819	4a67e	বাংলাদেশ ক্রিকেট বোর্ড-বিসিবির নিরাপত্তা কমিটির চেয়ারম্যান মনজুর কাদেরও সেরকমটিই মনে করেন।
bf5217b0a0	60b9d	আবাবিল পাখি
bf526ebba3	77f82	বিষয়টি আশেপাশের লোকজন
bf5289fc10	f658d	হ্যাপি যখন ক্লাস নাইনে বা টেন-এ
bf5309e9bb	b618b	দিনে ইন্দ্ররূপী সূর্যের
bf5338953b	6b437	শিল্পও তো বেশ
bf533bc897	4c555	সাথে গিয়েছিলেন অ্যান্ড্রু নর্থ
bf5359f441	06736	দ্বিতীয়বার আবেদন করলে
bf53f09098	d71a3	জিনিয়া আয়শা খালেদ আলী ছিলেন
bf53f7bed4	7b60a	আবুল হাসান আহমেদ জুয়েল
bf5413885c	23b22	এশিয়ান ট্যুর শিরোপা
bf5511d32b	6ab59	একটি প্রেমও
bf5519f021	39dd0	এক হাজারের বেশি মানুষ
bf553ae2a4	698ff	আব্দুল জলিল
bf558a43e0	9d7bf	শেষ দক্ষিণ আফ্রিকা সিরিজ
bf558cac41	086dd	অসম্ভব রকম মেধাবী
bf559b14ce	23291	তা সহ্য করব
bf55ab467b	ea5be	প্রধান উপাসনালয়
bf55d4e20c	7e1d5	উমাচরণ দাসের মত
bf56206113	6dff5	বাংলাদেশ সংলাপে
bf56a8fd60	6d129	জমা দেবেন চলচ্চিত্রটি
bf57017e35	b8bdd	এই পরিশ্রমী লেখিকার প্রতি
bf57e5ad4a	f4ba7	আমাদের পারিবারিক ভ্রমণে
bf57f9cf4d	ee886	খুব ভালো ফুটবল হতো
bf582b2823	6973e	ঘটনাটি ঘটেছে মার্কিন যুক্তরাষ্ট্রে
bf58571637	73629	এখন থেকে ইরানের
bf58c0012d	e7230	কিন্তু আসলে টেনশন করে
bf5992b7b4	e55de	কস্তা চোটে ভুগছিলেন
bf59c007d6	3bea8	সামনের সপ্তাহের নির্বাচনে
bf59d44467	b52ab	বিক্ষোভ করছে
bf5a0d3a84	5e80b	৬৪ জনকে
bf5aacc543	ced74	তবে রাজনৈতিক কারণে নয়
bf5b2d2bbe	d711f	মামলার সংখ্যা দাঁড়াল ১১তে
bf5bdbeb28	7b132	বিদেশি মুদ্রার মজুদ থাকতে হয়
bf5bfd656f	121bd	বহু বহু দূরে
bf5c04fc8b	b8bba	রোটারি ক্লাব অফ চিটাগাং ইস্ট
bf5c3abb12	9c8dd	যে সুযোগ ও সুব্যবস্থা প্রয়োজন
bf5c86b3fd	1f733	লিমন কোনো কথা
bf5ce34578	d5f7b	পোস্ট গ্রাজুয়েশন
bf5d08f919	b00ba	কত দুঃখ, বেদনা
bf5d3bb5a2	d136b	বুলবুলের এক চোখের দৃষ্টি
bf5dd49441	f143a	সেসময় খেলতেন
bf5e24b2c1	75936	তখন না হয়
bf5e3ba0c9	1652d	তিস্তার জলবন্টন নিয়ে
bf5e9d4ae7	b8bba	যদি পুরুষের চোখে
bf5ec35aaf	f83df	বর্ণবৈষম্যের অবসান
bf5f221284	43199	আমার সহপাঠীরা
bf5f2b7d00	e2c11	বইপত্র ঘেঁটে
bf5f6c171d	aabe7	সমৃদ্ধ বিশ্বসংস্কৃতি চাক্ষুষ করলাম
bf5f6f3705	a43b5	আরব আমিরাতসহ
bf5fcfefc6	e2f12	তামিল মুভি
bf5fe46e0e	b8ed8	ব্যবসা-বাণিজ্যের অবস্থা
bf601145cb	6fb36	এদিকে বুধবার
bf6030d834	a46e2	মুরগী
bf604682c3	91dff	ভিজিল্যন্স ও অবজারবেশন টিম
bf6047bf4d	809cd	আরবি ভাষায় এম এ পড়ে
bf612162f2	f1ea4	অন্যদিকে বিএসএফ
bf61343692	c7705	মঙ্গলবার মন্ত্রণালয়ে
bf6147aa41	dfefa	বিমানটি সম্পর্কে
bf61637c74	d9817	রাত্রের ঘটনাটা বললে
bf616840ef	e7230	জার্সি গায়ে দেয়
bf618d854c	46da4	নোয়াখালী জেলার
bf61a4099e	fbb81	দশ বারো হাত অন্তর
bf61aa085f	536d9	তারা সাধারণ মানুষ
bf61ac9e0e	35ef3	রেডিও স্টেশনটি সনাতন
bf61dc2dcd	351dd	সেখানকার দরজা-জানালা
bf627f2bb5	16877	শরিক হবেন
bf62e4c5ba	7c272	পুলিশ ঈদের ছুটির মধ্যে
bf643ee226	1f733	প্রাথমিকভাবে এটিকে
bf64bc1192	16877	কর্মস্থল সৌদি আরব
bf65328ab2	12702	বেণী ভায়া, বেণী ভায়া ও শিখেহো বলিয়া
bf65541bf5	1e7c7	কিছু জানতে দেননি
bf65d3090e	0d9f1	চরম শোচনীয়
bf65d497eb	80e98	সেখানে চুপচাপ বসে আছে
bf65dc68b1	dec2d	নির্বাচনের ফলাফল পূর্বনির্ধারিত
bf66016415	2d98b	টাকার দাম কখনও
bf66710406	351dd	খেলার ফলাফল
bf66ca9851	09f0d	সুপারি
bf6772f4ed	13b6a	কেবল ধ্বংসের নয়
bf67739c14	ad050	একদলের গুন্ডাদের
bf6788db89	16877	বিভিন্ন এলাকায় চলছে
bf6897fa3f	69d9a	অধ্যাপক মেরিয়ার্টি
bf68a91679	adf01	আব্দুল ওয়াহিদের মেয়ে আফরোজা
bf68dc7504	b9a81	চশমা
bf68f6625d	355c1	স্বল্পদৈর্ঘ্য নামে ডাকাডাকি করেছি
bf6941a5d2	4fd66	দলের জ্যেষ্ঠ কয়েকজন নেতা
bf696807c0	25696	অনেকের মতোই
bf696b2e8a	e6d83	যে সংখ্যাটা আগে প্রায়
bf69a43a6c	e43d4	২০০৭ সালে এপ্রিল থেকে
bf6a057b4a	e03ce	তাঁর ব্যাপারে
bf6a9459e2	086dd	মৌখিক ভাষার ক্রমবিকাশ
bf6ac447af	3fb17	ঢাকা মহানগর ম্যাজিস্ট্রেট
bf6b15b57f	f0f95	গুম করা হয় বলে
bf6b692dcb	967fd	নাঈম ইসলাম
bf6be71161	fbb81	বড় পতাকা তৈরির
bf6c3174ca	9c8dd	অন্য এলাকায়
bf6c5c6cce	e8dde	থানায় পড়ে
bf6cb25072	ff1c3	কিন্তু আইনে
bf6d16d6b1	e68af	তার প্রেমে পড়ে যায়
bf6d3d8103	ad69a	টেক্সটের অক্ষরমূল
bf6d41832e	7a227	দুধের মধ্যে
bf6d6779a8	f83df	অন্যমনস্কতা
bf6d6a69f8	9642e	আমি মনিবের বাড়ির মেয়ে
bf6d9626b6	7027a	তিনি ভয়ে চলে আসেন
bf6e87446f	59c73	ঘোষণা করা হয়
bf6eaa6fb8	520fb	সরে গেলে
bf6f9eea0d	ee886	অন্তরঙ্গ শক্তি যোগমায়া
bf7068b020	5639c	কোন কোন দেবতার নামও
bf70747281	e68af	সন্দেহের তৃতীয় কারণ
bf7107d7c0	e31e7	ক্ষতিকর জীবাণু থাকতে পারে
bf713db128	d3e06	অপেরা মিনি দিয়ে ফ্রী ইন্টারনেট
bf716d07bc	3ec4d	যাঁর মাধ্যমে
bf7184272a	c11b1	প্রতিমুহূর্তে পাপারাজ্জিদের চোখ থাকে
bf71b3ae89	cb842	ওদের চা দাও
bf71c03faa	91ac1	তবে সরকারের ভেতরে
bf71e21263	3ec4d	মুখ থুবড়ে পড়ে যেতে চলেছে
bf721b16ee	c8f7f	মাদারীপুরগামী রূপসা পরিবহনে
bf72640d14	698ff	অবক্ষয় ডেকে আনে
bf728feb37	0a87a	পুরুষের চরিত্র
bf72bc6129	d2faf	তার কার্যালয়ে
bf7334cc04	2bc73	সামাজিক যোগাযোগের মাধ্যমগুলোতে
bf735913f3	4fc91	করা উচিত
bf735d92fc	2aecc	তিনি শীর্ষস্থানীয়
bf736f8254	323f1	বিক্রেতাদের সঙ্গে কথা বলে
bf739b7af3	bfac7	মনিরকে আটক করে
bf74014adc	2fc12	ইংলাক চিনাওয়াত
bf7473276c	9d46f	কারাবরণ করেছিলেন
bf747a097b	f83df	কিন্তু তারা
bf7575a010	4fc91	শান্তনু রাজার
bf76268c46	c8f7f	সংরক্ষণ করা যায়
bf772219a8	1cb75	২৪০ টি বলের ওপর ভর করে
bf77d83d52	4e900	প্রথম পরিচালকের দায়িত্বভার গ্রহণ করেন
bf786f466c	4fbd1	বাস করে ভদ্র বেশ্যা
bf78813112	f9dfb	মানুষ সুন্দরের পূজারি
bf78830cf6	c6848	তা নিয়েও অনেকেই
bf789bd373	4e900	এই মামলায় দ্বিতীয় দফায়
bf78cab643	e9fa7	নতুন করে আইনি ব্যবস্থা
bf791c1925	6fb36	শেষ পাতা পর্যন্ত
bf79993c4a	4fc91	থুতনি রেখে চেয়ে আছে
bf79d1a376	1a4a9	পা ফেলা ভার
bf7a19164a	7b103	বহাল রয়েছে
bf7a85d428	e9fa7	মেলা,সার্কাস
bf7a9a7db7	aab0f	পাশাপাশি ইংরেজি মাধ্যমের
bf7adf137a	cd3ac	উইকেন্ড প্লে’র যাত্রা
bf7b168b4c	1e7c6	পাঁচটি আঞ্চলিক বোর্ড রয়েছে
bf7b26ac64	7d004	একদিনে ৩ দশমিক ৭৩ শতাংশ
bf7b950727	4bd2c	প্রায় ৪৩৯৬ বর্গকিমি
bf7c2e8ab6	2ee04	হারিয়ে যাচ্ছে
bf7d02ac10	0f047	হতে পারেনা
bf7d99a8c7	85430	ট্রেনের দুই চালক প্রাণে বেঁচে গেছেন।
bf7db61bf9	13b6a	কোনো সীমানা
bf7dfee548	2d98b	তার জন্য নিয়ে যান
bf7e4c74a0	ee852	ছেড়ে দেওয়া হবে
bf7eb80894	c41d8	আজাদী
bf7f71eb6f	12702	আমরা প্রথম ঘন্টায়
bf7fb74294	9e923	উচ্ছ্বসিত প্রধানমন্ত্রী মনমোহন সিং
bf808f1225	7f2ef	ব্যবহার করেন
bf80dd3135	536d9	এর বিপক্ষে ভোট দিয়েছে
bf819b6f60	4fd66	ভূমিকা ও কার্যক্রম
bf81cc5a4e	321b6	বাংলার নবেল উপন্যাস শুধু
bf81cfe076	adf01	লেখক-বন্ধুরা, অনুরাগী পাঠকেরা
bf81fc4c54	0e637	কেটে ফেলা হয়েছে
bf82a8270b	31f2a	আমেরিকার সিভিল রাইটস
bf8362e3c1	4a67e	ফেসবুক, টুইটার সহ
bf83941e75	e9759	ভূতেরা বলল
bf83a29b06	2fc12	মারধর করতো
bf83cec8c3	75936	গুপির আর বাঘার মনে
bf8457e9d5	5d12f	আগামী বছরের শুরু নাগাদ
bf84910b0a	fcefa	ট্রাঙ্কটার মধ্যে
bf84f8031c	aa820	একটি চায়ের দোকানে বসেছিলেন
bf851be3fa	8406e	আসন সংখ্যা দুই হাজার ৮১২
bf85259e8b	fdcba	তপন সিনহা ‘ক্ষুধিত পাষাণ’ নামে
bf85878653	23b22	যেসব কার্যক্রম চলছে
bf85a0b3b0	e9589	এই কুরুক্ষেত্রের যুদ্ধ
bf86482600	8a46d	খারাপ হয়
bf86531a45	967fd	একটি গ্রন্থি যা সিকামের
bf8732d647	c749e	অধ্যক্ষ স্যার আগের চেয়ে আরও
bf87766146	bbb22	সংসদের এই অধিবেশন
bf87acdd7d	6b437	গত ৬ মার্চ বাসা থেকে বের হওয়ার পর নিখোঁজ হয় ত্বকি।
bf87d9db03	b8bdd	যেন পৃথিবীর তাবৎ
bf880d4db4	a3a6d	সামান্য পানি দিলে
bf8848b5ae	4c555	তছনছ করে দেওয়ার দিকে
bf89cb0605	520fb	ঐ খেলোয়াড় মাঠের
bf89d4e919	93080	এতদিন পর্যন্ত বোর্ডের প্রেসিডেন্ট
bf89e060d9	1e7c7	পাঁচটি উইকেট নিয়ে
bf8a18d41b	61820	কোন বিবরণমূলক বাক্য
bf8a498e7d	aa820	শিকড় থাকে অনেক গভীরে
bf8a4d160f	c749e	তামিল ছবি
bf8a8d2e92	47e8d	প্রশ্নগুলো ভালোভাবে দেখে নিবে
bf8ab5649c	420df	একটি নদী
bf8bcfb871	e2c11	আকাশের হেঁটে চাঁদটিও যায় সেখানে
bf8be9d590	b9122	কলসি কাঁখে পুকুরে যাবে
bf8bed7ec8	f143a	প্রধান করতে পেরে
bf8ca45f3f	ff1c3	কুকুর
bf8d7a99f2	31f2a	সামগ্রিক বিষয়টি
bf8e277a97	09f0d	এই ধুলোবালির কলকাতায়
bf8e2e24d3	06ea3	অপরিবর্তিত রয়েছে ২৯টির দাম
bf8f24b225	d9081	সূত্রপাত ঘটে
bf8f61da08	e6203	ঢাকা ও চট্টগ্রামের সঙ্গে
bf8f8590b6	76329	থেকেই মূলত আধুনিক
bf9034a8c2	7a227	মেলানো হয়েছে
bf9050a2f1	c41d8	আর্সেনালের পরেই আছে এভারটন
bf9061957c	2ee04	বন সংরক্ষণ দুরূহ কাজ
bf909a8252	21e54	প্রতিবেদনটি দিয়ে আসেন
bf90a23a10	71522	বেশ ভালই চালাচ্ছ
bf90a78be6	f0f95	আগুন দেয়ার চেষ্টা করলে
bf90c73f1c	a274b	এ ভ্রমণে জনপ্রতি খরচ হবে
bf9128003d	24f73	অবতার বলে
bf9169d446	2bd99	একটি আমার এক
bf916ce4fc	91b16	চালু করতে চলেছে
bf919f1fc1	6973e	তবে ফিরবাম
bf928d9660	4a918	বাংলার কিং খান
bf92911f64	2bc73	দ্রুত সরে পড়েন
bf92b1cfb4	16877	কথা হলেও
bf931921b6	68549	নতুন পোশাক
bf938972a3	ec91c	অভিযোগ প্রমাণ হলেও
bf949694c5	d2d71	অকারণেই খাতির করেছে
bf94a55e59	536d9	যান চলাচলও বিঘ্নিত হয়েছে
bf94feefae	98b81	তাঁর কবিতার
bf95d91c9b	a43b5	পাঁচকড়ি দে ১৮৭৩ খৃষ্টাব্দে
bf96219259	e89bb	ঝি
bf9686bd31	db735	মেঘের উড্ডীন দ্বীপে
bf96bf6313	4164f	মাইকিং চলছে
bf9769f801	c3cca	বিশ্বস্ত থাকার জন্য
bf976eeac3	b2a62	৫০ শতাংশ বেড়েছে
bf97cec249	59c73	ব্রাজুকা
bf97f457a2	eecdd	আজ সামনে দেখে
bf98198715	58998	বালকটির উপরের অংশের সঙ্গে
bf98ab457a	430b2	তুমি এই কৃত্যাকে সংহার কর
bf98b8411e	92f59	উর্ধ্বশ্বাসে দৌড়িয়া
bf9909c0e1	430b2	জাপানিরা এবার
bf99605faf	d9ba9	রাষ্ট্রীয় শোক চলছে
bf9a23928d	17ca1	ছটফট করছিলেন শাহীন
bf9a878ffd	ce180	সূত্রাপুর থানায়
bf9af4a5ab	6973e	মশলার ঘ্রাণ গড়ে রাজ্যপাট
bf9b3c4ed1	60f77	আপনার মনের মাঝে
bf9b913c98	9e923	সাংবাদিক সমাজের একটি অংশ
bf9bdef14c	239f7	এটিকে হতাশাজনক বলে
bf9c6e0a1f	4fc91	কথাবার্তা বলতেন
bf9c81552c	9351a	জানিয়েছেন ইনস্টিটিউটের অ্যাসিস্টেন্ট রেজিস্টার
bf9c9af6bc	11915	আগামী ২৮৮ দিন ধরে
bf9c9ec9db	256f5	১৪ বছর বয়সী ওই কিশোরী
bf9cb114b3	9d398	একমাত্র কারণ হয়ে দাঁড়ায়
bf9cdc13cd	09f0d	ঋণ পরিশোধের পক্রিয়াও
bf9ced91af	9282d	তিনি পরশুরাম ছদ্মনামে
bf9d68bcc7	6d129	সেই সময়
bf9d961aed	2840e	এই ঘটনায় সোমবার রাতে
bf9de71220	ff1c3	শনিবার সকাল থেকে
bf9df54f5d	7351e	আগরদাড়ি এলাকায় গেলে
bf9ea1f5b2	e8dde	কি রে, যাইবি না তুই
bf9f0a0b86	a1d4a	তৈরি বলেই মনে হয়েছে
bf9f2ef31a	b8ed8	ওয়াশিংটনের মেয়র ভিনসেন্ট গ্রে জানিয়েছেন, তার শহর এর আগে এমন ঘটনার মুখোমুখি হয়নি।
bf9fa8346c	f0f95	দ্রুত পরিবহন শাটল সেবা
bf9fa9f1ae	f658d	বৈশিষ্ট্য লিখ
bf9fdf7421	18a52	আলোচনা অনুষ্ঠিত হবে
bf9febcf28	086dd	ব্যাকরণের প্রচুর মিল আছে
bfa053c677	f2780	রাজধানীর খিলগাঁও রেলগেট এলাকায়
bfa093811b	76329	পুনর্বাসন প্রক্রিয়া
bfa1126620	75626	তাঁর চিন্তাধারায়
bfa136d3be	b08d0	প্রধানমন্ত্রী সহকারী একান্ত সচিব
bfa14c0861	0696e	বাণিজ্য সংগঠন রানা প্লাজা ঘটনার পর
bfa1a6f995	ad2a0	ব্যক্তিগত গোপনীয়তার চরম লংঘন
bfa1aff78e	194f5	রাজস্থানের পক্ষে
bfa1e3693e	24f73	সীমাহীন সমারোহ
bfa20ed7f5	c11b1	পণ্য ও সেবা প্রদর্শন করছে
bfa2429876	b9a81	হালকা বাদামি রং
bfa28e3166	7c272	মার্চ মাস থেকে শুরু হওয়া
bfa2b6274d	d1b12	এমনকি তিনি দলটির
bfa2ec5f6f	93d3b	ও জবরদখলমূলক কাজ বলে
bfa3038a47	43199	মুর শহরে
bfa35cf157	33814	অর্থমন্ত্রী এ এম এ মুহিত বলেছেন
bfa399e8ae	01e91	ঢাকার জুরাইনে বলে জানিয়েছে তারা
bfa3a17646	2fc12	ঔপন্যাসিক, সম্পাদক
bfa486532a	25696	তথ্যমন্ত্রী বলেন
bfa494f018	bfac7	আবার অনেকে বললেন
bfa4c01556	536d9	শেখ রাসেল নামে
bfa4f177bb	73629	কান পেতে
bfa5386abe	a46e2	তাঁর বিশাল অফিসে
bfa5651a4b	c7a89	ইলেকট্রনিক্স অষ্টম সেমিস্টারের
bfa565bc51	7f2ef	সংঘাত অনেকটাই দৃশ্যমান
bfa5804c46	6da0a	তথ্য প্রেরণ
bfa5bb0bf0	f837a	সূর্য থেকে সেই আলো
bfa6113ce9	eecdd	দিন-রাতের বেশির ভাগ সময়ই
bfa63f70aa	0606d	এই যদুসম্ভূত বংশই
bfa646cd5f	e6d83	১৫শ’ টাকা কমে
bfa65d34cb	43fc0	তিনি দুর্নীতির অভিযোগে
bfa667cf02	6dff5	এটা খুব গৌরবের ব্যাপার যে
bfa6ba2b8c	8c120	ফলে মাজারটি
bfa6ca5b22	f2780	কোমর হইতে পা অবধি
bfa70bff78	2556b	লন্ডনে এসেছেন
bfa7256060	c7705	কেন্দ্রীয় সরকার তৈরি হয়েছে
bfa7504ac0	80539	সাংস্কৃতিক প্রতিষ্ঠানের জন্য অপরিহার্য
bfa762e1f0	bf530	অনুষ্ঠানে তিনি বলেন
bfa77c09d8	f0f95	বড়ভিটা গ্রামের বাসিন্দা
bfa7a94548	a274b	বিরাট ও আনুশকার
bfa7bf408f	68549	চ্যাম্পিয়ান হন
bfa7f6fd7c	420df	আর্সেনিক, সীসা বা পারদে
bfa899725b	b78ec	রাজশাহী থেকে ঢাকা অফিসে
bfa8d4ea9d	aab0f	বনভূমি ভরে টেকসই
bfa9cb6c22	07660	দার্শনিক, ধর্মবেত্তা ছিলেন
bfa9da172c	58998	বাধ্য হতো
bfab13b5f4	47e8d	একটা স্রোতের
bfab4f6291	cfc65	ঘটনাস্থল থেকে পাওয়া ছবিতে দেখা যাচ্ছে লাইন-চ্যুত ট্রেনটির তেরোটি বগিই লাইনের পাশে ছিন্নভিন্ন হয়ে ছড়িয়ে ছিটিয়ে আছে।
bfac447905	60b9d	সম্মান আশা করাটাও ভুল
bfac464451	d9081	অনেকে এই অভিনেতাকে
bfac9b200c	4f2ae	এই ফাঁড়িগুলো
bfacd62d2f	f1240	আফগানিস্তান, শ্রীলঙ্কা বা ইরান
bface0abcf	3bea8	সুযোগ হয় না
bface5c9cd	b8bba	তার বাড়ির সামনেই একটি গাড়ির ভেতর থেকে বন্দুকধারীরা তার ওপর গুলি চালায়।
bfad05553c	b5fdc	শনিবার তাদের
bfad134549	a06a1	বল জড়িয়ে
bfad7e9873	7e191	কিন্তু দেখি, বেদে আছে
bfadae9f28	68ab7	কার রাত্রে আমরা
bfade0a3a3	3fce2	পুরুষ প্রেমিক
bfae75c820	5d12f	নাইজারে ৭টি বিভাগ
bfaeab0a22	f2780	বস্তুকণার মধ্যকার
bfaf02ce8f	c463d	তাকে খুঁজেছি তাজমহলে
bfaf65d3c8	7e1d5	দোকান মালিক সমিতি মঙ্গলবার বলেছে ক্ষতি কাটাতে হরতালের মধ্যে আধাবেলা ব্যবসা প্রতিষ্ঠান খোলা রাখবেন তারা।
bfafa2d6dd	f837a	তাই একজনকে মরতে হয়
bfb02517a3	16877	বিবিসিকে তিনি বলেন
bfb0641e30	7b132	অভিনয় করবেন শিপন
bfb0710e88	0d8c1	সম্পত্তির উত্তরাধিকার করতে পারেননা
bfb07e47bc	f1ff2	একটি বিশাল সংগ্রহ রয়েছে
bfb0841041	9c8dd	বিদ্যুৎ বসলেও চলবে
bfb1017d71	e2c11	দুশোর বেশি যাত্রী নিয়ে
bfb1a20741	cb842	এবং জেলেদেরকে
bfb1af5748	e754e	কেবল শরাফ মামা
bfb1c5ef03	1c618	আমাদের কিছু প্রস্তাব
bfb1e72014	73629	ইন্ডিয়ান ভিসার তারিখ
bfb2b39cd7	7f71c	ফোন করা হয়েছে
bfb2dc67ac	28bb3	যাহা ছিল, তাহাই আছে
bfb2fde8c7	6b437	গল ব্লাডারে
bfb35fd42f	3ec4d	উদ্ধার অভিযান
bfb39385ab	5e80b	আসলে স্যার সৈয়দ আহমদ
bfb459dd80	e2ba2	আশির দশকের শুরুতে
bfb55f2949	61820	এই শর্ত আরোপের ক্ষমতা
bfb5b984ab	b618b	ফিরে যাওয়া যেতে পারে
bfb5ba3364	4ea73	দেখা যাবে শিপনকে
bfb6052302	d7a68	বাকি ম্যাচগুলো হবে
bfb61a2e19	98b81	নায়াগ্রা জলপ্রপাত
bfb692078b	194f5	লাঠি হাতে
bfb6a984b6	7b900	স্পষ্ট দেখতে পাই
bfb6d04496	e55de	সময় বেঁধে দেওয়া হয়েছে
bfb6d2732d	2b883	সে যদি সরকার সহ
bfb7024955	2ad74	বললেও তারা
bfb702bd29	aab0f	সারা বছরই কমবেশি পাওয়া যায়
bfb711eb18	77f82	ইজারা দিয়েছে সরকার
bfb7205d17	4f2ae	নির্বাচনী আচরণ বিধি
bfb73ae0aa	5dd61	অভিভাবক বা শিক্ষকরা
bfb75056ef	0a7a0	অধিকার করেন
bfb7ad3b8f	14d25	সবচেয়ে খ্যাতিমান হয়েছিলেন
bfb7afeaab	698a4	প্রায় ঘণ্টাব্যাপী বৈঠকে
bfb7cb7228	420df	উত্তর কোণে
bfb8293d78	10a9f	তাদের মৃতদেহ পাওয়া যাচ্ছে
bfb83c63e8	5e80b	তার সঙ্গে পালিয়ে যেতে
bfb8b6cb56	c4973	আর ফিরে পাচ্ছেন না
bfb939fb1d	a43b5	প্রাণের আকাশে উধাও হলো
bfb9e0769a	5a61c	আদৌ উঠে আসবে কি না
bfba7d5365	ba2f6	মি. আলমগীর বলেন
bfbabb9b13	4fd66	এখন কেবল এই কমিশনে
bfbb33434e	7351e	সরব হয়না বলেও
bfbb951b3e	69449	অর্থ না হলে
bfbce4ba42	ad98d	পরিচালক রাফাত বলেন
bfbcfae6c2	7f71c	অ্যাজটেকরা মাইকার
bfbd863aa4	f29bf	আলভারেজের সমাধির ওপর
bfbdb51be5	9b864	পূর্ণব্রহ্ম নারায়ণই জন্মগ্রহণ করেছেন
bfbdfdd84e	52f27	আমার তো বিশেষ কোনো
bfbe0f93b8	06736	নামাজে দাঁড়ান বাবা
bfbea1200e	0bace	রকি ও বিমল মারা যায়
bfbeb251ed	da6f0	জসীমউদ্দীন লিখিয়াছিলেন
bfbeeda058	91223	তার জায়গায়
bfbef444dc	e43d4	অবসর গবেষণায়
bfbf50a3ac	db181	এই ধরণের কুরুচিপূর্ণ বক্তব্য
bfbf5c410b	3bb15	আদিলকে আটকের পর
bfbffe1aac	1de6c	আয়োজন করা হয়নি
bfc009fdaa	1a4a9	তাদের আলোচনায় প্রাণবন্ত ছিল বৈঠক
bfc15ffbdb	3fc9d	চাষী নজরুল ইসলাম পরিচালনা করেন
bfc22e6a53	dec2d	কমপক্ষে ২০টি গবেষণাকেন্দ্র
bfc261c6ec	f2097	বাবা টেবিল সাফ করছিলেন
bfc29d79f9	d82d9	২টি ছক্কার সাহায্যে
bfc2a187c4	16877	বৃহস্পতিবার ঢাকা
bfc2c92312	6b437	আশ্রয় নেয়
bfc2ff69f9	c41d8	এত কষ্ট করে
bfc372d382	a3a6d	তাই আমাদের উচ্চ আশা
bfc3c0c510	2ee04	ঈদে পূর্ণদৈর্ঘ্য প্রেম কাহিনী
bfc3dec9f9	13b70	এতে কি সেদেশের
bfc4329875	d2d71	ইংরেজি ১৯২৭ সালে
bfc4825bf4	77f82	দেশ ছেড়ে যাচ্ছেন
bfc48b2584	6d129	তিনি আর এটি
bfc4b87f33	bd576	নবীন-নীরদ-কোলে
bfc4c33ca0	7b103	ঢল নামে বঙ্গভবনে
bfc4cc148f	d5f7b	না পাওয়া পর্যন্ত
bfc4f087a2	56508	মোবাইলে ক্ষুদ্রঋণ সুবিধা
bfc55321ce	23b22	সব রাজনৈতিক দলগুলোকে
bfc5617531	e3f89	বাঘা একগাল হেসে ফেলেছে
bfc59a2b26	bfac7	দেওয়াটাই হবে মূল উদ্দেশ্য
bfc5a7a7fb	a43b5	ডিসেম্বর ১০, ১৮১৫ থেকে
bfc630e127	315e9	চিকেন
bfc65c2618	5cb47	দা
bfc6610505	b8bf0	ফরিদ আহমেদ এর প্রতিবেদন
bfc6975c8c	256f5	নির্বাচনের ফলাফল চূড়ান্ত হয়ে যায়
bfc7216752	db735	কোন সরকারই এসব বিষয়ে খুলনার প্রতি সদয় ছিলেননা ।
bfc73a4004	69d9a	জনমত সৃষ্টিতে
bfc7ade45e	e754e	হিংসা আর দ্রোহের
bfc7c9042f	18460	সম্পৃক্ত করার কাজটি
bfc7d54c58	195f7	রাজপথে ব্যাপক সহিংসতা হয়েছে
bfc8002a1e	15a75	এর ১১ মিনিট পর
bfc8028979	80518	অনুদ্বৈপায়ন ভট্টাচার্য
bfc8408b76	17dcd	সাংবাদিকদের অনুরোধ করেন
bfc8a4eae7	9d398	কর্মকর্তা এখন চট্টগ্রামে
bfc9054158	93d3b	তাই আমরা পিছিয়ে পড়ছি
bfc931d947	404ee	সত্যজিৎ রায় নির্মিত তথ্যচিত্রটি
bfc938ce53	23291	আমি সুকান্ত ভট্টাচার্য
bfc968b856	91223	যাদের বেশিরভাগই
bfc9a1ee51	e9589	চরিতার্থ করার উদ্দেশ্যে
bfc9a2a9d5	b2a62	জবানবন্দিতে বিষয়টি উল্লেখ করেন
bfc9cd82f0	aabe7	নির্বাচনের সময়সূচী
bfc9f24ff0	c41d8	প্রথম আইফোনের
bfca4d0b8d	60b9d	বিপুল সংখ্যক নারী
bfcaab981f	d5213	আমি ধর্ম বুঝি না
bfcac6bc7a	491a5	বলতে হয়
bfcad3ebac	32c77	মোকাদ্দেস আলীর ছেলে
bfcb1ec1f7	2556b	একটি হাইড্রোজেন পরমাণু
bfcb25200b	c0965	শর্ত অনুযায়ী সংগঠনটি লংমার্চ নিয়ে ঢাকায় এসে মতিঝিলে শনিবার বেলা ১১টা থেকে বিকেল সাড়ে পাঁচটা পর্যন্ত সময়ে সমাবেশ করতে পারবে।
bfcb37b6c2	fd880	স্বাগতিক বাংলাদেশ
bfcb43195a	93080	শিরোপা জয়ের গৌরব
bfcb5d2ee4	3faff	মেয়েরা হাঁটা চলা করতে
bfcbe56a18	b9a81	জন এফ কেনেডি
bfcbeb75f1	ce629	একইসাথে কারখানার কর্মপরিবেশ নিয়ে
bfcc64bf21	d8c80	বোরকাবিহীন কোনো নারীকে
bfccd9274f	f0f95	শ্রমিকদের অর্থ দেয়ার সামর্থ্য
bfcd64baa5	ad69a	তিনিও মৌখিক পরম্পরায়
bfcd9b3542	121bd	সন্ধ্যায় সূর্যাস্তের সাথে সাথে
bfce13128b	9065c	মর্যাদা প্রাপ্তিতে
bfcef45ffc	8edea	উদ্ধার করার জন্য
bfcf1e0278	fda1a	অ্যাম্বুলেন্স ডেকে আনার জন্যে
bfcf2ff23f	194f5	আমাকেও তারা ধাওয়া দিলে
bfcf39715c	88654	চিকা
bfcf66a792	2bc73	সত্য সত্যই কি আমার
bfcf690182	1e7c6	হুড়োহুড়ি শুরু করলে
bfcf7ab594	d9b11	দুর্নীতি দমন কমিশনের আইনজীবী
bfcfbe96ba	8cf95	নীরবে তা সহ্য করাটাকেই
bfcfc3f18a	d82d9	পড়তির বাজারে
bfd03dd37e	93bf3	পরে দেয়া হবে বলে
bfd093589d	37e17	এবং সেখানে কে আসবেন
bfd1d9c343	0a7a0	কিংবা বন্দী অবস্থায় আছে
bfd2da7723	93080	পতাকা বানিয়ে
bfd3485c42	6c17f	গুজরাটি ভদ্রলোক
bfd368de46	75936	ইউনিয়ন করতে চাইলে
bfd398e9df	f0f95	তা আর হচ্ছেনা
bfd3f51d50	4e900	রাজনীতিবিদ ইমরান খানের
bfd4415f20	1652d	ঢাকায় মিরপুরের
bfd462b66d	d82d9	স্বাভাবিকভাবেই সে আসন পূরণ করেন
bfd4ec0ac4	52f27	অ্যান্ডি রুবিন
bfd5031927	9065c	পরবর্তী শাসকরা
bfd52f934d	554fe	কঠিন সাধনার মাধ্যমে তিনি
bfd565ae8b	4dd57	বাংলাদেশের মেয়েদের
bfd5dc6325	2de86	পুলিশ ফাঁড়ির এএসআই
bfd5f82398	9c8dd	প্রতিদ্বন্দ্বিতায় অবতীর্ণ হচ্ছে না
bfd6eb375e	321b6	বিশাল দলটি
bfd7174492	44322	কাব্য
bfd7260a96	e03ce	সত্তার কাছে
bfd73c609b	9e923	হরিপুর
bfd782b543	4fd66	গান গাইছেন
bfd7c41445	4486f	আমি চীৎকার করে উঠলাম
bfd7d8e63e	9f25e	শিক্ষকের কর্তব্য যে
bfd80e3567	b00ba	বাংলা ভাষার বিরুদ্ধে
bfd8334a0b	3ccf1	মাত্র দুই মাসের মতো
bfd8813a9d	3fb17	সবকিছুই বদলায়
bfd8d43a2d	e50f1	সাহিত্য হয় না বলাতে
bfd964cb88	c463d	প্রথম স্থান
bfdab4ec4a	e8dde	হত্যা মামলা করেছেন
bfdaf31693	33814	মানব পাচার এখন
bfdb38a12f	6e6fa	আবু হাফিজ বলেন
bfdb6221c9	f29bf	যদি প্রদানকারী ব্যক্তি
bfdba41e0d	2840e	অস্ট্রেলিয়ার প্রধান সমুদ্র বন্দর
bfdbb3c67b	ad69a	এদের একমাত্র আরাধনা
bfdbe91305	7e1d5	হার ছিলো
bfdc7ddeb3	a1d4a	কুমিল্লা মেডিকেল কলেজ হাসপাতালে
bfdcba6176	7027a	কারণ কথাবার্তা
bfdcec36c2	2bc73	ওয়েব জায়ান্ট গুগল
bfdcef1027	75626	হামিদুল ওই গ্রামের
bfdd3291cd	24aed	ড. অমিতাভ ঘোষের সাক্ষাৎকার
bfdd887daf	52f27	বললেন না
bfdde34bc6	0606d	পড়া যাক
bfde3bc93e	0c39f	খাবারের পদ তৈরি করেছেন
bfde66b87d	a916a	শ্রমিকদের দেয়া হয়েছে
bfde72da6c	8ba2b	রাজধানীর বিভিন্ন স্থানে
bfde888482	f1240	সে আকাশের দিকে
bfdea946c1	ab946	ভাঙচুর করে অবরোধকারীরা
bfe0061001	52578	হাতের কাজ করা
bfe0290b3d	4237e	ছাড়পত্রর অনেক কবিতার কথাই
bfe02c63bf	f2097	উপন্যাসে তথ্যগত ভুল
bfe0b3ccb5	31f09	ককটেল নিক্ষেপ করেছে
bfe132128b	10a9f	ছড়িয়ে ছিটিয়ে ছিল
bfe17e7b0f	9c8dd	ব্যাস কাজ শুরু হলো
bfe2167c07	23b22	এই খাতে সুশাসন প্রতিষ্ঠার লক্ষ্যে আন্তর্জাতিক শ্রম সংস্থার সহযোগিতায় ত্রি-পক্ষীয় জাতীয় কর্মপরিকল্পনা গ্রহণ করা হয়।
bfe234d292	d8c80	ফুলগাজী থানায় নেয়ার
bfe26bf4e5	92f59	পূর্বোক্তোন অলিম্পিক বিজয়ীরাই
bfe28eee01	4fd66	বাঙালির সব অর্জনকে
bfe2e76c6d	93bf3	অ্যারোপ্লেনের মেকানিক হিসেবে
bfe301f471	13b6a	দেখা গেছে ভিন্ন চিত্র
bfe35617e8	91223	শব্দটি ব্যবহার
bfe37d0967	ea5be	কাঠের ডাইস, রং
bfe3fef49c	bfac7	সমুদ্রের ছবি
bfe4094450	4a67e	খারাপ মানুষ
bfe42c3896	17ca1	এক পর্যায়ে ভাগ্যের সন্ধানে
bfe436c2b8	e03fc	সবচেয়ে গুরুত্বপূর্ণ দৃশ্য
bfe536e3b3	29089	আমেরিকান চ্যানেল নেটওয়ার্ক এবিসি
bfe53b6227	7351e	ওই প্রতিবেদনে অ্যাকর্ড বলছে
bfe5acdab2	4fc91	পুরনো ঢাকার
bfe5e12b26	7027a	অসাধারণ ইনিংস দুটো
bfe61317c2	aab0f	ডুবুরি না থাকায়
bfe61cfde2	2c9c5	নানির উঠোন থেকে
bfe632e1fc	932bb	ওতেও মিল
bfe655083d	c2082	শাহজাহানপুরের বিষানচন্দ্র শেঠ
bfe65b8165	ab946	ধীরে ধীরে বিআরটিসি
bfe6a344fb	0d8c1	নিহত এক
bfe6c2b4af	693cb	দুই গৃহবধূ গলায় ফাঁস দিয়ে
bfe6fb3886	ab946	সবচেয়ে সফল বোলার
bfe75828b1	e7230	চাটা
bfe7fca5f7	71522	জন্মস্থানের খুব কাছে
bfe80ec4e2	f1240	বুধবার সন্ধ্যা ৭ টার দিকে
bfe855b60f	3ccf1	এসব ঘটনার পরও
bfe8c37100	2840e	জেল-জুলুমেও তাঁদের
bfe8c3f4ad	7ed14	গ্যাসের ৪টি স্তর
bfe903f37f	13b70	যেনো মুখে সাতদিন ধ’রে
bfe9179063	75626	মিঃ সোহরাওয়ার্দী
bfea02c6d1	a43b5	রিজার্ভ ১৯ বিলিয়ন ডলার অতিক্রম করে।
bfea0da4ee	d9081	নোটিশ
bfea146155	239f7	বিক্রয় হয়
bfea309f1d	39dd0	অ্যাম্বুলেন্সে বিশেষ ধরনের
bfea83d203	5a61c	এখনও তিনি
bfeaba9d0a	9b864	ছাইয়ের বস্তা আবার
bfeac4e6c9	4dd57	তিনি এবার ঢাকার
bfeaf6e33f	baa02	৩৪৫ কোটি ৮০ লাখ
bfeb71c4ab	54cdd	জল্পনা কাটেনি
bfeb79e595	6dff5	আসিফ
bfebe4c88a	2b883	ব্যবহার করেন নি
bfec4e259b	80e98	হাত উচিয়ে
bfec7e3dc9	ea5be	বিজেপির শীর্ষ নেতারা বলে এসেছেন
bfecab6ad3	1f974	অভিযান পুরোপুরি ব্যর্থ
bfed1e12b0	b8ed8	কখনো থাকে অমীমাংসিত
bfed37fe5b	2ee04	যে অর্থ লেনদেন হয় সিঙ্গাপুরে
bfed3be0a9	8406e	নারকেল দড়ি দিয়ে
bfedd0a265	4c555	সেখানে পরিবারের
bfee96c4ec	5639c	বাঙালিদের ছেড়ে যাওয়া
bfeeb22331	388c9	হরর গল্প
bfeeb28ec3	0d4cb	নিজেকে আটকে রাখল আজাদ
bfef1fbfae	0b7ca	বাংলাদেশের মানুষকে
bfef639eac	76329	বাঘটির বিরাট হাঁ করা মুখে
bfefd19d98	2bc73	আধুনিকায়ন করাটা
bfefe82bbd	b4ea7	এসএম আতাউর রহমান
bfeff462c4	0d4cb	কী করে অত দীর্ঘ সময়
bff00bc430	ce180	মোটমাট সাড়ে ছেচল্লিশটি পদ
bff015e489	2695f	উপনিবেশের কালে
bff042851e	520fb	শুধু কেউকেটাদের সঙ্গে থাকেন
bff0676c88	c0965	কুকুর মাঝেমধ্যে নিজের শরীর কামড়ায়
bff0beb747	d9817	নজর দেয়া যায়নি এখনও
bff0c5e1b4	0e637	হিযবুত তাহরীরের সাথে
bff0f4ac39	9b864	গণিতের ছাত্র
bff13e1fb7	47e8d	উদাত্ত আহ্বান জানাচ্ছি
bff150d75f	d41be	আরো ভালো হবে
bff2914194	aabe7	যানজটসহ সার্বিক পরিস্থিতি
bff32571d0	fdcba	মোকসিমুল বারী অপু বলেন
bff3462fe2	6ee5f	সম্ভোগ
bff3973677	404ee	গ্রীষ্মের বৈশাখেই এ নদীতে
bff40f8599	ce180	জিজ্ঞেস করে বিমল
bff458120e	f2b7d	রাজধানীর উত্তরা এলাকার জন্য
bff464553d	7df87	প্রথম বিচার কাজ শুরু হয়
bff467f9a1	2aecc	রক্ষা পেতেই রেস্তোরাঁ মালিক
bff47b6a04	2b883	অতএব হোম্স্-কাহিনী
bff4e120b3	ea8fa	দক্ষিণ এশিয়ার মধ্যে
bff5182460	28bb3	সত্যিই তাই
bff560c660	cb842	শিক্ষার্থীদের হল নির্মাণ
bff5e3ea3b	ce180	আর সরকারের নানা পদক্ষেপের
bff62ec50b	0bace	সংশ্লিষ্ট থানা ও হোটেলের মিডিয়া
bff6372880	98b81	কবিগুরু বাল্য গ্রন্থাবলীর
bff6ae7a51	2840e	কোনো অভিযোগ পাওয়া না গেলে
bff6c208da	fd880	আজ রাত আটটার দিকে
bff6f2e105	aabe7	নোয়াখালী, চুয়াডাঙ্গা
bff7079f88	08458	উপসংহার টানা হয়েছে এইভাবে
bff7461503	5dec6	অবরোধে দোকানপাট খোলা থাকলেও
bff811c235	16877	বিগড়ে যাচ্ছে তারা
bff9264e85	943de	আর কাঁদানে গ্যাস
bff969cf12	f837a	বৃত্তাকার যে অলঙ্কার পরা হয়
bff994ee57	1279e	তথ্য সংগ্রহে সুযোগ সৃষ্টি
bff9d2c893	b9b98	কারাগারে রয়েছেন তিনি
bff9e9bf8f	0d4cb	তাদের দাবি দেশকে
bffa5f4259	9c8dd	শুধু রাজার চাকরী ছাড়া
bffab422a8	d9b11	রনির বাবা শুরু করেন
bffb11c786	53396	আমি গান গাইতে চেয়েছিলাম
bffb94649f	16877	লাঠি রেখে উঠে
bffbd46982	745b7	এর আগে একাধিকবার
bffc38010e	880ae	ক্রিকেট দলের সঙ্গে জিতেছি
bffc3e364b	54e68	কখনেই সংঘাত পূর্ণ না
bffcd44082	7351e	এতে ধানে
bffd4bbf20	33aef	পেটের সব কটা ছেলে
bffd8f1f17	a916a	মাত্র সাত দিন আছে
bffd96655d	06ea3	আন্তর্জাতিক স্তরে
bffd9c89d8	92bb2	জাকির হোসেন রাজু পরিচালিত
bffda13841	ce629	মোবাইলসহ আটক করা হয়
bffe4cd484	75f18	যার মধ্যেই পরবর্তী নির্বাচন
bffe5701c8	a8710	শেইপ করে কেটে নিন
bfff1f2178	4c555	সময় লাগবে
bfff233c26	d9817	অল্প সময়ে ও সহজেই
bfff7d9714	f2b7d	ঘুমিয়ে ওঠার পর
bfff968db7	65652	সেরেনা মাত্র ৭৮ মিনিটে
bfffe06e1d	cfc65	৫ এবং ৬ই ডিসেম্বর
