c6000ea95b	e8dde	মুসলিম হিসেবে
c60048ea7d	cfc65	এখানে আবার
c60049dc15	2ee04	ডেটিং
c6006c6246	7d004	ভালোরে ভালো
c600c9f222	42898	তার অবস্থান
c60106e846	ad2a0	এভাবেই তিনি
c601147e68	4e900	সম্পাদন করলো
c6015ea9ce	2840e	দেশীয় শিল্প সুরক্ষায়
c6019b3cef	0633a	ঠ্যাং হলে ঠ্যাং
c60247ba2b	9d398	ছিনতাইয়ের শিকার হচ্ছেন
c6024fad38	f0f95	মান উন্নয়নের জন্য
c602c284f7	d711f	দিয়েছেন তিনি
c6030c02ff	b5fdc	সরকারের তরফ থেকেও ইতোমধ্যে ঘোষণা করা হয়েছে যে তারা এই রায়ের বিরুদ্ধে আপীল করবে।
c603ac37b0	ce180	বাজার থেকে মাছ এনেই
c603c61df1	3bea8	কোন মনুষ্য কি তাঁহাদের
c604345f2d	60f77	অবস্থান প্রকাশ করে
c60436276f	0bace	কোনো প্রেস রিলিজ দেওয়ার
c604b911c5	80e98	অঙ্গ সরবরাহ বাড়ছে না
c604caf102	dba43	অতিক্রম করেছে
c60501f3b7	0b7ca	প্রাকৃতিক বল
c60521f481	eb179	গুচ্ছ পুষ্পের
c605391c51	b7be9	সেখানকার সব হোটেল বহু আগে থেকেই বুক করে রেখেছেন মজা করতে যাওয়া পর্যটকরা।
c606033473	355c1	সেখানেই মূলত দুই পক্ষের প্রস্তাবের সমন্বয়ে একটি বাস্তবসম্মত মজুরি কাঠামো নির্ধারণ করা সম্ভব হবে।
c6064cf369	f1ff2	সয়াবিন তেল আমদানি হয়
c6068d87db	fcefa	পরামর্শ দিয়েছেন
c606966e04	13b6a	ভারত আইনে
c606a66180	91230	আইনমন্ত্রী জানান
c606ba11a4	d71a3	নিখোঁজ বিমানটির
c606e88bfc	717bb	আজ বসন্ত
c607343485	fdcba	ভাল বোধ হইতেছে
c60763abdc	1c618	অন্যদের মধ্যে সংগঠনের যুগ্ম সম্পাদক
c60766ae18	a43b5	তারা কাজে লাগল
c607a856ee	ad2a0	সে কাগজে একটা প্রবন্ধ লিখলে
c607de54da	ee994	বিস্ফোরণে আশপাশের কয়েকটি বাড়ি
c608cfd308	58998	সম্প্রতি স্বপ্নদলের প্রযোজনায়
c60a8746cd	0b7ca	সব সময়েই যেন গোধূলি
c60abd4a29	e3d8b	মুজিব
c60ae54de0	d41be	তাঁহার প্রথম নাটক প্রণয়ন
c60b95519d	f2097	প্রদান করে আসছেন
c60c45c5c4	66b3c	মঙ্গলবার ফুটবল থেকে
c60c867428	06736	থেকে শুনতে চাই
c60d40dc86	6b437	রেল কর্তৃপক্ষ দুর্ঘটনার কারণ খুঁজে বের করতে তদন্তের নির্দেশ দিয়েছেন।
c60d43fbcd	e2f12	প্রকাণ্ড মাঠে
c60d9cc410	68ab7	মেয়েদের এতো আকর্ষণ কেন
c60e005ae5	85430	তুলনা দিয়েছিলেন
c60e1ce103	7ed14	মিন্টো রোডে
c60e2ae29b	0a7a0	চমেক হাসপাতালে
c60f39e7b5	9e923	এসে বসেছে
c60fc0b44f	d711f	সরকার সমর্থক বিভিন্ন সংগঠন
c610034e42	57d54	মোবারক হোসেনকে
c61022d73a	c9c19	বিদেশের সাথে উপমা দেবেন
c6106347f9	ad69a	তাহা প্রাচীন
c610a835ba	8845d	মনুসংহিতায় বলা হয়েছে
c6113af4cd	0606d	১৯৫৩ সাল থেকে
c611eae7ee	57d54	এই সংঘাতে
c612551aeb	29f8c	বিদ্যুৎ ছাড়া আমরা
c6126fb7fa	a3a6d	ড্রিমউইভার ম্যাক এবং
c6128f3e00	cb627	এই গল্প জীবন পাল্টে যাওয়ার
c612ceb850	7d004	বিকল্পধারা বলতে
c612e0e6b1	a9a58	প্রজাতন্ত্র হিসেবে স্বীকৃতি পায়
c612f7a7e0	e6752	হাসপাতাল থেকেই তিনি
c6130c283b	dafb6	অজুর পানির ফোঁটা
c6131dfb79	f83df	রাশিয়ার সৈন্যদের আনাগোনার খবরে
c613fae7fe	c958a	অনায়াসে চলবে ট্রেন
c614013cc6	db735	হয়তো ঈর্ষণীয় এই আয়োজন
c614af207e	7a227	নিশ্চিতের দাবি জানান তিনি
c617096588	cd3ac	বেদনা-আনন্দ-অভিলাষ
c6174b0ed4	e89bb	রাতেই আরও পরের দিকে
c61750c5ee	17ca1	মহাজগতের সেই সম্প্রসারণের
c617847355	a43b5	প্রশংসা করেন
c617fdcb04	c11b1	নিজেদের অ্যাপার্টমেণ্টে থাকতে দিতে হয়
c6182b27f9	8845d	তুমি আমার জীবন
c61842a457	fda1a	বডি ম্যাসাজ
c618eaeb83	5d12f	ঠাকুরবাড়ির আঙিনায়
c618fa8a27	0744c	তার পিতা রামসুন্দর
c6193379b6	4fbd1	আমার দেশ আমার গ্রাম
c6195d9d4d	b78ec	মানব ইতিহাসে যুগান্ত সৃষ্টিকারী
c619d9af45	7d3e1	মানুষ ভোট করতে কম যাবে
c61a0b5671	91b16	আর দিনকতক এইভাবে চললে
c61a4746f2	698a4	তখন মাস্টারদা সূর্যসেন জেলে
c61abb7a8e	e3d8b	বিশৃঙ্খলা তৈরি করতে না-পারেন
c61abd8117	9282d	পরিচয় করিয়ে দিচ্ছে
c61ad415fb	2bc73	খাদ্য ও আবাসনসহ
c61ad6f0ca	11bd2	টেকনোক্র্যাট কোটায়
c61aec974b	b9b98	উত্তর চুনাপাথরীয় আল্পস
c61b2b441d	730c3	ঠাণ্ডা মাথার কূটবুদ্ধির কারণে
c61b66f7c6	e43d4	কিন্তু যখনই কোনও বিজ্ঞাপন
c61b91977a	13b70	বেসরকারী গোয়েন্দা সংস্থাগুলোর
c61bec685f	e9fa7	কর্মরত রাজনৈতিক দল
c61c4b2003	121bd	স্মৃতি মানে একটি গল্প
c61c59a29d	0b7ca	তারা ছাপাখানা থেকে
c61c8d5cc8	5dd61	সম্বোধনটি পড়ে
c61c9f32d4	16877	বাড়ী পরিস্কার রাখিলে
c61ccce7b7	f658d	ফলের পাশাপাশি পাওয়া যাচ্ছে তেলে ভাজা
c61cdd37e1	6b437	বেশ কিছু রোগে
c61d47f413	8406e	পাঁচ আঙ্গুলে মুঠো ভ’রে
c61d4d4a2b	3fc9d	কোটা কমানো দরকার
c61d621e7b	a699c	পরের দিন
c61e4486f1	18a52	অংশ নিয়েছেন
c61ea61ec6	a06a1	বঙ্গভঙ্গ বা বঙ্গভঙ্গ-পরবর্তী সময়ে
c61ec2bcec	0d4cb	হাল ধরেছিলেন শাহীন
c61ec9073f	32998	পাখির খামার গড়ার বিষয়টি
c61f128943	e6d83	রেখে রেখে ওসব খেতেন তিনি
c61f27cd4f	536d9	সূর্যকে কেন্দ্র করে
c61f5ade1c	6e6fa	তারা জন্মায়
c61f7ba5b4	c5479	যাদের দুই জন
c61f850d15	2aecc	অন্যান্য ইন্দোআর্য ভাষাগুলির
c620b790e9	d5f7b	মীর জাহিদ ও এস আই সোহেল
c6210712d0	e55de	গতকাল জামায়াত নেতা
c6219a78d0	a916a	ইউক্রেনের অন্তর্বর্তী স্বরাষ্ট্রমন্ত্রী
c621c5ca15	0f047	ও গুরুত্বপূর্ণ স্থানগুলোতে
c62238a1f1	c3cca	ডিমের সাদা অংশ ফেটিয়ে
c62248f01d	8632b	এখানে রাজনৈতিক সংস্কৃতির বিষয় নয়
c6228e6ad5	8cf95	সামাজিক, অর্থনৈতিক
c622995db4	1a4a9	সিডি/ডিভিডিতে, নেটওয়ার্ক কম্পিউটারে
c622a52727	29089	অনেকটা দূর পর্যন্ত সাঁতরেছে দুজন
c622d3f8ce	ee852	খাল থেকে
c624063b50	ff0fe	যদি হিন্দু ধর্ম সম্বন্ধে
c6244ef6ac	c173f	ঠিক তেমনই ছিল ম্যাচটি
c6247eee34	7297e	ছোট থাকতে
c624951ad1	db735	তরুণ প্রজন্মের ভোটার
c624e75601	9c8dd	গত বছর প্রথম বাংলাদেশী নারী হিসেবে নিশাত মজুমদার ১৯ মে এভারেস্ট জয় করেন।
c6252e37b2	08458	তা তো নয়
c6252f174b	dafb6	তিনি আইনি বিষয় যেমন দেখেন, পারিপার্শ্বিক বিষয় দেখেন, প্রেক্ষাপট দেখেন।
c625622a99	bbb22	ছোট কুমিরা এলাকায়
c625d89723	bfac7	প্রতিটি রঙের
c6261013d7	49d63	গানগুলোর সংগীতায়োজন করেছেন
c626320eaf	d136b	১ ঘণ্টা পর চুল
c626750eb6	75936	জিডিপি কমেছে ৬০ শতাংশ
c626a0a502	b8bf0	একটি ওয়ানস্যুটার বন্দুক
c626a6a9d4	ad2a0	চিপেনডেলস নাইটক্লাবের প্রতিষ্ঠা করেছিলেন পল স্নাইডার এবং সোমেন ‘স্টিভ’ ব্যানার্জি।
c626fb30b8	2d78f	প্রায় একই মাপের হয়
c6275ae433	8edea	এই মন্তব্য সবচেয়ে লক্ষ্যভেদী
c627cd62f4	e2ff7	সার্টিফিকেট কোর্স পরীক্ষায়
c62809e38b	f600a	চোখেও দেখে নি
c6289180b2	287bd	বাবর আলীর ছেলে
c628e448fd	ee886	তাঁকে নিয়ে রহস্যের কুলকিনারা
c6293fd3cd	0895a	কেরালা
c629745aec	42898	বড় ধরনের ক্ষত সৃষ্টি হয়েছে
c62a3b7e29	1f733	বালক-বালিকাদের যাতায়াত করা
c62a8b0f00	eaa7a	আবার থামেও না
c62aaebd74	c3cca	রানাকে পাঠানো হয়
c62acfdcef	77f82	যানবাহন ভাঙচুর
c62b09d94a	bdd05	যেখানেই নামাজের সময় হয়
c62b38a709	60b9d	কিন্তু তাঁকে হাতে গোনা
c62bbf0203	d2294	নিজের জন্য রাখতেই তো হয়
c62bee9d2b	d2355	ও গলা পরিষ্কার
c62bffcca2	9e923	লিভারপুলও সমান ম্যাচ থেকে
c62c0d8ff3	4ea73	১৮৯৩ - ১৯৬৩
c62c153bb2	976b1	সে বল মনে করে
c62cf0241c	92f59	একই ধরনের শৈলীর
c62db04b21	d71a3	অধিকার নিশ্চিত করতে
c62e66e618	10a9f	শঙ্কায় পড়েছে ভারত
c62f60fccc	7ec1c	এবং আশরাফুজ্জামান খান
c62f96bf3c	69d9a	ভেঙে পড়া রানা প্লাজার
c62fb8b78b	fcc89	লিচুর উপকারিতা
c63055f3e6	a0277	অভয় দিয়ে বললেন
c63089af72	ff1eb	মিম্বর উল্লার শালা বলল
c630a3dc35	9092b	সুলতানা কামাল বলেছেন
c630b03533	2aecc	এই সরকারকে অনেক সময়
c630ec799d	321b6	নিম্বাসের পুরো অর্থ
c631892823	b00ba	২০০৭ সালের মার্চ মাসে
c6326535cf	d5213	এমনও হতে পারে
c6329a6681	7e191	আর কবিতা লিখি
c632ac5a51	5354e	ঢাকা বিশ্ববিদ্যালয়েও
c6331c9ada	ff0fe	এরকমই মুহূর্ত
c6333b5dc3	6b437	মাটির সঙ্গে
c6335afe0a	7b900	সকাল হল
c633799849	4dd57	তথ্য পরিবহন
c6339f5240	239f7	ফকির আলমগীর
c6340fe36a	967fd	লঞ্চডুবির ঘটনা ঘটেছে
c6344635f8	9282d	ফেরাউন এর কাহিনী
c6344818e1	9282d	চার উপজেলায়
c63452f307	c0d65	কী জানি
c6346998e1	f1240	গুজব বলে ধরে নিয়েছিলেন অনেকেই
c634c75db7	2c9c5	আসছে না
c634fc2dc1	cc9fd	বীরাঙ্গনাদের কথায়
c6353b6fba	91ac1	ফয়েজ তাঁর আদর্শের অবয়বে
c635e49c94	e2c11	ইন্টারপোল
c63625ff1c	1a2a1	আমরা পাখী শাখী হইতে
c63677e990	b8bf0	বড় দুঃখ হয়
c636867085	ad050	সবুজ পাহাড়ে ঘেরা
c6369c863b	c2082	কোরআন এর বাণী
c6375e27e9	69d9a	আর অস্থায়ী সরকারের মন্ত্রীসভায়
c637bd8cc7	28bb3	সন্ধ্যার দিকে
c638b9f17c	ce180	আরও অসংখ্য পেশায়
c638ec3364	e2ba2	শেষপর্যন্ত একদিন মনস্থির করিয়া
c639157843	39293	তদন্ত কমিটি যদি এ ধরনের
c63944562b	33aef	ভারতের অনেক প্রবীণ সাংবাদিক
c6395bfea6	3faff	৫১.৯৫ বিলিয়ন মার্কিন ডলার
c63966f646	14816	আর বলা যাবে না
c639a04428	f89d7	তিনি উপস্থিত ছিলেন
c63a23e4ce	6d129	তারা সবাই বিষ্ণুর
c63a66c783	520fb	তাঁরা একসঙ্গে গান লেখেন
c63aa792fc	9065c	সকাল সকাল তৈয়ার হয়ে নিন
c63b16c147	4164f	‘ট্রিলজি’তে স্থিত
c63b1825db	93d3b	উর্বশী
c63b452221	e68af	এতে দুই দেশের সংসদের মধ্যে
c63b5718d3	6a35e	দেশের প্রাচীন স্থাপনা
c63b8d1556	60b9d	করেছে ইসি
c63be9230f	8632b	যাকে রাজনৈতিক অর্থনীতি
c63c530014	82926	ব্যক্তিত্বের ছোঁয়া রয়েছে
c63cb15f8b	2de86	পালন করে থাকে
c63cf57131	21e54	ইংল্যান্ডে কাউন্টি অভিযান শেষে
c63d6a3d3f	f83df	হেমন্ত
c63deec8c5	0d4cb	সাবান ও গন্ধদ্রব্যের
c63e551e91	a3a6d	তিনি প্রায়ই অসুস্থ হয়ে পড়েন
c63ec83859	5d12f	মুখে লাগান
c63eda0bad	4e900	ধাপসমূহ হল
c63f2b4af9	1c618	বিরুদ্ধাচরণ করা হয়েছিল
c63f878160	4237e	কার্যক্রম চলছে
c6400c9439	dec2d	আশারাম বাপুর গ্রেফতারের দাবিতে
c64016ab3f	da6f0	তার গোপন প্রেম
c6401f23ac	c7705	বিদেশি মুদ্রার সঞ্চিতির দিক দিয়ে
c6405e2b6e	61820	স্থায়ী বহিষ্কারের দাবি জানান তারা
c64080eedf	3ec4d	শিলা
c6409161ea	14d25	রূপগঞ্জ উপজেলায়
c640c26139	a699c	গত মাসের শুরুর দিকে
c640c3bca1	c2082	এ বছর শিশুদের জন্য
c640fc30cb	2695f	তদন্তের স্বার্থে
c640fdbfb0	ac0df	এটি ব্যবহার করে
c6413a8a13	943de	তিন উপজেলা চেয়ারম্যান
c6413f585c	75f18	আগে কোনো এলাকার
c642440d76	491a5	নয় খণ্ডে প্রকাশিত
c642dad9ca	29d44	ধানশালিকের দেশ ২টি
c6430bd3a7	29bab	কিছু অংশ
c6436fddbf	83c53	সুর মূর্ছনায় বিভোর হন
c6437c185c	e9589	শেষ করেন লিপি
c644bd1a35	9065c	দু-একজনের কথা মনে আছে
c644ec0c00	f1240	কার্যনির্বাহী পরিষদের সিদ্ধান্তের পরিপ্রেক্ষিতে
c6452d4dfc	2d78f	ক্রিমিয়ার আঞ্চলিক পার্লামেন্ট
c6454f81d3	d2d71	নবজাতকের নাম
c6458366d5	baa02	নিশ্চিত হওয়া গেছে
c645f84e1b	bf530	দুধকে ফেনাযুক্ত করার জন্য
c645feec8d	9065c	জন্ম এপ্রিল ২৫, ১৯২৭
c6462be484	7b60a	আমার জন্য অপেক্ষা করে
c64656d991	1a4a9	বললেন দেখো তো কে
c6466316f7	91230	শুধু আমি নই
c6469afcf1	fda1a	দুই থেকে তিন লিটার
c646b23339	355c1	অক্টোবরে বেড়ে
c64721fad8	e7230	এয়ারটেল সহযোগীদের কার্যালয়ে
c64764aeb7	a274b	তত্ত্বাবধায়ক সরকার ইস্যুতে
c64792ae0b	23291	পয়েন্ট-টু-পয়েন্ট ভিত্তিতে
c647a85648	153c9	ধর্মই পারে সমাজকে উত্মম রূপে নিয়ন্ত্রণ করতে।
c64822c4fa	b618b	কারখানা বন্ধের পেছনে
c64853e623	4f450	বালিতে আন্তর্জাতিক বিমানবন্দর
c6486b156f	7351e	জারি করেন সুপ্রিম কোর্ট
c6493e569f	f9dfb	সরবরাহ করতে দ্বিগুণ ভাড়া
c649553040	53396	তা প্রমাণ করার জন্য
c649eb8efe	3ccf1	অনেকেই ছেড়ে দিয়েছেন
c64a009879	8845d	পথটি পাড়ি দিতে হয়েছিল
c64a8c5506	a46e2	সাক্ষ্য দিতে উৎসাহিত করতে
c64a9ec45e	42898	সম্প্রতি সিলেট ক্যাবল সিস্টেম কর্তৃপক্ষ
c64acfabde	c5dc8	প্রথম হ্যাট্রিক করেছিলেন
c64ade01ae	4f450	নতুন কিছু রাজনৈতিক পরিবার
c64b904fb8	f280a	আরো খারাপ কিছু
c64bd3efcf	49d63	বড়
c64c1d0a52	ca831	তিনি 'চিকনি চামেলি' গানেই
c64c4e2743	a9a58	নিয়ে এল
c64c92b36b	e9fa7	এ ছাড়াও এখানে রয়েছে
c64cee8c14	24f73	ইজারা দিয়েছে সরকার
c64d100038	404ee	উদ্ধারকাজে বিলম্বর কারণে
c64dbeaf1a	98b81	অনেক ক্ষেত্রে গল্পগুলি
c64dd3cf3c	46da4	দিন চলার মত
c64de0da46	4ea73	দাম ৪০ থেকে ৮০ টাকা
c64df20a74	fdcba	এঁরাই বহুকাল ধরে
c64e2a203e	25696	কর্মস্থলেরও বিবর্তন ঘটেছে
c64e38f424	9813c	ইতালিকে ৪-০ গোলে
c64e4fab9c	d0c70	শিক্ষা হইয়া থাকে
c64e541b1a	c11b1	শান্ত চোখ রেখে
c64f264946	92bb2	হৃদয়কে প্রবলভাবে স্পর্শ করে
c64fcd3249	d2faf	ঘণকাকৃতি অ্যাকোয়ারিয়াকে
c650093e5e	c7a89	মুক্তি পাবে
c6501491f6	2bc73	পুলিশ বাসটি আটক করেছে
c65047a0a4	8406e	জুতো ফেলে দিলেন
c6504d1f29	a916a	চিহ্নিত করে দেওয়া হয়েছে
c6509046e3	5cb47	আজ বাসায় ফিরে
c650fc9112	56508	প্রশিক্ষণ ফ্লাইট চালানোর পর
c652233d9b	491a5	এলাকার সব ধরণের
c6523c44d2	ce629	আর পাথরঠোকরা
c65260126a	32c77	চিনি খুব জানি
c652daf35d	2bc73	এক সময়ের
c6534d0daa	d9b11	কান পাতিয়া শুনিতেছে
c653605b7a	21e54	ডাওরী বাজার এলাকায় পৌঁছলে
c65367a796	2d98b	অভিনেত্রী রুহী
c653aa15b8	dba43	তিলে তিলে তার ক্ষয়
c653ea2ad5	932bb	খড়মের ঠকঠক শব্দ তুলে
c653f7b52c	bcaa8	ড্যান ব্রাউনের
c65457657e	80e98	সাজা ভোগ করে
c6547de77d	7e1d5	মাতৃভাষা সবচেয়ে
c65497584f	a46e2	তাপদহনের মাধ্যমে
c654a75cea	d3e06	চারিদিকে শোভা করিছে ধারণ
c655163f46	282d3	সামান্য ভোটে ফেল করলেও
c6553280d5	d2355	তোমাদের কাছে
c655819f4a	3bb15	ভোট দিতে পারেন
c656250561	f83df	সোনার চেইন ও আংটিসহ
c65667797f	1e7c7	প্রধানমন্ত্রী সরে দাঁড়ালে
c65674875a	25696	ব্রিটিশ ও মার্কিন দূতাবাস থেকে
c656dcc4ea	95907	বাংলাদেশের সাবেক
c657055ad2	e03ce	নিজের চারপাশে
c657267ac0	f4ba7	ঢাকার বিভিন্ন এলাকা থেকে
c6575c2c06	db735	ভিনদেশি শাসককে
c657757277	121bd	মঙ্গলবার শাবিপ্রবি
c6579f75c5	8632b	থেমে যায়নি
c65811c843	f1240	ছাড়পত্রের জন্য কোন আবেদনও করেনি।
c6581cf58a	430b2	তার মেয়েকে দীর্ঘদিন ধরে
c658eee231	860f4	যখন তার বয়স চৌদ্দ হবে
c6591a43fd	d41be	অশুভের প্রতীক
c6597d86c0	a274b	শিক্ষার্থীরা স্মারক লিপিতে
c659fc8469	29d44	কুয়োর পাড় ছাড়ালে
c65a1b2c7c	49d63	রাজি হননি সুচিত্র
c65af02a09	06e62	আমেরিকায় প্রকাশ করা
c65afd70f7	52f27	হলের মারাত্মক শব্দব্যবস্থার কারণে
c65b2516be	693cb	নিবন্ধন পরীক্ষার সার্কুলার
c65b6dae7b	767ff	এই প্রবীণ রাজনীতিবিদের মৃত্যুতে
c65c10d861	06e62	গুণ টানে
c65c47e641	404ee	বেঁচে যাওয়া শ্রমিক
c65c58bc1a	f2b7d	প্লাস্টিক সার্জারি
c65ca9187b	aa820	সাবেক তিন সদস্যকে
c65d1f147b	e31e7	তিনি যে অসুরের অপরাধ
c65d5c5139	d9b11	পাথর কাটা সড়কে
c65de47052	d711f	তেভাগা আন্দোলন
c65e4c9e10	282d3	সে কেবল এখানে-সেখানে
c65e4e1fa4	d3e06	নষ্ট করার জন্য
c65ebe9f7f	1e7c6	চলচ্চিত্র হিসেবে
c65ee20e3f	7ed14	তাৎক্ষণিকভাবে আগুন নিভিয়ে ফেলে
c65f6f8e84	93d3b	এ বছরই প্রকাশিত হয়েছে
c65fd8b905	0e637	তাতে গোল আরও বাড়ল
c6602712dc	c9c19	ফাউল করে লাল কার্ড দেখেন
c6605d4655	ef915	আগামী বছরের শুরু নাগাদ
c6606c65dd	6aac8	সবার চোখে মুখে
c660810498	8b859	নিহত হয়
c660ac8021	f1ff2	এক বিছানায় শুইয়া পড়িল
c660ca52a9	47e8d	কাউকে আক্রমণ করতো
c66175315f	bdd05	সৈয়দ বেলাল ছিলেন
c662089341	5dec6	আমি ইস্কুল মাস্টারের মত বোঝাই
c6622331cb	c5479	ধর্মযাজক সেইন্ট ভ্যালেন্টাইনের
c66291e4de	53396	যখন কাগজে-কলমে
c662ad6790	ad2a0	সঠিক সময়ে
c6638bcbd2	0e637	মাঠে অবস্থান করে
c663b4b59b	e3d8b	কর্মের অস্তিত্ব
c6642c04c3	e6e48	প্রতিশ্রুতি দেওয়ায়
c6648518fc	a1201	বাড়ির সীমানা প্রাচীরে
c66485bcf4	66b3c	অনেকক্ষণ ধরে
c66494eefc	a8710	এ কথাটা সত্য নহে
c664ae9ddb	3ec4d	নিশ্চয়ই সে সময়ে
c6654ac104	d71a3	যেমন এদের
c66585aa65	6973e	তবে এসব সহিংসতার ঘটনায়
c665fc39f0	d5213	৭০ জনেরও বেশি মানুষ
c665fdb7ef	4c1eb	হরতালের বৈধতা চ্যালেঞ্জ করে
c66656d538	2840e	বুধবার সারাদিনের সহিংসতায় পুলিশের ৪৩ জন সদস্যও নিহত হয়েছে।
c666cd6e5e	6ee5f	ভাঙে ৫৭ ওভার স্থায়ী জুটি
c667692f04	da6f0	সহিংসতার খবর এসেছে
c667e26373	7e191	হার্ট
c667fce25b	7ee9b	সকাল ১০টায়
c668085b4e	c3cca	যন্ত্রণায় কতই না
c6686f1be3	75936	ফাঁসির রায় কার্যকর করে
c668b1e437	1279e	মল-মূত্রকে
c668b678d3	e3f89	বহু বছর আগে স্বাক্ষরিত
c668de1a65	31f2a	চলাচল করতে দেখা যাচ্ছেনা
c668f9f04d	5b13f	ঢাকায় ও দেশের বিভিন্ন এলাকায়
c669175fc3	95907	তাঁহার বিরুদ্ধে
c669914624	37e17	১৫ রানের ব্যবধানে
c669f8c11a	616ec	এর মধ্যে প্রায় ৫.১ শতাংশ
c66a701550	c11b1	মরক্কোর কয়েক লাখ মানুষ
c66a9a519f	72649	সৈয়দ ইকবাল আলী
c66af9b6e6	1a2a1	চাচ্ছে না
c66b363ac3	d2294	মাছগুলো এসে
c66b38ec5d	943de	পরে ভারতের মালদহ হাসপাতালে
c66b7ba6e9	9351a	তারা আকাশ পর্যবেক্ষণ ক্যাম্প বসায়
c66c3fa68d	c8f7f	এই নৌঘাঁটিটি
c66c455259	577fa	সমাজের সংখ্যাগরিষ্ঠ সম্প্রদায়ের
c66c5ca181	76329	লেখার কিছু অংশ
c66c6c8784	fbb81	বিকাশ সম্ভব
c66c6fffc1	c41d8	পুরনো বা কাজে লাগে না
c66cbf1af0	11915	তারপর ঢাকা বিশ্ববিদ্যালয়ের
c66ccd61a9	287bd	যোগ দেন নি
c66cd0bbc6	ce775	ভোলাহাট উপজেলায়
c66d386dc9	15a75	লেইতি প্রদেশের প্রধান শহর
c66d531464	2909b	নিশ্চিত হওয়া যাচ্ছে না
c66d55bf15	e9fa7	ব্রাহ্মণেরা এই সমস্ত
c66d67c085	84145	গম, চা, আখ, আলু
c66d8764b1	aa820	ব্যবস্থা ছিল
c66da4855b	a274b	শ্বশুরবাড়ি দেখতে হয়
c66df8b596	38d3a	এই সত্যেরই পরিণতি
c66eb78a51	3fc9d	ক্লিটোরিস
c66f64b41f	a699c	পথে যে-সকল ছোটখাট ঘটনা হইয়াছিল
c66fb04127	6b437	আগের থেকে ভালো
c66fb2bac4	14816	সাধিত হইতে পারে
c66feb8703	7e1d5	অভিজাত্যের বাস্তবতাকে
c66ffaf2fb	b2a62	ছয় হাজার চিকিৎসক
c6704bacbd	b9122	তুলনা করলে হয়তো
c670a3e31b	7e191	২৫০ কোটি টাকা
c670fc8603	06e62	শখের বাগান
c67195bfa7	194f5	ব্যবসায়ীদের কাতারে
c67211f7a0	3ec4d	প্রয়োজন হবে
c6727ac885	e9759	প্রথম তিনটি ম্যাচ জিতলে
c6727b928b	9065c	চয়ন
c672f7a021	9092b	সবার পকেটেই
c6730bab57	4ea73	শহরের বড় মসজিদ
c673787638	536d9	অনেক কষ্ট
c6737f0af4	6d129	প্রকাশ করত
c6739eb1f9	f2097	ব্যাংকের এমডি
c673ae788d	b9122	নেতাকর্মী আহত হন
c6751a4bd2	9351a	কেউ থাকে না
c675400088	b08d0	নিজের সঙ্গে
c6757ea01a	16877	রুহী এখন অনিমেষ আইচের
c6759e4add	577fa	উদ্ধার করে এনেছে
c675acc83e	f837a	একরাম চেয়ারম্যান
c675f6bed2	cf82a	প্রায় এক মেগাওয়াট বিদ্যুৎ
c676934cc1	1e7c6	গুলিবিদ্ধ ইসমাইল
c676a6c807	491a5	দলের দশজন ধরা পড়িল
c6776b5a17	5cb47	শিক্ষা হবে দারিদ্র জয়ের
c67778d92b	16e96	পৃথিবীর গিটার-গুরু বনে গেলেন
c677b4ca41	1cb75	তারা নিতে চাইছেন না
c6781c1fa5	8b859	মিরাজের ঘটনা
c67823eeab	37e17	চা না ঠাণ্ডা
c67827373f	dfefa	মাত্র ১২ বছর বয়সে
c6783cd7a2	8143b	আয়োজিত এক সংবাদ সম্মেলনে
c6787f69f0	3d17c	কিংবা প্রতিবেশী রাষ্ট্রের
c678b20553	14d25	চমকিয়া ফিরিয়া দেখিলাম
c679285151	a9a58	দেশের জনগণের একটি অংশের মধ্যে
c679944539	ac904	এখন কি করা যায়
c679c89158	9282d	তারা দেবে
c67a65ed9c	9d46f	ঝুঁকিপূর্ণ কারখানাগুলো
c67a6bb90e	8632b	সেকেন্ড হ্যান্ড বই
c67aa359cd	870e3	বাড়ীর মধ্যে প্রবেশ করিয়াই
c67ac54481	9f25e	১-০ ব্যবধানে
c67b0f0a2f	e03fc	এ সময় বিশেষ অতিথি হিসেবে
c67b59117a	0744c	একটি তিনতলা ভবনে
c67c28794c	e55de	সোডিয়াম হাইড্রোক্সাইড
c67c9d1838	06ea3	পৃথিবীতে প্রতি ১৫০ বছরে একবার
c67ce86dd2	80e98	তাদের মেকআপ করা
c67ced3baa	f0f95	খেয়াল রাখতে হবে
c67d0b5236	c958a	উহুরু কেনিয়াত্তা বলেছেন
c67d5bdedf	a06a1	এভাবে জিম্মি করার অপরাধে
c67e2ba2cb	fdcba	শিক্ষিকা মমতাজ বেগম
c67e3bd6fe	f1ff2	কিছুদিন ব্যবসা করেছেন
c67e9f01d5	ca088	পার করে গিয়ে নিয়ে চলছে
c67eca2e41	1f974	ভবিষ্যতে জনসংখ্যার হার
c67ed648b7	32b3e	হাজার হোক
c67f423fd1	7ec1c	হাসপাতালে ভর্তি হলেন
c67faa3a3c	2bd99	কিংবা অশুভ কি-না
c6803d20bc	1b359	কন্ট্রোল টাওয়ারের সঙ্গে
c6804822f4	554fe	হল এদের অনেক বৈশিষ্ট্য
c680e931bc	0edef	ঘটনাচক্রে, মি. ইসলামের
c681b1d282	68ab7	অত্যন্ত বেড়ে যায়
c681fc92dc	4f2ae	শহরে বিপুলসংখ্যক
c6820d54c6	acb88	গ্রহণ করতে পারবেন
c68218bb42	4164f	বাণিজ্য ও বিনিয়োগের
c6822e5e1d	f600a	প্রকাশন বিভাগের কার্যক্রম শুরু হয়
c682e163cb	6a35e	পরীক্ষা করে দেখে মনে হল
c6831865c3	37e17	আহমেদ আলম হোসেনের ছেলে
c6835f3362	0a87a	মন্ত্রণালয়ের কর্মকর্তারা উপস্থিত ছিলেন
c6859ea4fc	7b60a	বিরহের এস এম এস
c685d391d3	3d17c	এক ধরনের হতাশা
c6863aee6b	e2ff7	গফরগাঁওএ গ্রামের বাড়িতে
c687024243	a9a58	সব ধরনের সরঞ্জামে পরিপূর্ণ
c68759be33	92f59	ছিলো আকুপাংচার
c687ef56e8	adf01	সার্জারির উদ্দেশ্যে সীমাকে
c687f21577	3bb15	সুফি
c688041b9b	a699c	১৯২৭ সালে ভারতের
c68839cb10	72649	প্রমত্ততা ও বলিষ্ঠতা
c688fd3083	ee7b2	হযরত শাহজালাল
c688fe9f65	32c77	ওমান
c6896896ef	5dec6	বেশি নজর দিচ্ছে
c6899e1f66	5dd61	সিইএ’র দেয়া সেই ভুল
c689b8a417	730c3	কি হবে
c68a4d3976	6aac8	গুলি করতে ভুলে গেল
c68a725ff2	9e923	সুবর্ণর পরিবারে
c68a752bc8	590d0	ভারতে চিকিৎসার জন্যে
c68aed154a	e8dde	এই খাল
c68b0e06f6	903fa	তবে বেসরকারি খাতের
c68bcc6c5a	948d3	মূলত পাঁচটি রিং
c68c286bf3	efc0d	স্বরাষ্ট্র মন্ত্রণালয় সম্পর্কিত
c68c7f4e0f	c2082	তৃতীয় উইকেটে ৪৯ বলে
c68ccf4980	46da4	বিদ্যুৎ বিল বকেয়া আছে
c68d05f6c1	60f77	এসবের ফাঁকে ফাঁকে
c68d12a2f2	6ab59	টিভিতে দেখা
c68d2674e4	13b6a	১৩ বাংলাদেশির মৃত্যু হয়
c68d7480d9	11bd2	অর্থনীতিতে দেখা যায় না
c68db73820	0a87a	সমগ্র বাংলা
c68e4a73be	52578	খবর দিলে পুলিশ গিয়ে
c68e9b9951	fd880	অতিপ্রাকৃত গল্প ‘ক্ষুধিত পাষাণ’ অবলম্বনে
c68efabc40	4c555	একটি পুরষ্কার বিতরণী অনুষ্ঠান
c690561bc2	13b6a	পিকচার
c690ce128b	ef915	ভালবাসা মানে কি
c690d86859	6ee5f	কিছুটা স্থূলকায় মনে হয়েছে ঐশ্বরিয়াকে
c69187e4db	c3cca	কাজ থেকে দূরে
c69247d29c	2fc12	মানুষ স্বতঃস্ফূর্ত ভাবে
c693956f57	52f27	ত্রাণ কাজে নিয়োজিত
c693f953c5	82926	হালসা কলেজের
c694106d75	91b16	পাতায় পাতায়
c694874163	92f59	কেমোথেরাপি, টিকা
c6951826d9	a43b5	শহরের কোনো নর্দমাতে
c6958828c4	01e91	জনসংখ্যা বৃদ্ধির হার
c69590bb7e	a43b5	সঙ্গত কারণে
c695b9dc98	db181	এই হল ড্যান্ডি
c695f95af3	ec91c	শিরোপা জেতে
c696968b54	2bd99	তারপর শোবার ঘরে চলে যাবে
c696adfd1e	ab946	শেষ পর্যন্ত আবির্ভাব হলো
c696e3c42b	e43d4	টিনের বাড়ি
c69707787b	3d17c	ভারতের হাইকমিশনার
c6972c49ec	554fe	মিশে না যায়
c6976398b5	ee852	রেল গাড়ি
c69770b617	fda1a	পরিচালিত এক নার্সারি স্কুলের
c6977f85b2	f2b7d	সমিতির প্রধান হয়েছিলেন
c6979ee7ec	c463d	রাধার অন্তরের দেবতা
c698acaa3a	809cd	নববর্ষের শুভেচ্ছা
c699291854	c0965	উল্লিখিত চার দলের মধ্যে
c69964e0b2	3fae0	আশ্চর্যজনকভাবে লীলা নয়
c699671971	698a4	অল্প কয়েকজন
c699c09d6e	d2faf	আপ
c699d01086	66b3c	মজার প্রশ্ন
c699e77e3d	6c6bf	কুরুক্ষেত্রের যুদ্ধে পৌণ্ড্রেরা
c69a333c80	7898e	জ্বালানি খরচ
c69ab5e6a5	9642e	জাতীয় পার্টির চেয়ারম্যানের পদ থেকে
c69ad237a4	f29bf	ইট-কাঠ-পাথর
c69b15277f	75626	অশ্লীল হাঁ ক’রে
c69b710369	717bb	সন্তানদের মধ্যে মামলা-মোকদ্দমা হয়
c69c1a6e3a	5a61c	বেশি উচ্চতায় শরীর থেকে
c69ce963d9	d7a68	তাৎক্ষনিকভাবে রেলওয়ে কর্তৃপক্ষ
c69ceddbe3	06ea3	নুডুলস রান্নার রেসিপি
c69d012666	14d25	শুক্রবার সন্ধ্যা ৭ টা ৪০ মিনিটে
c69d1bb3dd	cfc65	বুধবার দুপুরে দুর্নীতি দমন কমিশন
c69d2655e5	767ff	অনুমতি দেওয়া হয়েছে
c69dbab339	d82d9	তুমি এই প্রদর্শনী
c69e0ea96b	6fb36	সিনেমা পর্দায়
c69ebb8d11	7f2ef	শ্রীকৃষ্ণ তাহাতে দুঃখিত হইয়া
c69f2f01a6	b9122	কোনও মেয়ে-লেখক
c69f3b8ae9	388c9	এতে কেউ হতাহত না হলেও
c69f68602c	92f59	আমাদের যেসব পণ্য ভারতে যায়
c69f9dece5	d1b12	পেটে গ্যাস
c69fb82b62	da6f0	সতীশকে না বলিয়া
c69fea0a0a	10a9f	ক্রমান্বয়ে বেড়েই চলেছে
c6a02bc043	e8dde	তুলতে গিয়ে
c6a02d3363	69449	শব্দ নাই
c6a04e81f9	72649	হিসাব
c6a04f3d98	b8ed8	কার্যকরী করার জন্য
c6a0bf1621	12702	মালাউন
c6a0d15018	d2355	কিন্তু যে কোনো কাজ
c6a1429e01	06527	তাদের চোখগুলো জ্বলছে
c6a1860440	8edea	দুর্যোধনের তুল্য নহে
c6a245576c	dfefa	তাকে গ্রেফতার করে
c6a29719b4	2c9c5	ফোরাম
c6a2ad9cb2	29bab	মতো মাঝারি মাপের
c6a2ce6d77	cf82a	সপ্তদশে ইন্দ্র, বরুণ
c6a2ee2777	860f4	এরা ব্যাংকের এটিএম বুথগুলো
c6a3bc0433	c5dc8	কবিতা না-হয়ে
c6a3c36deb	6aac8	তার সঙ্গে কথা বলতে পারে
c6a3d300fe	3bea8	বাংলাদেশ নৌ বাহিনীর পক্ষে
c6a3f147c8	767ff	ঘর-বাড়ি, জিনিস-পত্র
c6a4201711	16cfb	তারাবি নামাজ পড়ি
c6a42fe3bf	e3f89	সকলের অংশগ্রহণের ভিত্তিতে
c6a4d72b45	f7a7f	বাসর রাত
c6a4de1c6b	4ea73	ট্রাইবুনালে হাজির করা হয়েছিল
c6a4e5321f	a1201	বৃহস্পতিবার পুলিশ তিন ব্যক্তিকে
c6a5574e6a	932bb	১৯৭০ খ্রিস্টাব্দ থেকে
c6a5a41317	bc81e	মনোহরণ করে
c6a5eb2d10	d3e06	কর্ণফুলী থানার তৎকালীন ওসি
c6a6b5b41d	2d98b	ট্রেড ইউনিয়নের দৌরাত্ম্য কমাতে
c6a6da2fef	153c9	নিখোঁজ বিমানটির
c6a6f7bad7	66c6b	আমি তাহাকে আশ্বস্ত করিয়া
c6a7d2d2aa	6e6fa	এবং একই সাথে বেশী
c6a819fdf0	6c17f	আমাদের সামনে
c6a88d0998	32998	এ পার্কে বেড়াতে আসা
c6a8bb463b	14d25	কাঠ জড়ো করে
c6a8beae1a	57d54	চৈতালি চায়নি
c6a8d9a0c6	56508	টুংটাং টুংটাং ক’রে বাজছে
c6a8f3e608	4f450	না চাইতেই মেলে
c6a91d7be1	e6d83	খুলনা
c6a92ced60	54cdd	সন্ন্যাসীকে সব কথা বলে
c6aa475503	9d7bf	রাজনৈতিক সমাবেশ
c6aae4b6dc	ee4ad	গণভবনের এ বৈঠক
c6ab0c8a6d	bd576	এখন পর্যন্ত রুমির পক্ষ থেকে
c6ac17b75d	e68af	মালয়েশিয়ান এয়ারলাইন্সের ফ্লাইটটি
c6ac21a41f	3c897	ও তার এক সহযোগী
c6ac279401	f1ea4	এরপর এই ইস্যূতে
c6acbcf03a	c463d	সাইফ আলী খান
c6acd3a27e	06527	আর কী সব বস্তাপচা কাহিনি
c6ad019cee	2c9c5	জয়নাল আবেদীন এ তথ্যের
c6ad088aaa	ee994	অন্য দিকে রুদ্রপ্রয়াগে
c6ad08f39a	cb627	রুশ বিচ্ছিন্নতাবাদী বলেই
c6ad0ab7de	ef4f8	স্পিকার ড. শিরীন শারমিন চৌধুরী
c6ad284205	9b864	এক উৎকট পিতৃতন্ত্র
c6ad76febf	a1201	যে অন্তত একটা জাহাজভরা গম
c6ad994ef5	3ec4d	আমাদের জন্যে
c6adbd70f2	d7a68	এ জন্য যে
c6ae31c256	73629	নির্ভরতা কমিয়ে আনতে হবে
c6ae4735dd	9c8dd	বোমাবাজি করছে
c6ae517866	6aac8	বিকেল ৪টায়
c6ae68e60f	778c0	সেই একই জিনিস
c6aeb2fa98	52f27	থামানো যাবে না
c6af527be5	72649	ক্যাথরিন মাসুদ হয়ে যায়
c6af7159bd	d5213	মোবারক
c6afbc9490	b8ed8	গভীর সমুদ্রবন্দর স্থাপনের
c6afe549fd	9642e	বেল
c6b008c500	ad69a	কিশোরী বয়সে
c6b018963e	0d9f1	যুক্তরাষ্ট্র প্রবাসী তানজিম আহমেদ সোহেল তাজ সম্প্রতি গণমাধ্যমে দেয়া বিভিন্ন সাক্ষাতকারে তাঁর পদত্যাগপত্র গৃহীত না হওয়ায় ক্ষোভও প্রকাশ করেছেন।
c6b05a0f53	86b1b	যারা স্বাধীনতার মৌল ইতিহাস
c6b0e6baf2	49d63	শিশু গৃহহীন হয়েছে
c6b10bac98	a274b	হোজ্জা তাদেরই দেশের লোক
c6b1f1d21f	49543	ইচ্ছা হইতে লাগিল
c6b28e9a04	8a46d	নানা রচয়িতা নানা দিকে
c6b29855e3	a699c	নিজ বাড়িতে এ পাখির খামার
c6b2f2100c	a1201	ওয়ানডে ও টি-টোয়েন্টি ম্যাচ
c6b3246e68	8a46d	একমাত্র ধর্ম ছাড়া
c6b408a112	3f493	অভিনীত একটি
c6b417b8f0	14d25	চলচ্চিত্রের জন্য গাওয়া
c6b48cd207	2ecf8	থাকতে দেখা যায়
c6b49548d7	13b6a	যেমন সাগর, আসা, চাষ, ইত্যাদি
c6b4d29f9b	5dec6	হঠাৎ বায়ুরোগাক্রান্ত হওয়ার কথাও
c6b5645753	c173f	অংশ নিয়েছিল কি না
c6b5726124	0a87a	কাজ শুরু করেছে
c6b5897362	2f547	ভরা মৌসুমেও তারা
c6b5be1450	c7705	হে অতীত তুমি ভুবনে ভুবনে
c6b5fbb126	2b883	পা ফেলা নিষেধ
c6b60a1f1c	c9c19	কপালে রাঙ্গের বর্ণের চাঁদ
c6b6470faa	09b32	দুইগ্রামের বাসিন্দারা দেশিয় অস্ত্র নিয়ে
c6b671a1ed	e2f12	সবজি চাষ
c6b6e590e2	98b81	নিউটন পেলেন
c6b71daab6	25696	প্রাইমারি ১ ডিগ্রি
c6b76a3fcb	c3cca	দূর থেকে ভেসে আসা
c6b78ab3ce	e00db	আমাকে জড়িয়ে যে রটনা
c6b7acf859	f143a	বাংলাদেশে উপজেলা নির্বাচনের
c6b7d2445f	e03fc	অবশ্য এর দ্রুততম
c6b8118886	73629	জিয়াউর রহমান
c6b824b3e4	1279e	এবং একই সঙ্গে মুসলমান
c6b97a4bac	fb4cb	নূর হোসেনের বাড়িতে
c6b97cac75	f143a	সংক্ষিপ্ত উত্তর লিখতে হয়
c6b98a0aa3	d82d9	৪১২ মেগাওয়াট ক্ষমতাসম্পন্ন
c6b9af846a	7297e	কোথায় তলিয়ে থাকে
c6b9bc15cd	31f09	প্রতিফলন ঘটেছে
c6ba115e4c	c8f7f	অভিযোগ রয়েছে
c6ba84ef00	25696	অর্ডার করতে
c6bab3da01	d9ba9	ইস্তাম্বুলে তোমরা
c6bac433f5	28dfc	এখনো চিনতে পারছেন না
c6bb24b18c	f1ea4	তাই রেঞ্চটা ফেরত দিতে চায়
c6bb879f52	35ef3	আমরা সবিতাকে
c6bb8d744e	e7230	আরাম-আয়েশের ছবি দিলে
c6bb9f5131	76329	সঙ্গে থাকা টাকা ছিনিয়ে নিয়ে
c6bbba0afd	321b6	ভারী অস্ত্রের নির্বিচার আঘাতে
c6bbef8ed8	7e1d5	ভারতীয় জনতা পার্টি
c6bc06e935	7b103	২০০৭ সালের ১৫ মে
c6bc1de039	3faff	ওয়েস্ট ইন্ডিজের বিরুদ্ধে জিতেছে
c6bcb07a96	03284	আইলা
c6bcc442c8	82926	আহাদ আলী সরকার
c6bd1c4f24	520fb	প্রেক্ষাপটে নির্মিত হয়েছে
c6bd24eb08	d5213	আমার মায়া হয়
c6bdd272c5	f837a	নিজেদের সামর্থ্য অনুসারে
c6beb01183	e3f89	সম্প্রতি তারা একটি এনজিও অর্থাৎ বেসরকারি দাতব্য সংস্থা হিসাবে নিবন্ধন করেছে।
c6bf410a0b	25117	এক হাজার৬৪৫ পয়েন্ট হয়েছে
c6bf7f0e00	38ff0	তখন কিন্তু সঙ্গে
c6c056d5ee	e6d83	সরকার প্রধানরা
c6c09c0ac6	58998	দর্শকের চোখে উপভোগ্য
c6c0a19c77	7ed14	বৈঠক শুরু হয়
c6c0d694ad	5cb47	কেন্দ্রে এক ঘণ্টা
c6c1328377	8c120	মাঠে নামতে যাচ্ছেন তারা
c6c1b69cff	2d98b	ধারণাই ছিল না
c6c1f10082	0f047	আহত ট্রাক চালক
c6c204fa84	0a87a	আমাকে একটা বন্দুক কি রিভলবার
c6c231e16d	274ee	বনিবনা হচ্ছিলো না
c6c2590b36	31f09	অবচেতন মন
c6c2892b1a	d2faf	আপনারা দুজন
c6c2c888c1	11bd2	পরে পুলিশি বেস্টনীতে তাকে
c6c31e2989	eb179	বর্তমানে ছয়টি কক্ষ নিয়ে
c6c357964f	e6752	তৃতীয় কক্ষে স্থান পেয়েছে
c6c3816eb5	03284	সফল উৎক্ষেপণ
c6c3e3400c	80505	কর্মসূচি শেষ হবে
c6c40c16a4	745b7	কমিটির সভাপতি হয়েছেন
c6c4332608	bfac7	ইসলামি গজল
c6c4d8012a	43fc0	বাণিজ্যিক ব্যাংকগুলোকে ধন্যবাদ জানান
c6c4d97495	dfefa	গুরুত্বপূর্ণ শর্ত
c6c5998928	420df	উপহার
c6c5c6ceb8	967fd	স্কুল থেকে ঝরে
c6c689a238	4fc91	বিয়ের সময়
c6c750e399	b00ba	আবুলের একটু আগে চলে যাওয়া
c6c85ccecb	adf01	পরে ১৮০৮ সালে
c6c8731729	6b437	আজকের ভ্যালেন্টাইন ডে’র
c6c8fd724f	f2b7d	প্রশ্ন বিষয়ে
c6c9144dc2	d3e06	ডাব
c6c98b0407	49543	দ্বিপাক্ষিক চুক্তি করার ক্ষেত্রে
c6c9a5dd83	b8bdd	নিম্নকক্ষ লোকসভার
c6c9c94b56	92bb2	বিশাল মাপের একটি
c6c9f3004e	29bab	ওয়ান-ইলেভেনের সময়
c6ca0ec499	315e9	সাড়া দেয় না
c6cac9fa12	d2d71	মুসলমানদের ব্রিটিশ শাসকদের কাছ থেকে
c6cb126038	7aed9	একটি রাষ্ট্রদ্রোহের মামলা
c6cb5e45d1	4fd66	রেল কোম্পানী থেকে
c6cb6d335a	28bb3	কৃমি
c6cbc53406	1a4a9	অধিকারের হিসেব অনুযায়ী
c6cbd7c19c	23b22	রোড আইল্যান্ড রাজ্যে
c6cc2d33c2	7c272	মানবাধিকার সংগঠন
c6cc3ab102	a1d4a	ফুটে উঠল
c6ccbe9b95	9d7bf	ষষ্ঠ শ্রেণীর শিক্ষার্থী
c6ccef2531	121bd	আরো তদন্তের আহবান জানিয়েছেন
c6cde67fc1	f2b7d	সারাদিন না খেয়ে অফিস করা
c6ce10e0c5	11915	যুদ্ধশিক্ষা দিবার জন্য
c6ce7343a4	1e7c6	এমন একটা প্রতিযোগিতা ছিল
c6ce9285ab	7a227	ছবি তোলার জন্য
c6ceb80f36	b618b	ফেরদৌসী রহমান তুলে ধরেছেন
c6ced35355	1e7c7	মাপজোকের অংক
c6cedd0b75	37e17	রহস্যের শেষ নেই
c6cf0d8c9a	cc18a	পারস্পরিক সম্পর্ক
c6cf1184e4	b2a62	তাদের মৃতদেহ পাওয়া যাচ্ছে
c6cf814f37	59c73	বাংলাদেশের প্রথম
c6d03e9714	3ccf1	রান্নাবান্না
c6d0d6e569	f658d	রুশ শাসনাধীন ক্রিমিয়ায়
c6d0f19c27	e7230	হাকিম ভাণ্ডারিকে গ্রেপ্তারের পর
c6d154a2b1	b8bba	আকার বা ক্রম
c6d17aba8d	2d78f	ডিজিটাল বাংলাদেশ
c6d1c729bd	91230	রাজার মনে সুখ নাই
c6d25bdee1	fda1a	এই সুবিধা পাচ্ছেনও না
c6d323def5	a274b	তুলে ধরে
c6d38bce4e	f280a	টাকার প্রয়োজন
c6d40b7ada	b7be9	মালয়েশীয় কর্তৃপক্ষ বলেছে
c6d410fe9f	fbb81	চণ্ডীদাসের সুর পাওয়া গেল
c6d437fa8c	c6848	মুখের ভাষা থেকে
c6d4a0c011	a4750	১৯৮৬-র জুলাই মাসে
c6d4ddde1f	778c0	আমি নাকি এক্কেবারে
c6d562b8ae	0d8c1	ওই হামলায় নিহতদের মধ্যে ১৩ জন বিদেশী।
c6d618c189	1de6c	ট্যাকলোবান অন্যতম
c6d618df97	32c77	দেশে থেকে যাওয়া উপজাতিরা
c6d6505595	d1b12	বোয়িং ৭৭৭ বিমানটি
c6d65c6303	274ee	যথাক্রমে ঘন কালো এবং বেগুনী
c6d69b13ea	8a46d	দুধ পান করানোর কারণে
c6d7f38efc	ab946	তৌকির আহমেদ-বিপাশা হায়াত
c6d8982795	86b1b	শোধরানোর প্রচেষ্টাই
c6d8a16b1a	69d9a	চুলকে চুলকে কারো কারো মাথায়
c6d907080b	d9081	মুখপাত্র হিসেবে
c6d9a13a9f	39293	বাস্তবায়নের জন্যই
c6d9cf85e4	c173f	মামলা হয়েছে ৯৫ সালে
c6d9d230e0	e9fa7	বেশ কয়েক বার
c6da778f36	2bc73	খুব ক’রে
c6dafa1ade	91223	বাঙালি মেতে উঠবে
c6db374ff9	f0f95	অন্য পুরুষেরা আজকাল
c6dba4172f	32998	এখানে গাবতলীর উদ্দেশ্যে
c6dbb949a7	dfefa	আশংকাজনক বলে পুলিশ জানায়
c6dbfc9ad9	93bf3	পঞ্চম দিনের মতো
c6dc1071bd	d9817	বাংলা হাসির কৌতুক
c6dc3f5979	0606d	মূর্খগুলোর হাতে
c6dcbd5a18	e50f1	মৌলিক কাব্যগ্রন্থ মুখোশ
c6dcd3f1ea	b9b98	সম্প্রসারিত হচ্ছে
c6dcf56e8f	16cfb	যুবরাজ মাত্র ৩৮ বলে
c6dcf7e73b	7a227	তিনি খুব একটা
c6dd1a01b8	089ef	সমন্বিত এক চক্রকে গোয়েন্দারা
c6dd20021f	3fb17	পরিচয় দিয়ে বলত
c6ddc4cea1	80e98	চানু ভাবল-বিদেশে গিয়ে
c6de22754f	98b81	বরং এটা এমন এক আদর্শ
c6de29f46b	ba2f6	ভয়ংকর ভূতের গল্প
c6dece4b50	2ad74	যা কিছু বঙ্গসংস্কৃতির
c6deeb19fd	0f047	কতটা প্রাসঙ্গিক
c6df8abeec	d136b	৫ শতাংশ কর
c6df8e23af	e03ce	ঘুম থেকে জাগিয়ে
c6df92b2d5	9351a	রাজনৈতিক প্রভাব খাটিয়ে
c6dfa43f78	3bb15	এত লুটপাট আর বিশৃঙ্খলার মধ্যেও
c6e0265725	256f5	সমীর বিশ্বাস
c6e0451ad5	c5479	পৌঁছে যান দালানে
c6e1971bea	8a46d	তার তিনগুণ মানুষ
c6e2506e9c	f2097	ভোটার সংখ্যা ১৬৩২
c6e267e59b	1b359	নানা ডিজাইনের থ্রিপিস, ফ্রক
c6e26a51a2	9d46f	সোনাখাড়া ইউনিয়নের ধলজান এলাকায়
c6e3701f67	bd576	কলকাতার ওয়েস্ট বেঙ্গলের
c6e394a1a7	11915	চাপানো যাবে না
c6e3aa36c3	0a7a0	আজকে আবার জীবন আমার
c6e3aabd42	9351a	সঙ্গী পায়নি অনেকদিন
c6e3d6bd67	46d49	লোকের সংখ্যা হাতে গোনা
c6e3dad545	29089	পথের এই ভয়ানক অবস্থা
c6e3ed87b0	baa02	দুই গোলার্ধ থেকে
c6e42183b7	60b9d	আকাশের হাতে আছে একরাশ নীল
c6e45745ce	086dd	এবং সম্মান
c6e4a9d219	14816	কেঁপে উঠল বিহারের বুদ্ধগয়া
c6e52b5871	17ca1	বিয়ের প্রস্তাব নিয়ে
c6e53a2136	7b900	জয়ের ধারায় ফেরে
c6e5cf5612	6aac8	ব্যবস্থা করার জন্য
c6e5d0fd00	35ef3	৬২ বছর
c6e5f3fb40	1652d	স্প্যানিশরা যদি গুলিও চালায়
c6e6cdfded	75f18	স্বীকৃতি থাকলেও
c6e71b47d1	5dd61	উৎকট এই দৃশ্য
c6e74f1db8	4fc91	উপন্যাসে তথ্যগত ভুল
c6e7ed997c	ad2a0	প্রতিশ্রুতিতে নয়
c6e8021c3d	0e637	তার হাতেই নির্ধারিত হবে
c6e86dd286	5d80e	মঞ্চ তৈরি, পোস্টার, মাইকিং
c6e8d479ef	1f974	আট জন
c6e8e35c58	ac904	নদীতে জমে যাওয়া পানি
c6e9828b02	ca088	বাংলাদেশের প্রধানমন্ত্রী
c6e9d6b597	c3cca	বিসিএস প্রস্তুতি
c6e9ffd06b	ac0df	যা নেই ভারতে নাটকের
c6ea063528	71522	পাকিস্তানি দোসরদের বিপক্ষে
c6ea46de04	bbb22	খাদ্য নিরাপত্তা আইন
c6ea5f8e39	d5f7b	যদি বিচ্ছিন্নভাবে
c6ea688d17	3fb17	কলকাতায় দেখা হলো
c6ea6dc722	37d7e	এটিএম বুথ পরিচালনার কাজে
c6ea84ba8a	274ee	অনাস্থা প্রকাশ করা হয়েছিল
c6ea8c1dd1	14d25	তাকে নিয়ে সংবাদপত্র, টেলিভিশন
c6eaedae8f	388c9	মৃত্যুদণ্ড দেয়
c6eaf0393e	420df	মারিয়া বেলেন রোদরিগুয়েজ
c6eb6f0cca	39293	দুপুরে পল্টন থানায় এসে
c6eba38914	6dff5	১০৩ বলে
c6ecaf96e9	2fc12	অর্থনৈতিক, রাজনৈতিক শক্তিসমূহের
c6ecf94620	4fbd1	মন ততোধিক জড়
c6eded7f56	f0f95	লাভ ম্যারেজ কোর্ট ম্যারেজ
c6ee168d3a	3f875	চলতি বছরের ৮ জানুযারি
c6ef5fe85a	80e98	এই গোলাবর্ষণে
c6efaaa505	2bc73	হলিক্রস কলেজ
c6efaf6a94	3c897	এগুলো অপরাধ এবং
c6f056ad50	3fc9d	দুজনের মধ্যে কেউ একজন বলেছে
c6f0b2813f	7a227	একটি রঙ অন্যটির সঙ্গে
c6f124b2d1	f837a	এই অসভ্যদের আচার-ব্যবহার থেকে
c6f1b52810	0a7a0	যে দেশের নাগরিক
c6f2141519	dafb6	অনেকেই হয়ত জানতেন না
c6f2958900	5d12f	এখন পর্যন্ত যা আদায় হয়েছে
c6f2b068ed	3fae0	অটোমেটিক রাইফেলে
c6f2ce210c	58998	অমানুষ
c6f4bec279	5639c	এত ভয়, এত লজ্জা
c6f4c6baee	7027a	কতজন নেতা
c6f51b0e35	9351a	আরেক জীবন
c6f52311c9	b00ba	এমন হল যে
c6f54402a2	93080	ওরা হাডুডু খেলে
c6f5eda0d6	efc0d	ট্যাক্সি ড্রাইভার হিসেবে
c6f629370c	f2097	উত্তরাধিকার পাবার যোগ্য
c6f639846a	35ef3	কোথায় যাচ্ছিল কে জানে
c6f6cac974	af81d	এখন পর্যন্ত মেলায়
c6f72c4605	4a918	হাজির হয়েছে
c6f7b6bc6e	14d25	কোনও মতে বসানো যায়
c6f92a5d62	976b1	সত্য ঘটনার সাথে
c6f9812d97	37e17	নির্ধারণ করার কথা
c6fa20e53b	e2ba2	অনেক পুরুষ-চিত্রপরিচালকের
c6fa2198a1	0633a	কেতাবের কথা ভোলেন নি
c6fb142692	f2b7d	সাবধানতার সঙ্গেই
c6fc328c7b	e8dde	এবং আত্মসম্মানবোধ থাকলে
c6fcaf9b52	68549	খুলনার সাতক্ষীরায়
c6fccd4de3	f2780	সাড়ে ৫৮ মাইল দক্ষিণে
c6fd21cc6c	e6752	তারা কাফের
c6fd2dab73	25117	সবাই ব্যস্ত হয়ে যাবে
c6fd8ff110	1279e	সর্বমোট ১৩ হাজার
c6fd9b2dd4	6d129	বেশ হাড্ডাহাড্ডি লড়াই
c6fd9eb7d9	b9122	বাংলাদেশে রেমিটেন্স প্রবাহ
c6fdd37fb7	9b864	কাজে গতিশীলতা আসবে
c6fdddb464	31f2a	নদী তো দূরের কথা
c6fe6d1bcc	f1ea4	আরেকটি লাশ
c6feb03bf2	fdcba	নীম পাতা
c6ff0d838b	4e900	ট্রাইব্যুনাল হাজির হয়ে
c6ff46d0d6	194f5	বাংলাদেশে রাষ্ট্রপতি নির্বাচিত হন সংসদ সদস্যদের ভোটে।
c6ffed685b	cf82a	শরীফুল ইসলাম
