cb000ec24d	e2c11	পরে যখন লেখা শেষ হয়
cb00cd4553	8a46d	চলচ্চিত্রে, ফর্মুলা ছবির মধ্যেও
cb00d10c0d	12702	ওঁদের কাছ থেকে
cb00f67ce9	acb88	তোলার চেষ্টা চলছে
cb0105829b	ce775	রাজধানী
cb0141124b	4486f	পার করে দিচ্ছি
cb015a3b05	68ab7	দমিয়ে রাখার চেষ্টা করত
cb01a891bc	5d80e	মিস্টার ব্যান
cb01ad4d3a	7b132	ক’জন নারী জানে
cb01b6a871	80505	গোপন রাখার চেষ্টা করে
cb0234c606	0744c	জৈব রাসায়নিক ঔষধ
cb02879479	d7a68	স্বাস্থ্যের কারণে ডাক্তারের পরামর্শে দূরে কোথাও যেতে হতে পারে।
cb03051137	2840e	কারা ভ্যানরিক্সায় করে
cb036db4b3	4dd57	পরের দিন থেকে
cb03b09113	c173f	আলাপকালে এ তথ্য ওঠে এসেছে
cb03f4fbd9	ce180	পদত্যাগ করবেন
cb04608bcd	bf530	বেড়ে গেছে
cb04ed0538	f6e55	বিভিন্ন সাক্ষাতকারে
cb053b1929	12702	শিল্পের প্রতিযোগী সক্ষমতা আরও হ্রাস পাবে
cb057dd13f	5b13f	ট্রেড ইউনিয়ন গঠন
cb05b31798	0d4cb	সিদ্ধ বলে
cb05d50d68	ce775	অহল্যার সহিত
cb066492af	121bd	চাল উৎপাদন হবে
cb068ba174	24f73	যেকোনো কাজ
cb06fae631	39dd0	ওর সঙ্গে
cb07634749	089ef	আসিবার কালে
cb0775f1dd	f29bf	শাহ আলম বলেন
cb0795f652	693cb	আমাদের আশাবাদী করে
cb079ada11	fcefa	কখনো থানায় যায়নি
cb07a647b2	73629	ফেসবুক কমেন্ট ফটো
cb07a84a2a	7297e	ভারপ্রাপ্ত চেয়ারম্যানের
cb07cb2131	61820	হজ্ব থেকে ফিরে এসে অবদি
cb07fd70f0	f29bf	এখন প্রকৃত দুগ্ধশুভ্র
cb08166992	11915	রাস্তায় পুড়ে মরি আমরা
cb08483a95	4c555	বাংলাদেশের ক্রিকেট
cb08c2a20f	39dd0	খ্রিসমাসের পর
cb0919b88f	b4ea7	বর্তমানে আই লিগে ১৪ টি দল
cb092c1f67	7d133	বেশিরভাগ এলাকাতেই
cb0a65960b	c9c19	নির্বাচনের ভোটগ্রহণ
cb0a77cbd0	37d7e	খেলাধুলার বিভিন্ন ক্ষেত্রে
cb0a9b5079	69449	সে কারণেই লিওনি
cb0ae25967	0e637	কিন্তু ব্যর্থ হয়েছেন
cb0af2b902	baa02	বরাত
cb0b03365d	b9122	বললেন সুরভী
cb0ba89c6d	bdd05	৩৬ রান করে
cb0bed2278	d3e06	বঙ্গদেশে প্রচলিত দেব-দেবীর অনুরূপ
cb0c04c1c7	590d0	একটি প্রস্তাব আনা হয়
cb0c24afc8	355c1	সংশ্লিষ্ট এনজিও’র পরিচালনা
cb0c923da2	dec2d	যা ভূমিতে ব্যবহৃত
cb0d30b278	68549	এমনকি ওয়েবসাইটে প্রবেশ করলে
cb0d47d243	730c3	১৯৪০ সালের
cb0d94167f	351dd	নিরাপত্তার বিষয়টিকে
cb0da6344f	35ef3	আমার পেট
cb0da6625c	a7c6f	আপনি রাষ্ট্রপতি মহোদয়কে
cb0ddbdd39	2556b	আমার চক্ষে জল আইসে
cb0e414efa	e9759	সনাথ জয়সুরিয়াসহ
cb0e8e107f	eaa7a	কিছুই বাদ না দিয়ে
cb0ef889af	7d133	ভারতের স্বরাষ্ট্র মন্ত্রণালয় সূত্রেও
cb0f2e260d	91ac1	তাই এমন পুরুষের সঙ্গে
cb0fc8f469	e6d83	চীনের তিনজন নভোচারীকে নিয়ে
cb107bf3fb	c5479	কুমিল্লার লাকসামে
cb1082de96	9813c	সারা বিশ্বের গণমাধ্যমে
cb108795fe	0b7ca	সুতরাং একটু সচেতন হলেই
cb10dbe9f5	43199	মূল সেতু নির্মাণে এখন সাড়ে তিন হাজার কোটি টাকারও বেশি ব্যয় বাড়বে বলে জানা যাচ্ছে।
cb10f6775a	39dd0	অরুণাচল প্রদেশ
cb1125a544	f2b7d	জীবন শুরু
cb112c8b4a	9351a	কিংবা ঠুনকো কার্যকারণকে
cb11ac1ff0	4bd2c	আংটি বলে
cb11de1d47	086dd	ম্যানহাটানের ভারতীয় বংশোদ্ভূত প্রসিকিউটর
cb11fab006	4486f	স্টাইল ওয়ার্ল্ডের মালিক
cb120a15b2	01e91	এক হাজারেও বেশি মানুষ
cb12196851	cd3ac	২০১৩ সালের ১৪ জানুয়ারি
cb127b3f12	554fe	আজকাল এমন অনেক
cb12fcc11b	64092	বাংলাদেশ বিশ্বের দরবারে
cb135e9f85	44322	টান
cb1363239e	3bea8	সুরক্ষা দেওয়ার নীতি
cb13fed6d3	2d78f	বিল্ড-অন-অপারেট পদ্ধতিতে
cb14666dea	4bd2c	গোয়েন্দা পুলিশের অন্য একটি দল
cb1493e95f	1a4a9	গবেষণায় নতুনমাত্রা
cb14ae4770	e89bb	জেলা সদরের
cb1586b3b7	e6e48	সুপার আবদুল আজিজকে
cb161d412d	0b7ca	পরম দালিলিক মর্যাদাসম্পন্ন গ্রন্থ
cb165ff8af	d2d71	কালিহাতী থানার উপ-পরিদর্শক
cb16837943	c5479	ও নাজিম একই মঞ্চে
cb168df105	cfc65	হেয়ার ফল শ্যাম্পু
cb16ec9d33	acb88	এসময় ৫/৬ জন লোক
cb1767598b	f2097	কৃষক ধান উৎপাদন করতে
cb178c7e68	aabe7	কারণ ঝড়টি খুব
cb17cb1e35	ff1c3	জাতি কখনো ভুলবে না
cb17e5c1f1	d41be	আমি ১১ জনকে
cb18551f0e	0633a	তবে মেসিকে ঘিরে
cb19854cd7	2c9c5	গঠন করে
cb1a4d4f49	43fc0	প্রশিক্ষণ কর্মসূচিতে
cb1a79b4ff	86b1b	লেবু ১ চা-চামচ
cb1af5d758	14816	সে একাজ করেছে
cb1b5de631	f0f95	মূলত অবনত হয়
cb1b6e4b36	287bd	উদ্ভিদের পাতার ডাঁটা
cb1b8c41b8	5d12f	পিছিয়ে দেয়া যায়
cb1bacd92f	84145	তারা পণ্যটি নিয়ে
cb1c5cb7a5	4fd66	আরাকান বাহিনীকে
cb1c6a5781	f83df	হিন্দি আউটলুক সাপ্তাহিক
cb1c73c308	b00ba	রেকর্ড ছিনিয়ে আনতে পারার
cb1d0acd3e	b4ea7	ভারপ্রাপ্ত চেয়ারম্যানের
cb1de56e58	404ee	তোমার কাছে
cb1e788297	7ee9b	নয়ন আলীকে
cb1ec67a33	4f2ae	সর্বত্র দৃঢ়চিত্ততা আবশ্যক
cb1f098cae	fd880	দক্ষিণ আমেরিকা
cb205acfe3	2bc73	বাবার গলা
cb211d55c9	2909b	অন্যান্য দিনের তুলনায়
cb215692d1	ad2a0	নাচের তালিম নেয়া থেকে শুরু করে
cb21e71e66	7ec1c	ঠেকিয়ে রাখলেন
cb220e0b85	e6752	সংবাদদাতা কাদির কল্লোল জানাচ্ছে
cb223f1ea2	42898	তিনি ভয়ে চলে আসেন
cb2252eb41	7898e	ব্যবহার হয় কৃষিকাজে
cb22609e57	35ef3	এর আগে ৫ই মে রাতে
cb232e9b6d	c7a89	বিরোধ ছিল
cb234eb880	3bea8	নিশ্চয়ই তার কোন অসৎ
cb236397af	d711f	বৃহস্পতিবার বিকাল থেকেই
cb237345d2	17dcd	হয়ে পড়লেন একান্ত নিঃসঙ্গ
cb23a886d7	ac0df	উদয় হয় না দিনমণি
cb23c3bc6c	7d3e1	তার মা এবং নানা
cb23e09f3a	e9fa7	বেলা বাড়ার সঙ্গে সঙ্গে
cb23ff4dd7	13b6a	ঢাকার স্কুল ব্যবস্থা নিয়ে সরাসরি
cb240fa310	7d3e1	ফলে দেশের সব শিল্প অঞ্চলে
cb24ab9dc6	f29bf	এক ফোঁটা চা পড়লেই
cb24f81e23	18a52	সব গল্প বলতেন
cb24fedc3a	43199	নগর জীবনের কোলাহল থেকে
cb2527a58c	256f5	আগামীকাল বুধবার এটি
cb25c9c575	cfc65	সতর্কও করেছেন
cb25fe66ae	16877	যদি কোনো বন্ধু-বান্ধব
cb2613c5d6	e2c11	গ্রেপ্তারের নির্দেশ দেন হাইকোর্ট
cb269fb1c7	2695f	অনেকেরই ক্যান্সার রয়েছে
cb26ac6fc1	c958a	ওয়াসফিয়া নাজরীন
cb26ae8091	c3cca	চালাতে পারে
cb26cdbbed	509f6	ফজলুল করিম
cb27e59703	ba2f6	সংগঠনের কেন্দ্রীয়
cb2856b4b4	b52ab	আগাগোড়া এটি একটি মিথ্যে অভিযোগ
cb2866fb9a	e9589	বিস্ফোরণ ঘটায়
cb28986f29	194f5	বাংলাদেশে আন্তর্জাতিক অপরাধ আদালতের
cb2928b1e9	dec2d	না হবেই বা কেন
cb29ddcb05	f2097	ফলে কিশমিশ ফুলে উঠে
cb2a23d2c1	0d9f1	তাকে উদ্ধার করা হয়
cb2a40d886	f658d	তাই তাদের
cb2b2d15b6	5cb47	সন্ধ্যায় ৬টায়
cb2b3cba0b	a8710	প্রবৃদ্ধিকে আরো জোরদার করতে হলে অবকাঠামো খাতে বিনিয়োগ অবশ্যই আরো বাড়াতে হবে।
cb2b4389f1	43199	রিক্সার চলাচল
cb2ca1b2a0	dba43	কোনো মুসলমান সম্পর্কে
cb2d9a4e4c	3f875	সাজঘরে ফেরেন ঘরের ছেলে
cb2e5230e4	7351e	ছোটগল্প এমনকি কবিতা নিয়েও
cb2ef3dc11	8edea	নতুন এই খসড়াটি
cb2f0b8da5	5dec6	সাফল্যের সঙ্গে হেঁটে চলেছেন
cb2f181952	d41be	ডিফেন্ডার স্টিভেন হুইটেকার ফাউল করলে
cb2f3897af	49543	তত দিনে হয়তো
cb2f8a3013	4e900	অনেকটা পোশাকি
cb2f90427f	8632b	পুড়ে যায়
cb306cce55	b8fe1	বন্দুকের গুলি
cb30c02e17	5dd61	রাধা আজ আনন্দ নিরানন্দের দ্বন্দ্বে
cb30d11cb8	491a5	কুঠুরিতে ঢুকলাম
cb30ed551c	b4ea7	হাসলে ঠোঁট থেকে
cb3114624d	21e54	কোন বদমাশের পাল্লায় পড়েছিস
cb31f5e59a	a274b	তিরিশোত্তর আধুনিক কবিতার ধারায়
cb32083f25	33814	প্রধান আন্তর্জাতিক বিমানবন্দরটি অবস্থিত
cb324a142c	0edef	এই বিবাহের জন্য দ্বেষবিশিষ্ট হইয়া
cb32525ad5	16cfb	অবশেষে তাদের বিয়ে হয়
cb3282725f	cb627	শেষ করে মনে হলো
cb33345a37	3c897	উহাতে অতি উন্নত ভাব সকল
cb33933616	24aed	ইউক্রেনে রুশ ভাষীদের রক্ষায় সেখানে সেনা মোতায়েনে কথা বলছে রাশিয়া।
cb33a6f4fe	59c73	আকাম্বা বা ওয়াকাম্বাদের
cb33d365d8	21e54	শিরোপা নিজেদের ঘরে নিয়েছে শ্রীলঙ্কা
cb33e699a9	3f875	কর্মনির্দেশ, অনুশয়নির্দেশ
cb34e72412	06ea3	করেই গড়ে উঠেছে
cb351ae407	f9dfb	সামনে গিয়ে পড়লাম
cb3546282f	2ac82	এসব সমাবেশে বেশ কয়েকটি স্থানে
cb35871d8c	75936	২টি জেটস্ট্রিম এয়ারক্রাফট
cb358cf30c	2ecf8	এই কষ্ট ভোগের ফলে
cb3593af81	db735	কোথাও ঝলকে উঠলে
cb3681f063	9065c	নির্ধারণ করা সম্ভব হবে
cb37801514	7297e	পক্ষান্তরে ভারতের বিচ্ছিন্নতাবাদীরা
cb37ac25bd	0bace	বাকি সব জমির ওপর
cb37c60e8f	16e96	ঘরে এক জালা বই জল নেই
cb380a8799	aabe7	লেনিন যখন মারা গেলেন
cb38c8ef99	6fb36	সেটা নির্বাচনী ফল নির্ধারণে
cb38ca99e1	4f450	টেলিস্কোপের সাহায্যে
cb393eeed9	baa02	তাদের আছে
cb394ec57f	61820	চিলি চিকেন
cb39679178	11915	তা দুরূহপাঠ্য
cb39699f10	12702	বিষয়টি পুলিশকে
cb398af4a2	0bace	অস্ত্রের মুখে জিম্মি করে
cb3a0f73fc	bbb22	গ্রামে প্রবেশ করিবার পূর্বে
cb3aa2bf62	5639c	সম্ভাবনা যাচাইয়ের কাজ সম্পন্ন হয়েছে
cb3b3ea4e5	ff970	আলো, পানি, রাসায়নিক পদার্থ
cb3bae41c0	a916a	বাংলাদেশ এর জন্য একটি
cb3bc871a2	d5f7b	তবে গত দুবছর হল
cb3c52c81b	8406e	দিলীপ কুমারের মতো
cb3c5dd93b	49d63	আর অস্ট্রেলিয়ায় হয়েছে খরা
cb3c7b5813	92bd8	সবচেয়ে উজ্জ্বল ধূমকেতু
cb3cbc8918	e9759	এটি একটি মারাত্মক অপরাধ
cb3ccd9597	b8bf0	জঙ্গীবাদ
cb3d11d74b	3faff	ভোট হবে এবার
cb3d2cbf95	9282d	৭ ফেব্রুয়ারি পর্যন্ত
cb3df9fb54	58998	এই উদ্দেশ্যে
cb3e2d5780	13b6a	৪ ফেব্রুয়ারি পুনরায় ছাত্র ধর্মঘট
cb3e34a71a	49d63	ভোটার উপস্থিতি
cb3e5c76fb	0f047	বাঁচার আশা ছেড়ে দিয়ে
cb3e8c9ea7	9b864	বরেণ্য ব্যক্তিত্বদের সঙ্গে
cb3f4a15c9	287bd	পশ্চিমবঙ্গে ১৯৫৩ সালে
cb3f7e28db	d3e06	দায়িত্বনেয়ার প্রস্তুতি রয়েছে
cb3fd2af38	0c39f	পদ্মা সেতু
cb3fdcf264	767ff	বিশেষভাবে মুক্তিযোদ্ধাদের বিরুদ্ধে
cb3fe1f2ec	93bf3	লিচু, সরিষা, কালোজিরার মধু
cb40680462	7ec1c	প্রথম বিভাগে
cb42339650	43fc0	গত ২৪ ঘন্টায়
cb425ab079	f1240	ভ্রমণকালীন থাকা, খাবার
cb426f0ad4	29d44	জোর করে গর্ভপাতের মাধ্যমে
cb4316fded	1a4a9	ভালো করে পরিষ্কার করা হয়
cb43301a7d	acb88	রিংকুর প্রথম একক অ্যালবাম
cb433d5050	9b864	নূতন খবর
cb43483a44	086dd	তাওহিদা ইসলাম
cb4359d2ad	dafb6	যানবাহন ও যাত্রী নিয়ে
cb437b3880	e31e7	দানি আলভেস, পেছনে নেইমার
cb43ab1160	ff1eb	ওপেনার জেসি রাইডারকে
cb44eaebcd	9092b	ইহার মধ্যে কোন্ গ্রন্থ অপ্রশংসনীয়
cb4542c438	54e68	শক্ত করে বাঁধা হলো
cb45edc3d8	f280a	রাত
cb462e87f8	f83df	এখুনি শুরু হতে যাচ্ছে
cb465e44ba	c41d8	ইরানের পারমাণবিক কর্মসূচিকে কেন্দ্র করে পশ্চিমা বিশ্ব ইরানের ওপর কঠোর নিষেধাজ্ঞা আরোপ করেছে।
cb47bd5e3d	75f18	কার্যত মাঠে নামেনি
cb47e55558	0696e	পণ্যবাহী কয়েকশ ট্রাক
cb47fd5185	509f6	ও-পারে না যায়
cb481b5464	92bb2	বাজেটের এই কৃষি প্রসঙ্গে
cb481ca562	8ba2b	ম্যাচেই দলের এমন জয়ের পর
cb4885c8bc	43b04	প্রথম খন্ড প্রকাশের পর
cb48e58ac3	7898e	মিছিলের চেষ্টা হয়
cb496d24ae	cc18a	তা বন্ধ করার জন্য
cb498ae887	eb179	প্রতিনিধিদলের নেতৃত্ব দেওয়ার কথা ছিল
cb49acb4be	ff1c3	টিপু সুলতানের ফরমায়েশ মোতাবেকই
cb49c2aa5a	92bb2	একজন কমিশনার
cb49f959ab	a46e2	খোলার নির্দেশনা দিয়েছে
cb4a259d34	0606d	আজ পর্যন্ত অর্থ বিনিয়োগের
cb4a8a3a21	3bea8	১ টাকা বেড়ে ১৬ টাকায়
cb4ab93fbc	43b04	মাস কয়েকের মধ্যেই
cb4abcdc1b	18a52	এক শত বৎসর আগের ঘটনা
cb4b2e2e63	5a61c	সম্প্রতি শ্রুতি রেকর্ডিং স্টুডিওতে
cb4b5c27c9	c463d	নির্বাচন বিষয়ে
cb4bc3160b	2909b	প্রতিদিন পার পেয়ে যাচ্ছে
cb4ceebb82	c9c19	তিনি খুবই খুশি
cb4cf323ac	baa02	এর উচ্চ শক্তি
cb4cf7c2ad	bfac7	কলকাতা শহরে
cb4d055f0a	e8dde	যা কিউট
cb4d1329b9	f6e55	সংগীত চর্চায়
cb4d3fc017	195f7	"কিছুদিন আগে
cb4d560319	ff970	তখন সরকারের
cb4dcaa1cd	d0c70	মুখ্য হয়ে উঠল ভূত-প্রেত!
cb4e078ba4	e31e7	তাদের সময় বিভিন্ন জায়গায়
cb4e3e1e74	4bd2c	এই মধুবনই মথুরা
cb4e887040	66b3c	ভূত নাচে
cb4ef1cb68	01e91	সেগুলো শরীরে
cb4f36798c	d2d71	ভাসিয়ে নিয়ে গেল
cb4f80cbe7	089ef	এর আগে পুলিশ
cb4fa927d3	5d80e	আর তার ফলে
cb50039698	6aac8	পারিবারিক বাধাও আছে
cb50132a5e	3fae0	ইতালির নেপলস থেকে
cb503b2be5	2ecf8	প্রকাশ করলে তার সীমান্তে
cb50c0c112	e3f89	টেলিভিশন সাংবাদিক ফোরাম হল রুমে
cb511856eb	590d0	তবে সেই তথ্য
cb51303ea1	09f0d	বিষাদ সিন্ধু
cb51590de5	ad69a	প্রসঙ্গে বাংলাদেশ জুট এক্সপোর্টার্স অ্যাসোসিয়েশনের
cb5173e309	5d12f	ইস্কাটন ও গুলশানে চঞ্চলসহ
cb51e8fe2c	b8ed8	প্রস্তুত করা হয়েছে
cb51f118b1	cf82a	বক্সের ভেতর
cb5272336d	b9a81	ইউরোপের কয়েকজন গবেষক জানিয়েছেন
cb5284851b	bcaa8	সেও সোজামুখে যায়নি
cb52bc7291	49d63	হয়ে যাবে চার
cb536760e2	9c8dd	বিপুল সামরিক নৌযানের
cb53862fec	5d80e	কঠিন হয়ে পড়ে
cb53fdb4a8	d9817	ক্যাবল কানেকশনের কল্যাণে এই কার্টুনটি বাংলাদেশেও শিশুদের মধ্যে খুবই জনপ্রিয়।
cb546f764f	bbb22	এমনকি দলে রদবদলের
cb54717460	ee994	পলিটিকস করতে চায়
cb54944deb	80539	গ্রাহকদের উন্নত সেবা দিতে
cb549c306c	491a5	নিবন্ধন কর্তৃপক্ষসহ বিভিন্ন সংস্থার
cb556d3145	6d129	ফিলাটেলিক ব্যুরো ও কাউন্টার
cb55c80730	a43b5	মানবতাবিরোধী অপরাধের তদন্ত
cb55d1f504	7b103	শিশুর বয়স
cb562a83e4	80be1	১৯৩৭ সালে জন্ম
cb569cc03d	0895a	শহরতলী এলাকা
cb56e6fd31	b618b	ষষ্ঠ ওভারের প্রথম বলে
cb5762ea9a	b8bba	প্রতিশ্রুতি মিলেছে বহুবার
cb57b4673b	ce180	বাংলাদেশ ইসলামী ছাত্রশিবির
cb58581988	e6e48	নিষিদ্ধ করার প্রস্তাব
cb586b232f	a0277	ট্রাইব্যুনাল এখন
cb5878e20e	f143a	পরিণত হন তিনি
cb58e6d87c	80e98	এর মধ্যে চারটি মহাসড়কের মধ্যে
cb5912e3ad	7b60a	ভদ্রখালী হাইস্কুল মাঠে
cb592da9d3	28bb3	জার্মানির অ্যাঞ্জেলিক কারবারের
cb59532cc2	aa820	মুহূর্তে আমাদের গ্রন্থের গভীরে
cb596976ad	c958a	দেখানো হবে ১৭৪টি
cb597470f9	49543	সম্পন্ন হয়
cb597f7e4c	6da0a	তারা সঙ্গ দিচ্ছে
cb598ab58d	3ccf1	বন্ধুদের নিয়ে
cb59a8faed	bf530	যে জাদুতে
cb5a376212	2c9c5	ভারত সরকারের অনুরোধে
cb5a62cb11	65e30	ফিরে আসেন
cb5ae7d198	25117	এ হত্যাকাণ্ড ঘটেছে
cb5b2b35da	2840e	গুদামে সরবরাহ করবে
cb5b3e7beb	7b900	মিলাদ পড়াইতে পারে
cb5b4482e2	83c53	এরপর থেকে প্রতি বছরই
cb5bb73fcd	a1201	আমরা বাজে ব্যাটিং করেছি
cb5bf3fd68	7f71c	তবে সেই শাড়ি
cb5bfd3f7c	554fe	রুই ডিম পেড়েছে
cb5c02dd30	60f77	অক্ষোভ্য বুদ্ধের
cb5c035097	5e80b	নৌপথে ট্রানজিট সুবিধা চাইছে
cb5c5aeec9	ee4ad	৩৬ ঘন্টার হরতালের আগে
cb5c986f6b	75626	সুন্দরবনে প্রবেশ মূল্য, নিরাপত্তা কর্মী
cb5c9ec73d	29bab	ভালুকা ডট কম
cb5ce4a244	1b359	অয়লার ইঁট
cb5d0e9ee7	4dd57	সেসব জীবাণু থেকেই যায়
cb5d7e5d21	b8ed8	ডাঃ জাকির নায়েক
cb5e26cbbb	420df	পাঁচ হাজার লাইসেন্স দিয়েছিল
cb5e33379d	e2ff7	রোনালদোর হেয়ার
cb5e84fc6a	6b437	তো হবে না
cb5f152af9	ba2f6	সরকার যানজট নিরসনে
cb5f92e2fa	80518	৮৯ দশমিক ১৮ শতাংশ ছাত্র
cb5fa9a9de	c9c19	ঢেকে রাখতে হয়
cb5fb49aea	5dd61	আইন আইনের পথেই চলবে
cb60204351	3c897	সিলেট বিকেএসপিতে
cb60335dcb	3d17c	সরকার দ্রুত
cb60447b6a	f280a	অতি সাধারণ একটি জিনিসকেও
cb605c6bdd	e9759	ভোটগ্রহণের দিন নির্ধারিত ছিল
cb606f6a1c	f1240	ফুলে ভরা জীবন
cb609a4bf8	7f2ef	উৎখাতের পর
cb6154c9d4	46da4	তাঁরা বাংলা ভাষায়
cb624daea5	7e1d5	সাকিব আল হাসানের পর
cb626afc5c	eaa7a	ও আমাকে তার
cb62ee3913	6e6fa	ছেলেটি তার খালার বাসায়ও নেই
cb62fce5a4	06736	আজাদী বাজার থেকে
cb63314f44	7a227	অপরাজিত ছিলেন তিনি
cb634bed04	86b1b	মহাভারতে তাহারা অনার্য
cb6398b394	10a9f	একই সাথে সংযত আচরণ
cb640516ca	49d63	দক্ষ অভিনয়গুণে সহজেই
cb64efea1b	b8fe1	অভাবে স্বভাব নষ্ট হয়
cb653ac684	d3e06	ঠিকই চিনতে পারছে
cb655b2063	f2097	সুবিধা করতে পারেনি
cb655cfee9	c6848	এছাড়া রেকটিফাইড স্পিরিটের সাথে
cb65c8c23c	554fe	আমার পকেটেও
cb65ed7600	b9b98	খিলগাঁও ফ্লাইওভারের
cb65fc3a4a	b8ed8	তিনি বোকার মত তাকিয়ে রইলেন
cb663850c6	745b7	এভারেস্ট বিজয়ী
cb667078f8	e7230	আমি বিশ্বের অনেক দেশ থেকে সম্মান পেয়েছি, কিন্তু নিজ দেশের সরকার আমাকে কোনো সম্মান দিল না।
cb667dcaa3	cf82a	সেই অবস্থায়
cb66969970	1c618	এসএসসি পরীক্ষার রেজাল্ট আহা কি আনন্দ।
cb66b19621	80539	বাংলাদেশে উত্তরাধিকারের রাজনীতির
cb671b2f6e	b9a81	রোববার এই ক্রাইমিয়াতে
cb6741023b	8143b	আর অচেনা এই ডাকটি
cb675f0570	ff1eb	বানানো হবে
cb678ff8c4	39293	নিদারুন অভিজ্ঞতা তুলে ধরেন হোসেন
cb683ba8ac	3fb17	তিনটে লম্বা লাফ দিয়ে
cb687e8720	f2097	রূপার কাঠিও তুলিয়া লইলেন্
cb69304ba7	adf01	ব্ল্যাংক ভার্স তথা
cb6938ae32	7c272	প্রাচীন ভাবধারার
cb69d20093	83c53	জওয়ানরা ছুটে গিয়ে
cb6a4e8dcc	6da0a	সুগন্ধি প্রদায়ক উদ্ভিদ
cb6ae79acc	66dcd	আইসিসির টি-টোয়েন্টির র‌্যাঙ্কিংয়ে
cb6aebbd68	0f047	মোস্ট সুররিয়েল পোয়েটিক বর্ণনা
cb6b2ecfb3	256f5	কেবল, সেই অসাধারণ মনুষ্য
cb6bb9b433	ad050	আখ হল বাঁশএ
cb6bda5f72	f1ff2	হস্তান্তর করবে
cb6c25d051	7e1d5	শুধু প্লটের চিন্তা
cb6c3089c4	a8710	বেড়ে যাওয়ায়
cb6c313e23	95907	নিয়ে আমরা যখন আলোচনা তুলবো
cb6c314166	ea8fa	মৌলিক বিষয়
cb6c4630bf	16cfb	আমার খাদ্যে ছিল
cb6c9a9dc9	b618b	রাস্তায় নামাচ্ছেন না
cb6cda508c	8632b	একজন পেসার নিয়ে খেললেও
cb6d2dbbe9	9282d	তারা হুমকি দিয়েছে
cb6d651456	f2097	বড়ুচণ্ডীদাসের ভণিতায়
cb6d86bab4	2ad74	বাবার মুখ থেকে
cb6db679b7	d1a48	এ আশ্বাস পাওয়া যায়
cb6df7f321	82926	নিহত হওয়ার বিষয়টি
cb6e1e23b7	09b32	আদালতে বাদিপক্ষে শুনানি করেন
cb6e27eedd	2f547	কয়েকজনকে নিয়ে
cb6e87cf43	f2b7d	সামাজিক ডিমান্ড আছে কিনা
cb6ecdbd57	b9b98	আজ সকালে
cb6ed8593e	7a227	পিতা-পুত্র একই সঙ্গে
cb6ee9462b	bdd05	ঠিক করে ফেলেছিল
cb7055a4b6	a699c	দৈনিক রাশিফল
cb706924d7	e50f1	লোকে লোকারণ্য হয়ে যাবে
cb70921e3f	ea5be	তাদের বৈধ কাগজ দেখানোর জন্য
cb70b6e589	cc18a	বাজার থেকে দেদার টাকা
cb70fbd792	79b06	ভুগতে হবে
cb7101b549	f6e55	কেন্দ্রীয় ব্যাংক
cb71473bdc	9065c	রান্না খাদ্য ও পুষ্টি
cb7249fda5	0696e	এই জমানার মেয়েদের চেয়ে
cb72cb1344	acb88	অন্য কোনও মাবুদ নাই
cb7304ea97	bfac7	রাহুলের সঙ্গে তার মনে মেলে
cb73379218	351dd	বাঙালির দাপটের যুগ
cb73527847	7297e	বসন খসিছে
cb73565fa3	c3cca	এটি তার ১৭তম
cb7490934d	2bc73	দেশের শিল্পকলার জগৎকে
cb74a970cd	4ea73	আকারের হয়
cb74ae4d42	c41d8	নিবন্ধন হয়েছে
cb74c90dd8	ea8fa	এ ডাকাতির ঘটনা ঘটে
cb74dd1f12	239f7	ঢোল নিয়ে
cb77007aab	2396d	কর্মসূচি ঘোষণা করা হয়
cb778c97bb	f143a	ছবি দেখলে
cb77bf106f	903fa	বাংলাদেশের কর্মকর্তারা
cb77e77b3e	0633a	পঞ্চম দফা উপজেলা নির্বাচন
cb77efae88	4237e	প্রায় বছর খানেকের
cb7905b3d8	32c77	একটা প্যাকেজের আওতায়
cb79f77302	9282d	বাস্তব ঘটনা
cb7a6c26a6	932bb	বাংলা ব্যাকরণ
cb7a83bfd2	efc0d	জামানত বাড়াতে হবে
cb7b39a782	a916a	একটি মোটর সাইকেলে
cb7b6428d8	08458	একাধিক ক্যারেক্টার তথা
cb7b7b5a13	f658d	৪শ থেকে ৮শ টাকায়
cb7ba34009	195f7	ইউক্রেইন সীমান্ত এলাকায়
cb7bf82db8	18460	উত্তর কোরিয়া পরমাণু কর্মসূচির বিষয়টি যুক্তরাষ্ট্রসহ মিত্র দেশগুলোর জন্য ক্রমশ হুমকি হয়ে দাঁড়াচ্ছে।
cb7c046f2f	68549	ও বরিশাল সিটি কর্পোরেশনের নির্বাচনে
cb7c45d32f	e6e48	সময়োপযোগী কাজ
cb7c58e7ed	7e191	ইমেইল মার্কেটিং
cb7d5c4fec	c7a89	অবসর নেন
cb7d727ffd	14d25	এতে সভাপতি নিয়োগসহ
cb7dc440a5	3c897	অনুষ্ঠানে প্রতি পর্বে
cb7e17c514	4237e	ইতালি বিশ্বকাপের কথাও
cb7e2f39cb	6da0a	বড় কর্তা
cb7f26368e	f280a	না গরুর বাছুর আনতে
cb7f350b3d	93bf3	তারপর পুটলিটি হাতে করিয়া
cb7f409cd9	cb842	তাকে দেবী চৌধুরাণীতে
cb7faf2612	60f77	শান্তি চুক্তি বাস্তবায়নের চেষ্টায়
cb808dc243	616ec	সারা দেশের উপর হামলা চলেছে
cb80efe465	1f733	গোয়েন্দা পুলিশের কার্যালয়ে
cb80f266e5	ca088	বর্ষা বলেন
cb8108f0dc	4dd57	বাজারজাতকরণ শুরু হয়
cb817dd853	239f7	স্পষ্ট বুঝতে পারি
cb81a41d73	315e9	আর্থিক সঙ্কটে
cb81df861a	1de6c	এই ঘটনা মুছে যাবে
cb82bacea6	4f2ae	ঐশির বন্ধু
cb8362c49c	8845d	কম লোক বোঝে বলে
cb83a73a60	4bede	মেয়ে তাকে বলেছে
cb83b136f0	eb179	অহনা
cb83ffb43f	28dfc	আন্দোলন করে আসছে শিক্ষার্থীরা
cb84661f25	d2355	চলমান আন্দোলনে
cb848c8b59	eecdd	দিনাজপুরের সৈয়দপুর
cb84a75d10	9b864	বিচারপতি মোহাম্মদ আব্দুল হাফিজ
cb85501957	6d129	কৃষ্ণ চটিয়া লাল
cb860a4572	e2f12	এ আদেশ পেয়ে
cb8621381f	355c1	নির্বাচনের একটি পঞ্চম ধাপ
cb8697d397	ac0df	১৭ নাবিকের সবাই
cb8713191a	95907	তামিম
cb87168c4f	ce180	সাতক্ষীরা থেকে খুব দূরে নয়
cb871d6309	f6e55	এত নির্জন স্থান
cb874b5f34	bd576	এবং সুবেদার শায়েস্তা খানকে
cb87d1c643	e2ff7	পূর্ববর্তীকালে প্রচলিত
cb8875c2c7	11de3	এখানে সমন্বয় ও সমগ্রতাবাদী
cb88bb8135	2ac82	গ্রেফতার করে র‌্যাব
cb88eeff61	d9b11	কিছু বলেননি জোহানসন
cb890ed3da	0606d	তার একটা পা
cb8ab1f178	68ab7	এ অবস্থায় সরকার
cb8ac12e09	0c39f	গান গাইছেন কয়েকজন
cb8b2977fc	23b22	সাড়ে ১২টার দিকে
cb8b9fcc7d	d9b11	মুষলধারে বৃষ্টি
cb8be40c0e	5639c	আগামী দুটি সাধারণ নির্বাচন
cb8c43adcc	32c77	ট্রাইব্যুনাল-১ এর চেয়ারম্যান
cb8c9021fd	1e7c6	দেশটিতে কয়েক বছরের মধ্যে
cb8d37b3f6	54e68	বৃহস্পতিবার সন্ধ্যা সাড়ে ৬টার দিকে
cb8d595732	31f2a	দৈনিক খবর
cb8d8ed93b	b52ab	বায়ুর প্রধান
cb8da0e7f7	f2b7d	তিনি প্রতিপক্ষের
cb8dd7c1db	9282d	যতটা ভাবা হয়
cb8ddbfd40	6c17f	৮ রানে ৩ উইকেট নিয়ে
cb8e187ddd	ee994	জোস
cb8e2952fc	730c3	কড়াইতে তেল গরম করে
cb8ee56949	b8bba	ওয়াশিংটন শহরের কেন্দ্রস্থলে
cb8ef3d242	948d3	সংঘাতে জড়িয়ে পড়ে
cb8f477eda	a7c6f	নামাজ সম্পর্কে
cb8fa8234a	8ba2b	২৬ হাজার ১০৯ জন ছাত্র
cb8faad3ee	3fb17	নাজনীন হাসান চুমকী
cb8fe77045	b8bba	আপ্রাণ উঠে যাওয়া
cb9058b540	16a17	বাংলাদেশ ও ভারতে
cb9123ec99	2396d	শুক্রবার পরীক্ষা-নিরীক্ষা চালিয়ে
cb9154f13d	c7a89	একটা ঘুম-ভাঙানিয়া
cb915b98b8	22096	বিস্তার লাভ করেছে
cb92d750e7	9d398	মাথিনের প্রেম-কাহিনী
cb93293f66	2ecf8	নেতৃত্ব দিচ্ছেন
cb94699507	f600a	এরা সবাই চুনারুঘাট উপজেলার
cb94b9bd0d	28dfc	মমতা গল্পটি
cb95019e87	09f0d	বাংলাদেশের অন্যতম সেরা পেসার
cb953e3cad	7c272	তার জন্য সবচেয়ে সহজ
cb959ee0e2	25117	তরুণীকে নানাভাবে বুঝিয়ে
cb95b03423	bfac7	রিয়া সেন
cb95d7295c	0895a	সামরিক স্বৈরাচারের স্থানে
cb96030935	d2294	৬৫ টাকা কেজি দামে
cb9643a236	3fae0	একটা হিন্দু মন্দির
cb96978d1b	9d46f	গন্তব্যের দিকে
cb96b2821f	2840e	সাগর তা নিতে চাননি
cb96dd3daf	d5213	হঠাৎ একটা তরঙ্গের মতো
cb96fa5473	ff0fe	গুঞ্জন উঠেছিল
cb970448a6	dae88	এখানে সেখানে
cb97381fd3	ca088	সর্বদা অগ্রগামী
cb97bea465	24f73	কিছুই ভুলত না
cb9806ccef	3faff	তারা একশ’ টাকা
cb986645b4	c7a89	দর্শনেরও উদ্দেশ্য জ্ঞান বটে
cb989cfb32	c3cb3	গত চল্লিশ বছরে
cb98b5cd18	bfac7	এ বিষয়ে আমাদের
cb98feeb12	c9c19	কমেছে ১৬১টির
cb9932a82d	43b04	ওই সময়কার ছাত্রনেতা
cb99c648df	23b22	নুহাশ পল্লী
cb9a42cc17	49d63	ধীরাজের লেখা উপন্যাসের
cb9a6ed968	aa820	সুমন রহমান এই প্রজন্মের
cb9a7016e0	18460	এ বিষয়ে একটি নীতিমালা তৈরি করে
cb9a710962	430b2	বাঁধনের গ্রামের বাড়ি বিক্রমপুরে
cb9a928900	520fb	মহাসমুদ্রের গভীরতাকে
cb9b8c5b81	b8bba	বিবিসিকে একথা জানিয়েছেন
cb9c6f549b	b8ed8	কাঠটা আঙুলের সঙ্গে
cb9c850244	860f4	রস উপজিল
cb9c851b69	29f8c	আগে ব্যাংকার্স
cb9c9edb82	e9759	তেল বা মাখনে
cb9ce7c74a	16e96	ওদের গড়ে তোলা
cb9cfc60bf	fda1a	স্ক্রিপ্ট লিখে
cb9d2ea21a	d1a48	তাজা রক্ত
cb9d80b7a6	c749e	কে আমাকে দেখিয়া
cb9dfacab6	b618b	ওরাকল
cb9e3f2956	e2ba2	সকাল ৭টায়
cb9e5264c4	1e7c6	ব্রিটিশ হাইকমিশনার রবার্ট গিবসন
cb9e6d49f5	8845d	পুলিশের একজন কর্মকর্তা মোজাম্মেল হক বিবিসি বাংলাকে জানিয়েছেন, তিনটি মৃতদেহই এখন ঢাকা মেডিক্যাল কলেজ হাসপাতালে আছে।
cb9ebf35b1	cf82a	কোন চুক্তি হলে
cb9ebfdf3f	31f09	বিক্রি হইতে দেখলেও
cb9f27949d	d71a3	সাজা দেওয়া হয়েছে
cb9f49fe4f	a916a	বিশ বছর আগে
cb9f8859bd	9c8dd	খাতা দেখা
cb9f8936c7	d5213	বিদেশি প্রভুদের
cb9feb922a	38d3a	সরকারের মনে
cba01acb5b	8cf95	অন্তর্ভুক্ত করা হবে
cba02fe5b9	b08d0	নগরীর কদমতলী পয়েন্টে
cba057955a	9c8dd	বিশ্ববিদ্যালয়ের ভিসি বরাবর
cba08662f5	c173f	আরও সরকারের অধীনে
cba08e15e9	932bb	ঐ চারি বৎসরের বঙ্গদর্শন
cba14926d1	58998	বের না হতে
cba14e5352	43b04	দেশটিতে বিভিন্ন সহিংসতা
cba1bf37d3	0696e	গ্রাম্য পুলিশ
cba1d3ff04	2fc12	সমৃদ্ধ
cba20fea5b	932bb	চাকমারা আরাকানের চম্পকনগর এলাকা থেকে পার্বত্য চট্টগ্রামে আগমন করে।
cba39d5a26	5a61c	পুদিনা খায় না
cba427f2da	0bace	ওটা ভুলে যা
cba45106c6	3f493	ভালো চোখেই দেখবে
cba5bf8f4e	e6e48	সেনারা তাদের অস্ত্র
cba5e36fe6	33aef	অ্যাপোলো ৮
cba6119fde	7027a	দর্শকদের মন জয় করার মতো
cba638e3bf	33aef	বিবেচনায় এনে
cba64f3f98	29089	এক ভাগ বিলোনো হয়
cba65972b1	c9c19	এটুআই প্রোগ্রাম মূলত
cba66a475d	f89d7	একাত্তরে মুক্তিযুদ্ধের সময়
cba69aa7b9	a43b5	মালিক পক্ষ দোষী
cba6a95b85	7df87	অতীশ দীপঙ্কর বিজ্ঞান ও প্রযুক্তি বিশ্ববিদ্যালয়
cba6aceca4	4a918	সব ধরনের রেল যোগাযোগ
cba6d16c09	3fb17	তবে সবার আগে তাদেরকে যুদ্ধবিরতিতে আসতে হবে।
cba6d588c2	0b7ca	ছবিগুলো হলো পূর্ণদৈর্ঘ্য প্রেম কাহিনী
cba6ff6dcb	f143a	শিল্পা শেঠী
cba74b3c65	6a35e	কয়েকজন শিক্ষার্থীর সঙ্গে
cba77c4dd1	16877	নিয়ে এলো
cba7857f71	b78ec	আপিল বিবেচনাধীন
cba793f72b	388c9	প্রিন্সেস ক্রিস্টিনা
cba79d4a79	66b3c	পুরো পরিবার চালান
cba7aa8d51	d2faf	এক বছরের জন্য
cba809d161	e55de	জানা যায় যে
cba817a885	442b7	কিছু কিছু নাম্বার থেকে আর আসবেনা কোন ফোন
cba8261ce5	1652d	যানবাহন চলাচল বন্ধ করে
cba8e115e6	75f18	অথচ এই খাসজমিতে
cba92e6767	509f6	ইন্টারনেটে টাকা আয়
cbaa1a0bbe	2909b	কারণ হিসেবে বলা হয়েছিল
cbaa268edf	2d98b	বুটিক হাউসকে
cbaa2bb18d	b8fe1	প্রকাশ করছিল
cbaa7cf62a	6d129	জ্ঞান হওয়া অবধি দেখি নাই
cbaaa795da	b8bdd	বিরোধিতা করেছেন
cbaab5da83	80be1	বিরতিতে যায়
cbab157225	a8710	মালয়েশিয়ায় লোক পাঠানো হচ্ছে
cbab67caf0	6ee5f	এ সময় গাড়ি দুটিতে
cbac124f7d	f2097	টিএসসি, অডিটরিয়াম করা উচিত
cbaca60af7	f4ba7	এত বছর পরও
cbacc1051c	49d63	বিস্তারিত তুলে ধরা হয়েছে
cbacc78f48	4a918	রায়ের জন্য অপেক্ষমাণ রাখেন বিচারক
cbad218559	7b132	একই সাথে
cbad3a346a	4fbd1	স্বাভাবিক অবস্থা
cbadb4850e	11915	কালো জহর-মারা পাথর দিয়ে
cbadb98e65	ad98d	আন্তর্জাতিক বিমান বন্দর থেকে
cbae2c4647	68549	ধনীর না জ্ঞানীর
cbae67dee4	3fce2	হাতী ঘোড়া সিপাই সান্ত্রীর হাঁকে
cbae88d188	13b6a	অপরাজিত ২৭ রানের
cbaef73937	7d004	মৃত্যুর প্রকৃত কারণ
cbaf1fc5da	31f2a	এসব রাজনীতিক
cbafd38dce	d2faf	নাম পাল্টানোর নিয়মটি
cbb024511a	3f875	আমার সঙ্গে রহমান বয়াতির প্রথম পরিচয় হয় ১৯৮৭ সালে ঢাকা বিশ্ববিদ্যালয়ের একটি অনুষ্ঠানে।
cbb0d96ba5	5639c	কোনমতে সেটাকে
cbb0fa4b61	54e68	একজন নেতা বলেন
cbb1290cbb	e2c11	নগরদাহ ধর্মানুমোদিত নহে
cbb139c80b	43b04	মোচন করেছে
cbb1d26105	b9b98	এই আলোচনায় একদিকে যেমন
cbb2569548	80518	আমরা এক সাম্প্রদায়িক
cbb2719a28	b4ea7	বিশ্ব চরাচরে
cbb27bf8b9	ca088	আদম সুরত বানাতে
cbb2d1964f	0e637	ভারতে বৃহৎ শিল্প গড়ে ওঠে
cbb2d2da39	07660	ঘটনা ঘটেছে
cbb2ed7d71	43199	৩শ ১০ মার্কিন ডলার
cbb346b291	54e68	এলাকায় একটি পিকআপ ভ্যান
cbb37fa2b5	65e30	আন্নামীয়দের স্বাধীনতা সংগ্রামে
cbb3a3922b	0a87a	এধরনের প্রতারনার বিরুদ্ধে শুরু আইন প্রনয়নই যথেষ্ট নয়।
cbb3b3e2d8	28dfc	সাভার এনাম মেডিকেল কলেজ হাসপাতালে
cbb41520df	7b132	বড় আসরে খেলতে গিয়ে
cbb4703601	3d17c	পুলিশে দেয়
cbb471237a	ea8fa	গঙ্গার হাওয়া এসে
cbb4db0403	32998	ও গন্ধের জন্য আলোচিত
cbb6205ad0	8b859	সময় ব্যয় হয়
cbb653d973	5639c	২২ কিংবা ২৩ মে
cbb6ed4c99	2d78f	জরুরী মিটিংগুলো
cbb70776fb	23b22	হাড়ের সমস্যা নিয়ে
cbb736f6d6	aab0f	হামিদ
cbb81b4968	e31e7	এই আয়োজনে
cbb86382fb	bfac7	উৎসবে মেতে উঠতো
cbb930787a	4e900	রাজভবন, রাইটার্স বিল্ডিং
cbb99a764a	c6848	ইসির নির্বাচন ব্যবস্থাপনা
cbb9f43b42	f1ea4	বিশ্বাস করে না
cbba19e251	18a52	তাহাই হাতে করিয়া লইয়া
cbba212dfa	91b16	তারা সংসদে
cbba2af642	2909b	ইজারা দিয়েছে সরকার
cbba5de4dc	65e30	একটি সমবায় সমিতির মাধ্যমে
cbbade91d1	2909b	এ ছাড়া আন্তর্জাতিকভাবে
cbbb1d6f3a	287bd	সাধারণত পুরুষরা টাক হয়
cbbb40bf91	58998	একটি মিশ্রণ
cbbb8fd777	39293	বার্মাইয়া
cbbbbcf857	ee886	ঢাকার উদ্দেশ্যে
cbbbc08aff	95907	১ কপি পাসপোর্ট
cbbbf92ebe	4c1eb	নিহতের জামাতা রঞ্জিত দেবনাথ
cbbbffacdd	8143b	লোকায়ত-দর্শন
cbbd1eeefa	880ae	অভিজিত নামে ভেগা;আলফা লাইরী
cbbeb532f5	2695f	অশোকনগর বাইপাস রোড
cbbec65fae	4a918	আরিফের বরাত দিয়ে
cbbeef3241	8edea	মূল ভিলেনের ভূমিকায় কাজ করছে
cbbf57763d	25117	একটি ধারণা প্রচলিত আছে
cbc010e2f5	c11b1	ভারত তার সেরা পাইলটদের
cbc0381d8f	7aed9	কষা, লোনা
cbc0a1a216	1f974	রাজশাহী ও রংপুর বেতারের
cbc0a94433	0895a	দেখা গেছে তাঁকে
cbc0ab2575	420df	পরস্পরের কাছে ধার-ধোর করে
cbc0e4f272	c11b1	বেশি হতে পারে
cbc0fc024b	ad2a0	সেভ করতে হবে
cbc1700647	af81d	পাসপোর্ট
cbc19d44e0	29d44	কি খেয়ে ছিলেন
cbc1bb7e33	29f8c	সকাল ৯টা থেকে
cbc1ecc9c5	3bea8	সুপ্রিম কোর্টের
cbc2208baf	68ab7	রবীন্দ্রনাথের ‘চতুরঙ্গ’ উপন্যাস
cbc257c7d7	086dd	সামাজিক স্থিতিটাই
cbc26d285a	b8ed8	সুরা বাকারা
cbc2ebca25	61820	পুলিশ তড়িঘড়ি করে
cbc2f7c72c	2ad74	এছাড়া টিশার্ট, আতর
cbc30217e2	11bd2	ছিল তাঁর মহাযুদ্ধ
cbc322196c	f658d	দূতদের পরের অনুরোধটিতে
cbc38c2aad	5354e	তাদের কাজ চালিয়ে যেত
cbc494ef00	93bf3	এর প্রায় ৩৬ বছর পরে
cbc5445842	7b103	তার পপ জগতে আসা
cbc578ee0e	8cf95	মনের দুঃখ ঢেকে বেড়াই
cbc5ffa1b4	9282d	ঢাকার বাইরেও
cbc65d0e22	9fa90	যার পেছনে
cbc68c9b86	351dd	কবিগুরু বাল্য গ্রন্থাবলীর
cbc6db4700	bc81e	ফুল ছিঁড়ে নেয়
cbc78b1aa8	355c1	রোদ পোহাতে পোহাতে
cbc7ee7fad	c463d	কৃষিকাজ তদারকি
cbc7fbdd20	0744c	যা তামাক কোম্পানিগুলোর
cbc8480d4d	a1201	বাসের জানালা দিয়ে
cbc8a15347	d0c70	চলিতে পারে না
cbc8f7ed3d	f0f95	সাপটা পরমুহূর্তে খুঁটি বেয়ে
cbc973d56c	287bd	পৌনে ৮টার মধ্যে
cbc99464fb	388c9	বৃহস্পতিবার সকাল পৌনে ১০টায়
cbc9a2513e	f2097	নিজ বাড়িতে ইন্তেকাল করেন
cbc9f479f1	7b60a	মানসিক সমর্থন দিচ্ছেন
cbca953af6	8406e	এই ক্লাবে আমির খান
cbcb5f1419	39293	অভিযোগ শোনা যায়নি
cbcb914883	6c6bf	হরতাল নিষিদ্ধের সময় এসেছে
cbcb983ef9	dfefa	ফুটবল খেলোয়াড়
cbcbfb2a70	6d129	গুপি বাঘাকে বলল
cbcc4898be	2aecc	বিজয় কুমার পাল
cbcc5cd023	e754e	এই ধাতব বাজনাদার খেলনাটি
cbcc5ddcc7	4c555	লিচু চোর
cbcc89f92f	23291	এর সাত-আট দিন পর
cbcd46940a	93d3b	দুর্ভোগে পড়তে হচ্ছে যাত্রীদের
cbce58becc	d2faf	এই ভূমিকার কথা
cbce5ac827	b8ed8	আঙুলটা বের করে নিতে পারি
cbceb06e58	f658d	আর্জেন্টিনার এই কোচকে
cbcf1d3775	9b864	জাতীয় পরিচয়পত্র ইস্যুর
cbcf8b4b4d	b52ab	পরবর্তী ঘটনার জন্য
cbcfb17938	24aed	প্রতারিত হয়েছেন
cbcfca2fae	430b2	কিছুক্ষণই তো সময়
cbcfd84ed7	ff0fe	কিন্তু আমরা সেটা
cbcfe78cf8	f7a7f	আলেকজান্দ্রিয়া থেকে
cbd089bc8a	ac904	আমরা মুক্তিযুদ্ধ এনেছি ঠিকই
cbd0b47c12	ce180	তাহার উপরে নাই
cbd0bcd28a	509f6	ভোরের কাগজ
cbd0e3f7f0	ee852	বাংলাদেশের নাগরিক নন
cbd20f9f29	f658d	ঘটির কাঁটা পরিবর্তনের
cbd23afbc7	d2355	মেঘনায় পড়ার পর
cbd248e37d	3ec4d	কালো টাকা ও মাদক জড়িত বলে
cbd292d8e5	d7a68	পরিলক্ষিত হয়
cbd29773f7	a7c6f	আইনসচিব, স্বাস্থ্যসচিব
cbd30e2462	72649	নারীর যৌন কামনা থাকতে নেই
cbd393e528	e03fc	ঘটনার ছয় মাস পরও
cbd422414b	351dd	উত্তর দে
cbd42e7b4a	06527	বিভিন্ন রাজনৈতিক
cbd45a7f18	dba43	তালিকায় রয়েছে তিন নম্বরে
cbd4877f1d	33aef	রাশিয়া ইউরোপের নিরাপত্তা ও সহযোগিতা
cbd4bc3f02	d82d9	ভূমিকা রেখে আসছি
cbd5052575	4dd57	আকাশ চৌধুরী
cbd548afc0	11915	তারা পারে
cbd5c576cd	1a2a1	রাজনৈতিক সঙ্কট থেকে
cbd69312f6	6a35e	এবং পুলিশের সঙ্গে
cbd6f546ef	cd3ac	বাংলাদেশ খেলাফত মজলিস
cbd7333fa6	4ea73	একে পূর্ণাঙ্গ অঙ্গরাজ্যের
cbd767c747	e43d4	বহাল রেখে
cbd76c3601	84145	হওয়ার কথা ছিল
cbd7bc3128	4c555	বাড়িয়ে দেয়
cbd7d966a3	0d4cb	ইংরেজি মাধ্যমের স্কুলের সংখ্যা
cbd7e2b6c4	ef915	আবদেল ফাতাহ সিসি
cbd86fd856	d2355	সঙ্গে সঙ্গেই
cbd8f540d9	46d49	কয়েক মাস ধরে
cbd935371b	d136b	কর্মস্থলে পিছিয়ে যাবেন
cbd97307d0	b8bdd	এবার কুসুম দিয়ে
cbd99cf2cf	5639c	পল্লবী থানায়
cbd9cec48c	05901	২০ ফেব্রুয়ারি ২০১৪ বৃহস্পতিবার পর্যন্ত
cbdaa17f9d	f0f95	রওনা দেবে
cbdae27bb3	bbb22	মায়ের লাশ নিয়ে
cbdb43c6b1	2aecc	আতংকিত তারা
cbdb65c388	28dfc	তাদেঁর শ্রদ্ধার্ঘ্য
cbdb77b698	967fd	অ্যাডওয়ার্ড আর্থার বাটলার
cbdbd89af1	33814	বাকী সব ক্ষেত্রে
cbdc0dd3a2	e50f1	একটি মন্তব্য করেছেন
cbdc3cab1e	9e923	নায়িকার কণ্ঠে একটি গান
cbdcd8cc57	59c73	অরণ্যায়ন না করে
cbdd075be2	ff0fe	এই ভ্রান্তি মধুর ও কবিত্ব পূর্ণ
cbdd9a1d8a	f9dfb	ফেসবুক আইডি হ্যাক
cbde2ad4b3	7b900	যেতে হবে বোরখা পরে
cbde9ac2e4	1652d	কেউ আছে সপরিবারে
cbdeba35d6	4f450	প্রতিবছরের মত
cbded882fb	35ef3	নারী কি বৃক্ষ কোনো
cbdedbdecd	6973e	তার বিখ্যাত গ্রন্থ প্রিন্সপিয়া
cbdf1c7e71	bc81e	ক-য়ে ক্রিকেট খ-য়ে খেলা
cbdfb02e2c	4fc91	সম্প্রতি যুক্তরাষ্ট্রের সেনাবাহিনীতে
cbe01c5c29	c173f	জানতে পেরে
cbe02a319b	24f73	আগুনে
cbe053c479	9c8dd	তখনই না হয়
cbe0b73d71	8632b	তাহলে মাত্র এক বছরের
cbe0fde534	cb627	যে ধর্ম নিয়ে জন্মেছিলেন
cbe1634038	91223	হাতে নেয় মিরাম্যাক্স
cbe1803b10	f2097	মোবারক হোসেনকে
cbe18f0b8f	5a61c	ফিল্ড মার্শাল সিসি
cbe19803f8	7a227	বোধ হয়, অন্যান্য বন্ধুগণও
cbe1e2cad1	e3f89	মুখপাত্র হিসেবে
cbe2593cd6	eecdd	আটক ঐ ভারতীয় নাগরিকের
cbe269793e	ff1eb	নয় ছাত্র আহত হন
cbe27a9364	ab946	১০০ টাকায় বিক্রি হচ্ছে
cbe2b3a800	7351e	পাশের বড় বোল্ডারটার
cbe32b3e0b	ee886	মহার্ঘ ভাতা
cbe361a29e	1f974	পবিত্র কাবা শরিফের
cbe37d1733	a916a	২০ মাইল উত্তর-পশ্চিমে
cbe397c4e7	7898e	আসল প্রণোদনা
cbe3bd0e74	baa02	সব ধরণের আন্দোলনে
cbe3bedc57	db735	তো আর
cbe40f7ebf	11de3	নিহত হয়েছিলেন ১৬ শ্রমিক
cbe4218541	d1b12	আশ্বস্ত হইলাম
cbe42c5420	3d17c	মঙ্গলবার সারা দেশে
cbe453c186	3faff	কালবৈশাখী আসছে
cbe486c9b9	b9b98	একটি বিশেষ দিক থেকে
cbe5289a7c	491a5	একজনকে বর
cbe5359abf	2ad74	মধুপুর উপজেলার
cbe537e52f	5dec6	আবার বিয়েতে সম্মতি দেন
cbe592641a	8c07c	এসময় তার কাছ থেকে
cbe64161a2	9813c	এবার গর্ভধারণের আগে
cbe71c00a2	d1b12	সামাজিক যোগাযোগের ওয়েবসাইট ফেসবুকে
cbe7a3f368	7297e	পাপী পাপী মনে হচ্ছে
cbe81f48ea	16877	নারীর সমস্যার
cbe84a7175	7351e	স্বাধীনতা উত্তরকালে
cbe86ea09d	9813c	এটা স্টাডি করতে হবে
cbe889751b	6d129	তৈরি মঠের দেয়াল
cbe99f0039	a9a58	যিনি নিয়মিত ব্যাটিং
cbe9bea7c5	1f974	একটি সেটের দ্রুত কাজ
cbe9ef5522	16e96	সে সময় আইসন
cbea14688a	5e80b	দাবী সত্য হলে
cbea5c61c2	ff1c3	অধিকাংশ শ্রেণী কক্ষ
cbeb0568b8	6d129	মুক্তি দিয়ে
cbeb439f72	84145	যাঁহাদিগের কেবল রসনেন্দ্রিয়
cbeb47b8b0	e03fc	তারা জালিয়াতি চালাতেন
cbebf22bfd	33aef	বৃহস্পতিবার সকাল ৬টা পর্যন্ত
cbece47eca	f6e55	ইউনিসেফের কাছ থেকে
cbed789cea	12702	ওর নাকে এসে লাগে
cbedb0c24d	1e7c6	বিরোধী দলগুলোর
cbee3a99e3	f1240	সূর্যালোকে কেবল সাজাবো
cbee60ed75	69449	প্রেসিডেন্টও তিনি
cbee98dc76	39293	এছাড়াও ২০০৪ সালে
cbeed79873	f9dfb	ফল নষ্ট হয়
cbf01ba250	66c6b	পাতিলে মুখ দেয়
cbf08f9e52	4ea73	মন্দিরে গিয়া উপস্থিত
cbf0d1c75f	54e68	শাকিব খান ও বিন্দু
cbf122811d	745b7	সুযোগ হাতছাড়া করেন ওয়েলব্যাক
cbf15dd037	f658d	মাত্র ১২ জন
cbf162d6ca	cb842	এবারো দৃষ্টি প্রতিবন্ধী
cbf18439f1	903fa	গুপিকে দেখে
cbf1c327fd	121bd	তারই প্রত্যাভিষেক
cbf1da90b9	71522	অনেক সফলতার কথা
cbf2531281	a1201	চারজন ভারতীয়
cbf26f93f0	29089	সত্যজিৎ রায় নির্মিত তথ্যচিত্রটি
cbf2cc1214	b618b	চীনের প্রাচীর
cbf2e5f462	f0f95	দর্শকরাও মনে করেন
cbf3218d5c	287bd	এই রকম একটা
cbf340630f	8a46d	মঙ্গলবার ওই এলাকায়
cbf34ae8fd	976b1	পলাতক এলানের বিরুদ্ধে
cbf3aa4903	93d3b	একটুখানি হাসল
cbf3b9c014	f2b7d	দীর্ঘ দিন
cbf42d873d	06bb7	অনলাইনে কেনাকাটার
cbf552a69c	1e7c7	এম্পায়ার সার্ভিস
cbf565d082	e89bb	একমাত্র কর্মসূচি
cbf637d1fe	e89bb	খবরের কাগজের
cbf63c4833	4fc91	জনসংখ্যার ১৭%
cbf645a705	c8f7f	এখন আপিলে আটকে গেছে
cbf65b1aa8	f4ba7	দুজনায় খুব ক’রে
cbf68444c1	321b6	বিভিন্ন খাদ্য
cbf69312ab	98b81	নারগিস
cbf7ef1cd4	cc9fd	স্টেডিয়ামের সামনে
cbf846828c	420df	জানিয়েছেন সংহতি
cbf8c3f14a	2d98b	যৌতুক পরিশোধ করে
cbf9154e94	31f09	দুজনেই থেটিসের
cbf93033b2	18460	তুমি কিছু শোনোনি
cbfa216ad7	7898e	এবারের ঈদে মিলছে
cbfb1a72f9	2ac82	সম্ভ্রম ও সমাদর লাভ করিলেন
cbfb386625	31f2a	তার সব কিছু ভুলে
cbfba24db8	75f18	জয়নাল আবেদীনসহ বাইন্ধে
cbfbccbad6	3fae0	দরজা থেকে সরে গেল
cbfc19a929	d136b	চারদিন বিরতির পর
cbfc31348c	f7a7f	জানার আছে অনেক কিছু
cbfc34741d	24f73	বলতে পারবে না
cbfca0ab0a	05901	চট্টগ্রাম স্টক এক্সচেঞ্জের
cbfcb1c0ca	c41d8	দাবি না করলে
cbfced70f7	52f27	২০১৩ সালের ১৭ মে থেকে
cbfd355b7c	7027a	মুরব্বিদের কেউ কেউ
cbfd59358c	43b04	তারা সব ইঁদুরের মত
cbfd69212e	2ecf8	গালমন্দ করেন
cbfd8219e5	b2a62	যে কুঁড়েঘরে শাশুড়ী আছে
cbfd8f1ba3	730c3	মামলার কার্যক্রম শেষ করেছে
cbfe78bd23	c4973	সোনাগাছির যৌনকর্মীরা
cbfef86428	f83df	স্টাইল ওয়ার্ল্ডের মালিক
cbff69cd9a	410fa	সবাই মূলত শেষদিকেই
cbff75ce28	e03ce	অন্তর্ভুক্ত না হওয়ায়
cbff8770b3	3fc9d	প্রথম দফা বৈঠক
cbffa49258	bd576	আগে থেকেই ছিল
cbfffa2ac6	932bb	ত্রিপুরার প্রথম মেডিক্যাল কলেজ
