cd00016507	2556b	চোখেমুখে খুশি
cd001234b8	baa02	বের করে নাড়ছিল
cd003992a7	520fb	এবারে একজন
cd00b47a8e	5e80b	কঠোর ব্যবস্থা সরকার নেবে
cd00bcc2db	32b3e	সদিচ্ছা থাকলেই
cd010cbe92	351dd	১৭৯৭ সালের
cd0151eb86	44322	গণমাধ্যমে প্রচারণার কারণে
cd01de22c4	693cb	জীর্ণদীর্ণ, ঘুণেধরা
cd01f93e28	7b900	তদন্তকারী কর্মকর্তা
cd022aca26	22096	ওই পদযাত্রার আগে
cd0235ca48	13b6a	ঢাকায় পৌঁছাবে ২৩ ফেব্রুয়ারি
cd027cbc17	09b32	তারপর তিনি আর স্কুলে যাননি
cd02854b42	ad69a	যেখানে ইসলাম ধর্মকে
cd029e795b	430b2	মানবাধিকার রক্ষা করতে
cd02cafe1c	730c3	আমায় বলেছিলেন
cd02d2480e	282d3	আমার মানসপটে ভেসে এলো
cd0325b308	4c1eb	বন্দরে পুরোদমে কাজ শুরু হয়
cd038d993d	68ab7	মহারাজ
cd041b6679	9d398	লিপ্ত হয়েছে
cd0494591e	8845d	এত ভোরবেলা
cd04bfa066	91b16	ছয় হাজার নির্বাচন করেছি
cd05791c58	11de3	ঐ ভূখণ্ডের দিকে এগোয়
cd059ceeb1	72649	সিংহভাগ ব্যবহৃত হয়
cd0626f610	323f1	খবর ছড়িয়ে যায়
cd064add2e	4c1eb	খবর নিয়ে জানা গেল
cd064d8606	121bd	স্থানীয় কাজী হাসপাতালে
cd06b556e4	77f82	চার হাজার ৭৬২ জন
cd06b7b4f9	71522	৩৯ মিনিটে
cd06d9e807	65e30	এর পরিপ্রেক্ষিতে সতর্কতামূলক
cd06ecab86	8cf95	অব্যাহত রয়েছে
cd0744ecf2	256f5	আমরা মনে করি
cd0757462a	bcaa8	ভোটকেন্দ্রের তালিকা চায়
cd082930be	536d9	ঠাকুরবাড়ির আঙিনায়
cd082b141f	0606d	আউটলুক মানি
cd082c4848	f600a	১৯৯৯ সালে মুক্তি পাওয়া
cd087398ec	420df	মুসলমান সমাজের ভেতর
cd08bd8073	c41d8	গুগলের এই প্রধান নির্বাহী
cd093f1835	976b1	নির্দেশ দেয়া হয়
cd09759b7f	e2ba2	পরিবারের ভরণ-পোষণ
cd0a0d1669	17ca1	রিমেকের উদ্যোগ নিয়েছেন সম্রাট
cd0a30d61c	509f6	ফুমিও কিশিদা
cd0a477682	430b2	একটি পুরুষের
cd0a5cc8ff	24aed	কেউ যেন পাহাড়-প্রাচীরের
cd0ad3564f	b7be9	বিশ্ব ভারতী বিশ্ববিদ্যালয়ের
cd0b370a29	37e17	দিপু রায় চৌধুরী
cd0bc9fd64	d5f7b	ফ্যাট ফাইল সিস্টেমে
cd0bdd717c	2909b	মেজবাহর পরিবারের সঙ্গে
cd0c00208a	44322	একটা অস্বাস্থ্যকর পরিবেশে
cd0c3674bc	93080	গতানুগতিক চাকরির আশায়
cd0c86eaff	72649	অনেক অদলবদল করা হয়
cd0d30b0f2	ff970	নির্বাচনের সময়
cd0d52bca9	3bb15	গোলাপ
cd0dcab4ba	b618b	যিনি এখন পাকিস্তানের প্রেসিডেন্ট
cd0e78665d	d711f	প্রতি কোরবানির ঈদের সকালে
cd0e933546	f1ff2	শ্রীনগরের বাসেছাড়ে
cd0eced48d	c8f7f	সরকার যানজট নিরসনে
cd0f1db121	82926	প্রণয় পাশা ছবিতে অভিনয় করেন
cd0f75665e	388c9	তাহলে জনগন শান্তি পাবে
cd0f767cca	09b32	শেষ হয় না তাদের
cd0fa5a2e5	a7c6f	এই দলের সঙ্গে
cd107ce29b	f4ba7	তাঁহাকে এতটা দুঃখ দিলাম
cd10e8a094	16877	পুলিশ সাংবাদিকদের একথা জানিয়েছে
cd1171de03	16cfb	চিকিৎসার বিপুল পরিমাণ অর্থ ছাড়াও
cd117b9a55	282d3	প্রথম স্থায়ী
cd11b177b7	f600a	যে সমস্ত প্রতিষ্ঠান ওই ভবনে থাকা কারখানাগুলোর উৎপাদিত পোশাক কিনতো, তাদের গড়িমসির কথা প্রচারমাধ্যমে তুলে ধরা হবে।
cd11d03cb6	ce180	এটা কেমোমাইল ফুলের মাথা
cd1234d113	bf530	অপরদিকে পার্বত্য চট্টগ্রাম
cd123f05b6	b8bf0	স্কুলের প্রায়
cd1263a9b1	29f8c	কিন্তু সেই প্রকল্প খুব বেশি দূর এগুতে পারেনি।
cd1283d0c8	9282d	প্রমাণ-সাইজের
cd12ae3c04	2840e	গৃহিণী আহ্নিক করিতে বসিলেন
cd141df97c	ff0fe	নদীয়া জেলার একটি শহর
cd154987b0	17ca1	মেয়েদের শুধু
cd15c72b1c	9d46f	বিভিন্ন পোশাক কারখানা
cd163920dc	17dcd	তাঁর সবসেরা সুযোগটি আসে
cd1684e925	ee4ad	বাংলাদেশের চলমান
cd16b7dd6f	85430	পুলিশকে মিথ্যে বলে
cd175323f7	b8fe1	তাদের লড়াই বন্ধ হয়
cd177449a6	9065c	একদিন গুপি দেখল
cd17ee6557	bbb22	নিপসমে ডা. শামীমের
cd17f6a972	10a9f	কঠিন হত
cd180f717b	590d0	এটা কি বিশ্বকাপ উদ্বোধনীর
cd18334fbb	1279e	কোন দরকার হবে না
cd18bb8c0b	93080	আন্তর্জাতিক অপরাধ ট্রাইব্যুনাল ২
cd18f89fba	85430	ভোট গ্রহণের সব প্রস্তুতি
cd1938e9ee	e2ba2	বাঙালি স্বাধীনতা সংগ্রামের
cd199068de	05901	তার সঙ্গে ছিল
cd19a51b55	ee4ad	উৎকৃষ্ট, বৃহদায়তন লিটল ম্যাগাজিন
cd1a1913db	730c3	এই সাত ভবন
cd1a542921	a3a6d	সম্প্রতি বেশ কিছু এলাকার
cd1ac3a6f1	8cf95	যারা স্বাধীনতা দিয়েছে
cd1ac6274b	2fc12	কাউকে আটক করা হয়নি
cd1b23df92	3fb17	আরও দুটি সংসদ নির্বাচন
cd1b2b6436	06736	তাঁর ভাগ্যে ঘটলই না
cd1b76462b	967fd	তারা আমাদের শত্রু নয়
cd1bc05980	5b13f	মাত্র ১টি
cd1c3e1d8c	adf01	ফেরার আগে
cd1c6d90e5	75626	মাত্র সপ্তাহখানেক
cd1ca532cb	a8710	দ্রুতগতিতে চলে যাওয়ায়
cd1d117565	6ab59	২০০৫ সালে
cd1d885416	c7a89	মাইকেল মধুসূদন দত্তের
cd1dc4d1c9	693cb	লোক-সাহিত্যের সংগ্রাহক
cd1dd58ab8	33aef	বলতে রাজি হননি
cd1df1b99d	f2097	বিকেল
cd1e2b23d5	5d80e	৫০০টি প্রেক্ষাগৃহ নির্মাণ করে
cd1e331d11	8b859	মনে হচ্ছে আমরা
cd1e37f84b	da6f0	এক মার্কিন ভদ্রলোক এসেছিলেন
cd1e77a7ec	8143b	চিকিৎসক তাকে মৃত ঘোষণা করেন
cd1ef652d7	93bf3	মার্কেজকে স্প্যানিশভাষার
cd1f22cede	ce629	সবক্ষেত্রে শৃঙ্খলা ফিরিয়ে এনেছি
cd1f257fac	8143b	সম্প্রতি দাবাং খ্যাত নায়ক
cd1f4dedda	66c6b	পরপর ১২ জন
cd2037adf2	6d129	প্রবেশের অনুমতি দিবে
cd20485dee	f2097	প্রতিহত করার জন্য
cd2070e801	c5479	এই মহাকাব্যের রচয়িতা
cd20acfcd7	b9a81	ইঞ্জিনিয়ারিং কোম্পানি
cd20b9daad	d136b	মাখন ১০০ গ্রাম
cd2132ba39	fcefa	তখনই রাস্তার পাশেই
cd213eaa39	d2d71	তিনি তখন
cd21690fec	ee7b2	গীতার বাণী
cd21bb4d45	91dff	গতবছর মহিলা নির্যাতনের ক্ষেত্রে শীর্ষস্থানে ছিল পশ্চিমবঙ্গ।
cd21c05550	1a4a9	অবলম্বন করেছে
cd21e05bd2	9e923	তার বিরোধিতা করেননি
cd22e39669	e6e48	কোনো ভয় নাই
cd2354f00f	a274b	দেশ শত্রুমুক্ত করতে গিয়ে
cd23dc35eb	05901	খামারবাড়ি থেকেই
cd249e73f1	d2355	পড়াশোনা করার
cd24ee0395	f2097	তিনটি তদন্ত কমিটি গঠনকরা হয়েছে
cd24f7e99b	25696	বাসভবনের সামনে আন্দোলনরত
cd2534b1bc	ad2a0	সাত সন্তান নিয়ে
cd25529f72	66c6b	সংক্ষেপিত করা হয়
cd25fb83e2	6b437	আর তার এক বান্ধবী
cd2631d4eb	58998	মধু নিন
cd264bafc8	14816	উগান্ডার রাষ্ট্রীয় টেলিভিশনের
cd26688146	c0d65	ভেতর দিয়ে গেছেন
cd266f29e1	29bab	এর কালির
cd268b41c6	cfc65	জন লুইস সেদিন
cd272ab7fd	d9817	এই অন্ধকারে পৃথিবীতে জন্মগ্রহণ করিয়া
cd274091be	05901	শুনতে পান
cd276d9325	b00ba	চলুন এবার জেনে নেয়া যাক
cd279ce097	1de6c	হাসিমুখে বললেন
cd27a7091e	79b06	প্রথমবারের মত চট্টগ্রাম সিটিকরপোরেশনে
cd27ad105e	f7a7f	সে হাসপাতালের বেডে
cd27e51730	932bb	মন্তব্য করা হয়
cd284ed11a	7b60a	পানিতে ঝাঁপ দিয়েছে তারা
cd286ed7b4	ad69a	আপনি কী নিজেকে
cd2888cbbe	84145	গাজীপুর প্রতিনিধি জানান
cd28bcdb4c	ff1c3	সাদা গোলাপ
cd28e87c56	e3d8b	নিশ্চিত করতে হবে
cd28e96d31	69449	সহযোগে অনিরুদ্ধকে
cd28f45107	c7a89	এবং এপ্লিকেশনস
cd29df075d	7c272	নীরব এ বনটি
cd29ebd02e	1652d	তিনি বন্ধুদের সঙ্গে সাক্ষাৎ করেন
cd29ee11c8	35ef3	গানবাজনা বোঝে না
cd29f4cbce	a916a	নির্বাচনকালীন সময়ে
cd2a0fb5d0	e55de	১ হাজার ৩৮১ জন
cd2a7e5923	ea8fa	বেশকটি আন্তর্জাতিক চলচ্চিত্র উৎসবে
cd2b09ac71	9282d	যে দরিদ্র প্রেমিক-স্বামীকে
cd2b73be0b	1f733	নিয়ম অনুযায়ী শ্যাম্পু করলে
cd2b790ed0	49543	ভেঙে পড়ার উপক্রম হয়েছে
cd2b7de826	33aef	ওল
cd2bd74af0	7b60a	বাধ্য হয়ে ছাত্রীরা
cd2bd9851c	5dd61	চারশত রান করা
cd2bfbc199	10a9f	স্থিতমান পরিমাণে
cd2c35bf6b	43199	রবীন্দ্র সঙ্গীত শিল্পী
cd2ceb437d	c8f7f	আর-এক জিনিস
cd2d650ad0	a8710	দুঃখের কবিতা
cd2db3855d	f2780	অ্যাটলাস ফাইভ রকেটের উৎক্ষেপণ
cd2dc09883	c8f7f	আল কায়দা দুর্বল হয়ে পড়েছে
cd2dead023	3ccf1	২-০ গোলে হারায়
cd2e7fd361	16877	সেন্সর বোর্ডে
cd2e92ee0f	0a7a0	দিয়ে তৈরি
cd2eb3903e	4fc91	ফ্রী ডোমেইন রেজিস্ট্রেশন
cd2ed5c64a	f600a	অভিজ্ঞতায়ও বাংলাদেশের চেয়ে এগিয়ে
cd2f583b13	f2097	কিন্তু নিখোঁজ সুব্রত রায়কে
cd2f74a7e0	f0f95	এমভি শাহ আমানতের মালিক
cd305d6558	07660	মূল্যস্ফীতি স্থিতিশীল রাখা
cd307a97d9	717bb	ফুটপাথে অষ্টমীর মেলা
cd30bce8c9	acb88	তার মৃত্যুর খবর পেলাম
cd30beb552	60b9d	কিন্তু সরকার
cd31128616	cf82a	তারা দুজনেই অভিযোগ করেছেন
cd3239cd9a	aabe7	ও সীমানার অখণ্ডতা
cd329fa49a	95f83	অবৈধ মাদকসহ দুই জনকে
cd3324a2af	0e637	শুনতে পেলেন
cd33730331	33aef	বাবা আবার পাঠিয়ে দিলেন
cd33e14e46	52578	তবে এখনও দলের সাথে
cd33fc21fa	21e54	মূল উৎপাটনে
cd3455224f	eb179	আটশোর মত কারখানা
cd3495e695	aa820	সুইজারল্যান্ডের জেনেভায়
cd3499bfa7	809cd	ঢলে পড়ার আগে
cd3534188b	7027a	কৃষকদেরকে বাঁচানোর স্বার্থে আরও ভর্তুকি দিতে হবে।
cd3552364b	c5479	বলে তার ধারণা
cd3575528a	98b81	পাকিস্তানের সাংবাদিক
cd35965411	7e1d5	উপভাষাগুলিকে আলেমানীয় উপভাষা
cd35d350e3	536d9	পারা যায় নাই
cd36b2e65b	72649	বলাই
cd36e2fc88	1652d	আমাদের বিক্রি নেই
cd372a50c7	086dd	ফরিদ আহমেদের কাছে
cd37fd8d5d	e2c11	বন্দরবাজারস্থ
cd390abf28	acb88	মিছিল থেকে
cd3948aa44	d2d71	আমদানি নির্ভর
cd39f263e7	195f7	বিবিসিকে একথা জানিয়েছেন
cd3a0371ed	7ec1c	রঙ্গমঞ্চে প্রবেশ করে
cd3a3b3db4	ee7b2	আপনার মেইল এল
cd3a492403	2ac82	আমি একটু খাওয়া দাওয়া করি
cd3a5b0ed0	0edef	ত্বকের নির্জীব ভাব কাটিয়ে
cd3ac0c5fe	7e1d5	অনাদর, অবহেলা
cd3affd849	f1ff2	পাল্টাপাল্টি আক্রমণ চালাচ্ছে
cd3b10fe18	d136b	সৌদি আরবের সোফা কারখানায়
cd3b8ed808	80be1	কিনে জানান
cd3bbf7568	ac904	উপাচার্যের বাসভবনের সামনে
cd3be935ae	976b1	সেখানে একটা অ্যাকসিডেন্টে
cd3cf45e51	fb4cb	শুনে বিরক্ত কণ্ঠে চৈতালি বলেছে
cd3d04c039	91223	রুশ সেনাবাহিনীকে
cd3d1f9fe8	65e30	করা সহজ নয়
cd3d24f131	2695f	১টা ৪৬
cd3d3318c4	b9122	এদিকে, ২০১২ সালেই
cd3d688e44	dfefa	নেওয়া যায় না
cd3e2050b9	491a5	জোকোভিচ জিতেছেন
cd3e2336bd	7c272	সন্ত্রাসীরা ইসরাফিল মাতলা নামের
cd3e2b767f	c1e30	পরিবারে অন্না হজারে
cd3e8d13ad	7f2ef	বাজার সদাই
cd3ea06baf	9d7bf	তার বিয়ে দিতে চাইছিল
cd3ed62171	46da4	তাকে জানিয়ে দিলে
cd3eeaac8e	f2097	ব্রাজিল জিতেছে পাঁচবার
cd3f1d8c7b	ec91c	যে তাঁকে বাধ্য করবে
cd3f56b9ac	03284	মাটিতে পড়ে বেশ কয়েকজন
cd3f72a78c	4fbd1	আক্রান্তদের সতর্ক থাকতে
cd3fae73a3	cc9fd	তহবিল পাওয়ার ৬ মাসের মধ্যে
cd3fee6f68	68549	এ-ধরনের কিছু কিছু চিহ্ন
cd4077e7c4	9065c	তাদের সমবয়সী হয়ে যান
cd40da1052	943de	বিলাওয়ালের ভেতর তার মা এবং নানা জুলফিকার ভুট্টোর ব্যক্তিত্বের ছোঁয়া রয়েছে।
cd413376e5	3f875	অভিনয়ে শারীরিক বিভিন্ন অঙ্গভঙ্গি
cd41a53e4c	82926	ক্যাম্পাসে ছড়িয়ে পড়লে
cd41ceeca8	d5f7b	ওয়াটার গার্ডেনের চিত্র
cd41ea03ab	d82d9	সর্বনামের উপর
cd422055ee	698ff	তাৎক্ষণিকভাবে তাদের পরিচয়
cd4280c5b2	80539	লালন ভাস্কর্য ভাঙার প্রতিবাদে
cd430356f2	ce180	জন্ম ও পুনর্জন্মের
cd436a5a0b	6d129	এসব বলে কমিউনিস্ট নেতা
cd440f045e	95f83	এ অর্থ রাতারাতি তো
cd46467bad	d41be	দ্বাদশ এশিয়ান চলচ্চিত্র উৎসবে
cd46db4074	ad050	ঘরে বসে
cd47955ece	a43b5	বাহির হইয়াছিল
cd48388964	153c9	বিভিন্ন ধরনের গ্রন্থ
cd483d2f49	7027a	নওয়াজেশ আলী খান
cd494480e9	8a46d	গ্রানাদাকে হারিয়েছে
cd497dab5c	0c39f	চট্টগ্রাম বিশ্ববিদ্যালয়ের এক শিক্ষক
cd49a516de	d2355	জীবন বাঁচাতে
cd49dd1bd2	9813c	সাদা মার্বেলের গম্বুজাকৃতি
cd4a1398ed	9065c	২০০৯ সালের জুন মাসে
cd4a2a3ca2	430b2	ইহা দ্বিতীয় বা তৃতীয় স্তর
cd4acc3917	315e9	নির্মলেন্দু গুণ তো এখন প্রায়
cd4adac3b2	0d8c1	প্রভা
cd4b2ce420	a46e2	সেই তথ্য দিতে
cd4b4d18ef	d2355	সেবাযত্নের চেষ্টা করলেন
cd4bb6a165	8c120	উপস্থিত হন
cd4c517812	6fb36	২০১৭ সালের শেষে
cd4c605526	f2097	লক্ষ্যভেদ করেন ওয়াহেদ
cd4d51be1f	f2097	এ আই ইউ বি লাইব্রেরীতে
cd4d83366b	b8bdd	রফিক এবং হোসেন
cd4e2193e0	1a4a9	এই চুক্তি বাস্তবায়নের জন্য
cd4e302b3d	24f73	তাকে আসতে হবে জীবন থেকে
cd4e3e91bd	24aed	ব্যবসা হয়
cd4ec24baa	dba43	তিন বাহিনীর হাজার হাজার সদস্য মিলে শাপলা চত্বরের দিকে এগোতে শুরু করেন ভোররাত একটার দিকে।
cd4f2afba0	35ef3	বাংলা আধুনিক গানে
cd4f2c7ad3	7b103	তবে এই চুক্তি না হলে
cd4fb3091e	3b1f7	আন্দোলন চালিয়ে যেতে হবে
cd503b5e75	943de	গানের জগতে প্রবেশ করেন
cd50580e16	3fae0	তিন দিনের অবরোধে
cd508eec5e	06527	তাহারা ‘তুই’ ‘তুই’ করিয়া
cd50b8089f	7e191	কার্তিকের ক্যারিয়ারেও
cd50c325bf	cfc65	আহ্বান জানিয়েছে বিজিএমইএ
cd50e92f7e	2c9c5	রাশিয়ার সেনাদের রাস্তা অবরোধ
cd51090dc9	28bb3	সরকারি মুসলিম হাইস্কুলের ছাত্ররা
cd5130aa31	13b6a	এসব কথাই লেখা আছে
cd5200ae3d	07660	শিশুকন্যাটিকে রাখলেন
cd53204336	0696e	জয়ন্ত প্রসাদ আরও বলছিলেন
cd53d1b4af	49543	কালো পাড়
cd53deeccc	25117	কখনও কি মনে হয়েছে
cd5572ad86	35ef3	মাত্র ৩০০ কপি
cd558cea7e	355c1	আজকের খবর
cd55d0c7e1	6b437	বিশেষ পরিচিত
cd56532d0f	4a67e	নিমন্ত্রণপত্র দেন
cd56b755a8	ea5be	স্যাটেলাইটের বদৌলতে
cd5752fee1	c0d65	ক্রসিং পার হওয়ার সময়
cd578fea21	18a52	জোনাকির এত অপমান
cd5792730c	6d129	চোখের জল
cd58069547	6c6bf	গোকূলে নিয়ে চলুন
cd5818ad1c	2fc12	থানাটির কাছে
cd583c364e	91ac1	কিছু্ই জানে না বলে
cd59bf0e48	5dd61	পরামর্শ দিয়েছেন তারা
cd5a2cf1c2	d41be	একটু আশার আলোক দীপ্তি
cd5a3ad587	8406e	বিশ্ববিদ্যালয়ের অধ্যাপক হয়েছিলেন
cd5b72b679	e50f1	হিন্দীতে ভাষান্তরিত করা হয়েছে
cd5b8205e5	e754e	তেমনি ছিল অভিনবত্ব
cd5bad8683	ca088	শুরু করুন
cd5bc690b9	7df87	জড়িত থাকার অভিযোগে
cd5bca04b9	f2097	মুখ ফিরিয়ে নেবেন
cd5c5ff739	91230	ছোটবেলা থেকেই ড্যানিয়েল
cd5c6ffcde	ff1c3	একটি মহল
cd5da09b4d	ced74	এমএ আজিজ স্টেডিয়াম
cd5db9c5f8	d9ba9	ছবিটির একটি বিশেষ চরিত্রে
cd5e2424d6	0e637	এবং মনে হলো
cd5e691e4b	ced74	একে খানে সংঘর্ষ শেষ
cd5e7c2b51	c11b1	বাংলাদেশে শুধু
cd5ea7a8b5	68ab7	রাঙ্গামাটিয়ার চৌমুহনী এলাকা
cd5ebced0a	e00db	দ্রৌপদী সাধ্বী
cd5ecd9b44	0744c	প্রতিষ্ঠানের প্রশাসনিক ও দাপ্তরিক কর্মকাণ্ড
cd5ee04622	91b16	প্রশ্ন তুলেছেন সংসদ সদস্যরা
cd5f08cadf	f1ff2	অপরাজিত থাকেন
cd5f3be4c6	0a7a0	ভোটের ফলাফল দেখে
cd5f4368bb	86b1b	অদ্যার, ভারতের
cd5f760954	3ccf1	কংগ্রেস নেতৃত্ব রাহুলকে
cd605d40f6	7027a	বরদাশত করবেন কেন
cd60f52de1	cfc65	র‍্যাবের সাথে থাকা
cd613724cf	2ad74	মানুষ পুনরায় জীবন শুরু করে
cd6170a531	db181	অলস টাকার পরিমাণ দাঁড়িয়েছে
cd62504a42	64092	শিল্পকলা একাডেমী
cd625f8c72	f1ff2	সদস্য রয়েছে
cd62a6a68f	d7a68	রায় ঘোষণার পর
cd62ac2bd4	b8ed8	তাঁকে শ্রদ্ধাভরে
cd62eddfde	730c3	প্রচলিত যৌনকর্মের বাইরে
cd63e7f313	2ecf8	ব্যাটারির মেয়াদ শেষে
cd642fbc0f	d1a48	বুধবার ভোর রাতে
cd64ada471	d5f7b	অভিযোগ করা হয়
cd64ba38ec	2b883	আরদিন উঠেরে চন্দ্র
cd64cc8f2c	4f450	কমিউনিস্ট পার্টির
cd64febb62	0895a	লেগে না থাকে
cd65394d1e	698ff	তাঁর নাম ফিরে ফিরে আসছে
cd656172fe	d5f7b	কে প্রকৃত মাতা
cd65b48d4d	33aef	সময় লাগে
cd65c30c8e	8632b	নেতা-কর্মীরা সমবেত হয়
cd65e13f48	91223	"আশ্চর্য্যের বিষয় এই যে
cd6608aa33	2ad74	ওপেনার তামিম ইকবাল
cd66753301	76329	কী রকম বিস্ফোরক হয়ে উঠেছিল
cd667a5461	7d3e1	বাস করতে পারে
cd66856d9c	9065c	তাকে নথ বলে
cd66fd53bd	f89d7	সবচাইতে গুরুত্বপূর্ন গন্তব্য
cd6712a685	7aed9	দিনাজপুরেই ছিলেন
cd67586111	8a46d	সব মিলিয়ে নেতাদের
cd681e5e06	4fc91	টিআইবির প্রতিবেদনের প্রয়োজন নেই
cd6846b3fb	7a227	৪৪ বছর বয়সী
cd68511256	2ad74	তাঁর গানে
cd6868ae2b	5b13f	কখনো সাংবাদিক
cd688eefa9	cb842	এসময় ওই প্রতিষ্ঠানটিকে
cd6899fb12	9e923	চলে এলো আর কি
cd694cf5b7	52578	লেডী অবলা বসু
cd69792783	4fd66	কালিদাস
cd698e9a26	1e7c6	নীলপরী নীলাঞ্জনা
cd699d05fc	7027a	পর্যাপ্ত পানি পান করা
cd69a138e2	37d7e	সরবরাহ লাইনগুলো
cd69a5dfbe	b8bdd	তাল
cd6a4ac322	9f25e	আয়নার সামনে দাঁড়ায়
cd6a516312	4237e	সরকারি চাকরির খবর
cd6a91272b	ee852	সেনা দল হতে
cd6aba5ac6	54e68	কিন্তু সেটাই বাস্তবে দেখালেন
cd6b277117	b8bf0	নিজস্ব বৈশিষ্ট্য
cd6b78bbbb	c463d	বিশ্ব সাহিত্য কেন্দ্র
cd6b98ef59	d5213	বারো অলিম্পিয়ানদের মধ্যে
cd6ba570be	d1b12	অনেক দিন ধরেই তানজানিয়া ছিল ইদি আমিনের বিরোধীদের একটি ঘাঁটি।
cd6bd8b47f	ff1c3	পুলিশের একটি গাড়ি
cd6c85529f	536d9	হৃদরোগে আক্রান্ত হওয়ার পর গত কয়েকদিন তিনি হাসপাতালে লাইফ সাপোর্টে ছিলেন।
cd6cde64f0	07660	মেয়েটি হইয়া অবধি
cd6cf077d2	b08d0	শেষ সময়সীমা ২১শে এপ্রিল
cd6d1e6360	75626	বারিধারার একটি বাসা থেকে
cd6d4a171a	b8fe1	গ্র্যান্ড সুলতান টি রিসোর্ট
cd6db040df	fda1a	সৈয়দপুর গ্রামে
cd6db385d6	4c555	মেজাজের পারা চড়ছে
cd6e231592	ff1c3	দুটো স্ক্রু দিয়ে
cd6e8699a6	9282d	অনেকক্ষণ পর
cd6ebfb9ca	58998	বাটা শেষ হত
cd6f91ec91	61820	এরপর জুটি বাঁধেন
cd6feee2f2	cb627	এ যুদ্ধ মানবতার পক্ষে
cd6ff61f7f	c7705	সে একজন গুরুত্বপূর্ণ মানুষ
cd70bdf612	0d8c1	সোনালির ভদ্রতা শেখা উচিত
cd712a74a0	b8ed8	জোর প্রস্তুতি নিচ্ছে
cd7174e3de	404ee	এ নারী-প্রাধান্য
cd719f09c1	42898	নেড়ে নেড়ে মাংস
cd71e3da96	698ff	বিজিবির ৪টি করে টিম
cd71e5ce24	ec91c	ব্রান্ড কম্পিউটার
cd7202e940	cc9fd	অন্তর্ভুক্ত করা হয়েছে
cd7231d9cf	e2f12	এ বিষয়ে কোনো
cd723d4244	bf530	মি: ইসলাম আরও বলেছেন
cd728b3048	321b6	তারাও ওই একই
cd72d8d24c	ee7b2	এ বাড়িতে আছে
cd72fec887	32998	প্রফেসর ড. একেএম
cd73180af6	b7be9	মোগল সেনাপতিদের
cd739770d7	28bb3	ঢাকা-সিঙ্গাপুর
cd73b61466	7b132	স্পর্শকাতর জায়গাগুলোতে
cd73beb2a6	ff970	সত্যি বলতে কি
cd740108a6	16cfb	ভয় চলে যাবে
cd740bce39	f2097	আজিকালি পার্সী মহিলাগণ
cd742d82d9	23291	গতবার পঞ্চম হয়ে
cd744f3a58	baa02	বাংলাদেশে ব্যাপক হত্যা
cd7456cc4e	06e62	সমর্থন নয়
cd74d2da83	7f71c	কেনিয়া হিন্দু
cd74f6bbc3	f29bf	আঁতকাইয়া উঠিয়া তিলক চিৎকার দিল
cd75750a75	2840e	সেই মান্ধাতা আমল থেকে
cd75806d5c	948d3	খোঁজ নিয়েছেন আহরার হোসেন
cd759ca8d9	420df	গভীরে যাও
cd75d0382a	6da0a	সারাদিন পিঠা তৈরি
cd75de6f59	29bab	এখনো নগণ্য
cd76272f7f	0edef	যুবদল নেতা শরীফ হোসেন তাকে
cd765dfce3	5354e	কোনরকম ভুলের সম্ভাবনা না থাকে
cd7694e67d	8406e	আজকের পতাকা ধরলে
cd76a18cb5	e2f12	খোরশেদ আরা হক
cd76ee8fbe	577fa	স্কুল থেকে ঝরে পড়ে
cd77042eeb	5b13f	অপরদিকে সদিক রাশি
cd7735a194	536d9	গ্রাফিক্স ডিজাইন কি
cd779291c2	e03ce	যাওয়ার নাম করে
cd77ee6fd6	7aed9	সংবাদ দিয়াছে
cd78b3930f	dec2d	দু’শ ছ’টি হাড় আছে
cd78cc3a3c	9d7bf	মাথায় ঘোমটা দিয়ে
cd78f2a4c5	767ff	তারা আমাদের
cd7903753f	0e637	একটি প্রতিনিধিদল
cd7925c900	cb627	যুক্ত থাকেন
cd79a30af1	cb627	মুনিরা, জিনাত
cd79e20c40	c749e	ওইখানে আমি মাসে একবার যাই
cd7a04cb3e	66b3c	তির বিদ্ধ হওয়ায়
cd7a470ad1	a43b5	শিক্ষকদেরকে অসম্মান করেছেন
cd7a621ef1	7a227	নমুনা সংগ্রহ করে
cd7b1aefbf	e2c11	সর্বমোট ১৯৮৯ জনকে আর্থিক অনুদান প্রদানসহ ৭০৫ জনকে পুলিশ বিভাগে চাকরি দেওয়া হয়েছে।
cd7b3ca60f	09f0d	৮ দশমিক ৯৭ শতাংশ
cd7b447f25	388c9	চুক্তি করতে হবে কিনা
cd7b6bd0d4	2695f	বড় আরেকটি কাজ
cd7bd617e8	f837a	বার কাউন্সিলের ভাইস চেয়ারম্যান
cd7c25d9dd	d1b12	ডকুমেন্টেশন পার্টনার ই স্টুডিও
cd7c50b4e9	b00ba	গান কাব্যের
cd7c6c5d1e	95f83	কিন্তু এক পর্যায়ে এসে
cd7c8b93cf	0d4cb	দেহ পৌঁছল
cd7cc87e4a	2d78f	ভেঙে ফেলতে চায়
cd7d411597	2ad74	রাষ্ট্রদ্রোহের মামলার
cd7df22f51	2c9c5	এদিকে পুলিশের বন্দুকযুদ্ধ নিয়ে
cd7dff19a4	4c1eb	আধুনিকায়ন করাটা
cd7e1638f8	14d25	তাদের ওয়ান-টুর ব্যাপার
cd7f12335c	b08d0	নির্বাচন করা হয়
cd7f18035b	ea5be	তাহলে জনপ্রতিনিধিত্বের
cd7f1c14f3	0696e	গত হয়েছে বহু আগে
cd7f7a8b48	c958a	অশীতিপর বৃদ্ধের ভঙ্গিতে
cd800fa9b4	09f0d	যে বাড়ির ঠিকানা
cd80cf5a95	2ee04	এবং মাটি খুঁড়ে শিকড় তোলে
cd80e46f5d	32c77	কেন্দ্রীয় লাইব্রেরিতে
cd8131ff12	ab946	তার ওপর নির্ভর করছে
cd8176b308	e50f1	এ সংক্রান্ত আলাদা তিনটি প্রজ্ঞাপন
cd81cca2aa	15a75	তার তাকে প্রত্যাখ্যান করেছে
cd82a2f553	ee886	ছুরি নিয়ে এসেছিলেন
cd83147fde	0a87a	জুটে খাবারের সঙ্গে
cd83693c5e	a699c	শনিবার বৃষ্টির মধ্যে
cd8379d586	43fc0	তা মানব জাতির জন্য অনুকরণীয়
cd837a70ab	4c1eb	ক্যান্টরের সংখ্যাগুলি দিয়ে
cd83b8fc6d	60b9d	বাংলাদেশ সরকারের পক্ষ থেকে
cd83c701bf	f600a	কাজ করতে চান
cd83f38cb6	f29bf	অযথা কাল-বিলম্ব না করে
cd83f3a08c	8a46d	তিনজন গ্রেপ্তার হয়েছেন
cd841f4088	153c9	মাল তৈরি শেষ হবার পরেও
cd84b4829b	194f5	যাহাকে হারাইয়া ফেলিয়াছি
cd84de8b25	b8ed8	শকুন্তলাও মায়ের গল্পে
cd85282a78	29bab	ইচ্ছাকৃতভাবে মিথ্যে মামলায়
cd855bdadc	84145	ক্ষতিগ্রস্ত প্রতিষ্ঠানগুলো
cd85e71947	3bea8	তবে বীরসা মুন্ডা জেলে
cd86e5b1e5	f837a	কোন বিনিয়োগ করছে না
cd873b4175	eaa7a	কথা সত্য
cd873d3032	d82d9	তারা আরো বড় এলাকজুড়ে
cd876c423a	dfefa	আসার পথে দেখি
cd876f7ce2	d8c80	নীচে বেসমেন্টে গেলাম
cd878fe9c6	a43b5	তাঁরা এসে দাঁড়ালেন
cd87a3526a	1f733	পিঙ্গলবর্ণ হয়ে গিয়েছিল
cd87dc27e1	b4ea7	এ তিনটিধাপে
cd88517b0f	355c1	এনে তিনি
cd885631c9	577fa	একজন রক্ষী থাকতেন
cd88fb1d76	c173f	রেসলার রক
cd8909b906	e3d8b	জনগণ যদি পুস্তকের
cd892bbd0d	baa02	আগামী নির্বাচন পর্যন্ত সময়
cd89561df3	10a9f	পায়ের কাছে হাঁটু মুড়ে
cd89c4df00	e43d4	তিনি হাত পা গুটিয়ে
cd8a80451c	da6f0	তবে তাঁর ছেলে মাসুদ সাঈদীর
cd8abd016e	53396	আমার হৃদয়
cd8aff951c	dfefa	শৈশবের স্মৃতিতে মিশে আছে ঠিকই
cd8b4cb218	a3a6d	অস্ত্রের যোগান পেতে
cd8bc93af4	60b9d	মোটরসাইকেল আরোহীদের
cd8be5ce4c	11bd2	সিঙ্গাপুর এবং চীন
cd8c02f293	491a5	গাজীপুর জেলার
cd8c93013e	089ef	অশান্তির মূলে
cd8cb0dc34	d2d71	পাঠানো হয়েছে
cd8cba1667	e50f1	সুযোগ হয়ে ওঠেনি জুলিয়েটের
cd8d7959b7	f89d7	যেন খুজে বের করা হয়
cd8d99836b	cb627	কার ফোন বাজে
cd8e2ee574	8143b	জাপানি পুরান মতে
cd8ea0dc92	06e62	বাড়িতে ডাকাতি করিতে গিয়া
cd8ec04e9e	e00db	২ হাজার দোকানে
cd8f626842	554fe	সম্রাট আকবরের
cd8fa29d5c	eaa7a	টানা ৮৪ ঘণ্টার
cd8fad5fd6	e9fa7	দিনের দ্বিতীয় খেলা ছিল ইংল্যান্ড এবং নিউজিল্যান্ডের মধ্যে।
cd8fe42b36	388c9	বোদলেয়ার ও রুমি কবিতায়
cd8febbd68	3f875	নির্যাতন চালায়
cd8ffb8d19	61820	থাকতে পেরেছিলেন
cd901e7308	4c555	ঘণ্টার পর ঘণ্টা কাটিয়েছি
cd906d3c07	d5f7b	ডার্বি দেখতে যাচ্ছে ফুটবল বিশ্ব
cd90802012	ad050	স্থগিতের দাবিতে এ বিক্ষোভ
cd916e3cf8	60b9d	লিজা কাজল বলছিলেন
cd9196bce2	976b1	আমি গান গাইতে পারি না
cd9197f441	767ff	সারাদিন পিঠা তৈরি
cd9282684b	a699c	সুনির্দিষ্ট কী অভিযোগ রয়েছে
cd929c6634	ced74	৭ টা ৫০ মিনিটে
cd92c919f4	388c9	অন্য সময়
cd92e54919	4a67e	গোটা জীবনটা আমি উৎসর্গ করেছি
cd9330eb63	0744c	ববিতা ও আলীরাজ
cd93328324	6b437	আবেদন করেছেন সুব্রত রায়
cd93443966	ced74	হামলা হতে পারে
cd936bfd8d	ce629	মোবাইল গেম
cd937c13bd	82926	এক সময় প্রথা হয়ে যায়
cd93fef37d	1cb75	দর্শক ও বোদ্ধামহল অবগত
cd948ded52	c3cca	তাঁহার রূপ
cd94989024	7351e	ঈদে ছোটদের জন্য পোশাক কেনার সময় পরিবেশ, আবহাওয়া ইত্যাদি বিবেচনা করে কিনুন।
cd94d7e2e6	ad69a	কাছের শত্রু
cd956fe958	80505	চতুর্থ দফায় ভোটগ্রহণের পরদিন
cd95913824	13b6a	যন্ত্রটি নষ্ট হয়ে যায় না
cd95930682	21e54	বিষণ্ণতা থেকে
cd95a2de5d	6d129	কার্যত অর্থহীন হয়ে পড়ে
cd95a65865	7297e	প্রগতির উদার হাওয়া
cd95db03a7	9c8dd	সামিউল খুন হয়
cd9666866f	d2355	২০১১ সালের প্রতিযোগিতায়
cd970f3e31	ca831	তাঁর বাদামি পাঞ্জাবির জমিনে
cd971cb37d	d82d9	কোন রাখঢাক নেই
cd971e47de	089ef	চলমান আন্দোলনের আয়োজকদের বিরুদ্ধে
cd97c104d8	2d98b	কারওর ওপর কারওর নেই
cd97fd9619	2840e	বৃদ্ধি করা হবে কি না
cd98242cb9	61820	এই শক্তিই মনে হয়
cd9893f150	c41d8	এ ঘটনা ঘটিয়েছে
cd98b7259d	9e923	তিনি ইংল্যান্ডের
cd9a4fdf19	d7a68	ইঁহাদিগের নিকট বাঙ্গালী পাঠক
cd9a51b6e4	98b81	পাশাপাশিই শীর্ষ আদালতে
cd9a5aa86d	e7230	গবেষক হাবিব রহমানের বিশেষত্ব হলো
cd9ac09630	8ba2b	সেগুলি রক্তের
cd9b24bb74	82926	অনেক ধরণের দাবা খেলার মধ্যে
cd9ba60313	11de3	চুল শ্যাম্পু করে
cd9bcf7236	a8710	হত্যা করার অপরাধ
cd9bd0cb77	37e17	থাইল্যান্ডে কয়েক সপ্তাহ ধরে
cd9c04ab05	f9dfb	কর্ণপাত করিবেন না
cd9c78d122	e6d83	ফলে, কিশোর বয়সেই
cd9c82e1c7	cfc65	ভারতকে বিতাড়িত করতে হবে
cd9cb8b588	0d4cb	ফ্রোজেন থেকে শুরু করে
cd9d9a2f0d	5dd61	এবাড়িতে আমার আসারই কথা ছিল
cd9db61213	6a35e	এই পদে ষোড়শ ব্যক্তি
cd9ddeaabd	d2294	সে দাঁড়িয়ে দাঁড়িয়ে
cd9dee02f7	a916a	পুরুষ এবং নারী ভোটারের সংখ্যা
cd9df037c9	80518	অসহায় অবস্থার মধ্যে আছেন
cd9df50757	a7c6f	দীর্ঘসময় পর গত সপ্তাহে লন্ডনে তিনি একটি রাজনৈতিক কর্মসূচিতে অংশ নেন।
cd9e1179a2	351dd	একজন রম্য গল্পকার
cd9e1714d7	520fb	তাদের পায়ে পড়ে
cd9ebf0ff7	0c39f	ডা: জোনাস সাল্ক
cd9ee86df8	8edea	তিনি পাননি
cd9ef99c7f	c3cca	সূর্যে বাঁধি বাসাতেও
cd9f182d70	93bf3	এতে অজ্ঞতা
cd9f373291	a06a1	বেতন মাত্র
cd9fd03df3	47e8d	মেলায় পাওয়া যাচ্ছে
cd9fe7b39b	10a9f	সংবাদ সম্মেলনে
cda0158e38	2ecf8	শ্রমিকদের খাবারসহ
cda033959a	32998	সাধারণত তাদেরই পছন্দ করা হতো
cda0821c54	4e900	যেহেতু উপজেলা নির্বাচনের
cda0b10bc8	ca088	যিনি ভবন নিরাপত্তাকে
cda124fb8f	54cdd	ভদ্রলোক যে খুব রসিক মানুষ
cda25fc1c0	d2d71	উচ্চ ঝুঁকি থাকে
cda2dd71bc	c4973	বলেই হাউমাউ করে
cda30d3a87	66b3c	ছোট ভাই প্রখ্যাত অনুবাদক
cda3134fd2	24aed	বাংলামেইল২৪ডটকম চট্টগ্রাম
cda3618c5b	b9122	ভোজকট নগরে
cda368fe45	5d80e	বিবিসির কোটি কোটি শ্রোতার
cda3bd57cd	1e7c7	তোমার স্বামী তোমাকে ঠকিয়েছে
cda3c5caad	e43d4	বাণিজ্য সচিব
cda3f768ae	b8fe1	দশমিকের পর
cda49f9f37	2ecf8	শত্রুদের দ্বারা
cda5e8f28a	089ef	১৬৮৯ সালে
cda5eeffc6	089ef	তা হলে পরিস্থিতি কি
cda61dfdaf	6da0a	পিতা আসিফ আলি জারদারি
cda68f26db	2d78f	মুমিন
cda69879d2	68549	তারা নাসিম ওসমানের বিদেহী আত্মার
cda72baec1	29d44	সাইয়েদা আক্তার
cda7630d8f	7b103	গুড সেলার হবে
cda8416d85	e43d4	এই শহরের এই অদ্ভুত পীরবাড়িটির
cda853df63	06bb7	ঢাকার একটি বেসরকারি কোম্পানিতে
cda9a8d322	6aac8	মনিরামপুর থানার ভারপ্রাপ্ত কর্মকর্তা
cda9d3e86a	d9817	অরিজিনাল সিন হচ্ছে
cdaa155bbc	ce775	চিড়িয়াখানা
cdaa9b1b9f	ff0fe	পালন করে আসছে
cdabb3eb48	b618b	দাবি করা হয়
cdabfabca0	fcc89	লেফটন্যান্ট গর্ভনর ল্যাম্ব বলেছেন
cdac5a96b1	d2294	হেথা নয়
cdaca5b2d2	b9a81	ম্যানচেস্টার ইউনাইটেড ক্লাবের ম্যানেজার
cdaceb0dc1	21e54	আমাদের এরকম সুবিধা
cdad8a10f7	b8fe1	গুরুত্বপূর্ণ তথ্য পাওয়া গেছে
cdadde23cb	1a4a9	প্রথমবারের চূড়ান্ত পেলেন
cdae0e54ef	ee852	মূল জোগান এসেছে
cdae2c4c2b	6aac8	চূড়ান্ত করা হয়েছে
cdae7ecb01	d41be	সহজ দুটি সুযোগ
cdae8bf75d	fbb81	বেড়ে উঠেছিলেন
cdaeaa949f	f89d7	দুর্যোগ মোকাবেলা
cdaf1fcd04	194f5	জানালার কাছে এসে
cdaf3e0158	92f59	নীল পদ্ম
cdaf923cb3	4a918	এ সত্যটা তো
cdaf9c2159	ad050	প্রদর্শনী করেছেন
cdb02ee63c	ce775	তাঁর বড় ছেলেটিও চুপ করে
cdb05c980c	58998	আতলেতিকোর পয়েন্ট ৮২
cdb0c4ec41	fda1a	তার কারণ হয়তো এটাই
cdb1b0542a	44322	খুন হন
cdb1bfbe19	880ae	সেই কনকনে শীতের রাতে
cdb1f9a658	c7705	সমাজের বাস্তবতা
cdb20d8a69	860f4	সমাজকে সুস্থ করার দায়িত্ব
cdb24596e8	b618b	কমছে না গাঁজা কেনার ধুম
cdb24a9457	ce775	স্থলাভিষিক্ত হবেন
cdb301a304	93bf3	আর নিজের লোকজনকে
cdb365e5ba	8c120	অভিযোগপত্র দেয় ডিবি পুলিশ
cdb38f1d65	93d3b	প্রতি দুই মাস পর পর
cdb3a8e377	06527	যে সময়টায় অনেক
cdb47ebc2f	1b359	অস্টেলিয়ান ওপেনের
cdb515d294	3fc9d	ইংরাজদিগের সহিত কারবারের
cdb51d5bc3	b7be9	তাই আমরা আশা করব
cdb545788a	6e8cb	টুম্ব রেইডার চলচ্চিত্রে
cdb5afb0c4	4c1eb	গোয়েন্দা কাহিনী
cdb6a013ea	1cb75	সূর্য থেকে সেই আলো
cdb6b38e3a	e00db	মনে হচ্ছে
cdb771b352	e2f12	নিহত মন্টুর বোনেরা
cdb78348a2	2ecf8	আধুনিক প্রাকৃতিক ভূগোল
cdb78632c2	9813c	তিনি শুরু থেকেই
cdb822f1f5	3fae0	পড়াশোনায় ভালো ছিলেন
cdb84898b8	f1240	আমহারা জাতির
cdb86c8202	698ff	না করার পরামর্শ দেন
cdb871d97b	e7230	ডিএসইর সাধারণ সূচক
cdb91b6f81	3fb17	বেক করুন
cdb97c7e27	c958a	এবং দোকান-পাট
cdb9b1e780	b9122	চুক্তির ফলে দুদেশের
cdb9c78233	68ab7	মিঃ শিন্ডে জানান
cdb9cd40f4	195f7	পাঁচ আসামির ফাঁসির আদেশ
cdb9ecb1d0	aabe7	মং সার্কেল গঠন করে
cdba0acdf9	ac0df	একজন ছিলেন তিনি
cdba3fe6d7	29d44	ছোট মাপের দুটি গল্প লিখে
cdba861edc	98b81	দেখা মিলল না
cdba8be2bd	49543	আফ্রিকান ন্যাশনাল কংগ্রেস
cdba93d3e9	fd880	অবস্থান নিয়েছিল
cdbaafd3ec	e55de	কথা ও সুরকে ছাড়িয়ে
cdbb37446d	6c6bf	বড় আরেকটি কাজ
cdbb636ea3	b618b	পশ্চিম বাংলার মানুষের মধ্যেও
cdbb69e04f	52578	তহমিনা
cdbb9fe5f7	4fc91	ফলে সীমিত কয়েকটি জায়গার মধ্যেই
cdbccac861	c4973	সুপারিশ করা হবে
cdbd3ed7ac	2c9c5	ডায়বেটিস
cdbd73dd78	e50f1	তার কথা বলতে যাই
cdbd9d1c72	b8bdd	২৩ রানে ২ উইকেট নিয়ে
cdbe8c8941	06736	জন্মঃ সেপ্টেম্বর ২, ১৯৮৯
cdbea24f54	f0f95	প্রদেশ থেকে পালিয়ে গিয়ে
cdbeaabb7c	c4973	আর গ্রাহকদের অভিযোগ নিয়ে
cdbeba3a66	6c6bf	এই ধরনের ঘটনাকে
cdbf15e08a	d2294	এই সমাবেশের
cdbf34c162	06e62	বহু পুরস্কারে
cdbf84804d	2d78f	সুচিত্রা সেনকে শেষ জনসম্মুখে দেখা গিয়েছিল উত্তম কুমারের মৃত্যুর পর তার শবযাত্রায়।
cdbf8c8fa4	54e68	আর্দ্রতা বেড়ে শনিবার ৮৫ শতাংশ হয়
cdc034a603	24aed	আইমারা ভাষা
cdc0eb2def	43b04	এ গ্রামে আমি আগন্তুক
cdc1dfe365	35ef3	বাবা নাই মা আছেন
cdc264eb80	c3cb3	ইফতার কিনতে এসেছেন
cdc2b201ef	b9b98	তল্লাশি বন্ধ থাকলেও
cdc2daf20b	fcefa	চাষাবাদ
cdc2dd7956	6fb36	আর এর কারণে হকিং
cdc3670acc	29f8c	আজকের দিনটি
cdc3b8149f	69d9a	এক্সপ্রেস মেইল সার্ভিস
cdc3bf6505	121bd	সংগীত জীবনের নানান দিক নিয়ে
cdc40074c0	11bd2	সিরিয়াতে গত ৩০ মাসের সংঘাতে
cdc401f748	efc0d	বিদেশি ক্রেতারা এখনও
cdc41de01f	9e923	বেশিদিন সময় লাগবে না
cdc4659386	85430	যেখানে বিষয় এবং বিষয়ীর সঙ্গে
cdc4bf29d2	1a4a9	না করানোর প্রচলিত সংস্কৃতি
cdc4d81bc6	a9a58	ধনী ও সম্ভ্রান্ত লোক
cdc4e8c295	58998	দৃষ্টিগোচর হয় না
cdc50721b3	82926	সবচেয়ে উজ্জ্বল ধূমকেতু
cdc534bb29	2695f	বস্তুত একজন রাজবন্দী সপ্তাহে
cdc58a0903	46da4	পনেরো বছর বয়সে
cdc5c1f85b	5dd61	মোটেও অবাক নন
cdc6deeb9b	577fa	বড়ধরনের বিপর্যয় ঘোষণা করেছেন
cdc70b311d	b8ed8	ঢাকার একটি বেসরকারী কোম্পানীতে
cdc757a77b	59c73	পরিদর্শনের বিষয়টি
cdc76f29a6	9d46f	ঐশ্বরিক ফুটবল শিল্প
cdc79ed024	8a46d	কিন্তু মি: রহমানের বিরুদ্ধে
cdc7b3d734	7f2ef	সম্মান শেষ বর্ষের ছাত্র
cdc7e13c66	0606d	তবে এ বিষয়ে বিকেল চারটায়
cdc7e971a9	2c9c5	১০ মিনিট বাদে
cdc813539a	f89d7	গণদাবী নয়
cdc852f4c0	2de86	শ্রমবিভাগের এমন এক
cdc85dcd5c	870e3	কারণ তাতে তিনি
cdc89ff1b6	f2b7d	ময়দা আধা কাপ
cdc8af12c3	ab946	অভিভাবক বলতে
cdc913f40f	086dd	পরাজয়ের দায়
cdc91b7f78	f7a7f	২০০৯ থেকে ২০১৩ পর্যন্ত
cdc9a5600c	60b9d	মিডিয়ায় কাজের ব্যাপারে
cdc9d0370f	71522	জাতীয় দলের সাবেক অধিনায়ক
cdca39a3b1	83c53	কিশোর-কিশোরীকে ‘গণশিষ্টাচার’ ভঙ্গের
cdcaefc2ef	b8ed8	তারা ধরা পড়েন
cdcb5d8211	ff1eb	ডিবি অফিসে নিয়ে
cdcbb83ca2	932bb	কান্না থামছে না
cdcbe41866	b4ea7	হোল খুঁজে পেল আবু হাতেম
cdcccf5558	38ff0	চিরবিদায় নেন
cdcce84328	17ca1	বিরাজমান আইনশৃঙ্খলা পরিস্থিতির
cdcd21328d	42898	ইস্টিশন ব্লগ
cdcd424c2e	28dfc	নিরাপত্তা ঝুঁকিতে থাকার কারণে
cdcd673bd8	4f450	হৃদরোগে আক্রান্ত হয়ে
cdcd848d93	5d12f	পুরো স্পেনে বেকারত্বের হার
cdcdcf092f	9fa90	দাতা সংস্থার তহবিল স্থানান্তর নিয়ে গণমাধ্যমের খবরা-খবর প্রকাশিত হবার প্রেক্ষাপটে সরকার এ কমিটি গঠন করেছে।
cdcde8a568	22096	জোগাড় করার জন্য
cdce1c16e5	4a918	পুত্র ও কন্যায়
cdce47ad55	0744c	এর পেছনে রাজনৈতিক পরিস্থিতি
cdce725b9c	321b6	অন্যদিকে বাক্য কোন
cdce7f77bb	b5fdc	কোতোয়ালি থানা এলাকায়
cdce929203	3bea8	মানবাধিকার কর্মী
cdcf1006f5	bd576	একটি নিরপেক্ষ প্রক্রিয়ায়
cdcf174451	fcefa	বাঙালি মুসলমান সম্প্রদায়ের
cdcf4dc89a	01e91	আমি খেতে শুরু করলে
cdd0312ddf	bcaa8	একটি নৌকা থেকে নেমে
cdd03ddd39	3fb17	সেখানে ত্রাণ সংস্থাগুলোকে
cdd0937f98	d2faf	আমার কাছেও বিস্ময় লাগে
cdd0a348e9	59c73	তা না হলে পানির
cdd174d22b	1a4a9	মানুষ খুন করে
cdd1a986b4	1cb75	মিকাইল শিপার
cdd1b636c8	6e6fa	হিন্দি আউটলুক সাপ্তাহিক
cdd1c02978	ff1eb	যাহাতে অশ্বিনীবাবুর মৃত্যুর কারণ
cdd1cb5590	256f5	সম্পূর্ণ পলিথিন ও ধূমপানমুক্ত
cdd1f733d4	69d9a	অভিধানটি তিন খণ্ডে
cdd23303f6	bbb22	আর এর বিপরীতে
cdd23faa96	7c272	কবি ও প্রাবন্ধিক রাজু আলাউদ্দিন
cdd34a6f6b	520fb	এভাবে হুড়োহুড়ির জন্য
cdd34af0df	717bb	বাহির হইয়া
cdd3ac7c44	37e17	জাতীয় বিশ্ববিদ্যালয়
cdd4e90c4d	47e8d	সারাটা দিন
cdd526770c	8ba2b	আমার মাথা সমান
cdd55fa94f	80539	ঘণ্টা খানেক পর
cdd583ce56	f7a7f	ফরমালিন কি
cdd5bcd7c2	88654	মুখপাত্র মো. সাইফুর রহমান
cdd5e2eb35	61820	পরিবারের সদস্যদের খরচ যোগাতে
cdd5f8cf4a	a1201	সব কিছু পাওয়ায়
cdd6f8dda1	778c0	দুই তলার ছাদে
cdd7496a88	9065c	একটা ভয়ানক জানোয়ার
cdd74aecee	8c120	কিন্তু কয়জন
cdd7779207	321b6	এসব ঘটনা অব্যাহত থাকলে
cdd7cf37dd	d0c70	সরকার গড়তে
cdd8674d5b	536d9	ভক্তির সমস্ত আয়োজন
cdd867c460	0e637	তথ্য এবং স্বরাষ্ট্র মন্ত্রনালয়
cdd8864e1a	93080	তার নির্মিত শেষ চলচ্চিত্র
cdd8d5b657	536d9	বাবা ত লেখাপড়া করছে
cdd8eb0e4e	29089	দুয়েক জন ভূমিদস্যু
cdd8ff6812	17dcd	আইন আইনের পথেই চলবে
cdd9dc58b0	baa02	দুই বাংলার ভক্তকূল
cdda40ba8e	bcaa8	সরকারি বাহিনী এবং বিদ্রোহীদের ভারী অস্ত্রের নির্বিচার আঘাতে হাজার হাজার শিশু প্রাণ হারিয়েছে, নয়তো পঙ্গু হয়েছে।
cdda49df97	8edea	ভালোই চলছিল তাদের সংসার
cdda52ed49	d82d9	নজরুল আস্তিক হলেও
cdda8da2d9	7297e	খুব একটা কাজ হয়নি
cdda94ef87	388c9	সে দায়িত্ব নিতে হবে
cddab7cbd9	13b70	ব্যাংক অবরোধ কর্মসূচিতে
cddb81a78b	68549	মাটির গন্ধ তাঁর তনুমনে আনে
cddc046ddf	a9a58	আমার এই যাপিত জীবন
cddc07ef7a	5e80b	রবীন্দ্র সংগীত
cddc1fd4cb	d41be	পুরাণের মধ্যে যে সকল পুরাণে
cddc5b6277	68549	বাংলা বিভাগের পুরনো সহকর্মীদের কাছে
cddc6611d9	536d9	মানবের কঙ্কালাস্থি পাওয়া গেছে
cddc782bb1	7297e	বিচ্ছিন্ন করে ফেলার
cddc7a7020	92bb2	তাদের শিক্ষা ব্যবস্থা
cddca65455	2d78f	ঢাকা বিশ্ববিদ্যালয় ক্যাম্পাসে
cddcc405ab	8ba2b	পুলিশ প্রশাসন দরকার
cddce06e70	aabe7	গান করিতে পারেন না
cddcff7c20	7f2ef	তা শেখানো
cddd5a7a51	0c39f	এখন নিয়ম তৈরির পর
cddd5d420e	4e900	তাদের বিচার হচ্ছে
cddd849a85	d2355	আলাপ করিয়া আসিতেন
cddd8548d9	a46e2	স্কুল
cddd916a24	2de86	মামলার তদন্তকারী কর্মকর্তা
cddda9e697	2ecf8	বন্যার ফলে সেখানকার শত শত হেক্টর ফসলী জমি বিনষ্ট হয়েছে।
cdde6185a4	ef915	পাহাড়ের সারি
cdde8045b3	9d46f	তোমার এ ধর্মজ্ঞান কি
cddefd660b	1e7c6	অভিজাত দোকানগুলোতে
cddf17495d	9f25e	যেগুলো বর্ধিত পর্যায় সারণীর
cddf3b9ce3	18460	দেখার উপায় নেই কারও
cddf405c4e	68549	মাইলফলক ছুঁয়েছিল
cddf602ed1	7ee9b	আলতাফ হোসেন
cddf9d2e99	3fc9d	সরকার প্রধান
cde00e1ad5	e50f1	রাত্তিরে মোঘলীয় আদলে
cde065a5dd	5dd61	মামলা না চালানোর
cde08b9d14	76329	যে সকল প্রবন্ধ
cde08dc591	73629	৪০ মিলিয়ন ডলার
cde0f61ae3	3f875	কিছু চালা-ধানি জমি
cde104b612	282d3	ঘেউঘেউএ না গিয়ে
cde1528a88	8a46d	আঞ্চলিক সহযোগিতা
cde1965ccf	7d3e1	আই অ্যাম নট শিওর
cde1f903f1	0bace	বনপর্বে তিনবার মাত্র
cde25ed9be	2ac82	সত্তরের দশকে
cde383dd36	fda1a	না হওয়ারই কথা
cde39b788b	46da4	আবার ভাল নয়
cde3bfa1fe	d41be	কোন রকম ত্রুটি
cde3c90db7	56508	কার পৃষ্ঠপোষকতায়
cde4a9d1f1	c0965	১০০ ডলারের কয়েন কার্ড ছাড়ার
cde5426436	bc81e	ইস্কুলে সবুজের মধ্যে
cde54ba39c	b00ba	২০০৬-০৭ সালে
cde54cbeda	3fc9d	অনেকটা জন গিলগাড ধরনের
cde5ba3ec9	8c07c	কোনরকম আশ্চর্য কিছু
cde5d5be0f	16e96	ড্র করেছে
cde6090ca9	e8dde	একটা অশ্রদ্ধার ভাব ছিল
cde6b40328	9d46f	সেখানে চিকিৎসার জন্য
cde6d119da	43b04	ভূমিকা পালন করেছেন
cde6d568e8	e2c11	নতুন কোন আইন প্রণয়নের
cde7190943	dae88	চিকিৎসকদের এ কর্মবিরতিতে
cde723809e	9f25e	বর্ণনা করা হচ্ছে
cde73f82ce	bf530	গ্রহণ করেছিলেন
cde7ba9365	5a61c	পিশাচিনীর পরিবার বলে
cde7df3221	93bf3	প্রক্রিয়া দুই ভাগে
cde81b7cbf	7ed14	অনুযোগ করলেন
cde8621c8d	06736	মডেলিং ও উপস্থাপনাও করেছেন
cde8b183de	cc18a	এ উৎকণ্ঠার মুখে
cde91098b5	f143a	প্রতিযোগিতামূলক জারিগানের আসর
cde95f2b8a	d41be	পুলিশ আমাকে তখন
cde9a473e7	43b04	আমাকে কালের পুতুল
cde9cfcdeb	cfc65	সম্প্রতি ইফতার ও সেহরিতে
cdea185f1a	16e96	এছাড়াও ২০০৪ সালে
cdea2f866e	9282d	ই-গর্ভনেন্স ভিশন পরিকল্পনায়
cdeac8bb07	a274b	বিষ্ফোরক
cdeb90a042	7b900	ভদ্রভাবে চলা দুরূহ
cdebf19ed6	18a52	পালিত হয়ে থাকে
cdec09606d	d9817	এবং পলিথিন দিয়ে মোড়ানো
cdec3d72cd	d1b12	মধুচন্দ্রিমা করে আসার পর
cdec683420	d1a48	তথ্য না দেয়ার কারণে
cded181b87	b618b	অসহায় অবস্থার মধ্যে আছেন
cded2143dd	ad98d	নামে গণ্য
cded2de205	9d7bf	ভালবাসার মানুষ চাই
cded45c1ef	410fa	সুপ্রভাত
cdee2ec782	6c6bf	মেয়ে দেখানো হচ্ছে
cdee7d284b	ea5be	বড়ই কঠিন
cdeeb5a9a1	fda1a	একাত্তরের শহীদদের স্মরণ করেন
cdef4a4451	75626	প্লট
cdef89f26e	baa02	১লা এপ্রিল, ১৯২২ থেকে
cdef8c3f03	ee852	কেন বলো তো
cdefd449bd	85430	একই ভাষায়
cdefe4f46c	92f59	কোথায় গিয়া পড়িয়াছি
cdf0371f9d	ac0df	আলোচনার প্রয়োজন ছিল
cdf05b03c8	745b7	তিনিই হয়ে উঠেছিলেন সবচেয়ে বিতর্কিত
cdf1aca0ad	616ec	কাল রাত্রে
cdf1af4186	355c1	আজ রোববার দেশব্যাপী
cdf1c4c036	e6e48	গতকাল সকালে ছিল মুষলধারে বৃষ্টি
cdf1ef34ee	5639c	রমনায় বর্ষবরণের অনুষ্ঠানে
cdf20fddcc	84145	এবং নেপাল ৫২ তম
cdf2138368	0a7a0	এমন নিঃসঙ্গ এই পথ
cdf254c12c	932bb	তার কলাবাগানের বাসায়
cdf2d69fde	730c3	চলমান রাজনীতি নিয়ে লিখেছেন
cdf2e7136c	43199	বহু পুরস্কার ও সম্মাননায়
cdf31a7acd	bd576	মুয়াম্মার গাদ্দাফির ৭ ছেলের
cdf330762f	dafb6	2 states full movie online
cdf3645838	b8bf0	কর্ণফুলী লেকের জমি
cdf36a95e2	49543	ফলে বিজ্ঞানীদের মধ্যে মতবিরোধ থাকলেও
cdf3f30887	65e30	ওদের কেন টাকা হবে
cdf44ef885	7a227	বিভিন্ন কলেজের শিক্ষার্থীরা
cdf4577132	ce775	নিজামত তাকে
cdf4a0eaea	b00ba	বিভিন্ন অস্ত্র নিয়ে
cdf4f3c7b5	38ff0	যাঁদের বোঝায়
cdf505fc5e	d8c80	নিজের জীবনকে
cdf518df70	10a9f	কোন মানবাধিকার মানি না
cdf6419c2d	7df87	এ নিয়ে কী মতবাদ
cdf689cfd8	698ff	রাজনৈতিক দলগুলোকে সমঝোতার আহ্বান
cdf6ae5d05	e03fc	কয়েকটি ইসলামপন্থী দল
cdf6f42c9e	9351a	চন্দ্রঘোনা থানার ওসি
cdf70630a6	f2780	দশম জাতীয় সংসদ নির্বাচন
cdf79dcc2b	6da0a	পূর্ব প্রকাশিত হলেও
cdf8bf26bd	ea8fa	চিত্রনায়ক অক্ষয় কুমার
cdf8e5bd89	82926	আমরা আহত সবাইকেই
cdf8f261f6	d5f7b	গুরুত্বপূর্ণ দিকটি ছিল
cdf929b357	8b859	দাঁড়ানোর সিদ্ধান্ত নিয়েছেন
cdfa4874db	bdd05	এখন পুরুষের তৈরি করা
cdfa4b4660	9d7bf	৫ জানুয়ারি
cdfa5ab21c	b8fe1	বাংলাদেশ বনাম ইন্দোনেশিয়া
cdfa93da9b	86b1b	বিগলিত চীর অঙ্গে
cdfa9af44d	16e96	সদা জায়মান যাহা
cdfab1ffc7	f2780	পড়তে হয়
cdfaccd975	75936	রহস্যভেদী - কিরীটী
cdfb18ba35	e9589	পতাকার জন্য তৈরি
cdfb56ed3b	eecdd	কম্বল মুড়ি দিয়ে
cdfb7c1754	d9ba9	তাৎক্ষণিক প্রতিক্রিয়ায়
cdfb9de233	9e923	প্রসঙ্গ এসেছে
cdfbc25183	0edef	বিভাগের প্রধান হিসাবে
cdfbd1647e	ff1eb	১৬৪৭ সালে
cdfbf02a7d	0a87a	জাতিসংঘ বলছে জাতিগত বিদ্বেষই এই সংঘর্ষের কারণ।
cdfc2ec4c9	717bb	একই পেশায় যারা রয়েছি
cdfc44cee8	809cd	সচেষ্ট হয়েছেন
cdfcd400ae	2f547	সাত বেলা
cdfce876cc	39293	দেওয়া হয়েছে তাই
cdfd043862	37e17	এই মতবিরোধের কথা
cdfd694508	121bd	৪০৯ সাউথ প্যাসিফিক অ্যাভিনিউয়ে
cdfd726c2d	7d133	সমস্যা আছ
cdfdbd7422	a3a6d	সুখী দম্পতি
cdfdc10f07	2ee04	বিরজা গোলোকনাথের সহিত
cdfe11da84	9351a	উদাহরণ স্বরূপ বলা যায় যে
cdfe37e432	491a5	এই প্রেম
cdfe591b74	f7a7f	বিজ্ঞপ্তি আকারে পত্রিকায়
cdff82bc1e	b8ed8	কেটে যাবে
cdffa97b56	e50f1	অমর্ত্য সেন তাঁর
cdffbc5231	2556b	আর এটি
