cf0013ea2d	e2ba2	তবে এদের মধ্যে
cf009f2257	3fb17	জনগণ যদি পুস্তকের
cf00c974d3	b8ed8	পুলিশের হাতে গ্রেপ্তার হয়েছেন
cf00f91fd0	8406e	এবং পুরাণ ও স্মৃতিশাস্ত্রবিদ ছিলেন
cf0122cd27	91223	সাত মিনিট বাদে
cf01238b26	c463d	হর্টিকালচার বিষয়ে
cf013a2564	b8bdd	ঐ পত্রিকায় পাঠালেন
cf018420e4	a1d4a	মনুষ্য হইবেন
cf01d36bd5	0e637	মেঘলা দিন
cf020b232c	f4ba7	হোয়াইট হাউস বোকো হারাম
cf02642e0c	2840e	আলোচনা শুরুর
cf02a0ffe4	1a2a1	লবণ দিয়ে ভাজুন
cf02b93293	58998	ধারণা প্রতিসম
cf02e403b1	af81d	নয়তো পঙ্গু হয়েছে
cf034307a1	7f71c	অনুগত থাকিনি
cf042bdeff	e55de	সেখানে সেই প্রতিষ্ঠান
cf04643e95	8ba2b	এমুহুর্তে প্রতিবেদনটি প্রত্যাহারের
cf04c5696c	948d3	জাতি গ্রহণ করতে পারে
cf052d9f18	778c0	বিশ্ববিদ্যালয়ের শিক্ষক সমিতির সদস্য
cf053aa1af	7ec1c	চাঁদসওদাগর বারুইপুরে পৌঁছে
cf055c8af5	8edea	আমাকে গ্রেফতার করা হয়েছে
cf05857188	e3d8b	১৯৯৯ সালের
cf0596b74b	f600a	এ বারও
cf05eafec0	2d98b	তার নিশ্চয়তা নেই
cf06646edf	c4973	আলো অন্ধকার
cf06e1416d	2c9c5	প্রায় ৩০ বছর
cf06e58f6d	cd3ac	এ নিয়ে বিবিসি বাংলার
cf0701cd1c	351dd	লংমার্চে বাধা দেয়ার অভিযোগে
cf07704294	b8ed8	শিশুদের বরাত দিয়ে তিনি জানান
cf0830d32f	ad2a0	যথেষ্ট সময় দিতে হবে
cf0875e52c	66dcd	১ হাজার কোটি ডলারে পৌঁছায়
cf088ffd7c	a43b5	৭ই ফেব্রুয়ারি, ১৯৮২ জীবনকালে
cf08bb7b3f	11915	স্থাপন করা হয়েছে
cf08bc2254	16cfb	বেশির ভাগ পাঠকই
cf08f4a0a0	f29bf	অন্যান্য আইনশৃঙ্খলা
cf0985f455	e03ce	প্রতিবছর ১ কোটি টন
cf098e82f3	4bd2c	আড়াইশ থেকে ৩শ টাকা
cf09943d4f	d1b12	দু'টি পাজেরো জিপ গাড়িসহ
cf09c68d42	a9a58	আইডিয়াটা কেমন
cf0a2653b9	fb4cb	অন্তত ছয়টি অ্যাক্টিনাইড
cf0a5aa75d	9b864	মূলত তারই একটি রূপরেখা
cf0ab2763b	58998	একটি তালিকা দেয়া হল
cf0b505bbe	ce180	এখন যাহা পাঠককে
cf0bc69dd6	46da4	মুক্ত না করলে
cf0bce4944	4bede	১২ জন কর্মকর্তাকে
cf0c161e99	37e17	তাই আপনাকে আমাদের
cf0c52e73c	baa02	করা উত্তম
cf0c7e76ec	d9081	ছেষট্টি বছর বয়সী মার্শ জন
cf0c83897b	554fe	ধরে নিতে হবে
cf0c883aa0	3f875	কাঙালের কথা
cf0c88f134	da6f0	সমন্বিত পরিকল্পনা করলে
cf0cc08626	bcaa8	তবে, এখন অনুমতি পাওয়ায় দলটি
cf0ceae85e	ad69a	তুমি এখন গেলে
cf0d198c8e	1e7c6	ভূমিকা রেখে আসছি
cf0d23ce7f	6e8cb	খালা
cf0dded759	80505	লিচু, সরিষা, কালোজিরার মধু
cf0e6bb4a2	2fc12	টুইট করে
cf0e7caf38	64092	যে গণতান্ত্রিক সরকার হয় না
cf0e800a69	e2c11	এটা আমার একটা প্রিয় চা
cf0eece03e	ec91c	তিনি তাঁর রোগীদের
cf0f1013e1	73629	হিমু
cf0fb9b213	ac0df	ওরা ভাল মানুষ খুব
cf0fc0d367	80e98	জয়পুরহাট
cf0fc7e203	db181	মন্দির নির্মান করা সম্ভব
cf0ffaf512	f2097	জায়ান্ট মিলি বাগ
cf10f2299f	c8f7f	জন্ম ২৮ ডিসেম্বর, ১৯৫২
cf12547ce5	b00ba	দেশের পরাধীনতা
cf12802901	57d54	অগ্নিনির্বাপক যন্ত্র
cf128f1da4	809cd	তাদের শক্তি দেখানোর
cf12f5406b	80518	জাতিসংঘ এরই মধ্যে
cf130ff4d4	ad69a	এটি একটি বানোয়াট
cf1310fb24	80505	অংশগ্রহণ নিশ্চিত করেছে
cf1397eeae	09f0d	কাজ করছিলেন না
cf14968174	9fa90	পরিচালনার প্রস্তুতি সম্পন্ন হয়েছে
cf15542f4b	9f25e	টাইম ম্যাগাজিনের বিচারে, ভারতীয় রেলওয়ের পর জনশক্তির দিক দিয়ে সাহারা গ্রুপ দেশটির দ্বিতীয় বৃহত্তম প্রতিষ্ঠান।
cf15a8defd	3bb15	কর্মকর্তা-কর্মচারিরা
cf15d0aef9	bc81e	আপনার কবিতা তো
cf169e5c21	2556b	এই বৃদ্ধের সন্তান, নাতি-নাতনি
cf16cc5298	ec91c	গত মঙ্গলবার
cf171584ad	2d98b	বাংলাদেশে বিজ্ঞানমনস্ক
cf1850d67d	2d98b	লেখিকার বায়োপসি করা হয়
cf18921a63	a1201	আমি যেমন
cf18947d23	d3e06	তোমাকে পছন্দ হলেই
cf19ae274c	e3f89	গোলাম আজম
cf19e5a9d3	a46e2	তারা ২০১২ সাল থেকে
cf1a56c192	68549	দেশের দরিদ্র মানুষ
cf1a960e48	6a35e	লিখিত প্রতিশ্রুতি দিয়ে
cf1aa46026	68ab7	সোমবার ভোরে একটি ট্রেনের
cf1adcb021	3fae0	মাঠে নামতে পারবেন
cf1adfc544	42898	তাঁহার সেনাপতিত্ব
cf1ae9467f	1f733	বৈবাহিক সম্পর্ক নেই
cf1b05718e	5b13f	পুলিশের একাংশের ভূমিকা নিয়ে
cf1b3c3090	4c1eb	ফারুক-সুমির সংসারে
cf1b49205f	18a52	রাজরূপা চৌধুরী জন্মগ্রহণ করেন কলকাতায়।
cf1b68888f	ef4f8	শৈশব থেকেই
cf1be88c3f	49d63	স্পিকারের কার্যালয়ে
cf1c6547e0	a06a1	এই সহস্রাব্দের শেষাশেষি
cf1d52a4ba	1f974	নিজের ইচ্ছার বিরুদ্ধে
cf1d9d3561	6e6fa	অকল্যান্ড পৌর এলাকাতে
cf1da40b03	a3a6d	নিয়ন্ত্রণ নিতে পারছে না
cf1dfb50a9	fb4cb	করিম জানতে পারে
cf1e2f21c9	d1b12	শিল্প-সংস্কৃতির সমঝদার হিসেবে
cf1eb80cb3	bdd05	তখন দর্শকদের
cf1effbd12	d7a68	দাদাকে বললাম
cf1f363a45	4a918	সূর্যসেনের অন্যতম তরুণ সহযোগী
cf1fc7850f	14816	২২ থেকে ২৬ জানুয়ারি পর্যন্ত
cf1fd95ae4	4bede	প্রথম টেস্টটি
cf207dfb97	3ccf1	৩৪৪ জনকে
cf20b07d4f	93bf3	তাহলে ট্রান্সশিপমেন্টের কোন পয়েন্ট
cf20bcbd08	80be1	অধিকাংশ বিনিয়োগ আসত
cf211a3cb6	ad69a	এবং আমরা
cf2155a3c2	c7a89	দেশটিতে মৃত্যুদণ্ড
cf21622ed2	cc18a	খাওয়ানো হল ঠান্ডার বাপকে
cf218acb9c	e3d8b	লড়তে হবে
cf22de77c2	520fb	ওয়াশিংটনের কর্মকর্তারা
cf237040dc	fdcba	অন্য দু জন বন্দুকধারী
cf23750166	35ef3	জব নিউজ
cf23ca9e74	bd576	ওরফে জানুকে
cf24178a50	08458	তবে নির্বাচনের
cf245c9ec5	ca088	কথা দিয়েছেন
cf245d7565	e6752	সেই সমাধিক্ষেত্রে
cf246936e6	66dcd	র‌্যাম্প মডেলিং করার
cf2473538e	59c73	মাথায় আঘাতপ্রাপ্ত ঐ ব্যক্তিকে
cf24b770f1	9065c	সময় সংবাদ মাধ্যম কর্মীরা
cf24c6fce5	43199	রাজশাহী বিভাগ
cf24fc91c2	06736	হোসেন জিল্লুর রহমান বলেন
cf25363b8f	e55de	যেখানে তিনি একজন
cf258141a0	cc18a	তার পিতার নাম
cf259358f2	57d54	বছরের হিসেবে
cf259a67fa	a0277	আব্দুল আলম অগ্নিদগ্ধ হন
cf25b0cafb	f83df	মায়ের শেষ ইচ্ছা
cf25f24b87	9c8dd	অবস্থান সুসংহত করার
cf25f83e1f	f2780	যাদের পার্লারে যাওয়ার
cf262c605b	61820	এ সময়ে
cf264af443	e31e7	নূর মোহাম্মদ জানতে পারেন
cf26778cfb	ce775	বাঙালি হিন্দু নেতৃত্ব
cf2740745c	b8fe1	যে অভিযোগ করা হচ্ছে
cf2761af12	e2ff7	টুকটাক লেখালেখির
cf27628c4a	80be1	সর্বোচ্চ ভোটের মাধ্যমে নয়
cf27ee40d3	3fc9d	খুলনা
cf284ad584	9d46f	মহানায়িকাকে নিয়ে
cf29d394c6	56508	নিয়ন্ত্রিত পরীক্ষার
cf2a09b2a4	1a2a1	আইডাহো মার্কিন যুক্তরাষ্ট্রের
cf2a4ecb38	4a67e	প্রতিদিন কয়েক কোটি টাকার
cf2a53b46d	195f7	ওই লোক কিন্তু
cf2ac809e6	d2faf	তার সহজাত বৈশিষ্ট্য
cf2acd3a54	4a67e	তার ঠিকানা হস্তগত হওয়া
cf2ae204d0	7d3e1	একজন বিচারপতির কথোপকথন
cf2b74a03d	1e7c7	আন্দোলনের এক পর্যায়ে
cf2bbb4b97	e9589	বিভিন্ন এলাকায় প্রচার করছেন
cf2bf81049	f4ba7	এই বন্যায়
cf2c457a27	adf01	১৯৫৬ ও ১৯৫৭ সালে
cf2c53be23	65652	দ্য ফরচুন-সহ
cf2cdf1d97	e55de	সেক্স, বিয়ে, এসব তো
cf2d212558	f83df	গুনতে থাকেন
cf2de2670e	4237e	একটি নতুন বিজিবি আইন
cf2e0a1827	0d9f1	একই সাথে তিনি
cf2e714f0a	e31e7	বাজারে আসতে
cf2f134895	0e637	বিষয়টি পার্বত্য চট্টগ্রাম বিষয়ক
cf2f470b20	2c9c5	তারা দেশগুলোতে শোষণ চালাচ্ছে
cf2f6122ee	ff0fe	কোনও অসুবিধাই হয়নি
cf2fa78f83	7f2ef	দক্ষ প্রজাপতির কন্যা
cf302a338e	2909b	ব্যাখা করেছেন বিষয়টি
cf303d189c	ca088	প্রথম ছবিটার কথা আজ হইবে
cf305c768c	ad2a0	বেশ আগ্রহ নিয়ে
cf30c6453b	4a918	মনপুরা
cf30d6b065	83c53	তাকে শান্ত করেছে বিজয়
cf30efa6c0	4bede	রাজধানীর রমনা থানায়
cf313a8c39	75626	আমাদের গাড়ি
cf32ad2e73	5e80b	অজদী মিনার
cf3330a9ed	d136b	মীমাংসা দার্শনিক কুমারিলভট্টের মতে
cf337998a8	0d9f1	তা শুধু আমি না
cf339a6519	ee852	সাবলীলভাবে হিন্দীতে কথাও বলতে পারে সে।
cf346ae3cc	a3a6d	এই হাসপাতালেই
cf34d4c8c7	4bede	পুরাণকথার ব্যবহার
cf36ac0dea	91b16	আজকের এই সাক্ষাৎকারের মাধ্যমেও
cf36cc06cd	ce629	প্রথম দল হিসেবে
cf36d543c6	7e191	অমিত কুমার
cf36e1eae9	9d46f	মূলধন পাওয়া যায় না
cf376ba33e	57d54	শিক্ষা এবং মানব সম্পদ
cf37f959d9	16a17	জানতে পারলাম
cf38097be8	24f73	পাবনায় সুবহানের নেতৃত্বে ও সহযোগিতায়
cf3843cbf8	f29bf	ডিএসইএক্স সূচক
cf38c1becf	d2355	বিবাহে অথবা ভোজের সভায়
cf396c7d42	0b7ca	এই অবরোধ কর্মসূচির
cf39c9997a	ced74	রহস্যময় ঘটনা
cf39ecaa6c	0d4cb	শনিবার সার্জিও র‌্যামোস বাহিনী
cf3a17b1ed	7f71c	সোমবার হোয়াইট হাউজ
cf3a1e14e9	274ee	খাওয়া-দাওয়া শেষে
cf3a310092	09b32	জুঁইয়ের সুঘ্রাণ ছড়িয়ে রাখে
cf3a9ddfd1	fd880	দ্বিতীয়বার কেউ খরচ করতে
cf3b0a0e6d	8edea	বেরিয়ে আসে
cf3c531a88	cfc65	নিশ্চিন্তে ছিল
cf3c589bb5	767ff	চেষ্টা করে অবরোধকারীর
cf3cb3aa98	16877	গত ১২ সেপ্টেম্বর শেষ করে
cf3ce177ec	e2ff7	মাদক বিক্রি করবার
cf3ce28fd9	9f25e	বিএনপির আইনজীবী
cf3d1bc051	2396d	ব্যবসায়ী ও সাধারণ কৃষক
cf3d66d8ac	693cb	আবদ্ধ থাকতেন
cf3d7fbe95	da6f0	সংস্কৃতি ও বিনোদনের বিরুদ্ধে
cf3e7348f4	5e80b	সম্প্রতি তারা একটি এনজিও অর্থাৎ বেসরকারি দাতব্য সংস্থা হিসাবে নিবন্ধন করেছে।
cf3eb66940	6b437	বিদ্যুতের ফ্ল্যাট রেট
cf3eb8fa3f	54cdd	এখনো স্বজনদের খোঁজে
cf3edde292	13b70	ওই বছর সংশোধিত
cf3f2ce2f4	f0f95	ফ্লেবারটি হচ্ছে মিন্ট
cf3f661159	9282d	অক্টোবর মাস শেষে
cf3f937412	321b6	সম্পাদন করা
cf3fedb7c1	0e637	কখনো থানায় যায়নি
cf3ffccd38	ff970	দফা দফায় সংঘর্ষে
cf4029b3f7	5d12f	এদিকে খারাপ আবহাওয়ার কারণে
cf40ba2f15	fcefa	ওরা আমারই জাতি
cf40e9832d	91ac1	ভোগ
cf410da86e	ee886	সংসদে আনুষ্ঠানিকভাবে
cf4211d300	e2ff7	এটা ওই ধরনের এলাকার বাইরে
cf425c10fe	53396	খুঁড়িয়ে খুঁড়িয়ে এসে
cf42bc205f	eb179	বুদ্ধি-বিবেচনার সাথে
cf43328bdd	dfefa	যখন তখন ডাকলেই
cf43459646	88654	আবদুল গফুর সরকার
cf4371007f	25117	মিশরের অন্তত
cf441cf841	1e7c6	প্রথম দিনেই ছায়ায়
cf44a6845d	c3cb3	ভারতীয় ক্রিকেটার
cf44f4d51e	1a2a1	শুকনো নারিকেলে
cf4529858d	29d44	দাবি করেছে গুগল
cf45435b64	37d7e	৬-১ ও ৬-২ গেমে হারিয়ে
cf457f1944	f280a	অপসূর বলা হয়
cf469bf366	e2ba2	রামপাল যাচ্ছেন কেন
cf47437b86	4164f	অনুসন্ধানী প্রতিবেদনের
cf4779bce3	af81d	সেই জায়গাটা বিপজ্জনক হয়ে ওঠে বলে
cf47b28c2f	693cb	ভারতীয় বাঙালি লেখিকা
cf483368db	66dcd	বাংলাদেশ জাতীয় দলের অধিনায়ক মামুন খান স্বপ্ন দেখেন বাংলাদেশও খেলবে বিশ্বকাপ।
cf48f179fe	ca831	জিলানি ইউনিক প্রেস থেকে
cf497cf45a	256f5	চামড়া বা লোহা দেখলে
cf49d16e19	54cdd	বাকি দুইজন
cf49df0228	8b859	এ দাবিতে তারা
cf4afb73eb	315e9	নির্মিত এই ছবিটি
cf4b513d24	9065c	আমরা কোন অবাস্তব
cf4b995597	25696	তখন ত ভারি একটা ছুটোছুটি
cf4c0c10ab	bfac7	সেটটি মোট ছয় রঙে পাওয়া যাবে।
cf4c48ae85	db735	তারিখটা ছিল
cf4c693633	ced74	আটক ঐ ভারতীয় নাগরিকের
cf4ca44e32	dafb6	দ্বিতীয় একটি শ্রেণীতে
cf4db0b676	c5479	শেষ পর্যন্ত রহস্যই থেকে যায়
cf4de35d31	5354e	স্কুলকে তা জানিয়ে রাখা
cf4e2b3a73	6b437	আরাফাত পরিবারের আইনজীবী
cf4e76c945	2ee04	আ ফ ম রুহুল হক
cf4e90f532	68549	সেই জায়গা থেকে
cf4eacd746	b8bba	হোসনে আরা বেগম বলেন
cf4ef170e9	b8fe1	ওই চারজনকে
cf500e0b06	bbb22	স্বেচ্ছাসেবক
cf50cf888f	442b7	মৃত্যুর অভিযোগ শুনলেও
cf51de43fe	65e30	নিজের ছবি দেখান
cf51f29156	54cdd	পরে বহু সুপারিশ
cf52450930	85430	পালন করেছেন
cf526a996a	430b2	জয়নুল আবেদিনের নাম
cf52787d28	d2355	প্রত্যাখ্যান করেন তিনি
cf52b995aa	6a35e	এতদিন তিনি
cf52e83fcf	c6848	তথ্য মন্ত্রণালয় থেকে
cf537ebf84	2c9c5	ও পাটানি কোর্তা
cf538556ce	ff970	খুব ভাব ছিল
cf53eb4b30	bcaa8	এই কি দেব-চরিত্র
cf54df5962	4e900	সাধারণ ও রাজনৈতিক
cf54e4e9f4	d82d9	প্রতিদিন গুম, খুন
cf5502fd2c	9fa90	১৮টি বেসরকারি ডেন্টাল ইনস্টিটিউটে আসন রয়েছে এক হাজার ৫০টি।
cf55155db3	0b7ca	কর্মকাণ্ড সম্পর্কে ইতিমধ্যে
cf5545d5e2	b9b98	বাড়িয়ে দেওয়া হয়
cf55497bf1	2aecc	লাইফ গার্ড আছে
cf555232ef	2b883	দর্শন ও সন্ন্যাস মতে
cf5599ca35	fb4cb	গত ২৯ নভেম্বর
cf55a06b25	5dec6	বাসটি উল্টো পথ দিয়ে
cf55b52f3c	b8ed8	বরাত দিয়ে
cf5639bd11	dfefa	৭ থেকে ১৬ জুনের মধ্যে
cf56c309f4	61820	অনেকের হয়তো চোখে পড়ছে না
cf56d25fec	09f0d	ইচ্ছে করেই
cf57913446	dba43	রাজকন্যা
cf5843e45c	e9fa7	এ কাজেও তাকে
cf5845cf9a	4237e	যে-ভক্তি প্রশ্নাতীত বা যুক্তিসিদ্ধ নয়
cf584d11b8	e3f89	প্রত্যাহারের কথাও বলা হয়েছে
cf586a4f05	fda1a	টাকা আনতে বলে
cf58df2eeb	491a5	ব্যাপক বিতর্ক সৃষ্টি হয়
cf5972b315	e8dde	দ্বারা নির্মিত
cf59b5ef23	bf530	দীর্ঘ ১১ ঘণ্টা
cf59cce645	4bd2c	ইমরুল কায়েস রানে
cf5a1989cd	2f547	রিপোর্টটা আমারই পেশ করা
cf5a73a5b9	f4ba7	দুইটি হাইফেন অক্ষর
cf5a8d4251	590d0	কাজ করেছেন মানাম আহমেদ
cf5ae3dd42	2d78f	যার মধ্যে রয়েছেন রবীন্দ্রনাথ
cf5b48dbbf	d9817	এবং কালোকে কালোই বলি
cf5b706827	6c6bf	তবু গানের ব্যাপারে প্রবল আকর্ষণ
cf5b70ebdb	c749e	মুসলিম স্ত্রীও
cf5b7586e2	903fa	উদ্ভ্রান্ত বালকের সঙ্গে
cf5b7a0023	355c1	তাদের অনুপস্থিতিতেই
cf5bb45326	5639c	শুনানির সময় আজ বলেন
cf5bdadeba	8ba2b	কার্যকর করেন
cf5bdd825c	d2355	আজ অধ্যক্ষ স্যারকে
cf5bed2574	943de	জল খুব ক্ষীণধারায়
cf5c010074	43b04	১৯৩৪ সালের ৪ আগস্ট
cf5c4840cb	4fbd1	চাহিদা নিরূপণ করা
cf5c5fd792	ff1c3	স্থাপন করা হয়
cf5cfc9d47	1f733	সবচেয়ে প্রামাণ্য
cf5d109d0f	2fc12	ব্রাহ্মণ্যের ও উপাসনার সার
cf5d3b54f2	05901	২৫ মিলিলিটার
cf5da551f7	8143b	জবানবন্দী দিয়েছিলেন
cf5dda78b9	28dfc	শ্রমিকদের কথা ভেবেই
cf5e8233ad	dec2d	দুর্ঘটনার ঘটে
cf5eadbff2	698a4	স্মলটকের মেসেজ
cf5eb10663	745b7	তারা প্রাণ খুলে
cf5ed5354a	f1ff2	আন্তর্জাতিক অপরাধ ট্রাইবুনাল আইনে ২০০৯ সালে প্রথম সংশোধনী আনা হয়েছিল।
cf5f520510	9e923	সময় পাওয়া গেল
cf5fb75881	ce775	একটি আমার এক
cf60984068	e2ff7	স্ত্রীর হাতে
cf611e51c1	65652	নতুন সব রং
cf614ce7db	bfac7	মুক্তি পেয়েছিল
cf61d693b9	4fbd1	তাঁর অত্যুৎকৃষ্ট শের
cf6203c788	7f71c	একাধিক স্থানে প্রায়
cf62c3d662	3bea8	নকশা অবলম্বনে
cf62d94c74	2de86	ডাম্বলডোরের ভূমিকায়
cf630bcbfb	f7a7f	দ্রোণবধের আর একটি বৃত্তান্ত পাই
cf63282d87	730c3	দেখা গেছে তাকে
cf6350617e	ca831	অনেকটা দায়সারাভাবে
cf64283b8f	4a67e	তা দ্বিপাক্ষিক হলেই চলবে
cf642af1a9	8632b	সর্বোচ্চ সত্য
cf644dd4e1	2de86	এমন অশালিন ভাষা
cf6557243a	4a67e	মুজিব
cf65d7c549	bfac7	জেলার আমীন বলেন
cf6657860d	282d3	তার মাকেও একই কায়দায়
cf66f5ab20	db735	একটি শিক্ষা প্রতিষ্ঠান
cf66f9a33f	b8ed8	এক ছিনতাইকারীকে আটক করে
cf670966f1	6d129	কাজ করতে চান
cf672fa510	870e3	আদম শুমারি অনুসারে
cf673cb435	2909b	শেষে একটু ভাবল
cf6776d308	239f7	মিত্রবাহিনীকে কিছু
cf679b859c	4f450	প্রতিপক্ষরা সন্ত্রাসীরা
cf67fa95bd	cc9fd	দর্শকদের মধ্যে আলোড়ন
cf6814d5e1	24aed	সভাপতিত্ব করেন বাংলা একাডেমির সভাপতি
cf68782394	28dfc	নিমেষের মধ্যে রটে গেল
cf6895e3c5	a916a	রিজার্ভ বেশি থাকায়
cf68a098c8	cf82a	ইটস এ গেম
cf691d0ff7	dafb6	থানায় অভিযোগ করেন মিষ্টি
cf69865efd	a8710	যাত্রীদের কাছ
cf69a0f09d	24f73	নাম রিভার ভিউ
cf69c8bff7	6fb36	এর সাত-আট দিন পর
cf6a19a68a	ac904	এই বেলা
cf6a322b5c	f83df	অন্য যেসব দেশ
cf6a662a09	fbb81	এমএলএসএস বাবুল বিশ্বাসকে
cf6a7674d4	323f1	আগে বাপের সৎ হওয়া উচিত
cf6b105a3e	bfac7	দিনের প্রথম খণ্ডে
cf6b15eedb	b8ed8	সেই লোকগুলো
cf6ba36cad	9d7bf	সমাবেশে স্মৃতি
cf6c01d953	71522	কাজে লাগাচ্ছেন বলেও
cf6c098f70	46d49	পাখির নাম
cf6c1161dc	29bab	সব খুনীদের নাম উল্লেখ করে
cf6c3fb1da	b8bdd	অবরোধের ডাক দেয়া হলো
cf6c48cefe	66b3c	ভায়োলিনটি ফেরত পেয়ে
cf6c982fe4	fd880	স্থানীয় লোকজন
cf6cd670e0	2556b	অমনি ওই শরীরের মতো
cf6d3f19e0	7e191	সবগুলো ম্যাচেই হেরেছে
cf6d87711a	0633a	তার আবির্ভাব হয়েছে
cf6dbc4958	c749e	২০০৬ সালে ৫৫১টি
cf6dc51349	ce775	পতাকা উত্তোলনের পরে
cf6dfc2d41	28bb3	ঢাকা থেকে মাওয়া যাওয়ার জন্য
cf6e435f27	ad69a	শয্যা ত্যাগ করতেন
cf6e99f703	e00db	বলে থাকেন
cf6eaadaac	33814	এই দুর্ঘটনা ঘটে
cf6f04d4d8	3f493	সান্ধ্য কোর্স চালু করার
cf6f55f341	0a87a	একটি নতুন সিংহাসন তৈরিতে
cf6fa14f34	c41d8	অভিযোগ গঠনের পর ৯ জানুয়ারি
cf6fb7d032	287bd	উদ্যোগও নেয় কর্তৃপক্ষ
cf6ffc5402	c11b1	মরফিনের ব্যবহার রয়েছে
cf701bab92	49543	মূর্খগুলো আর একটু হলে
cf701fa35f	43fc0	হত্যা মামলার মতো
cf70207aa3	7898e	উপর থেকে পড়ে যায়
cf70a01629	06ea3	এটি ঘটিয়েছে
cf72172da1	32c77	মজার এক গল্প
cf72cc126b	64092	ভোগ করতে চেয়েছিল সে
cf739cdfeb	0d4cb	ঘটনার শিকার দুই কিশোরী
cf73bb5f4e	13b6a	ঘটনার পরিণামে
cf73db2d09	7898e	২০১২ সালে পেজটি
cf7412b17c	287bd	বুড়ো কুকুরটির লোম চুলকায়
cf74386c93	943de	অনেকক্ষণ তাঁর জ্ঞান হয় নি
cf745b4c07	c5479	মুহূর্তে দূর হয়ে গেল
cf7476f826	7d133	আমার আক্রোশ ফুটে বেরোত
cf74b416d0	8a46d	বৃহস্পতিবার জানানো হয়েছিল
cf7552661c	18a52	পরে তিনি অভিযোগ করেন
cf7564b24a	976b1	গতকাল এক যৌথ বিবৃতিতে
cf759631e5	2ecf8	তাদের ক্রিকেটের মূল্যবান তথ্য
cf762977be	0895a	আহত হন কস্তা
cf762e80f9	355c1	১৯৭১ সালের সেপ্টেম্বর মাসে
cf7655ab9f	9642e	তাতে হতাহতের ঘটনা
cf77342f01	fbb81	চৌধুরী পরিবারে
cf773d2d0d	3b1f7	সম্পর্ক কোন দিকে যাবে
cf7753b4a7	d136b	বদলে যাচ্ছি
cf77795327	d9ba9	ঢাকার বিভিন্ন শ্রেনী-পেশার
cf77a4a314	f837a	অরবিন্দ লন্ডনের
cf77c07c85	5e80b	ভিন্নদেশী অপসংস্কৃতিতে
cf77caf7c3	282d3	ক্ষণস্থায়ী দিকের
cf77cb662b	06ea3	আলোচনা হতে পারে
cf780b246a	65652	তাদের বিভিন্ন জায়গায়
cf7889343e	d2355	জড়িত দুর্বৃত্তদের
cf78b55f37	2fc12	লড়কে লেঙ্গে পাকিস্তান
cf78c409c6	7ed14	দাদাগিরি
cf791c1cd1	6b437	উপাদানগুলোকে নিয়ে
cf7978bcaf	7b132	প্রথম পাঞ্চেন লামা
cf7a3ff11c	b8fe1	মুরাদনগর উপজেলা
cf7a410f32	274ee	মাঝারি গোছের সচ্ছল
cf7a94a69d	b618b	অন্তর্গত কি না সন্দেহ
cf7bc3efb4	79b06	একদিনে অভ্যেস হবে না
cf7cf30ee4	dae88	তাকে হাতেনাতে ধরে ফেলেন
cf7d2b7887	1a4a9	৪২ হাজার ২৯৩ ভোট পেয়ে
cf7d420d73	4dd57	আংটি বলে
cf7d4874b3	3c897	পানামা খাল
cf7e424f71	2d98b	সত্যজিত রায়ের
cf7e42ff84	4fc91	আজ জ্যোত্স্নারাতে সবাই গেছে বনে
cf7e480a99	698ff	দুইশ পার হয়নি
cf7eabafdd	7898e	কবি বিজয়গুপ্ত কার আদেশে
cf7eb4f872	57d54	আর সেখানে
cf800a5e4d	a1d4a	অত গালি জানতো না
cf8054fd38	7a227	তাল রেখেই কাজ করেছেন
cf806ecb6f	dec2d	ছুটির দিনের সকাল মানেই
cf8094f8b9	23b22	সামরিকতন্ত্রের বিপক্ষে
cf81342d33	323f1	গুরুত্ব আরোপ করেছে
cf813fe79d	c6848	কমিটির প্রধান হয়েছেন
cf815d7bd3	2ad74	পূজার বিশেষ
cf816ec3cc	d9b11	রেফাত উল্লাহ
cf819f118e	1f733	তারা পরিচিত
cf81b78442	e2f12	ভোরের আলো দেখা
cf822e23a4	d5f7b	তিনি সেই খাবার খেয়েছেন
cf827666b2	9e923	খুলনা রয়্যাল বেঙ্গলসের
cf829c66ea	9351a	ড. মুহম্মদ শহীদুল্লাহ্র সন্তান
cf82de12ca	0696e	গত নির্বাচনে
cf82f642f2	4fd66	মূল সমাধিটি সম্পূর্ণ হয়
cf8307f296	4fd66	অমিত কুমার
cf8312dd5b	bdd05	এবং রড দিয়ে পেটানো হয়
cf83354b9e	3b1f7	মঙ্গল কাব্য ধারা কোনটি
cf8388e8c3	06e62	অব্যাহত থাকায়
cf8389be1d	31f2a	বর্তমান
cf84544c70	9d398	ফরিদ আহমেদ এর প্রতিবেদন
cf84f3a978	9fa90	ঐশী রহমানের এলোমেলো বক্তব্য
cf84f812ec	64092	মন্নাননগরের পশ্চিমে
cf850f290f	80505	দাবি না করলে
cf85debe82	f6e55	বর্ষায় বিলের মাছের মতো
cf860d9503	616ec	মহাশূন্যে, ধূমকেতু বা উল্কাপিন্ডের মধ্যে
cf86307bda	3f493	তাকে মহাপন্ডিত
cf863b0a4f	bcaa8	বিএসএফের লেথাল ওয়েপন
cf868254de	54e68	২০১৩ সালের নভেম্বরের
cf86a28bfc	1a4a9	অনেক বেশি অবসেসড ছিলেন
cf86d52dc2	39dd0	আর কিছুদিন পরে
cf8756cdb2	2f547	৩ মাইল দূরে
cf88038037	536d9	অবতার মনে
cf8803f025	f0f95	পর্চা হাতে পেলেও
cf880a3a1b	37d7e	সম্পূর্ণ হওয়ার পর
cf88558b94	bf530	ত্রিদিবের কল্পনা ও পরিকল্পনা ছাড়া
cf886b38a7	09f0d	সেসবে কর্ণপাতের সময় ছিল না
cf88aa71cd	0f047	ধরে নিয়ে হত্যা করা হয়
cf893bb228	aa820	আর্মেনিয়ার হয়ে
cf896f4663	6ee5f	কিন্তু ১৯৩০ সালে প্রকাশিত
cf89a887ee	76329	আম্বর আলীর মেয়ে উর্মি খাতুন
cf8a99c144	0e637	রসনা পরিতৃপ্ত করিতে
cf8b596847	d136b	রাজতন্ত্র
cf8b7c7757	b8fe1	এতো কম সময়ে
cf8bf105ab	16877	বুদ্ধি দিয়ে চালাবো
cf8c07528d	91230	নগরীর মনসুরাবাদ এলাকায়
cf8c635e39	f658d	ইইউ এবং যুক্তরাষ্ট্র রাশিয়া ও ইউক্রেনের মোট ২১ জন উচ্চপদস্থ কর্মকর্তার উপরেও নিষেধাজ্ঞা আরোপ করেছে।
cf8d13637a	7f2ef	হাসানুল হক ইনুও
cf8d17217d	5dec6	এই তথ্যটুকু মনে না রাখলে
cf8d30a42e	d2faf	এই মহিলারা
cf8d3c7281	0a7a0	অ্যাঞ্জেলিনা জোলি
cf8d91e5bc	f1ea4	মোজাহিদুল ইসলাম সেলিম
cf8d9560c7	2d98b	দীর্ঘ ১০ বছর ধরে
cf8dea922d	83c53	তখন তারা বাধ্য হয়ে
cf8e4a2a6a	4e900	সর্বোচ্চ আইন কি
cf8e758879	2556b	তাঁর সঙ্গীতের শুরু
cf8eac7ef1	80be1	বিরোধিতা করে
cf8ef7459b	29d44	বরং পুরো
cf8f9e6cdf	d1b12	কারখানাগুলো সম্পর্কে
cf90955903	7b900	কল্যাণ ট্রাস্ট ও অবসর ভাতা
cf914cd99e	967fd	নিরপেক্ষতা বজায় রাখবেন
cf91528e0e	730c3	অভিনয়ের পাশাপাশি
cf927b3ad6	f600a	কলিকাতা হারবাল
cf9298e674	7b900	অনেক স্থান
cf92bb1c48	c9c19	থিম সংয়ের সঙ্গে
cf9309bbf9	c4973	গভীর উদ্বেগ প্রকাশ করেছে
cf93ad057b	aa820	বাংলাদেশ আছে ১০ নম্বরে
cf940bb52a	520fb	১৪৪ রান করার পাশাপাশি
cf94175d07	28bb3	উত্তেজনার পর
cf9423d4cf	09f0d	গত ডিসেম্বরে ফিফার হাতে
cf943c0a23	351dd	তাঁর সবচেয়ে বিখ্যাত বই
cf94489785	8845d	বুঝতে দেরি করছে
cf94badd3b	f2780	ক্ষমতাসীন দল জানিয়েছে ইংলাক চীনাওয়াত নির্বাচনে প্রতিদ্বন্দ্বিতা করবেন।
cf94ca71b7	932bb	তবে আমি বলতে পারি
cf94ccf040	3bea8	জাতীয় সংসদ ও প্রেসিডেন্টসহ
cf94d26987	06e62	লন্ডনে যান
cf94f5669d	9065c	আত্মহত্যার চেষ্টা করেছে
cf951b426a	a699c	এটি মেলে না
cf95308542	7c272	উভয় দেশে
cf9564fc65	68ab7	যদিও সম্পর্কের গভীরে গেলেই
cf95beb8f2	c5479	আলাদা অ্যাকাউন্ট করতে হয়
cf95e88c82	a699c	বিশ্ববিদ্যালয়টিতে বাণিজ্য অনুষদ
cf95f09ac1	536d9	১২ ডিসেম্বর
cf961b4834	4a918	মানবতাবিরোধী অপরাধের তদন্ত
cf9625186b	b52ab	প্রসঙ্গত, গত ৬ মার্চ
cf963fc6ba	ad050	সতীর্থ লুকাস পোডলস্কিকে
cf96438f34	4dd57	সত্যি আমরা জানি না
cf96780a3d	66dcd	আমাদের দৃষ্টিভঙ্গী
cf96c51bcb	2fe3c	বাংলাদেশ ব্যাংক
cf970919e4	efc0d	একজন মার্কিন ডিক্যাথলেট
cf97e2e037	f658d	মুহূর্তেই ধাক্কা দিয়ে
cf988f1625	2ecf8	আমরা আলোচনায় বসতে রাজী
cf98e0532a	ba2f6	বিকেলে বাচ্চারা
cf9a2b8ab8	d7a68	একটি নিরপেক্ষ প্রতিষ্ঠান
cf9a515aaf	95f83	পরে তিনি হাসপাতালে মারা যান।
cf9a5984a2	7e1d5	দীর্ঘদিনের পরিকল্পনা ছিল
cf9a8a3cd3	932bb	সম্ভবত সবচেয়ে
cf9aa2d8be	43b04	মস্কো চলচ্চিত্র উৎসবে
cf9aa5c8b5	880ae	সম্ভ্রান্ত শশধর প্রকাশনী
cf9abfae58	cc9fd	ক্ষুদ্র ব্যবসা
cf9ad47ed9	dec2d	আমি জনগণের পাশেই থেকেছি
cf9adc5376	e3d8b	শিশুদের নিয়ে কাজ করে
cf9b15190d	eecdd	রহস্য-উদঘাটনে নামেন
cf9bb95515	a274b	এইচ এস সি ভর্তি
cf9c3e373f	2bc73	অর্থ হলো শণ
cf9cc79a1a	09f0d	বঙ্গভঙ্গ ঘোষণা
cf9cd7224d	5354e	বড় কিছু
cf9cd9b258	554fe	৯৮ হাজার ৯৫১
cf9d192a40	32b3e	এ তথ্য জানানো হয়।
cf9d3e3f4b	13b6a	জাতীয়তাবাদী ভাবপ্রবাহের
cf9d60fb53	7d3e1	নেতা
cf9d88008c	13b70	পুস্তিকাদি পড়া
cf9d8f0b66	c463d	রাশেদুল ইসলাম রাঞ্জু
cf9db355d1	9d7bf	খেয়ে দেখতে পারেন
cf9e34d4b0	d2d71	আয়নার সামনে দাঁড়ায়
cf9e3722e4	32b3e	খড়খড়ে তোয়ালে
cf9eabd96d	2bd99	দলকে বাঁচিয়েছেন তিনি
cf9f8dadba	c2082	বর্ণমালা
cf9fbdc120	121bd	দিপিকা আরও জানান
cf9fc0bd53	7d004	বাংলার মুসলমান সমাজ
cfa03c9f30	53396	রয়েছেন ২০৯ জন
cfa06cc083	7b103	একই ঢঙে ২০১২ সালে
cfa0c6db1e	fdcba	যেখানে বাধা দেয়া হবে
cfa13f91db	d9b11	নির্ধারিত সময় বেলা ২টা পর্যন্ত
cfa15e1f31	8c120	ভালো কিছু পাওয়ার যোগ্য
cfa19187fb	ea5be	হরতাল প্রতিরোধে শাহবাগের গণজাগরণ মঞ্চ থেকে পূর্বঘোষিত পতাকা মিছিল করে শাহবাগের আন্দোলনকারীরা।
cfa22996a3	420df	অন্যান্য জঙ্গী সংগঠন
cfa3ab6290	6b437	কাপড়চোপড়ও নষ্ট করে ফেলেছিল
cfa427475d	ce180	জন্ম ৮ মে, ১৯৯২
cfa4759105	24f73	ভেরোনায় এসে পৌঁছাল সে
cfa4ab1376	a06a1	তুমি কি সেই জন যার জন্য কাঁদে মন
cfa60cfeec	08458	আমি মালয়েশিয়ায় থাকি
cfa61ded49	8406e	ভুক্তভোগিদের আ্ইনগত প্রতিকার পাবার
cfa657f30e	38d3a	স্বদেশ প্রত্যাবর্তনের পর জনসভায়
cfa66ad15f	c749e	বউ ত বাঁজা
cfa66f39dc	e9fa7	বিশেষ করে সিলেট অঞ্চলে
cfa67bf054	7f71c	সম্পাদনা করেছেন
cfa7052128	948d3	নানা ধরনের অপরাধ
cfa780c225	68549	প্রতিবছরের মত
cfa7815a8d	520fb	এবং এই টোটেমের
cfa7b32879	5d80e	চলতি অর্থবছরে
cfa83ff5af	0744c	একথাটি তাঁহার একটুও
cfa86cc2f1	82926	অস্ট্রিয়াতে মুসলিম ধর্মাবলম্বীর
cfa884ca51	9b864	ইউনিসেফের কাছ থেকে
cfa9122ae3	24f73	লালনের গান
cfa942f455	1de6c	স্পেন পতাকা
cfa96b0b9b	d9081	গুলির শব্দ মরাকান্না আজ হাসি
cfa9af908d	17dcd	বুঝি বাতাসের স্বরে
cfa9c1ff69	ee4ad	নয়পালদেবের ইর্দার দানপত্রে
cfa9eade08	b9122	আফগানিস্তানের স্কোর পরিণত হয়
cfa9ff820b	1a2a1	দর্শন
cfaa16faa0	95907	এ ঘটনায় ফারুকের বিরুদ্ধে
cfaa6fcf89	72649	২ উইকেট নেন
cfaacf30c3	80539	তিনি খাটের তলে
cfab133938	420df	রবিবার দশম সংসদের
cfab517b03	37d7e	আসলে তো বিলাই না
cfabacecea	fda1a	এরপর প্যান্ট-শার্ট খুলে
cfac38b33d	38ff0	পৃথিবীর শ্রেষ্ঠ সাহিত্যের পর্যায়ে
cfad257d17	b8bdd	উক্তির সাথে বক্তার বলার ভঙ্গি
cfadb305e6	4dd57	প্রথম বসতি স্থাপনকারীদের দল
cfadcbadd3	b8bdd	না আসা পর্যন্ত
cfadf8031e	bfac7	যুক্তরাষ্ট্রের পঞ্চম নৌবহরের ঘাঁটি আছে
cfae1971fd	7d133	এই কর্মসূচি দেখার পর
cfae8617ef	14d25	আদালতে যাওয়া আসা করতে হয়
cfaec0b2f5	61820	এ সপ্তাহের শুরুতে আলোচনায় বসার জন্য ইরানের প্রস্তাবে সম্মত হয় ক্ষমতাধর ছয় দেশ।
cfaee90404	91ac1	হাত-মুখ ধুয়ে
cfaef1ca9e	e2ba2	উঁচু কোটির মুসলমানদের
cfaef73ab0	9642e	মাঝখানে পড়িয়া গেলেন
cfaf3c0d0a	195f7	স্বাধীনতা যুদ্ধের শেষের দিনগুলোয়
cfaf531499	5354e	পড়তে পড়তে
cfafbdc949	195f7	কমপক্ষে তিনজনের সঙ্গে
cfb14a46a0	cc9fd	বাংলাদেশীদের অনুপ্রবেশ নিয়ে
cfb1a49258	06e62	সাড়ে ৫ মিলিয়ন ইউরোর বেশি
cfb1fb081d	53396	নিযুক্ত হন
cfb2189d73	d711f	আমাদের দাবী উপেক্ষা করে
cfb24daff7	66b3c	ফলে এটি পরীক্ষিত যে
cfb29c6b84	22096	নাকি বাধ্যতামূলক
cfb30e8edb	c5479	কতটা ভালো লাগছে
cfb3710138	58998	দুনিয়ার সব ধর্মই
cfb385808f	7aed9	সম্ভবত এতদিনে তিনি
cfb4214b93	7a227	বিচ্ছিরি রকমের রেইনি
cfb4826cc9	13b6a	বড়দের পাশাপাশি
cfb4b11502	4fbd1	আমাদের আন্দোলন
cfb567636b	e6e48	গত ১২মার্চ গ্রেপ্তার করা হয়
cfb5d33c1b	ad98d	পুলিশের তালিকায় নাম নেই
cfb62358f8	4c555	বলেছে নয়াদিল্লি
cfb68ad464	2fe3c	বমি করে
cfb6bde07a	c463d	পুরো এলাকা জুড়ে
cfb6ec1b28	10a9f	সিএমপি কমিশনারের কাছে পাঠানো হয়
cfb717ac93	68549	বিশ্ববিদ্যালয় প্রকাশনা সংস্থা
cfb7befd2c	e2f12	হিউম্যান রাইটস ওয়াচ কে
cfb7e153d2	ff0fe	আমি সেই কারণে
cfb8174a50	dae88	পুলিশ ফাঁকা গুলি ছুড়লে
cfb893ea99	f658d	শুরু হয়েছে কাহিনীবৃত্ত
cfb895a432	dba43	বিভিন্ন শ্রমিক সংগঠন রয়েছে যাদের বেশিরভাগই কোন না কোন রাজনৈতিক দলের সাথে সম্পৃক্ত।
cfb8cef97c	860f4	মজুদ সবজি পচে যাওয়ায়
cfb8e83f44	e43d4	ব্রিটিশ সাংবাদিক ডেভিড বার্গম্যান
cfb93127b4	5b13f	নভেম্বরে এই কমতির ধারা
cfb9e721ff	43fc0	ক্ষমতাকে যে
cfb9ed5d36	68ab7	কিন্তু পরবর্তীতে
cfba3a1c81	7d133	হতে ট্রাইপস পাস করেন
cfbac44951	8c07c	হঠাৎ সেদিন
cfbb0db914	db181	থাইল্যান্ড যাচ্ছি আমরা
cfbb0e48d9	d5213	১৯৭০ সালে
cfbc257c08	11915	ত সুদ কমিয়েছে
cfbc3e9e1a	ff1c3	ছেড়ে দেয়ার তালিকায়
cfbcb53e46	932bb	কোয়ার্টার-ফাইনাল থেকে
cfbcd78b6c	ca088	আমরা এ-ও জানি
cfbcf4a1cb	274ee	৭ একর জমি
cfbd1b6588	7c272	অবস্থানগত কারণে
cfbd662cc2	5a61c	সেলিমাকে মঙ্গলবার কোন অভিযোগে
cfbdc4b99d	e03fc	মোতায়েন করেছে রাশিয়া
cfbdf144f7	d1b12	বলিতে লাগিল
cfbf1c29a1	80e98	একপর্যায়ে খাবার টেবিলেই
cfbf37aec2	e00db	বিবিসি বাংলা তাতে সফল হয়েছে
cfbf88d0dc	1a4a9	হৃদরোগে আক্রান্ত হয়ে
cfc0b2a104	92f59	এর প্রত্যুত্তরে বলেছেন
cfc0bccbb7	ad98d	একটি শিশু উত্তরাধিকার সূত্রে
cfc0ce161b	db181	লড়াই বৃদ্ধি পেয়েছে
cfc10180ad	13b70	শান্তি কামনায়
cfc125cfb1	6fb36	হাসপাতালের বিছানায় শুয়ে
cfc185ddc9	b2a62	রেডিও আছে
cfc1b4e34b	b9a81	বাংলাদেশের চেয়ে
cfc1d1e7c6	ff1c3	তেমনি এসেছে প্রাসঙ্গিক উদাহরণ
cfc2153566	a06a1	তিনি স্বপ্নেও বিশ্বাস করতেন
cfc274524d	9fa90	বার বার মিনতি করেছে
cfc2768970	d41be	সবচেয়ে বড় ধর্মীয় উৎসব
cfc27d08b6	903fa	বিগ ব্যাং
cfc2eace24	0a87a	কী করি
cfc33e4794	baa02	সেখানে গ্রাহক হয়েছেন
cfc44a1329	698ff	কর্মযোগ হল
cfc506142c	d8c80	বিদ্যুৎ, জ্বালানি
cfc528bde3	84145	মায়ানমারের ন্যাশনাল লীগ ফর
cfc571eb5c	a916a	রাজনীতিকদের তা করতেই হবে
cfc66413b9	0b7ca	জেনেভা ক্যাম্পে
cfc6dfe675	91230	ইংরেজি সাবটাইটেল ব্যবহার করা হয়েছে
cfc6eea70c	33814	মনে পড়ল
cfc7214018	e6e48	তা আগামী
cfc74643e7	fd880	পাঁচ একর করে
cfc773dfd3	c6848	এরা যখন
cfc7a226f3	2fe3c	তার প্রধান কারণ হলো
cfc7df5874	2ecf8	অন্ধকারে এত বেড়াইলে
cfc7e811f9	c7705	বিমানকে লাভজনক করতে হলে
cfc805650f	eb179	দুর্ভাগ্যবশত, ভাতৃঘাতী সশস্ত্র সংঘাত আর বিরাজমান ভূমি সমস্যার কারণে পার্বত্য চট্টগ্রাম জাতীয় অর্থনীতিতে আশানুরূপ অবদান রাখতে পারছে না।
cfc806645a	b4ea7	আকৃতির দেওয়া হয়েছে
cfc85a72ef	ea8fa	অবস্থান প্রকাশ করে
cfc8d68583	92bb2	তাঁদের ছিল না
cfc9659801	6aac8	নুরজাহান
cfc9792478	ee886	গোস্বা করিও না
cfc97be3fd	ce775	বুদ্ধিজীবি মহলে
cfc985c6ea	06bb7	ঘর থেকে বেরিয়ে গেছে
cfc98813dc	6a35e	সরকারি মতে ১৩ জন নিখোঁজ
cfc9c1eef2	6e8cb	মুখে তেঁতো জমে
cfca336167	d9ba9	খাড়া হয়ে যায়
cfca59be46	520fb	কোনরূপ পরিচয় ছিল না
cfca769fb9	5b13f	শ্রীদামাও রাধাকে শাপ দিলেন
cfcaedc3a3	54e68	দেয়ালের এই পিকাসো মাতিস
cfcb047c64	a4750	সৈয়দ মন্জুরুল ইসলাম
cfcc1457ca	e754e	জেনেটিক প্লাজায়
cfccfc3851	bfac7	এবং অলক্ষ্মী জন্ম নেন
cfcdcd95a7	adf01	প্রয়োজনের তুলনায় অনেক কম
cfce675395	49d63	৫ জন ওয়েডিং
cfcf7198e3	bfac7	যেন কোনও
cfd03268d1	64092	ছিটের বাসিন্দাদের একজন
cfd09b9cb5	2aecc	হাঙ্গেরিয়ান বিপ্লবের সময়
cfd17bb1ea	adf01	তারেকের বিয়ে হয়েছিল
cfd1d12b22	4fd66	কষ্টি পাথরের শিবলিঙ্গ
cfd22827a4	5b13f	সে সঙ্গে বাড়তি পাওনা হিসেবে
cfd25f92e4	91b16	রীতিমতো পূজা-অর্চনা করেন
cfd2652a08	e03ce	মির কাদিইম্যা
cfd3cbeb1e	3bb15	ধাক্কা দিয়ে
cfd3f5c092	4164f	বাংলাদেশের সাংস্কৃতিক
cfd4c20b03	d0c70	দূর্লভ জাতের পাখির খামার
cfd4d3aaaa	0edef	তিতির পাখি
cfd54dc1ba	05901	খুনের ঘটনার পরপরই ঘটনাস্থলে যায়
cfd57289a3	17dcd	জাতীয় সংসদের স্পিকার
cfd631b771	c4973	পলাশ
cfd6576de4	a1d4a	সোনার কাটি রুপার কাটি ছিলেন
cfd669f629	c3cb3	তার ক্ষমতা ছাড়া উচিত ছিল
cfd6919fd1	91dff	এক প্রকার মনুষ্যেরা
cfd6dfb339	84145	পুলিশ দেখল
cfd7b8386b	8845d	আমরাও ব্যস্ত হয়ে পড়ি
cfd7d447bf	54e68	তবে নারীরা
cfd87df94f	e2c11	দেখানো হয়নি
cfd8c3815a	3faff	সংখ্যা কম নয়
cfd98d58b5	717bb	অভিযোগ থেকে
cfd9ec5820	d711f	ফি কাটা যাবে না
cfda702337	1f733	আগামী ২৫শে জুলাই
cfdaac920a	ef4f8	মাখন ১০০ গ্রাম
cfdaaf50a6	6c6bf	শনিবার কনের রামপুরার বাড়িতে
cfdb7cd3fa	ca088	এই পুরোনো বিরোধ নিয়ে
cfdb8f2bbe	db181	এমনকি নাস্তিক অবস্থান সত্ত্বেও
cfdca3cde8	d9b11	বদলে যেতে শুরু করেছে
cfdcb241a5	f2780	প্রজাদরদি হরিনাথের
cfdce3843f	32998	তাঁর সঙ্গে থাকেন
cfdcf462c2	dfefa	কত জায়গায় ঘুরিল
cfdd095ad3	e55de	চেয়েছিলো জাগাতে হৃদয়
cfddaa27b3	c463d	স্থগিতাদেশও চাওয়া হয়েছে
cfddcb2737	f2780	লেজার শ
cfde31100f	121bd	বিভিন্ন অর্থনীতি বা প্রক্রিয়ার মধ্যে
cfde55b25e	e50f1	পাক্কা ১০ মিনিট আগে বলেছো
cfdef51f7e	2d78f	এই মিশন শেষে
cfdef9d96e	9282d	বিভিন্ন সাংস্কৃতিক সংগঠনও
cfdefb56bc	d2355	এবং তার সফরসঙ্গীরা
cfdf1b1139	0633a	চলচ্চিত্র নির্মাণ করেন
cfdf7717af	aabe7	কোনও ব্যক্তির চরিত্র নিয়ে
cfdfb15b69	e03ce	প্রতিটি ভোট কেন্দ্রে
cfdfb29166	ff970	দর্শকদের দেখান রোনালদো
cfdfe79a18	c8f7f	তা নিশ্চিত করা
cfdffcc670	c4973	ভূমিকা পালন করে
cfe050085c	1e7c7	ট্রাইব্যুনালের নির্দেশে
cfe0a6972c	ad98d	স্যাটেলাইটের বদৌলতে
cfe11c9d03	24aed	থাকিতে পারে না
cfe13c7250	698a4	আর্টের সঙ্গে কৃত্রিমতার
cfe13e6f60	dba43	ঝোল রাঁধা হয়
cfe20a21ce	d9ba9	দ্বিতীয় বিশ্বযুদ্ধের নানামুখি অভিঘাত
cfe22a65a3	f29bf	নাকের ড্রপ
cfe2355114	f0f95	উদযাপন উপদেষ্টা কমিটির প্রধান উপদেষ্টা
cfe266728d	dec2d	অসফল সিনেমাতেও
cfe2927295	aab0f	ঈদে টাঙ্গাইলের লাবলু-বাবলুর ডিজাইন করা তাঁতের শাড়ি এসেছে গ্রামীণ মেলায়।
cfe2bf4827	274ee	নিরাপত্তা বাহিনীর সঙ্গে
cfe3098f9a	ab946	জনপ্রিয় তারকা দম্পতি
cfe3a3f930	b618b	এখানে যে জায়গার কথা বলিতেছি
cfe3a82126	b8ed8	আর একটি দেবতা ত্বষ্টা
cfe42cc626	c173f	কাজ শেষ হয়ে যায়
cfe4ef24a0	c1e30	ভারতের অন্য কোনো অভিনেত্রী
cfe51e7e4c	91230	এবার সময় এসেছে
cfe547742a	bcaa8	প্রবন্ধকার লেখক
cfe55e2326	ff1c3	সমতট প্রকাশনীর স্টলে
cfe5640c6d	28dfc	শত্রু নিধনের পর
cfe5705e77	4f2ae	একটা বাণিজ্যিক কেন্দ্র
cfe5e2f95e	83c53	কয়টি ও কোথায়
cfe5f9f561	3d17c	সূর্যকে কেন্দ্র করে ঘুরছে
cfe64ed34c	e31e7	সরকার গঠনের
cfe6c654a4	92bb2	জনসংখ্যা হল ৯৯৬২ জন
cfe6e77964	18460	হো হো করে হেসে উঠলাম
cfe77edcf4	eecdd	গাঙচিল কর্মকর্তারা
cfe79bebda	7a227	পাড়ার মায়েরা
cfe7a5f2d9	ee994	তিনি সরকার নন
cfe7d245d1	33814	তুমিহীন একটি মুহূর্ত
cfe7dcb8ea	0895a	বাংলাদেশের রাজনীতির এক অদ্ভুত ব্যাপার হলো, বিরোধী দলের কোনো পরীক্ষা নেই।
cfe7e875ae	43199	তাদের দাবি
cfe8c11e5d	dae88	খানিক দূরে যায়
cfe8f6deda	2556b	কিংবা কোনো অনুষ্ঠানে
cfe9655cfd	c4973	মা বসে কোরান পড়ছিলেন ঘরে
cfe9942683	03284	অক্টোপাস খুব দ্রুত গতিতে
cfe9b5bc61	5dd61	মোজাহিদুল ইসলাম সেলিম
cfeab2eef5	a06a1	মাথার ওপর
cfeb222546	ab946	কারাগার সম্পর্কে তাদের ধারণাও
cfeb233780	ee886	মি: ওয়াহিদুজ্জামান মনে করেন
cfeb58cb13	b8ed8	নির্বাচনের পথে হাঁটছে
cfebe6d873	08458	টায়ার, কাঠ
cfec064085	b5fdc	এতে বিরোধী ১৮ দলীয় জোট
cfec5978b1	24f73	তাকে মৃত্যুদণ্ড দেন
cfed0e5c91	7297e	৩০ বছর ধরে
cfed13dc65	24f73	কারও লজ্জা নেই
cfed8ced0c	5dec6	রনির বাবা শুরু করেন
cfeda17a9a	eecdd	রানা প্লাজা ভবনটি
cfee4d074a	c9c19	আমার সঙ্গে একবার
cfee8abb1e	1652d	এখন প্রশ্ন হলো
cfef1e4b45	b8bdd	বলা হতো অপয়া
cfef6118f2	06ea3	ভারত থেকে
cfef6a4e85	a46e2	কর্মক্ষমতা কমে যায়
cfefabb321	b9a81	কিন্তু আমরা জানি
cfefe06261	7d133	অন্তর্ভুক্ত করা হয়েছে
cfefe4df5b	1e7c6	মাথার খুলি
cfeff33cdc	b8ed8	কিছুক্ষণ বন্দুকযুদ্ধের পর
cff08b6764	2de86	খুব গুরুত্বপূর্ণ একটি
cff09e2b68	086dd	আন্তর্জাতিক মাতৃভাষা দিবস
cff0db3e22	2d98b	পুতুল পাঁচ মাসের অন্তঃসত্ত্বা
cff156fc75	f2b7d	খুব গুরুত্বপূর্ণ একটি
cff17005e1	388c9	এবার ৪ দিন শিশুপ্রহর
cff1da4856	442b7	জসীমউদ্দীন খোদ মধুসূদনকেই
cff1eb3454	2bd99	সত্যতা নিশ্চিত করে জানান
cff2740fc8	88654	ডলফিনটি সপ্তাহ দুয়েক আগে
cff2b4cd31	ee994	এগিয়ে গেল পাকিস্তান
cff2d1160c	e6e48	আদিলের জামিন আবেদন
cff2fbb00a	6b437	এসব গুমের রহস্য
cff326a775	dba43	মি. মুরসি ক্ষমতাচ্যুত হন
cff35f9d0d	66b3c	আমরা আজ পড়ি
cff372e8b3	ce629	ইসলামপুরের কাপড়ের দোকানিরা বলেন
cff45b9cb2	ee886	সদ্য তোলা
cff45fa6c5	4a67e	সেখানে গিয়েই
cff4bf2ea7	4fd66	আপনি রাষ্ট্রপতি মহোদয়কে
cff526321f	7d3e1	ফিরে আসতে পেরেছি
cff58f1c37	29bab	আমাকে সে ডাকে আপা
cff62235aa	16877	দাঁড় টানিতে টানিতে ক্লান্ত হইয়া
cff63a0c0e	1f733	আরেকটি ছেলের সাথে
cff674aef1	66dcd	বাজারে প্রবেশ করতে চাইছে
cff6b19e35	bdd05	থাইল্যান্ড বুধবার জানিয়েছে
cff709c968	42898	বিশ্বভ্রমণের নির্মোহ কথন
cff715b7ac	a06a1	শঙ্করকে শিবের
cff760af55	a06a1	প্রশিক্ষণ ইন্সটিটিউটের সাবেক পরিচালক
cff96c897b	5d12f	তাহারাও কেমন হাল ছাড়িয়া দিয়াছে
cff9a4c387	351dd	আবুলের প্রাণটা জুড়িয়ে যায়
cff9aee913	2aecc	এই গভীর রাজনৈতিক সংকটের
cffa9fd023	1279e	আকাশবাণীতে কোরাস
cffabe291e	9065c	মঙ্গলবার ভোরে
cffb09064d	d9081	একটি বিরাট পাচার চক্র
cffb263ab7	e2f12	তিনি ২০১০ সালে
cffbb83c6b	8632b	তাহা নহে
cffbfe2ada	bfac7	নির্বাক হয়ে গেছেন বাবা
cffc642346	33814	যাঁরা খেলা দেখছেন
cffc7f290e	72649	ইন্দিরা গান্ধী ওইদিন
cffc82c85b	8143b	ডাকার ক্ষেত্রে
cffc912bbe	ff1c3	তিনি ইস্ট বেঙ্গলদের উদাহরণ দিয়েছেন
cffc987cdb	f658d	একদা তাঁর মানস-গোয়েন্দার উপরে
cffcf93709	17ca1	প্রতিটি শিক্ষাপ্রতিষ্ঠানের নববর্ষের ব্যানার
cffd80588c	d9ba9	দুই পুত্র
cffd9692e7	28dfc	তৃতীয় সন্তান আবরাম
cffdee220c	f2097	যা নিবেদন করতে চেয়েছিলো
cffe50a781	1f974	ঘরটি ছিল এক ধরনের
cffe8ce69d	8632b	হরতাল হলে
cffeca2fdd	8143b	ফোন
cfff1fb53e	13b6a	তাকে গ্রেপ্তার করার কথা
cfff2dda64	f6e55	একমাসের মধ্যে এগুলো
cfffe58c57	c958a	প্রকাশিত হবে
