d3016ce087	6c17f	যুক্তরাষ্ট্রের অন্য শহরে এমন ঘটনা ঘটলেও আমাদের সাম্প্রতিক ইতিহাসে এধরনের ঘটনা আর ঘটেনি।
d301c82292	d0c70	একটা বড় অংশ
d301e00850	717bb	ইস্ট বেঙ্গলের বিপক্ষে
d301e0b8b1	6ab59	আরো পাঁচ জনের বিরুদ্ধে
d301e443c0	d0c70	মোহাম্মদ মুসা এবারও প্রার্থী হবেন
d30268413f	c0965	অগ্রগতি না হলে
d3030e3c53	fda1a	বেরিয়ে আসতে পারে
d3036df209	554fe	প্রতিশ্রুতি মিলেছে বহুবার
d303738f00	a06a1	দুটো হাত ব্যস্ততার সঙ্গে
d304260707	91230	পুরোপুরি আত্নবিশ্বাসী এখন
d3044ada6b	3d17c	বাদল
d3049b6a58	b78ec	জবাই করে হত্যাকাণ্ড ঘটায়
d3050701c4	b2a62	খুবই ফ্রেন্ডলি প্রকৃতির হয়
d3053e7194	c11b1	এগুলো যাতে
d3056b4c0e	c3cb3	পরী মণি
d305c02868	06e62	নিজস্ব সফ্টওয়্যার ব্যবহার করে
d305e811b9	430b2	এ ক্ষেত্রে রবীন্দ্রনাথের
d30643fee1	e3f89	এবং দায়িত্বশীল ভৃত্য
d306c5fbaf	d82d9	যুদ্ধের ভয়াবহতায়
d3072126a9	ea5be	একাত্তরে মুক্তিযুদ্ধের সময়
d3072fc012	ff970	অন্যরা এ অবস্থায় কি করত
d3077238ae	b4ea7	বল গড়াইয়া গেল কই-এর
d307a92f0f	d2294	তিনি হুশিয়ারী উচ্চারন করে বলেন
d308a3b6f5	65e30	অমানুষ
d30912b3c7	4a918	কিছু কিইন্যা দিব
d3099e2ac2	fda1a	ডিবি অফিস এবং রিমান্ডের নামে
d309bc558f	9b864	তাতে বিএসএফ নেতৃত্ব
d309f2bda1	06736	স্টার জলসা আঁচল
d30a12c9eb	16877	লিংকন গবেষক ও জীবনীকার
d30a16c53f	b8bf0	তোয়াক্কা করেনি
d30a2a3dcd	3d17c	যত্ন করতে পারেন না তাই
d30a3c5f3b	f89d7	যাওয়ার আগে
d30a47dd2c	d2355	বিষয়টি প্রধানমন্ত্রীকে জানাতেও
d30a66aba4	778c0	ও বিতর্কিত কণ্ঠশিল্পী
d30b0cda0e	d136b	অনুষ্ঠিত ‘মৈত্রী’ ভলিবল ম্যাচের মতো
d30b19411d	14d25	দেখতে দেন
d30ba1559c	6fb36	ভালো খায় লোকে
d30bc5c414	af81d	গুলি লাগা
d30c280280	1f733	রনিও পাল্টা মামলা করেন
d30c3691bc	121bd	এবং তিনিই
d30c959041	4bd2c	সন্ত্রাস দূর হবে
d30cd2f081	05901	তারাও আমার
d30d5799d7	c958a	রোনাল্ডো ও পেলে
d30d6e34cc	ad050	জানা হয়ে গেছে
d30d7dd3f6	7d3e1	মাননীয় প্রধানমন্ত্রী শেখ হাসিনা
d30da95b36	d2294	সেক্ষেত্রে সবচেয়ে বেশি চেষ্টা ছিল
d30dd19541	acb88	মতিঝিল এলাকা ছেড়ে যায়
d30eaa0e4b	5dec6	পীযূষ বন্দ্যোপাধ্যায়ের কাছেও
d30f48e55b	c6848	স্থানীয় পুলিশের কর্মকর্তারা
d30f62f55a	ac0df	অংশগ্রহণের মাধ্যমে
d30f82d2ad	c5479	দরকার হলে সে-ও মাঝেমধ্যে
d30f8bfb5f	b9122	তাঁদের মানসিকতার মধ্যে
d30fba161c	351dd	মাথায় রাখবেন কিনা
d31049e98c	3ec4d	উপায় ছিলো না
d3118c4914	49543	৫৮ কোটি ৪০ লাখ
d311bf6623	c5dc8	এসব কথাই লেখা আছে
d311d62b53	1a2a1	ভালো কিছু করতে পারছি না
d312cefd6b	3bb15	তাদের বর্তমান
d313102fb0	1de6c	প্রশংসা করেন
d313d0dae5	49543	ব্যাখ্যাটা এরকম
d313f8bb34	282d3	ইঙ্গিত রয়েছে
d314f1f1f1	7e191	প্রতিপক্ষের সীমানায়
d315048062	5dd61	বিভিন্ন অঞ্চলের অধিকাংশ কৃষক
d31548d2ea	88654	তিনি আর তাঁর সচিব মিঃ স্যাঙ্গারসন
d3164c352c	44322	তদন্ত কমিটি গঠন করা হয়েছে
d31689d736	da6f0	একটি আন্তর্জাতিক কন্টাক্ট গ্রুপ
d316cee09d	932bb	১১ জনকে পুড়িয়ে মারার
d316d43f2f	79b06	বিরোধী দলের নেতা-কর্মীদের বিরুদ্ধে
d316d7a072	a8710	বড় বড় কথা বলে
d3170882dc	520fb	কারখানায় অগ্নি-নিরাপত্তা বলতে
d3171f4d20	6d129	ডুমুরিয়া থানার ওসি
d3178fde7f	58998	তাদের সরিয়ে নিতে
d317c3bbd9	ce775	একটি পিকআপ ভ্যান
d318076533	dba43	একটি মধ্যবিত্ত পরিবারে
d31811c6a3	a1201	কেন্দ্রীয়ভাবে তিন দিনের
d3183af0c2	91230	দুই লেগ মিলে
d3183f680e	d9b11	থাকা চোরাই পাসপোর্ট ব্যবহার করা
d3184f1175	536d9	কী করে অ্যালাউ করবে
d31853c484	e2f12	ব্যর্থতা ও অদক্ষতা ছিল
d3186bda32	717bb	সেনা সদস্যরা মাঠে থাকবেন
d318bbfa9e	7a227	নির্দেশ দেওয়া হয়
d318c56b5a	5b13f	শরিক ছিলেন
d3191ccf5b	a43b5	এই ভোটগ্রহণ করা হয়
d3199ba61c	976b1	বন্ধুর পারিবারিক অনুষ্ঠান
d31a510958	f4ba7	দ্য ব্রিটিশ এম্পায়ার
d31a81b928	3d17c	বাংলামেইলের সঙ্গে
d31a9a33c5	7351e	আরো দশজনের বেশী
d31b110021	db181	সন্তানহারা পিতা-মাতা
d31b5faa23	9fa90	পুলিশের একটি ভবন
d31b845bfa	0744c	একজন রক্ষী থাকতেন
d31bccde03	256f5	লংমার্চে অংশ নেওয়া
d31c0bee25	a06a1	কাশ্মির
d31c3b0636	8845d	দুজন নির্বাচিত হন
d31c4f3e39	1e7c7	ঢাকার একটি বিউটি পার্লারে
d31c8f9c02	35ef3	কেনা-বেচার ক্ষেত্রে
d31cdbefb9	442b7	সঙ্গে করিয়া
d31cdd768a	870e3	১৯৮৫ সালে তাকে
d31d395ec5	85430	শুক্রবার রোহিঙ্গা শরণার্থীদের ব্যাপারে
d31d9a7f98	16a17	মহাপরিচালক তাঁর
d31da8b626	7e1d5	তিনি প্রভাষক হিসেবে
d31e29706c	c2082	সব ধর্ম
d31ec61257	7e191	একটা সময়ে
d31f344e77	c749e	গোলক ধাঁধায় ঘুরবার সময়
d31fbf8abb	351dd	আশেপাশে অলি-গালিতে
d3201819b5	cb1aa	তানভীর মেহেদি
d3202c2d98	693cb	হাজারো প্রশ্ন
d3203657f2	778c0	উদ্ভুত এমন পরিবাহী ধর্ম
d320d109a2	4164f	কুমিল্লার লাকসামে
d320dc3de2	9282d	এখন তেজগাঁওয়ের
d320f489b9	3c897	জিম্বাবুয়েকে খেলতে হবে
d32148c4a5	3fc9d	কিছু নির্দিষ্ট সিদ্ধান্তে
d3217ff9ac	c749e	জ্বলজ্বল করছে তাঁর পরিবেশিত
d322164b12	e2ff7	প্রাধান্য নাও দিতে পারেন
d3221cf96c	4fbd1	তাঁহাদের আর যে দাবি দাওয়া থাকে থাকুক
d3224780b7	e8dde	সন্ত্রাসী তাদের মধ্যে আছে
d322b81a17	c173f	প্রস্তুতি নেওয়া হয়েছে
d322d8dfb1	b8ed8	শুমারিতে দেখা গেছে
d3232f2839	a46e2	বুধবার রংপুরের পীরগঞ্জে
d323368008	92f59	জানান পুলিশ কর্মকর্তা মনিরুল
d323d51d31	71522	আদালতকে জানাতে হবে
d32468363b	4f450	এসএম স্টাইল
d32488f2b6	c0d65	১৯৮২ সালে প্রতিরক্ষা মন্ত্রী থাকাকালে মি. শ্যারনের নির্দেশেই লেবাননে আগ্রাসন চালিয়ে ব্যাপক নৃশংসতা চালায় ইসরায়েলী বাহিনী।
d32507b79f	f9dfb	এবারো তার ধারাবাহিকতা
d3257a7d4c	37d7e	হরতাল নিষিদ্ধের সময় এসেছে
d325b07882	e03ce	হাজির না হওয়ায়
d325c497f1	86b1b	দেশের সীমা ছাড়িয়ে
d325f70c28	2d78f	আকৃতিতে যথেষ্ট পরিমাণ
d32621d80f	b9b98	যুগসন্ধিক্ষণে তারা সবাই
d326402ead	5b13f	অ্যান্ডি রুবিন
d326480797	80539	নিয়মিতভাবে
d326d66e0e	194f5	ঠাকুরমা দিদিমারা
d3274dd12a	e9589	ধরে রাখতে চান।
d327abee29	e2c11	পুলিশি অভিযানের সময়
d327fb43b4	b618b	চালকের অসাবধানতায়
d329176b07	95f83	ভাইস প্রেসিডেন্ট
d329b827a4	1652d	এই প্রতিবেদনগুলো নিয়ে
d329d22d7a	1279e	আমরা ভুল সিদ্ধান্তে পৌঁছাব
d329d6cbdd	52f27	অকালে স্বামী হারানো বোন
d32a80083d	ac904	বিগত তত্ত্বাবধায়ক সরকারের সময় পরপর দুই বছর মুনাফা করেছিল বিমান।
d32b87c55a	bdfc1	গুগলপ্লাস ব্যবহারকারীর সংখ্যা ৫৪ কোটি।
d32cb7525b	66dcd	তারিখ জানা
d32cbae427	8406e	নেতাকর্মী শূন্য
d32d090f07	9d398	পাবনা শহরে স্বরাষ্ট্র প্রতিমন্ত্রীর
d32d1762ff	e03fc	বাণিজ্য বিনিয়োগসহ সব ক্ষেত্রে
d32d4ba2b4	eaa7a	বিয়ের আগে মাহবুব বলেছিলেন
d32e6a3dfb	9351a	রাজেকুজ্জামান রতন
d32eb90406	fda1a	চতুর্থ বৃহত্তম বন্দর
d32eb9f8bb	f1240	যা আমরা সংগ্রহ করেছি জুলাই মাসে
d32ef157a3	d2294	আমার পরিহিত
d32f0ef81f	ad2a0	আমি আর দেখি নাই
d32fb42da4	31f09	তারা আবার বদলি হয়ে যান
d33012cf0f	b618b	একটু হলেই ছুঁয়ে যাবে
d330782a02	194f5	ছয়ের দশকে
d3309c3023	82926	ব্যারোমিটারের মতো
d330b3a7a3	c8f7f	ব্র্যন্ডগুলোর মধ্যে শীর্ষে যাওয়া
d330c10bba	554fe	১৯৭১ সালের
d330e9d90e	e68af	মাঝরাত পর্যন্ত
d331feb5cd	a699c	স্বর্ণের নতুন দাম
d332348eaa	c41d8	মাঝে ঐক্য সাধন ঘটায়
d3323b2d5c	4fbd1	এর আগে আওয়ামীলীগের
d3324ea3b0	2bd99	অগ্নি স্বর্গ
d3334aaf0d	3fae0	হিন্দু পুত্র সন্তানের ক্ষেত্রে
d3339d2c2b	c173f	নিত্যনতুন বৈচিত্র্য হাজির করা হচ্ছে
d333a1caef	da6f0	রোগাপানা ছেলেটার জন্য
d333c63479	730c3	তার নামের সাথে মিল করে
d333d301dc	3f875	মেলায় দর্শনার্থীদের সংখ্যাও
d333f790ec	46da4	বিলেতের নানা জাদুঘর ঘুরে ঘুরে
d33418ceb5	14816	গাজীপুর যাওয়ার বাসের জন্য
d334c1a14b	1e7c6	যথেষ্ট নই বলে
d334fe62ff	ef915	অনেকটা খোলা বইয়ের
d33517554e	49543	তবে ইংরেজির শিক্ষক হওয়ায়
d33595bba0	0a87a	তাঁর ডাক তো শুনেছিলেন
d335a3ddac	66b3c	ক্রমশঃ আমাদের মন পর্যন্ত
d335c41d1d	43b04	প্রস্রাবে ভাসিয়ে দিতে চায়
d336eefda4	778c0	তাকে গ্রেপ্তার করতে হবে
d336f6bf33	b8ed8	গ্রেফতার হয়ে যায় নাকি
d337694736	086dd	আমি চাই আর না চাই
d3377979a5	9d46f	কিংবা কাউকে দেবতা হিসেবে
d337abe04d	7027a	গড় পাসের হার
d3383375b4	c5479	বেহেসতের তদবির করেন
d338406b11	c5479	মধুর মূরতি
d338798412	e03fc	পরিণত হইলে চলিবে না
d338db50d6	bfac7	এই মামলাটি করে
d33937506a	7ed14	অন্তত পাঁচ-ছটা
d3396e1c95	4ea73	মামলা তদন্তের শুরুর দিকে
d339802881	fd880	দেখার জন্য
d339a94da7	2fc12	বিভক্ত করা চলে
d339f234dd	d9ba9	কথা বলছিল
d339f59784	dba43	কারণ এক টন পিচব্লেন্ড
d33a8bbc0b	ce629	প্রেগন্যান্সি টেস্ট
d33aa4d918	a3a6d	এই বুঝব যে
d33adcd7a9	e55de	আহলে হাদিস জামে মসজিদে
d33b69f575	fdcba	শ্রমিকরা যে প্রস্তাব দিয়েছে
d33b7b1379	6a35e	তিনি রাশিয়ার প্রেসিডেন্ট
d33c66932e	577fa	পবিত্র শবে মেরাজ
d33d771acc	03284	সেসব বস্তুতেও
d33dd8bf57	3fae0	রোমক ইংরেজ ইরাণী
d33df492db	efc0d	বিগলিত করে
d33dfcf959	a06a1	এমনটাই দাবি
d33e80f94b	ea8fa	গত ৬ই এপ্রিল
d33e8db3b5	1279e	প্রয়োগ তাই রাজনৈতিক বিষয়ভুক্ত
d33f0df6ec	0d4cb	ব্যক্ত করেন না
d33f3a2648	dba43	সাংবাদিক ও পর্যবেক্ষকদের গাড়
d340122c91	8a46d	গত একমাস ধরে আহতদের অনেকেই চিকিৎসাধীন আছেন সাভারের এনাম মেডিকেল কলেজ হাসপাতালে।
d340f2c6b6	a274b	তবে বচন দুইটি ভিন্ন
d34103079b	69449	ফিরিয়ে দিয়েছি
d341d1e8e1	3f875	ব্যবস্থা করে দেওয়ার জন্য
d341d2dae5	88654	অম্লের ৩টি পরিচিত সংজ্ঞা হলো
d341e2147f	2bc73	অসুস্থতার জন্য
d3422f8a33	2d98b	এমনকি তাকে কেউ
d342b908d4	85430	খাজা
d342c4bb73	d1a48	শ্রোতাদের মুগ্ধ করে রাখা
d34306754d	282d3	পিরিচে চা ঢাকা আছে
d343295d6f	a8710	পরীক্ষা স্থগিত হলো
d344af820b	2d78f	যুক্তরাষ্ট্রের প্রেসিডেন্ট বারাক ওবামা
d346037b68	698a4	বেড়েছে বইয়ের বিক্রি
d3466cf827	8c120	কিন্তু আর ঠাকুর ঠাকুরাণীগুলির
d34696a057	c7705	সুচিত্রা সেনের
d346a9ae17	e2ba2	কয়েকটি সুযোগ
d346f32fb6	6ee5f	অনুবাদ
d34737b44f	3fae0	তারা সুন্দরী আখ্যা পাবে
d347bfba1d	e2c11	বিজিএমইএ’র মতে
d3482dc872	22096	মোট ৬ হাজার
d34867b889	7f2ef	আগের আইনে
d34888a33f	95f83	তুমি আমার ঘুম
d348a2cc1a	f280a	কথাবার্তা বলা সঙ্গত নয়
d348a434b6	7027a	মরিচ
d349dda685	75626	সাংবাদিক হত্যা হচ্ছে
d34a054eb3	93d3b	কিছু কথা বলতে দোষ নেই
d34a0ed2f5	6fb36	আদম এবং ঈভের
d34a62e20b	7c272	নিলাবর্ষা রিভার কুইন পার্ক
d34a76dfe0	948d3	পূর্ব পুরুষদের বিশ্বাস করি
d34a8b16f8	f89d7	অগ্রগতির আশা কতটা
d34a8f4c19	6a35e	তা আদায় করা হয়েছে
d34aa28502	4ea73	গান গাইতে শুরু করেন
d34ab07e0d	8406e	সম্মিলিত সাংস্কৃতিক জোটের
d34ad7c3e7	c4973	দু-একজনের কথা মনে আছে
d34b28ceab	6aac8	টানছি না
d34b500716	66c6b	অ্যালান লয়েড হজকিং
d34b51ed79	75f18	বাংলায় নামাজ পড়লে অসুবিধা কি
d34bb8a9a1	dfefa	১২ লাখের কম
d34bd56017	4c555	তিনি বিবিসিকে বলেন
d34bf69b67	fdcba	অন্যান্য সরকারি-বেসরকারি প্রতিষ্ঠানের ভূমিকাও
d34c13f8f2	698ff	বাজারের ভেতর দিয়ে হেঁটে
d34c374ffd	1b359	বদলে যেতে পারে
d34c5bc852	8edea	আদতে কমে গেছে অনেকটাই
d34c608851	5dd61	কিছুদিন যাবৎ
d34c71ed52	d8c80	জাতীয় গুরুত্ব বিবেচেনা করে
d34d55b9c0	7ee9b	তাঁহার লণ্ঠনের আলো দেখিয়া
d34d891430	06e62	এই আন্দোলনের
d34e709c74	121bd	অতীতের প্রাক-বিভক্ত সমাজে
d34e7ef595	28bb3	ইরানীয় ভাষা
d34e8a1d02	68ab7	যৌনতা বিষয়ে
d34e9ec932	f1ff2	চাইলে আজ ওপরতলায়
d34ebccfc4	31f2a	রেঞ্জ ৪০ মিটার
d34ecccf57	d2355	যুক্তরাষ্ট্রে পাড়ি জমান আতাউল করিম
d34f335a51	274ee	কেমন এক পরিবর্তন
d34f85253e	5e80b	জানান বিচারক
d3500f559f	7ee9b	একটা ফুলের থেকে
d35028fea3	d0c70	আবারো সোমবার থেকে
d3502cabe2	28bb3	জঠরের ঈশান কোণে
d3503d22c4	66c6b	এর আগেই দানা বাঁধতে
d35090c378	932bb	পৌষের আগেই
d350aed67d	4486f	মুজাফফরনগরের ওই দাঙ্গায়
d3512bc235	388c9	৭ই আগস্ট, ১৮৭১
d3517d198d	68549	পার্টি চেয়ারম্যানের এ সিদ্ধান্ত
d351db27fe	a1201	তবে বাচ্চাদের
d3525c39c0	fb4cb	একসাথে ঢাকার রাস্তায় ঘুরে বেড়িয়েছি
d3525f167f	5b13f	এ স্থলে শত্রুকে
d3526f9933	b78ec	জনসন তখন জোর করে
d353e2bb37	b4ea7	বা খোয়া গেলে
d354e02142	23291	মা হয়েছেন
d35559a1a4	76329	শেষ করে দেশে ফেরেন মেসি
d355760979	7c272	তেমনি কাজ
d3557852b8	2fc12	ছবি আঁকার জন্য
d355d136c9	75626	আটকে পড়ে থাকা
d35669034d	d9ba9	মুক্তি পেয়েছেন
d3568753f2	f2b7d	পরিচালক ও শিল্পী পক্ষ
d356938bea	16a17	এসব মদের মূল্য
d356fbe08a	1e7c7	আমরা অতীত থেকে
d35718b407	09b32	এই সত্যেরই পরিণতি
d3572e9228	6973e	আন্তর্জাতিক মানের নয়
d357b63219	d2294	অভিকর্ষ হলো
d35825b9ce	80539	অযান্ত্রিক ১৯৫৮ সালে
d35856ba06	60f77	উপহার দিতে পারবো
d35881cb44	287bd	অনুসারে পরমাণুসমূহ
d358912bb9	e00db	তখন তিনি ওয়াজ মাহফিল নামে
d358c07602	4ea73	ইঞ্জিনিয়ারস ইন্সটিটিউট
d359096179	491a5	লঞ্চটি ডুবে গিয়েছিল বলে
d3597e1d01	b8ed8	তাঁকে খবর দিয়েছিল
d3599e885a	f29bf	যাদের মধ্যে একটি হচ্ছে
d35a2c6f2f	76329	আমার শ্বশুর-শাশুড়ি তো
d35a500c53	bc81e	যারা চোরাই পরিচয়পত্র
d35b1d3e32	cd3ac	করিয়া রাখিয়াছি
d35b7add94	9351a	জি না করে উত্তর দিচ্ছে
d35ba5763a	18a52	বাড়িতে শরাফ মামার খাতির
d35bbe63c9	9d7bf	মাথা শুকাইতেছিলেন
d35bfb0574	ee852	এতে অন্তত তিন জন নিহত
d35c080128	80be1	যুক্তরাষ্ট্রের কার্ড পাবেন
d35c5bb885	43fc0	এতে সংবিধান লংঘিত হয়েছে
d35cc5e565	7b900	আয়রন অক্সাইড
d35d01dc93	b78ec	কাজে ব্যাঘাত ঘটতে পারে
d35d0ffd01	24f73	গ্রীষ্মকালীন ফরমালিনমুক্ত টমেটো
d35dc6c06a	e89bb	ব্যাপক কৌতূহলের সৃষ্টি হয়
d35e0963f3	0d4cb	৫৩ রান করেন ডি ভিলিয়ার্স
d35e12ee5d	06bb7	আমি চলে যাই
d35e15f142	5639c	নরসিংদী জেলা
d35e402032	2ecf8	২০০৮ সালে ইউরো ও ২০১০ সালে বিশ্বকাপে প্রথম রাউন্ড থেকে বিদায় নেয়া ফ্রান্স দলেও ছিলেন রিবেরি।
d35e947342	256f5	২০১৯ সালের ডিসেম্বরের মধ্যে
d35eb2f4dc	0606d	তিনি এ দাবি জানান
d35f587ccf	6dff5	ও পদপিষ্ট হয়ে মৃত
d35f6aeda6	cfc65	ঐশী আদালতে
d3601437b0	2ee04	আপিলের সার সংক্ষেপ
d36081fbe9	195f7	চেনা যায়
d360b09c69	767ff	আলোচনা শেষ হয়ে যায়
d361a7ead5	2840e	সিদ্ধান্ত নিয়েছেন বাবুল সুপ্রিয়
d361bb80af	25696	প্রেম ও পরিবারের দ্বন্দ্বে
d361d4725b	2b883	শব্দটির চল নিশ্চয় ছিল
d361e2df63	e89bb	এ পর্যন্ত আয় করেছে
d36235e7ca	bfac7	অধিকারকে চিঠি দেয়া হয়
d362af7de6	33814	কী ওইচে বাবা
d362f6bcd9	2d78f	বা সাবেক অ্যাকটিভিশন ইনকর্পোরেটেড
d3631fa21a	e6e48	আমার বড় চেনা
d3632ef098	95907	এবং সাংস্কৃতিক আন্দোলন
d3634538f3	3f493	বাবা থেকেও নেই
d3637e9ffe	121bd	টানা ষষ্ঠ জয়ে
d363c4d156	cb627	বদলে যায় সব
d36447c067	fbb81	কিন্তু এ পদ্ধতির কারণে
d3647528ba	35ef3	মনুমেন্টের চূঁড়োয় উঠে
d3648ac08b	4a67e	ডেস্কটপ আসার পর
d364b59a7a	91223	ওয়ার্ল্ড ব্যাংক আয়োজিত
d364bde448	a0277	তাহারা নাজ জানে না
d3653da9aa	809cd	সংবাদ সম্মেলন করে এডিবি
d36585981e	38ff0	গত ৩ এপ্রিল থেকে
d365a1147e	08458	সেই ত্রিভূজাকৃতি গুহাটা
d365aae1ef	0b7ca	প্রাধান্য দিতে চাই
d365daf29b	91b16	এ সময় অন্য সদস্যরা এসে
d3662b1609	cd3ac	পার্ক এলাকা সর্ব সাধারণের জন্য
d3663e3393	8143b	ফেনী প্রতিদিন
d3669c8681	cc18a	সরকার আইনের মাধ্যমে
d3676a961c	404ee	মেঘনা সরল হইয়া চলিতে চলিতে
d3676c2459	bcaa8	ইতোমধ্যে তার ভাইয়ের সঙ্গে
d3677405a9	09f0d	জিভ দিয়ে চেটে খেতে হয়
d367ce419b	dfefa	জাতীয় জাদুঘরের সামনে
d367d288f8	3b1f7	ইতালি চলে গেছে
d3680fb7cf	18460	মোহাম্মদ মেজবাহউদ্দিন
d36868f709	f2097	দ্রুত হারে বাড়ছে
d36878f75c	91223	ভবিষ্যতে এমন ক্ষমতা গ্রহণের
d368843858	0d9f1	কাবুল থেকে
d3689fd785	a274b	কয়লা কিভাবে তোলা হবে
d368ad5b57	09b32	অনুসারী অর্থনীতিবিদেরা
d368c4eb35	37e17	শীর্ষ সন্ত্রাসীকে ধরতে
d368eb9851	4bd2c	আমাকে টেনে এনেছিল
d368f95b57	5dd61	রাজপুত্রের গুণের কথা
d368fff4aa	47e8d	প্রতিবাদ করবে
d36987bc75	3faff	সিনেমার মত রাজনীতিতেও তুমুল জনপ্রিয় জয়ললিতা।
d369b3ba50	dec2d	দাঁত মেলে আর চুল খুলে
d369caeb85	2b883	আর নাম ও মতাদর্শ
d369e5981a	f837a	কলিজা
d36a815c04	2695f	রূপনগর ইস্টার্ন হাউজিংয়ে
d36ac8341e	b2a62	কন্যা আরাধিয়ার জন্মের পর
d36addcf63	69449	একটা পরাজয় হিসাবে দেখছিলেন
d36bb38db6	5b13f	দুর্দান্ত শটে
d36c5a5bc8	d2294	এরপরই চিকিৎসকেরা
d36cef5c06	31f2a	কোনও ভাষা বা কোনও সংস্কৃতি
d36d0040ac	72649	আমরা পাই স্বতন্ত্র ভূখ
d36d1068b1	39293	মানসিকভাবে ভেঙে পড়েছে
d36d3240b8	d8c80	৬শত শিক্ষক এবং ৫ হাজারের বেশি
d36d8dc774	a8710	ওনার বংশ
d36e5514dc	8143b	আমরা নতুন নতুন পোশাক
d36f08d144	d2faf	সবচেয়ে বড় অনুপ্রেরণা
d36f602275	9282d	অরুণাচল বসু,
d36f8a985a	eecdd	হঠাৎ একদিন
d36fed82c7	f6e55	শূন্য ৩ বিলিয়ন ডলার
d3705abf05	2b883	কিংবা চাপ আসেনি বলেও
d370f813d6	9d7bf	ডিবি অফিস থেকে
d37112430a	351dd	জোর
d3714daed1	3f493	লাড্ডু
d3715698f8	12702	এক বিরল দৃষ্টান্ত হয়ে আছে
d3718ac9b5	420df	আফ্রিকার বিভিন্ন দেশ থেকে এসেছে
d371d4d0d3	65652	পরিবর্তন আনা হচ্ছে
d371d55f48	60f77	গণহত্যা বলে উল্লেখ করেছেন
d371ffbc2a	976b1	স্বীকারোক্তিমূলক জবানবন্দি দিয়েছেন
d3721ac880	d2355	সৈয়দা রিজওয়ানা হাসানের স্বামী
d3732e1fa0	06736	মোট লেনদেনের
d373783740	1652d	তা চমকে দিয়েছে
d3737a1545	730c3	অবহেলা করেছে বলে
d3739ff8fd	a3a6d	পরস্পরকে ভাই-বোন সম্বোধন করার
d373e47bd4	d9817	সব জাতীয় পত্রিকায়
d37412486d	e6203	গণভোটের পরদিনই আজ সোমবার ক্রাইমিয়ার সংসদে স্বাধীনতা ঘোষণা দেওয়া হয়।
d374f4af5e	c3cca	সাফল্য অর্জন করেছেন
d374f96e45	53396	শরীরজুড়ে ছিল
d37522f048	ca088	হতবাক দাঁড়িয়ে ছিলেন
d37568d714	43fc0	প্রায় দশটা
d3758144a2	92bd8	দেশগুলোর মধ্যে দ্বিতীয় সর্বোচ্চ
d37593ff8e	11bd2	আজকের দিনটা
d375de713b	7df87	কাউকে জীবিত পাওয়া যাবে
d375f34b8e	e2ff7	দ্বিতীয় বিদেশি রাষ্ট্র হিসেবে
d3762e6c02	6ab59	সংগঠনের নির্বাহী পরিচালক
d376638cef	a06a1	ছোটখাটো ব্লক বা বুটিকের জন্য প্রাথমিক পুঁজি ৫০-৬০ হাজার টাকার মতো লাগবে।
d37673b736	23b22	একজন মানুষ
d376d80776	66b3c	৫১৮ টাকা
d376fe98f7	68ab7	তোমরা আমাকে মেরে ফেল
d3777f4496	f1240	এই ব্যাখ্যা করেন যে
d377a0e129	dec2d	তাদের মধ্যেও
d37841f0b5	38d3a	প্রথম প্রকাশ জুন ১৯৮৪
d3785c60dc	d9ba9	তাঁহার মুখপানে চাহিয়া রহিলেন
d378d6aa37	870e3	ঢাকা আরিচা মহাসড়ক
d378eeaeba	0696e	অন্যদিকে যুক্তরাজ্যে
d3799309ad	66dcd	দুটি গানের কথা লিখেছেন
d379a67abd	323f1	স্থায়ী আমানত সংগ্রহ শুরু করে
d37a6e459c	fcc89	দেলাওয়ার হোসাইন সাঈদীর বিরুদ্ধে
d37aa2d122	44322	কাউকে আটক করতে পারেনি বিজিবি
d37af7b1d5	f280a	ভিকি গোস্বামীকে বিয়ে করে
d37b8c50c6	e55de	লাভবান করতে হবে
d37bdb80f7	4c555	দৌড়ে যান
d37c422698	db735	থেকে ১৮শ শতক পর্যন্ত
d37c5aaf36	6d129	কালে ছিল
d37c652727	e9fa7	তোলার চেষ্টা ছাড়া
d37c900871	80505	উত্তেজনাকর পরিস্থিতি সম্পর্কে কথা বলেছেন
d37cba4dc1	77f82	এক জোড়া
d37cdc192b	29f8c	বলতে পারে
d37d259c66	6e6fa	নিজেকে বাঁচিয়ে রাখতে হয়
d37d78fbfa	2396d	সীমাবদ্ধ থাকবে না
d37da88641	46d49	শেষমেশ আদালতের নির্দেশেই
d37ddd729b	a46e2	হতে হয়
d37e7a0e19	9065c	আমি আনন্দের সঙ্গে
d37efc6061	3bea8	‘প্রতিশ্রুতি’ আর বিষ্ণু দে দেখেছেন ‘পরিণতি’
d37f2f0ead	8406e	চলছে বলেও
d37f2f282f	2ee04	জাতিগত সংখ্যালঘু তাতারদের
d37fbe802a	af81d	ফলে প্রধানমন্ত্রী মনমোহন সিং
d38023c595	ee994	যাওয়ার অবস্থা
d380772ef3	6d129	ব্যাংকের পরিচালক
d380a3ae0d	f1240	কৃষকদের কম লোকসানের
d3811d033c	f29bf	তাঁকে ইয়াদ করিয়ে দিই
d38149dfbd	3f875	জনসংখ্যা হল ২২৯৭১৪ জন
d3817f0ea0	a1201	আর তাদের আলোচনার
d381bddacc	8406e	সংক্রান্ত নানা কাহিনি
d381db0ef8	5dec6	ওই ঘটনার সাথে জড়িত সন্দেহে টাঙ্গাইলে একটি গাড়িসহ এক ব্যক্তিকে গ্রেপ্তার করে পুলিশ।
d382129ab9	52f27	আমাদের বিক্রি নেই
d38212fc1f	ab946	হামলা ঠেকাতে
d3823886ed	72649	তাঁর স্বভাব অমার্জিত
d38243470a	5dec6	১০নং সেক্টরের
d382aa74b2	d9b11	এসব ক্ষমতাধর রাষ্ট্র
d3831ba579	4f2ae	দীর্ঘমেয়াদি পরিকল্পনা
d3835d77fa	430b2	এসব ক্ষেত্রে তাদের কোনো
d383865e41	16877	গণিতের এক জটিল
d38417f039	d2faf	খুব ওয়াজিব কথা বলিয়াছ
d3843819bd	f0f95	জগৎ অসার ও পরমেশ্বরই
d384657d81	92bd8	তাঁহাকে ওজুর জন্য
d384cb9f26	66dcd	এক তেলেগু সিনেমায়
d384d22c09	25117	ক্যাটরিনার শিডিউল না থাকায়
d3851c396b	24aed	ব্যাপক চাহিদা সৃষ্টি হয়
d38568d007	0edef	অনন্তর সঙ্গেও
d38625e85f	6973e	রাজনৈতিক দলগুলোর লোকেরাই তাদের ক্ষমতার অপব্যবহার করে টেন্ডারবাজির মতো দুর্নীতি বা প্রভাব বিস্তারের কাজ করে থাকে।
d3866f801a	6b437	তিন বছরব্যাপী গৃহযুদ্ধে
d38737c9ab	ce629	অসিতবরণ মুখোপাধ্যায়
d388b4bc74	ea5be	নাক্ষত্রিক বিস্ফোরণ
d388f5ff30	9065c	গতকাল এক যৌথ বিবৃতিতে
d389322f01	f658d	এমন ওস্তাদ
d389659c5c	5e80b	রচনার সঙ্গে ইহার
d389c1b6b7	06bb7	১৯৮৬ সালে
d389c283d1	69d9a	চুক্তির শর্ত ভঙ্গের জন্য
d389d6fe6b	4237e	মন্ত্রীরা যেন কথা কম বলেন
d389fd11f9	7027a	ধর্মের নামে মেয়েদের গায়ে
d38a088b1e	10a9f	কেন সেনা লাগছে
d38a39d074	0606d	তাৎক্ষণিক অর্থ সহায়তা
d38a66c5b6	b618b	বদলি খেলোয়াড় আদ্রিয়ানোর ক্রস থেকে
d38a8b26b2	4dd57	নিখোঁজ চারজন শিক্ষার্থীর ব্যাপারে
d38aa35f14	14816	গ্রামের লোকগুলো গাধা
d38aa45043	c463d	বইগুলো নষ্ট হচ্ছে
d38ad610fd	7d133	এসবের আলোর ঝলকানি
d38b1fb3f1	f280a	বিবিসির কোটি কোটি শ্রোতার
d38b297a04	46d49	মানবতাবিরোধী অপরাধের তদন্ত
d38bd35a56	85430	যে মাটিতে
d38c2f3856	086dd	পুটি মাছ
d38c5b9466	28bb3	রবীন্দ্র ভারতী বিশ্ববিদ্যালয়ে
d38dae701c	16a17	আবু সুফিয়ান মেয়র আইভীর কাছের
d38e1fb58a	eb179	আর নিজে যা করতে পারেন
d38e845e2c	84145	চোখে পড়েছে এদিনও
d38f0a9444	f2780	বসানো হলেও
d38f91b63f	d8c80	আজম খানকে
d38fb76d3c	3bea8	ফরমালিন ব্যবহৃত হচ্ছে
d38ff6c297	ef4f8	প্রতিদ্বন্দ্বিতাপূর্ণ হচ্ছে না
d3902eddfe	cc18a	আজ বিকেলে
d390358d09	8406e	কর্মকাণ্ডের সঙ্গে জড়িত
d3904d3bcc	404ee	সামরিক অভিযানের পক্ষে
d390549f38	fd880	খালি চোখে এগুলোকে
d3908acc62	6e6fa	এপিআই বা অ্যাপ্লিকেশান
d3909193f9	7e1d5	রাজনীতি নিয়ে একটা
d390991a59	f4ba7	মানুষের জন্মগত প্রবৃত্তির
d390e4d270	e2c11	শ্রমিকের অধিকার
d3910782b0	e754e	অ্যালানিন সমৃদ্ধ
d3924befad	ee7b2	তবে হাজার হাজার
d392681e93	fda1a	প্রথম ব্যক্তি
d392b571e7	ee994	তারা আমাদের অ্যাকাউন্টে আসবেন
d392c60953	4164f	অবস্থান করছিলো
d392db3902	ee7b2	আর এই সুযোগের
d39380159d	25117	রাজামশাই সশরীরে
d39382aa71	ef915	আসলে ওরাও তো আর
d393c5277e	8c120	দাবি জানিয়ে ছবি আঁকছেন
d393d2725b	e68af	অ্যাংকর ভাটের প্রতিকৃতি
d39492861d	e2c11	সংসদের সদস্যরা আজ সেটা
d394bd8605	46da4	একটি মোটর সাইকেলে
d3952dfad7	15a75	এটা তাহার ভাল লাগিল না
d3957f12de	e55de	একটি বিশেষ কৌশলের
d395a40883	2d98b	শিশুদের বিভিন্ন কাজে
d396c91525	cd3ac	সকাল সাড়ে ১০ টায়
d3971abc97	dafb6	ওকি নবীরন
d39775e90f	2bd99	হলুদের সাজ
d39789a7da	aabe7	সফটওয়্যার ইনস্টলের কাজ
d3989717e9	8ba2b	প্রত্যেকের ঝুলিতেই আছে
d398d5c354	adf01	গত বছরের ২৪শে এপ্রিল ভেঙে পড়া রানা প্লাজার একটি পোশাক কারখানাতে কাজ করতেন সাবিনা।
d39929f841	18a52	'কফি উইথ করণ এ
d399b8bc72	91ac1	এমন একলা এই পথ
d399f00210	bcaa8	মোড় ঘুরিয়ে দেবে
d399f686ab	91b16	কম কোণে
d399fc43b7	ce775	এই বইয়ের
d39a0e959c	9f25e	গতকাল রাতের জন্য
d39a1eace6	5354e	তবে একই মামলা থেকে
d39a9d191e	2fc12	আর কেউ ভাবুক বা না ভাবুক
d39af19f71	c3cca	ওই স্টেডিয়ামে
d39b4404e6	db181	মাসিক হার
d39b61a7ac	2b883	চাষী নজরুল ইসলামের পরিচালনায় রবীন্দ্রনাথের ছোটগল্প ‘শাস্তি’ অবলম্বনে ২০০৫ সালে নির্মিত হয় চলচ্চিত্র ‘শাস্তি’।
d39b7d62d9	7b60a	একে উড়িয়ে দিয়েছে
d39c7256d9	d2d71	আমরা যেভাবে এগুচ্ছি
d39ccbc358	4c555	ধ্বংসস্তূপের মধ্যে আরও মৃতদেহ রয়েছে
d39cde9c5b	e9759	সংঘর্ষে১১ পুলিশ সদস্য
d39d080994	5dd61	আরেকটি বিষয় ছিল
d39d34d921	ac0df	লাভ করে
d39e2983be	21e54	ফান পিকচার
d39e4de384	f658d	১৬৪ধারায় জবানবন্দি দেন
d39e4fc9f3	0c39f	দেখে যাব
d39e78f489	91230	খুনের কিনারা করতে
d39ed94f9a	cb842	অধিকার তাদের রয়েছে
d3a0173428	ca831	বিনোদন জগত
d3a0546f0b	e55de	নয় লক্ষ ৩০ হাজার ভোটকেন্দ্র তৈরী হবে।
d3a09e565e	1279e	ইঞ্জেকসন নিতেও
d3a15a4029	4bd2c	লালনের চোখে
d3a163e224	12702	আমাদের জন্য ভিক্ষায়
d3a1f3b516	948d3	যাত্রীর সংখ্যাও ছিল একেবারেই কম
d3a219be47	f0f95	একদম মনোযোগ না পাওয়ার
d3a251fb23	7ee9b	এক দরকারি হ্যান্ডবুকেও
d3a2611daf	c5dc8	বর্তমান রাজনৈতিক সংকটে
d3a2a542e1	9fa90	গ্যাস জাতীয় গ্রীডে
d3a2c6215d	baa02	অংশগ্রহণের মাধ্যমে
d3a2d8502a	5cb47	আধখানা গলা কাটা পড়ল
d3a2d9b8da	d0c70	আহারাদি করে
d3a3238ce5	d8c80	বলো ত
d3a33efa87	a43b5	তাই উপন্যাসে
d3a370f4f4	e6d83	ডুবাই
d3a4a5233b	95907	বিকল্পভাবে ফরম্যাট
d3a4fbb52f	06736	এ ধরণের কার্ড নিয়ে
d3a54d3d7f	61820	এটা তারই প্রমাণ
d3a57aa194	256f5	নিয়োগপত্র বুঝে পেয়েছেন
d3a5e4c139	e89bb	তাঁর সরকারি বাসভবন
d3a620e79e	9351a	পদক্ষেপ নিতে হবে
d3a6613cb4	4fd66	হিন্দুপাড়া গুলোতে
d3a69b2656	e8dde	অন্যান্য সকলে
d3a6cf8250	2bd99	এছাড়া টিশার্ট, আতর
d3a704816b	80e98	গল্পটি একটি টেলিফিল্মের
d3a7d2b83e	3ec4d	সেটিতে ইনস্টল না করে
d3a7da107e	9d46f	মেয়েরা করতেছে
d3a82d00f8	da6f0	তোর কুষ্ঠ হোক
d3a8732c6d	ce775	ইন্টিলিজেন্স অফিসার হিসেবে
d3a9d02209	a06a1	বেগুনি, চপ, ছোলা, জিলাপির মত খাবারগুলো তাৎক্ষণিক ভাবে ভেজে দেওয়া হয় ক্রেতাদের।
d3aa161805	a3a6d	সটান দাঁড়িয়ে আছে
d3ab4af9ec	16e96	সে বিষয়ে পুলিশ
d3ac1f2a03	f0f95	সব সুন্দর
d3ac894007	2b883	আসামিদের জিজ্ঞাসাবাদ করা হোক
d3acd33821	7d3e1	এখনকার ভাষায়
d3ad16cc89	b8bba	ঠুংরি ধারার প্রবর্তক
d3ad412dae	28dfc	ভয়াবহ বিস্ফোরণ ঘটল
d3adcf2620	d9ba9	আহত করে
d3ae1cfcdd	c749e	যেখানে ইসলাম ধর্মকে
d3ae947a39	28bb3	এই রায়ের মধ্য দিয়ে
d3af122174	d9817	শান্তি প্রক্রিয়ার মৃত্যু
d3af44e619	ab946	বেশি নজর দিচ্ছে
d3af5b1d54	c8f7f	আকাশে ছিল
d3afd1dcc5	0a87a	ডেক ক্যাডেট মোখলেছুর রহমান
d3affae76f	870e3	সাদা কাপড়ের উপরে
d3b0055f01	e68af	গোল পাননি নেইমার
d3b051f9d6	13b70	ইচ্ছা থাকে
d3b0734239	509f6	গোয়া সরকারের নথি অনুযায়ী
d3b09c3ca2	32b3e	এটি গঠিত হয়
d3b0c8e6d9	860f4	তাদের বক্তব্য শুনে
d3b0f5c016	ec91c	আমরা সাংবাদিকরাও
d3b1cb7ca9	ee994	স্বামীর আদেশ নির্দেশ
d3b1dbb59e	09f0d	হয়ে উঠে দুর্বিসহ
d3b2a8f421	967fd	পার করে দিচ্ছি
d3b2b86789	7c272	নাটোর-রাজশাহী মহাসড়কের ওপর
d3b2bcb6c0	4f2ae	মাতিকে পুরুষ যদি ফিরে যায়
d3b2fc7fea	9d398	দলগুলোর হাতে চলে যা্বে
d3b3aece1d	c3cca	গুরুত্বপৃর্ণ পদক্ষেপ গ্রহণ করেছে
d3b3bf4da8	f1ff2	এমন কোনো গ্যারান্টি
d3b3f08793	4237e	কার দিকে গেলে
d3b4887f18	323f1	অনেকটা আকস্মিকভাবেই তারা
d3b4f77a39	6c6bf	এরপর কি করা হবে
d3b4f90084	2695f	উল্টে রয়েছে
d3b5217e65	4e900	তার চিৎকারে
d3b55c3b4c	7ec1c	অক্সিজেন দেয়া হয়নি
d3b58f916d	a06a1	প্রাপ্তির ভোগান্তি এখন
d3b5e9fa9f	2396d	ফয়েজের ওপর
d3b63fc0d6	932bb	ও অবকাঠামোগত নিরাপত্তা ব্যবস্থাও
d3b715dd02	84145	বাংলাদেশের দৃষ্টি মিয়ানমারের সঙ্গে
d3b733cba9	4f2ae	জাহাজ
d3b791105d	1f733	এই সম্পর্কটা
d3b7c5ee21	d711f	প্রথম জীবনে
d3b800f1ae	9e923	ভারতে গত বছর যত গাড়ি বিক্রি হয়েছে তার মধ্যে শতকরা ২০ ভাগই এই পাঁচটি মডেলের গাড়ি।
d3b95955d6	7ee9b	কার্জন হল
d3ba744250	18a52	দর্শকের চোখে উপভোগ্য
d3ba8f5629	e55de	এখন বরকত নেই
d3baa7940e	767ff	আমরা লিওনেল মেসি
d3bab2b35a	a3a6d	সুখ তখন দেখে কে
d3bad9857a	ce775	বিধিতে বলা হয়
d3bafa394a	91ac1	পাছায় জিগাইরা আঠা লাগাইয়া
d3bb5e1215	ad050	এবং বলতে গেলে
d3bb5e214d	c9c19	আইন শৃঙ্খলা রক্ষাকারী বাহিনীর
d3bb804f74	967fd	ভূমিকা রাখা দুজন
d3bb84395e	f600a	সরকারি কৌঁসুলি
d3bbb8aeff	f143a	দ্বিতীয় হলুদ কার্ড থেকে
d3bbbb2fb1	e2c11	আমাদের জন্য
d3bd1dd4ea	4dd57	উপস্থাপন করেছেন জাহাঙ্গীর রনি
d3bd34ddaf	8ba2b	তার পর্বটি
d3bd502e8b	698ff	সেই মিছিলে আমাদের
d3bd6ec8b5	2d98b	দাদাগিরি গুগলি প্রশ্ন
d3bd93d9cc	6e6fa	জানান দুলাল হোসেন
d3bdb1946f	2396d	বহিরঙ্গের দিক দিয়ে
d3bdcc9029	a1d4a	ভুল প্রমাণ করা গেলে
d3bdddd4cb	880ae	নিযুক্ত করা হয়েছে
d3be166ec5	c1e30	৭৬ রান করেন আফ্রিদি
d3be1bfb65	cfc65	প্রতিষ্ঠাতা কে
d3bedc020a	d2294	গত ১৬ মার্চ অনুষ্ঠিত
d3bef3a9bf	ec91c	মণ্টুর বাড়ি
d3bfafe370	351dd	জসীমউদ্দীন লিখিয়াছেন
d3bfcda211	ba2f6	অন্তত ৬০০টি অনুষদে
d3c00260da	8edea	রবীন্দ্রনাথকে দেখা যাবে
d3c01d8919	cb842	১০ জন হবে
d3c04d2a33	cc9fd	এইগুলা আবার কি কর
d3c061195b	d2355	তার দাড়ি থেকে
d3c0a3aef6	d71a3	এতটাই হয়েছে যে
d3c11748c9	75626	সরকার ওয়াদা দিয়েছিলো
d3c2371a5e	fda1a	বিথী আক্তার জানালেন রানা প্লাজা ধসের পর শ্বশুরবাড়ির মানুষ মুখ ফিরিয়ে নিলেও প্রতিবেশীরা এসে দাঁড়িয়েছিলেন তার পাশে।
d3c24acbce	f4ba7	বিক্রি ভালো হচ্ছে
d3c2e45ee6	2ee04	ফ্লাড লাইট নিভে যায়
d3c43230ab	31f2a	পাবনার জেলা প্রশাসক
d3c4545ad6	80be1	আমার বোধ হইতেছিল
d3c489fa63	9282d	তাহাই করিব
d3c491ced7	4fc91	কাছাকাছি যায়
d3c4c60c9b	57d54	ভয়ংকর গল্প
d3c519a8e2	56508	আর্টক্রিটিকরা তাঁর চিত্রকে
d3c597ac50	9065c	সহকর্মী সাইয়েদা আক্তার
d3c62690e7	ce629	বুজরুকি করেছেন
d3c64e6cb1	13b6a	অস্ট্রেলীয় ডলার
d3c6a70d11	6e6fa	ক্রিকেট বোর্ডও
d3c886fe1d	870e3	ফিরিয়ে দেওয়া হয়েছিল
d3c8d1a2ee	4dd57	আবার ভাল নয়
d3c927fb51	da6f0	ছবিগুলো হলো পূর্ণদৈর্ঘ্য প্রেম কাহিনী
d3c92fb579	2bd99	রাশিয়া আমেরিকার সিদ্ধান্তর সমালোচনা করে বলেছে, এরকম একতরফা পদক্ষেপ নিলে ওই অঞ্চলে সামরিক তৎপরতাই শুধু বাড়বে।
d3c9aff143	f837a	পাঁচজন পুলিশ কর্মীসহ
d3c9d90460	c11b1	বিচিত্র
d3cadf24c4	2c9c5	তাদের পুঁটুলিটি
d3cb84ff07	0c39f	কেউ ডাকে হোজ্জা
d3cbf27965	f837a	রাশিফল নির্ণয়
d3cc3c439f	33aef	ফেলে দিয়ে চলে যায়
d3cc577034	767ff	শেষের কবিতা
d3cc9c19dd	c463d	প্রাপ্ত সোনার পরিমাণ
d3ccb38dbc	b5fdc	নির্ধারণ ক্রিকেটে
d3ccec2e5d	80539	কৃত্রিম খাদ্য উৎপাদনের প্রযুক্তি
d3cd74398e	0a7a0	কমিয়েছে অনেক
d3cd803230	590d0	অমিতাভ একজন মোহগ্রস্থ
d3cdbdfba6	75936	মার্সেলোও চোটের কারণে
d3cdccbdfc	ec91c	মমতা সাফ জানিয়ে দিলেন
d3cdcf0aec	18a52	দুইপক্ষের সমর্থকদের মধ্যে
d3cdd467f2	6d129	বুকের ওপর
d3ce9563b7	95907	বন-বিষ্ণুপুরের নিকটবর্তী
d3ce99cced	76329	দু একটা গাড়ি ভাংচুরে হবেনা
d3cea19794	33814	এটি আর কিছু নয়
d3cea47f40	bd576	না মা
d3cf004549	698a4	বেশ ধারালো
d3cf248068	d711f	গোয়েন্দা গল্প
d3cf9ac593	43199	নেতৃত্বে বেশ কয়েকজন মন্ত্রী
d3cfeea8bd	5b13f	শুধু হাজিরা দিতে এসেছেন
d3d04d5ea2	903fa	এটি অর্থনীতির
d3d1b44f58	9c8dd	সেখানে পড়াশোনাও হচ্ছে
d3d215cc1a	9c8dd	ঢাকার ইতিহাস
d3d232e2a8	577fa	মায়ের লাশ নিয়ে কাঁদতে দেখে
d3d297e4f1	9f25e	বীরাঙ্গনাদের কথা
d3d315b06e	4dd57	একমন্ত্রীর ইন্ধনে পরিবহন সেক্টরে
d3d3d57f8b	ce775	কাজ করছেন দীর্ঘদিন ধরে
d3d3d748f8	f837a	আধুনিকতা পোশাকে থাকে না
d3d3fd4b7d	c11b1	প্রতিবছর বইমেলার সময়
d3d4197ac1	59c73	অন্যদিকে প্রধান দুটি দল
d3d449bef0	b5fdc	মিলি শুরু করেন
d3d4df9831	e9589	প্রস্তাবটি নিজের পপ ক্যারিয়ারে
d3d4eb5234	69449	তারা হীনমন্যতায় ভোগে
d3d4f7e37d	287bd	আমাদের এক বন্ধু
d3d4fd54dd	31f2a	হেঁটে যেতে যেতে
d3d5b527e1	cb627	বাদাম
d3d5bc0954	2c9c5	গ্রহ
d3d5e02b0a	b52ab	গান গাওয়ার পাশা পাশি
d3d61bc443	ff0fe	বিএনপি
d3d719d063	3f875	ভালবাসার এসএমএস
d3d75d8695	f1ff2	যোগ দেন আনিসুর রহমান
d3d78d703a	c41d8	শেল্টার নিয়েছেন মা
d3d7c8a68f	2fc12	শ্বেতজাতি সমাজে পরিবারবিধির
d3d8523959	3f493	প্রবাদ, প্রবচন, মন্ত্র ইত্যাদি
d3d8a8584d	d2355	অক্টোবর ৭
d3d8c25bae	93bf3	ঢাকা-আরিচা মহাসড়কে
d3d902385a	520fb	পলাশ, রিন্টুসহ
d3d9107dbc	64092	ভ্লাদিমির পুতিনের
d3d9d11f06	11915	সেদিন থেকে
d3da1c7747	9f25e	ফোন করে
d3da82bc9b	80505	পায়ের গোড়ালিকে
d3da8e2f8d	d71a3	আমার আইনসঙ্গত পাওনা পদবি ব্যবহারে
d3dabc8a48	52f27	থার্ড ওয়ার্ল্ডের
d3dac67a4c	b618b	অস্ট্রেলিয়ান ওপেন হল
d3db011ea7	f2780	তিনি ওই প্রতিষ্ঠান থেকে
d3db47e03d	7297e	গণমাধ্যমের গাড়ি ও অ্যাম্বুলেন্স
d3dbe665a8	a1d4a	প্রায় ১৭৫ হাজার
d3dc016828	23b22	তার সহজাত প্রবৃত্তির কারণেই
d3dc1c7172	3faff	শুধু ফুল ফল!
d3dc3f187c	c5479	অবশেষে সত্যি প্রমাণিত হল
d3dc91228a	4ea73	কাটা কাপড় ও তৈরি পোশাক
d3dccb7789	15a75	এত সুন্দর নাম যার
d3dce036c9	11bd2	গলিটা ধরে
d3dd343bb8	1f974	সুন্দর সুন্দর পোশাক পরা
d3dd76d391	18460	গ্রহাণুর গতিপথ তিনি বলছেন
d3deb5eced	ce180	বাকীরা শুয়েই পানি পান করে
d3dec95298	520fb	দায়িত্ব পালন করেন উপ-উপাচার্য
d3df40dad9	7ee9b	মিলন ঘটাতে চেয়েছিলেন
d3df954556	0b7ca	তাদের ঘরে
d3e0408ca3	9092b	তিনি আদালতের মাধ্যমে
d3e0436ffd	4237e	এই প্রস্তাব প্রত্যাখ্যান করেছে
d3e08c9df8	47e8d	কংগ্রেস
d3e0c4e754	d2faf	তার চ্যানেলের জনপ্রিয়তা
d3e0cd8a91	cd3ac	জুতা জোড়াটি
d3e0f58bdd	c2082	ফলে সেটি
d3e104db25	72649	বড় ছেলের অকাল মৃত্যুকে
d3e1164c92	ce775	আমার মার একটা পা
d3e187be6a	b8bdd	জাতীয় দলের
d3e2ffb47f	2396d	একটি বহুজাতিক ক্রিকেট টুর্নামেন্ট হলো
d3e30630ff	d2d71	শবে বরাতের পর থেকেই
d3e30e5eac	3f493	অবশ্য রাজীব হত্যাকাণ্ডে
d3e3b51b9b	ad050	সৌর প্যানেল বসানো নিয়ে
d3e3e9cc9a	9d398	পতাকা নিয়ে মাঠে যান
d3e40abdaa	d9b11	অবজেক্টিভ সি একটি রিফ্লেকটিভ
d3e41fb29c	fda1a	এর আগে আওয়ামীলীগের
d3e4b2836c	93d3b	কূটনৈতিক, অর্থনৈতিক
d3e528d006	05901	তাদের প্রথম তিন ব্যাটসম্যান শারজিল খান, আহমেদ শেহজাদ, এবং মোহাম্মদ হাফিজ মাত্র ১৮ রানের মধ্যে আউট হয়ে যান।
d3e55d3a61	491a5	প্রেমের চিঠি
d3e56b437d	4bede	ভরণ-পোষণ চালাতে
d3e5a7b9bb	4e900	অতিক্রম করতে পারেনি
d3e5c614fc	3fc9d	শনিবার দুপুরে নগরীর
d3e5cb38ed	e03ce	কোন্যান ডয়েল তেমন তৃপ্তি পাননি
d3e5eac336	31f2a	সব কিছুর ওপর
d3e60ccf6f	66b3c	বিজ্ঞাপনে নারীকে পণ্য হিসেবে
d3e6cce0d1	0606d	কিন্তু সে সুযোগ
d3e6e66d7e	7b900	যন্ত্রপাতি ব্যবহার করে
d3e6ec269e	24aed	কুটীল লিপি থেকে
d3e7373043	db735	পুরো নাম শামীমুন নাহার লিপি
d3e73fd07b	b8fe1	অবাধ নিরপেক্ষ নির্বাচনের ব্যাপারটা
d3e78265db	38ff0	সাধারণ শিক্ষার্থীদের মধ্যে
d3e7959fb3	10a9f	পাশাপাশি কোস্টগার্ড সদস্যরা
d3e7dcc801	153c9	ইসলামী
d3e87430d9	06527	এযাবত কালের সর্ব শ্রেষ্ঠ
d3e8888ecd	92bd8	ফ্রাঁসের মাছির মতো
d3e8b500ab	ff1c3	একাডেমীর সেমিনার কক্ষ
d3e94cf714	c8f7f	নিরাপত্তার কোন বিকল্প নেই
d3e94ea533	7f2ef	তরুণ-তরুণীর ভূমিকায়
d3e952bf73	91223	সমুজ্জ্বল সব অলিন্দে
d3e95788fd	0895a	গ্রাস কোর্টে অনুষ্ঠিত হলেও
d3e9d69e28	8ba2b	লঞ্চ ছাড়ার সময় জানিয়েছিলেন
d3eab35f87	c9c19	যে কারণে
d3eabce241	f83df	ওঁরা একসঙ্গে, এক মেয়ের
d3eaf74d9d	66b3c	শহরে ফিরিয়ে আনতে
d3eb02f476	66c6b	বনানী
d3edca018c	590d0	এতে দেহ ও মন
d3eddd97af	bdd05	একের পর এক ঘটনায়
d3ee4ebc9d	f7a7f	দেলোয়ার শিকদার নামে
d3ee7f9dfd	72649	আমাদের মনে হয়
d3eefc6751	dafb6	আমি আপনার কাছে ধার নিলাম
d3efa19d5b	eb179	অপহরণের পর
d3f02c8b60	da6f0	ছোটগল্প ‘কাবুলিওয়ালা’ অবলম্বনে
d3f11b824d	fda1a	দেলোয়ার হোসেন সাঈদীর ওয়াজ
d3f1a3b223	4c1eb	তুই পারবি
d3f27732fa	1652d	দৃষ্টিনন্দন স্থাপনা
d3f281b2f9	95907	চার ব্যক্তিকে গ্রেপ্তার করে
d3f29362b4	38d3a	বাংলাদেশি মানবাধিকার সংস্থাগুলোকে
d3f2e23f5e	1b359	ও নির্বাহী সদস্য
d3f395ff20	69d9a	গেমস ডাউনলোড
d3f3a92453	83c53	আমরা তাদের বিরোধীতার বিরুদ্ধে
d3f3c9549b	bdd05	টেলিটকের চারটি থ্রিজি
d3f3f698b3	ac0df	কাতারের ভিসা চেক
d3f3fbbc3d	60f77	এসময় পুলিশের উপস্থিতি টের পেয়ে
d3f4633736	d9ba9	পাকিস্তানি আমলের এক বড় বাস্তবতা
d3f4b14d0d	c463d	অর্থাভাবে স্কুলে পড়িতে পারিত না
d3f50cb5e5	d2faf	যদি প্রেম হতো
d3f5c45ecb	6aac8	এই দুইভাবে পাওয়া যায়
d3f607d6ef	52578	যখন আমরা বিষ্ণুপুরাণকে
d3f6443247	53396	মুখোমুখি তর্কও করতেন
d3f6551695	05901	ওরা যে-ফুল তুলতে চেয়েছে
d3f667d6b3	9092b	আননে বিকাশ
d3f68f068b	1652d	বাড়ি থেকে বেরিয়ে
d3f716f1f3	d7a68	গানডোট্রা কাজ করেছেন
d3f72b8617	ee7b2	আরও কমে ৯২টি হওয়ার
d3f72c9733	f280a	আরাম-আয়েশের ছবি দিলে
d3f74f9b1f	5354e	ইন্ডিয়ান নায়িকা
d3f8033a99	ca088	দেশটির স্বাস্থ্য মন্ত্রণালয় বলছে, নিহতদের বেশিরভাগই কায়রোয় মারা গেছে।
d3f83f23ac	cb1aa	এ ব্যাপারে অংশগ্রহণকারীদের
d3f842bf14	c11b1	টুকটাক অভিনয় করেছেন তিনি
d3f87cc8fd	d82d9	হিসেবে চিহ্নিত
d3f90b41df	05901	একরামুল হক একরাম
d3f943378a	7f2ef	আমি কিনেছিলাম
d3f94b33cc	91ac1	কমিশনারের কার্যালয়ে আসছিলেন
d3f95677c4	d7a68	মা, তুমি কখনো
d3f9914d66	25117	গোলাম কবির ও শামসুজ্জামান
d3f99f6311	5dec6	এক ধরনের নিরাসক্ত আভিজাত্য
d3f9ce281e	d136b	মাঝে অকল্পনীয় পরিমাণ
d3f9dbc2fe	cc9fd	ডায়রিয়া
d3fa213ad9	18460	স্নোবোর্ডিঙের ব্যবস্থা আছে
d3fa264cf1	16877	ব্যান্ড মিউজিকের
d3facec9b4	d5f7b	সামরিক শক্তি বাড়ানোর
d3fb051f8e	7e1d5	মৃত্যু ৫ সেপ্টেম্বর, ১৮৯৮
d3fb16cb02	967fd	ভালো
d3fbabd11b	2909b	সরবরাহ করে
d3fc213b0b	8b859	তাঁহাদিগকে বুঝাইবার জন্য
d3fc3087cf	93d3b	প্রায় এক লক্ষ ৩৫ হাজার সদস্যের মধ্যে
d3fc990773	cb1aa	মর্যাদা দেওয়া হয়
d3fce2a7dd	b00ba	আকরাম খান
d3fd2f9c46	1f733	কলকাতা বাংলা মুভি
d3fd7741bf	bf530	নানা রচয়িতা নানা দিকে
d3fd90b131	256f5	এ তথ্য
d3feae47d8	e6e48	সেগুলির সর্বোত্তম ব্যবহার
d3febfef8d	9282d	আলোচনায় আগ্রহ থাকে না
d3fecdde25	46da4	প্রেরণ করেছে
d3ff67ae25	44322	গলির মোড়ে
d3ffb3c655	e55de	এই প্রথম
