dc00120bdb	dae88	কুতকুত খেলার বয়সী
dc001b6806	db735	আল-কায়েদার সঙ্গে জড়িত
dc00230dab	e8dde	তুই তাহলে বুঝতে পারছিস,মোহন
dc00355a5b	dae88	তাদের কে সুযোগ দিচ্ছি
dc00a25c80	ac904	পড়ে থাকতে দেখেন
dc0158b264	1de6c	সুদান
dc0158e151	321b6	ভরসা কেবল পতিতপাবন
dc018c17e8	65652	ধাওয়া করে
dc019b834c	37d7e	স্থানীয় লোকজন সড়কে জড়ো হয়ে
dc030f6e3e	274ee	এই নীতি কার্যকর করা হয়েছে
dc038172d6	f7a7f	গল্প,উপন্যাস, চিত্রনাট্য, রাজনৈতিক প্রবন্ধ
dc04172f82	ee852	এরপর শুরু হল
dc0441975e	18460	তিনি নারীদের মতো
dc049823b3	32b3e	আশরাফের ভূয়সী প্রশংসা করেন
dc04a97bef	fdcba	সিগারেটের কটু গন্ধ এসে লাগছে
dc04c935aa	2396d	৭৫ রানের অবিচ্ছিন্ন জুটি গড়ে
dc055bbe5c	75f18	কোন প্রাকৃতিক বা কৃত্রিম উপগ্রহের
dc057ca907	0c39f	শব্দ নীড়
dc05ea7822	77f82	এই বিক্ষোভের মুখেই
dc05efd2ec	16877	প্রোফাইল পিকচার
dc060e0477	d9ba9	শেষ হয় ৩১শে মার্চ
dc0615e10a	69449	এই শরণার্থীদের বিষয়টি
dc0619afa8	153c9	২০১১ সালের ফেব্রুয়ারিতে
dc062873db	75f18	ইসলামী আইনের অনুসরণ করা হয়
dc069190ba	11de3	রাস্তায় কতদূর হাঁটিয়া দেখি
dc06e44b3a	ac0df	স্ত্রীর হাতে
dc07de82fc	194f5	ডাঙায় রয়েল বেঙ্গল টাইগার
dc08b2b422	efc0d	৭০ পয়েন্ট নিয়ে
dc08bee83a	eaa7a	মূর্খের মতো
dc08e6af55	80505	পাঠ করা হয়
dc0900706a	1b359	৮০ হাজার টাকা ব্যয়ে
dc0925ebe7	fcefa	মার্ক্সবাদী অর্থনীতি সাধারণত
dc096df6b7	21e54	সিনিয়র সাব স্টেশন ইঞ্জিনিয়ার
dc09734fae	1f974	এরশাদ শিকদার
dc0980b4bc	acb88	নানা নামে নানা মতে
dc099c6730	6dff5	যাহা এরূপ দুষ্প্রাপ্য
dc0a618ef9	4a918	১ দশমিক শূন্য ২ শতাংশ
dc0a8b647a	52578	অনুকূলচন্দ্র ঠাকুর
dc0b02b5bf	4c1eb	খুলনার পাখি বেগম
dc0b059964	6e8cb	বৈঠকে দেশের রাজনৈতিক পরিস্থিতি নিয়ে
dc0b809c36	29089	তার কাছে কোনো ঝামেলাই
dc0b8b6320	11915	জীবন প্রায় কাটিয়া গিয়াছে
dc0c2c5e71	274ee	বেদ ঈশ্বর-প্রণীত, ঈশ্বর সর্ব্বজ্ঞ
dc0c4d25c8	85430	উত্তরাধিকার পাবার যোগ্য হয়
dc0c5e5403	4237e	কী বিবশ করা এই উত্তেজনা
dc0c720cec	fd880	দেশের অনেক শিক্ষাপ্রতিষ্ঠানে
dc0d561671	ea8fa	যে শারীরিক পরীক্ষা হয়
dc0e4513bc	976b1	সমাবেশের উদ্দেশ্যে
dc0e5c3362	c173f	হানিফ বাস সার্ভিস
dc0e5c4e5a	86b1b	আন্তর্জাতিক অলিম্পিক কমিটির
dc0e8cc57b	4164f	বারবার ঘুরপাক খায়
dc0eb08309	68ab7	ভদ্রলোকের বৃত্তান্ত
dc0edc7307	c0965	মেজাজের পারা চড়ছে
dc0f33a853	1b359	স্পেনের পতাকা
dc0f6028f5	b2a62	করার পর
dc0fe5474d	4c555	মর্ম বুঝতে ও জানতে সহায়ক হবে
dc105c68c9	f89d7	অর্শ
dc1070146a	03284	রোমিওর কোমর
dc10ff8445	693cb	সন্ধে হলে
dc1124ad86	e9759	ভাই আমার
dc1186586d	6aac8	কলকাতা ব্লগ
dc11eafb18	eaa7a	বিছানায় বসে বলেন
dc121ea983	cd3ac	সুট-টাই পরে
dc127783e2	f9dfb	লক্ষ্যে পৌঁছে যায়
dc1344f768	351dd	দেশটির সংকট নিরসনে
dc147f4313	91b16	এটাই হবে কোনো নভোচারীকে নিয়ে
dc14a49bf8	8edea	নিহত হন
dc151bc810	22096	শুধুমাত্র তাকলোবান শহরেই
dc161007ea	ac904	তাদের পণ্য ও সেবা প্রদর্শন করবে
dc1621b368	943de	এই ছবি নিয়ে
dc1630faac	d8c80	অটোরিকশাটি নিয়ে গেছে
dc163cab86	cf82a	রুপা
dc1666ec1d	5e80b	গরমে শিশুর যত্ন
dc16a1dbc0	3d17c	দ্রুত বাড়া উচিত
dc16d30cc6	0606d	বড় বড় গোঁফ
dc172e8952	d71a3	আটকের চেষ্টা করছে পুলিশ
dc175b4c64	4bede	আছে কি
dc1791d1a6	870e3	অরবিন্দ লন্ডনের
dc179ce68d	7b132	সাইকেল
dc17cb41a6	4ea73	স্থায়ী হয়নি
dc185aa8d0	fcc89	একের পর এক উপন্যাস
dc1862689c	f2097	এবড়ো থেবড়ো
dc19dfc6c0	1c618	সেন্ট মার্টিনসেও
dc1a08a95a	ced74	আমার বমি আসে
dc1a28f3d7	b52ab	এসব কথা বলেন
dc1a5ebba5	256f5	‘উদ্বোধনী ভাষণ’ পাঠ করেন
dc1a952718	16a17	বাংলাদেশের ১৮-দলীয় বিরোধীজোটের ডাকে সারাদেশে চলছে ৩৬ ঘন্টার হরতালে।
dc1abef228	c11b1	আমার ছেলেমেয়েরা
dc1b6796dd	f7a7f	নারীর প্রতি পুরুষের করুণা
dc1b6ba797	91b16	গরমডুবো তেলেমাঝারি আঁচেভাজুন
dc1baf4db6	66c6b	একটি পূর্ণ প্রতিযোগিতামূলক বাজারে
dc1c0ca8bd	65652	তাদের নিজের ঘরে উপস্থিত
dc1c0f2405	7b900	রামরাজত্বে সরকারি রামদাস
dc1c313638	c3cca	জনপ্রিয় নায়ক
dc1cf38eb7	84145	বিপদ অবশ্যম্ভাবী
dc1dbfb73f	cfc65	চিরবিদায় নেন
dc1e8e3c70	351dd	যান চলাচল বন্ধ হয়ে যায়
dc1ed86272	4c555	লঙ্ঘন অব্যাহত থাকবে
dc1ef6ace6	72649	তখন সেখানে কেউ নেই
dc1ef867fb	4c1eb	অপর দুই অভিযুক্ত
dc1f07b5dd	d2355	সেখানে গেলে
dc1f0f054e	17ca1	বেশ রাগ
dc1f5f3039	80e98	হত্যা ও বিস্ফোরক আইনে
dc2044a6a1	75936	শুধুই একজন কবি
dc2046000c	a3a6d	স্লোগান দিতে দিতে
dc20997003	98b81	আওয়ামী লীগ সরকার
dc20d63e8d	60b9d	কি ৩/৪ হাজার শ্রমিকের
dc21073417	dba43	আস্তরণ থাকে
dc2122071f	0b7ca	ডায়নোসর খোঁজার জন্য
dc212e2073	7027a	কোন তাড়না থেকে
dc214cb7a3	7351e	বাংলাদেশ ব্যাংক তা
dc21752b04	fda1a	ছয়টি উইকেট নেন
dc2199d342	9813c	ফরিদপুরের নবাব এস্টেটে
dc21dce327	91b16	জানতাম না তো
dc22a78ff6	8c07c	আমার মা মনে করতেন
dc230dfa98	53396	সেই ধরনের
dc233ad76e	ee852	চীনের অবাধ প্রবেশের
dc236cb786	a06a1	সিনিয়ার থেকে শুরু করে
dc243c702b	32998	ওই ঘটনার পর
dc244728ee	ee886	দেশের বিভিন্ন জায়গা থেকে
dc247a54cf	d9081	কিছু না কিছু উপহার সামগ্রী
dc247d296c	4c555	পরে অঙ্ক অংশটা
dc249ba2b0	e2c11	নিজের আত্মসম্মান এবং আত্মবিশ্বাস নিয়ে
dc252871c7	b9a81	চেঁচিয়ে জিজ্ঞেস করি
dc252f8135	b52ab	নাটকটি প্রসঙ্গে নাদিয়া
dc25918dde	cf82a	গতকালও এই সময়
dc25aeaf5e	0d4cb	সকাল সাড়ে ৮টার মধ্যে
dc261c4d42	0a87a	একজন কুলীন হিন্দু-সন্তান
dc262d474c	9b864	গিয়ে দেখে, মামুন নেই
dc26383c67	7ec1c	সব কিছুকে মুগ্ধতার চোখ দিয়ে দেখা
dc2652dacf	239f7	প্রতিষ্ঠানের দপ্তর ছিল
dc266254f6	bdd05	শেষ হয়েছে
dc26826f5c	ee852	তাদের গ্রেপ্তার করে
dc27026f4a	75f18	নতুন সব রং
dc2733e8b1	18a52	গোস্ত খাবে
dc27a42b69	43b04	১৯৭০-১৯৭৫ সালে
dc27bbce62	49d63	অন্তত ১৫ অটোরিকশা শ্রমিককে
dc280357c7	e68af	৬-১ ও ৬-১ গেমে হারিয়েছেন
dc286616c0	d9ba9	৩৫ বছর করা হলে
dc28ff2bb6	93bf3	ভূমি জরিপের প্রয়োজনীয়তার কথা
dc2918dd24	f7a7f	সুপ্রিমকোর্ট বারের সভাপতি
dc291d4897	93bf3	প্রথম আলোর সম্পাদক
dc29980301	e68af	তা নির্ধারিত হয়ে যাবে
dc2a357df1	cb842	দশমিকে প্রকাশ
dc2a9a6258	f2780	একজন কর্মকর্তা জানিয়েছেন
dc2ac3e957	c1e30	আহত করা হয়েছিল
dc2ae11d47	ca088	এ আইনে
dc2b278cd6	15a75	বি-ক্যাশের মাধ্যমে
dc2b7f5a6d	c11b1	ইতালির বিখ্যাত গবেষক
dc2beab431	bdd05	তবু চেষ্টা যথাসম্ভব
dc2c864cba	86b1b	জাতীয়তাবাদী আন্দোলন
dc2d68fd5e	31f09	দোলনায় শুয়ে
dc2d955e2b	ff1c3	তাঁরা বাংলা ভাষায়
dc2dc553f1	84145	তা বলা যাচ্ছেনা
dc2f06c2ed	91dff	যোগান, চাহিদা ও বাজারের
dc2f97e339	2ecf8	চোরাবালি বাংলাদেশ
dc2fd0382b	16e96	সুখবর পান তিনি
dc309fbd45	e31e7	সাংবাদিকতায় বর্ণময় অভিজ্ঞতা রয়েছে
dc30b2d149	17dcd	অবশ্য কখন কখন স্ত্রীলোক
dc30c6fb92	d2355	দেশের রাজনীতির ময়দান
dc310f980f	29f8c	গত ৬ ফেব্রুয়ারি
dc315aef56	b8ed8	পুকুরের কচুরিপানা সরিয়ে
dc31a414d5	7ec1c	তিনি বেরিয়ে যেতে দেখেছেন
dc3293b436	f600a	এ বিষয়ের সঙ্গে
dc32ac264e	cc18a	আগামী এক বছরের মধ্যেই
dc32b15ed4	75936	মুখ্যমন্ত্রী ক্রুদ্ধ হয়ে ওঠেন
dc32e59e70	e43d4	২৫ জনকে
dc33252006	ad050	অবলম্বন করেছে
dc332691bc	52f27	আমার মনে হতো
dc335e7a4f	7b900	নববর্ষ পালনের জন্য
dc336577a4	a4750	প্রধান বন্দরগুলির মধ্যে
dc336810d2	1652d	ঘরে ফিরে যাবে
dc33d79385	9d46f	আর একটু বেশি
dc344b9f8a	9282d	দুই দেশের মধ্যে
dc34845b9b	0c39f	আমি আমার শঙ্কার কথা
dc3515fa53	f2097	শনিবার মধুখালীথানায়
dc357766db	56508	ল্যাবরেটরি পরীক্ষা দরকার
dc35ae37b4	1f733	এমপি নির্বাচন কমিশন
dc36ad3514	e7230	ফুলের পিকচার
dc36efde1b	0f047	তা নীতিমালায় বলা হোক
dc377a7551	79b06	বৈজ্ঞানিক কল্পকাহিনী
dc3794805f	1a2a1	ইতিমধ্যে ঠাকুরের
dc37d97690	91dff	হঠাৎ ঘুরিবার সময়
dc38095c14	dae88	ছাই বিক্রি করেন
dc382e655a	6ee5f	সাতক্ষীরা কালিগঞ্জ সড়কে
dc384d7295	28bb3	ইরানের ফুটবল নিয়ন্ত্রক সংস্থাটি
dc38746d2e	1a2a1	সংখ্যাগরিষ্ঠ হয়েও
dc3937d960	14816	ঢাকা ও বিভিন্ন জেলায়
dc3968a7f5	5dd61	ভারতের অসম সরকারের
dc39845b53	420df	এই সংঘর্ষে অন্তত
dc399076e0	3f493	অখণ্ড এই অবসরে
dc3a2e51c6	1cb75	শেষ হয় পৌণে একটার দিকে
dc3a339986	13b70	নরসিংদী জেলা দল
dc3ac8420a	ac904	সত্যি আমরা জানি না
dc3b5aff51	5dd61	রাত্রিতে নিশাচরের বল বাড়ে
dc3ba33ca3	e68af	গার্সিয়া মার্কেস সম্পর্কে সালমান রুশদি
dc3bb41992	29089	গণতান্ত্রিক রাষ্ট্র
dc3c4c9577	bcaa8	বড় ধরণের
dc3c75a4f0	32998	উপস্থিত হয়ে
dc3da538cb	b9b98	যাতে তারা
dc3e24c32e	1c618	তিনি সেটা না করে
dc3ed4a2e2	54e68	ব্যবস্থা করিয়াছিলেন
dc3f10c993	6d129	মনোবিদ্যা
dc3f873e73	80e98	নির্গমনকে বলা হয় অগ্ন্যুতপাত
dc3f93d31f	351dd	না থাকায়
dc3fbdb2d1	7ee9b	অদ্বৈতবাদকে উদ্দেশ্য ও বিধেয়র
dc408b740a	442b7	যৌনতার তিলমাত্র কিছু নেই
dc4093a8b3	52578	পশু
dc40ce7a4a	06e62	কেবলমাত্র ঢাকা-সিঙ্গাপুর এবং ঢাকা-জেদ্দাহ রুট দুটিতে বিমান লাভ করছে।
dc40f4c5c3	7f2ef	এখন কি কর্তব্য
dc412f3f25	6d129	ঘন হয়ে আসে
dc4181a130	0d8c1	তাদের অবস্থানের কোনো পরিবর্তন হয়নি
dc41a5af0f	943de	এগিয়ে চলা আলোকিত বাংলাদেশকে
dc420ae97e	ca088	বলছিলেন নোমান রবিন
dc42134fb4	0f047	পোলোনিয়ামের নমুনা পাওয়ার কথা
dc42761710	404ee	কোরআন শিক্ষা
dc4287a363	5b13f	পূর্বদিনের যুদ্ধে
dc42b9d35a	5d12f	বামন্দি ইউপির কিছু অংশ
dc43bad299	967fd	বিচারের পক্ষের মানুষের
dc43f8e145	5d80e	বেশীরভাগ কৃষক
dc44163649	91223	এক কেজি পাঁচ গ্রাম ওজনের
dc445d2ccf	e6e48	বাড়তি এনার্জি টেনে নেয়
dc44ccd13d	b52ab	প্রযুক্তি বিশ্ববিদ্যালয় থেকে
dc44fb772e	42898	অর্থনীতি আরো চাপের মধ্যে পড়বে
dc45364490	860f4	যেন এসব দৃশ্য
dc456ff01c	cb1aa	আদর করিতেন
dc4620a505	29bab	সুস্থ হয়ে
dc4664f81e	c0965	ফারুক মেহেদী সহযোগিতা করেছেন
dc468cd50c	6aac8	টাকার দাম কখনও
dc4690ca3d	eaa7a	এক ছেড়া আইয়া
dc46ea9ca4	ee994	ভারতের মানচিত্র
dc4727a45b	59c73	তার নিজের লেখাগুলো
dc478353ea	9f25e	এম শামসুল ইসলাম
dc481e3188	2f547	জাতীয় গার্মেন্টস শ্রমিক জোট বাংলাদেশ
dc4835969f	11de3	সন্তোষজনক থাকায়
dc48443e13	f658d	তাকে ঘিরে
dc484e95bc	9f25e	রক্তমাংসের একটি ছেলে জন্মায় মা’র
dc4853e881	5b13f	বামাল ধরা পড়ে যাবার ভয়ে
dc48732e1f	9813c	সেলফি
dc488e17a0	8c120	কাজ করার সুযোগ করে দিয়েছিলেন
dc48c9cbd8	e2c11	এরকম সামরিক উত্তেজনার
dc492a0b74	75936	পরিবেশ রক্ষার জন্য
dc492a8595	c7a89	এঁরা তোমাদের
dc49824733	e7230	লোক
dc4998a248	4ea73	অপেক্ষা করতে হবে তাঁকে
dc49a55f88	dec2d	নজরুল আস্তিক হলেও
dc49d6a47f	1e7c7	প্রস্তুত হতে
dc4a4e45fe	536d9	চিনি ২৫০ গ্রাম
dc4a6291e4	239f7	তিনি র‍্যাবের বিলুপ্তি
dc4a9cc53c	b8bf0	জাতীয় সঙ্গীত পরিবেশন শেষে
dc4ac48768	ad98d	নারীর কাজ
dc4b8adf86	32998	তিনি বেশ বকুনি খেয়েছেন
dc4bbe6a04	5354e	পুলিশ ফায়ার করে
dc4c8421bd	77f82	বিবিসি জানিয়েছে
dc4d07d949	b8bdd	২০০১ সালে মুক্তিপ্রাপ্ত
dc4e775647	f2097	কিছুক্ষণ শুনে
dc4fd893a9	b8bf0	বিপর্যয়কর হয়ে আছে
dc505e32a8	52f27	শুরু হল
dc505f13b4	23b22	ভূয়া
dc506e5890	086dd	একটা লম্বা খাতা রাখিয়া
dc50a7f1ad	ee852	কার কাছে কী পরিমাণ
dc512fbb76	73629	সেখানে চলে আসবে
dc51ef8b3d	b9a81	দেখা যেতে পারে
dc52937d49	7ed14	১০টি গ্রামের
dc52b448d1	7027a	মাস্টার
dc52c6dac0	767ff	অস্ত্রগুলিতে নতুন
dc52ee7313	f2b7d	জিপি অফার
dc52f593c9	351dd	মালয়েশিয়া কর্তৃপক্ষ
dc5313157f	56508	নজরুল ইসলাম জানান
dc53337640	0895a	এটা কি বলা যায়
dc53c2b31e	17dcd	দক্ষতা তারা প্রমাণ করেছে
dc53d50197	dae88	অনুষ্ঠানে ১৯ মার্চ সশস্ত্র সংগ্রামে
dc541c1fa7	ced74	এসময় ডেভিড বার্গম্যানের আইনজীবী
dc541eaea8	31f09	আর রূপগঞ্জের জামদানি
dc545ecef9	6ee5f	রোববার মানিকগঞ্জ জেলা দলকে
dc5469590b	4fd66	যেখানে একজন তার
dc54a214ec	18a52	বিপরীতে দেখানো হয়
dc54cf212e	2fe3c	এক ঝুড়ি আপেল
dc54dc805c	92bb2	কলসি কাঁখে পুকুরে যাবে
dc54f0834b	68ab7	কেন্দ্র গুলোতে সকালের দিকে ভোটার উপস্থিতি কম থাকলেও বেলা বাড়লে ভোটার উপস্থিতি বাড়তে থাকে।
dc55480e3f	95f83	সিদ্ধান্ত নিতে পেরেছেন
dc55685fc5	4f450	অবাধ, নিরপেক্ষ নির্বাচন
dc55b3743d	e9759	অনেক সময় ডেমো
dc55cd92a4	d1a48	অন্যভাবে বলা যায়
dc5683ae45	ca088	শৈশবচিত্তে রূপকথার আনন্দ সঞ্চারে
dc56c1fdd1	cf82a	সেটা বিলি করবেন
dc56f93db6	8a46d	সেল্তা ভিগোর জালে
dc571f4180	46d49	কর্মকাণ্ডের সঙ্গে জড়িত
dc57708dec	a4750	এবং অপরটি মিথ্যা হয়
dc579f9af1	5cb47	সেখান থেকে বাগেরহাট হয়ে
dc57de2b9f	a4750	টিঅ্যান্ডটি কলোনি
dc5818931c	d711f	অনেক দিন ধরেই তানজানিয়া ছিল ইদি আমিনের বিরোধীদের একটি ঘাঁটি।
dc5844f195	ee7b2	তা নিয়ে বিতর্ক
dc58821b6e	e03fc	দীর্ঘতম লড়াই
dc589ec03b	23291	এবং তারপর
dc599f11da	9d46f	গবেষণার পর
dc5a19e513	6dff5	১৯৮৭ সাল পর্যন্ত
dc5a25b5f5	4c1eb	নিত্যদিনের অভিজ্ঞতা
dc5a5bd42e	c173f	খোলা রাখা হয়েছে
dc5ae44b72	870e3	ওরাল
dc5b558231	9c8dd	যখন উচ্চতর আদালতে
dc5bbc1e5a	77f82	সরকারী দল চাইছে
dc5be95ca2	1652d	সিংহখালী
dc5bf47b27	73629	বেইন বোনা
dc5c2f4f73	1de6c	ভারতের অন্যতম ব্যবসা প্রতিষ্ঠান
dc5c929ebc	ee886	আলিঙ্গন করুন
dc5d1a066a	12702	পূর্ণাঙ্গ কেন্দ্রীয় কমিটি
dc5d843e5d	03284	নজরুল নিজেই তো অগ্নিবীণা
dc5e0ca890	29d44	অবস্থান প্রথম জানতে পেরেছিলেন
dc5fb767fa	9f25e	তালই সাবরে এখন ধইরা ধইরা
dc600c9d1d	bc81e	তখন কিন্তু আমি বলব বিকল্প
dc600ff3af	ec91c	হাইকোর্টের নির্দেশে
dc6013d641	9092b	দানোৎসব শুরু হচ্ছে
dc608c16ee	b52ab	মিছিল থেকে
dc60d4e705	32b3e	ফিরিয়ে দিয়ে
dc61103876	491a5	তাঁর অন্তিমপর্বের কবিতায়
dc61914436	ee994	তিব্বতি বৌদ্ধ ধর্মানুসারে
dc61c70dda	88654	পালিয়ে যাওয়ার সময়
dc62087f32	3ec4d	সব্বাইকে প্রস্তুত হতে হবে
dc642e7452	61820	প্রতিষ্ঠানটির ব্যাংক একাউন্ট থেকে
dc645b885d	39293	দাউদকে পেরেশানিতে ফেলে দেয়
dc64b516c6	7297e	মোহাম্মদ আলী
dc64f26187	c8f7f	এর শিঙ পাচার করা হচ্ছে
dc6544c581	21e54	আপনেরে খালা কমু না ত কি
dc659e2ccb	93d3b	সমঝোতা বৈঠকে বসেন
dc65f6dc15	b8ed8	মিস ওয়ার্ল্ড সুন্দরী প্রতিযোগিতা
dc66322b64	91dff	ধ্বংস হয়
dc6698c8af	8406e	এতো কিছুর মধ্যেও
dc669e8532	6aac8	ক্রিকেট দর্শনের কথা
dc66caf5a4	1a4a9	সকালে উঠে
dc671efedc	fb4cb	থাকিবার কথাও নয়
dc675b0b76	ee7b2	ঘুরে আসি
dc67e2d511	7898e	তাঁর আগে-পিছে, সুখে-দুঃখে
dc683c4219	f2b7d	অন্য নেতারা
dc689946bd	7351e	বাঙালি মুসলমানের সামাজিক ইতিহাস
dc6921ec04	37d7e	একটা চরকা লইয়া
dc69c34076	4f450	মুখ ঘষল
dc69cb8edf	72649	সুসংহত হয়ে ওঠে
dc6a16de80	239f7	ভূমি সমস্যার সমাধান বিলম্বিত হওয়ার কারণে প্রত্যাশিত উন্নয়নও ব্যাহত হচ্ছে।
dc6a3657e8	698ff	প্রতিদিন বাসে উত্তরা থেকে
dc6b459346	a274b	বাংলার সুন্দরবন
dc6b8098b5	577fa	ভাঙচুর করে অবরোধকারীরা
dc6bc0c497	c4973	সেই সময়ে শিশুপাল অনেক যাদবকে
dc6bd415ed	49d63	পাপিয়ার দাবি
dc6c11b6e9	e03fc	অভিজ্ঞ কোচ
dc6c2f86a2	b8fe1	দর্শকদের জন্য বন্ধ করে
dc6c35ff57	f29bf	দ্বিতীয় সামিট
dc6c548293	76329	তখন মনে হয়েছিল
dc6c5f6172	13b70	ক্রমাগত বেড়েই চলেছে
dc6c7e42f3	b7be9	তাদের জন্য পোশাক তৈরি করে
dc6c94ca5a	195f7	সরকার একটা সিদ্ধান্ত নিয়েছে
dc6cc18f56	dec2d	ও চাঁদের বুড়ি গো
dc6d20f21d	ce180	নেমে এসেছে
dc6d423365	967fd	খানিকটা ম্লান করেছে
dc6db02761	acb88	দেশের অসংখ্য
dc6db799cb	e3f89	একটি কৃষি বিশ্ববিদ্যালয় স্থাপনে
dc6de5b81f	a0277	এসময় আদালতে হাজির করা হয়
dc6deacf0d	60b9d	ও তেজস্বিতা
dc6e0a3bcb	29d44	তিনি লেপ্টে থাকেন মাছির মতো
dc6e1a79e1	2556b	লেখাপড়া করতে পারতাম
dc6e643b0e	16a17	প্রসিকিউশনের মোট২৩ জন
dc6e6deb59	ced74	গ্রহণের অনুমতি থাকলেও
dc6ed93c94	db181	রাশিয়া এ চুক্তির তোয়াক্কা না করে
dc6ef068f5	1279e	বেসরকারী গবেষণা প্রতিষ্ঠান
dc6f32f0a4	cb627	১১ বছর পরও
dc6f62b09e	420df	কম বিচক্ষণ বলার
dc6fe62dac	c1e30	একটি চরিত্রে অভিনয়ের মধ্যে দিয়ে
dc6ffc01f2	12702	ঘূর্ণিঝড়ের প্রবণতা থাকে
dc70958bc1	ced74	ঘূর্ণিঝড়-বিধ্বস্ত খুলনা ও বরিশালের
dc71376fdc	9282d	জানোয়ারটা কোথায় বসে
dc71741ace	287bd	শিক্ষাক্রম উন্নয়ন
dc71a72c8c	0633a	আমি মানসিকভাবে
dc71be7c68	5cb47	অশোকনগর বাইপাস রোড
dc71d29902	e2f12	প’ড়ে গেছে
dc71d6febb	ff970	পা চালিয়ে
dc71e63d7e	a1201	রাজধানী জুবায় ১৫ ডিসেম্বর দুই পক্ষের সেনাদের মধ্যে সংঘর্ষ শুরু হয়।
dc72312081	e3d8b	শিশু একাডেমি
dc72754170	7898e	গতকাল ছিল
dc7314c974	0a7a0	মুখ থুবড়ে
dc73324dea	d2d71	একই ভাষায়
dc735d5ff7	0696e	ঐ বাড়ি থেকে
dc73af4b44	4bd2c	এক ধনী বেনে থাকে
dc73f2290a	ce775	কৃষক, মুক্তিযোদ্ধা, পোশাকশ্রমিকদের
dc740a6165	cfc65	তাদের সাফ কথা
dc74b3d433	2bc73	অ্যাকোয়ারিয়াম, ফিস বোলস
dc75329475	bdfc1	আম, কলা, খেজুর, পেঁপে
dc754fc571	64092	ছিনতাই, ডাকাতিসহ
dc760288a4	7c272	বাধ্যতামূলক অবসর
dc760d3187	c1e30	ধর্ম কি
dc7630bf17	65e30	আগামী নির্বাচন
dc7667cc8c	3fb17	সংগঠন ইউএনএফপিএ
dc7668e8b3	acb88	মাদক নিয়ন্ত্রণ অধিদপ্তরের
dc767f63cc	a1201	মা কড়ইগাছ তলায়
dc770a7b65	88654	যোগ দিচ্ছে
dc7740b8a2	91230	বিএসএফ ঘরে-বাইরে
dc77eb487c	0c39f	মে মাসে অনুষ্ঠানের
dc78444fc4	91b16	প্রশংসা অথবা দোষের ভাগী
dc78540150	903fa	সচেতনতা উৎকর্ষ বৃদ্ধিতে সহায়ক হতো
dc7873e79c	e03fc	ঢাকায় বিভিন্ন স্থানে
dc78e401d6	fd880	এই ইন্দ্রিয়জয়ের কোন
dc791d5640	6e6fa	জলাভাবে হাহাকার দেখে
dc79c5da2a	7a227	সেটা যে তারই ঢোল
dc7a5754cb	e55de	খুব পীড়া দিয়েছিল
dc7a7dff66	f4ba7	ওপেন সোর্স সফটওয়্যার
dc7bb1c2c0	b8fe1	বের করেন
dc7bc99a47	2c9c5	কাজের পদ্ধতি সেরকম নয়
dc7c1b14c5	cfc65	তাদের কাজ ছিল
dc7c2e356a	cd3ac	আর প্রতিশোধ গ্রহণে তৎপর হয়
dc7c70ae1c	870e3	কাঠ ভাঙা চলবে না
dc7c894a3e	ad2a0	সম্পৃক্ত হয়েছে
dc7cdb6a16	086dd	কিন্তু প্রোটন সংখ্যা
dc7cdd97e0	a8710	চলতি মৌসুমে বার্সেলোনা দ্বিতীয়
dc7d8c9467	16cfb	সাংস্কৃতিক ঐতিহ্য ছিল
dc7df16e6c	06527	দু-তিন দিন আগে
dc7e142080	75f18	এটি টেকনাফ উপজেলাধীন
dc7e46d96a	b5fdc	দেশবাসীর দুর্ভাগ্য
dc7e75c2de	2bc73	তালিকায় লোকদের ছবির পাশাপাশি
dc7e947bb1	948d3	বি-ক্যাশে ৩০ হাজার টাকা
dc7e95c68d	c8f7f	অভিক্ষেপ জ্যামিতি
dc7ea2a7a7	39293	জানুয়ারির সমীক্ষায়
dc7efa8b40	3faff	মিশে না যায়।
dc7f6208ea	46d49	কেন্দ্রটিতে ভোটগ্রহণ বন্ধ
dc7fd939cb	6aac8	এস আই মামুন আরো জানান
dc7fe4287b	d1b12	ঘুমটি ডেকে আনে
dc8143a8dc	b9b98	তারা তা বাস্তবায়নের
dc815b8fe5	a43b5	দীর্ঘ ৭৫ বছর পর
dc81997bd5	9f25e	নানা কানাঘুষা
dc81b1a0fc	b618b	জান কবজের সময়
dc826325b8	1f733	ভারতের সর্বকালের
dc82c150fe	a699c	একটি পরিবেশনা করে থাকেন
dc834d0c8f	2b883	সকাল ১১.১০ এ
dc8391eb48	121bd	বিশ্বায়নের ফলে
dc83c4969f	ff0fe	সার্বক্ষণিক অবস্থান করে
dc84169af4	e50f1	নির্মাতা গুগল
dc84aaa284	8edea	নারীর সারা শরীর
dc84edf35c	43b04	উত্তরাসহ রাজধানীর
dc8586743a	1f733	দাগী সন্ত্রাসী, জামায়াত-বিএনপির
dc8657eb30	7d3e1	আগামী তিন সপ্তাহের মধ্যে
dc86ca76a8	d5f7b	সংসদীয় স্বৈরাচার
dc87202018	2ee04	অ্যাকিলিস কী করেছিলেন
dc8783ae06	95907	হজে তিন পর্যায়ে
dc879957f4	745b7	এ-যাত্রার মতো
dc87a6490f	509f6	আমার দেশ
dc87bf1839	4f2ae	বেশ আনন্দে কাটিয়েছি
dc8811f2e9	7b60a	তার পিতা জিউসের সম্মানে
dc892de631	98b81	৫ লাখ ৩৫ হাজার
dc8a3c3bf6	31f09	চোখ বোলাচ্ছে আজাদ
dc8a6e4e77	32c77	তাহা উহার ক্ষুদ্রাংশ
dc8a78bdf5	520fb	কাজুহিকো বলেন
dc8a7d1934	91223	সম্মুখে কুটীর
dc8aa073d9	a4750	এনামুল হকের নিকট
dc8af2fdb4	8c07c	তার অভিনয়
dc8b0a1449	9351a	বোমার গগনবিদারী আওয়াজ
dc8b275577	32c77	হিন্দুই বিশ্বাস করেন
dc8b3dac38	f0f95	আলোচনা করতে হলে
dc8b4d86a8	f6e55	দ্রৌপদী সাধ্বী
dc8b7d4a31	ad2a0	প্রথম আলো রস আলো
dc8bd7df79	6e8cb	তুরস্কের রাজধানী
dc8c318b11	f143a	গভর্নর ড. আতিউর রহমানের
dc8c36e157	32b3e	এবং নাশকতার মাত্রা ছিল কম
dc8c755cba	2909b	ঐ যুদ্ধ হয়
dc8c97382d	11915	চুরি করে
dc8cb8cc59	bcaa8	কয়েকজনের পরিবারের সঙ্গে
dc8cea767a	ec91c	জাতীয়
dc8d4dac41	967fd	এবং বাইরে যারা তৎপর
dc8d67901d	6a35e	তিনটি বেসরকারি মালিকানাধীন
dc8e03b3e4	cf82a	সদুত্তর মেলে না
dc8e23a14f	0633a	আবুল কাশেম ফজলুল হক
dc8ea9e4ac	bdd05	অনুষঙ্গই হচ্ছে শরীর
dc8f510caf	ee994	উৎসস্থল হিসাবে
dc901b4da7	77f82	তার মতো পূর্ণাঙ্গ খেলোয়াড়
dc9020d9a5	46da4	আইনি কোন ব্যবস্থা নেয়নি
dc90805482	6973e	রূপেশ পাল-শার্লিন চোপড়ার
dc91019d4c	32998	তেমনি কাজ
dc9156ca4c	948d3	ডুয়েট
dc915ae823	fda1a	এ কে খান এলাকায়
dc93ae2088	13b6a	তখন এ সমাজ ঈশ্বর গুপ্তের
dc93b4f107	83c53	নতুন কোনও
dc93e680a3	da6f0	এই অস্ত্র পাচারের সঙ্গে জড়িত
dc9425d43b	153c9	যাদের ফিরিয়ে আনতে
dc946e9170	f89d7	উপজেলা প্রেস ক্লাবের সভাপতি
dc94d193f5	0895a	ট্রয়ের রানী
dc950b3f34	4164f	বাংলাদেশের খরস্রোতা
dc95938502	e7230	বাড়তি কোনো খরচ ছাড়াই
dc95fcf9fd	ac904	অ্যাকিলিসের সমগ্র শরীর
dc9651a070	0d8c1	স্থানীয় তাপসের রেস্টুরেন্টে
dc9657f841	c3cca	১৩ফেব্রুয়ারি
dc96581b60	16877	সফটওয়্যার প্ল্যাটফর্মের সাহায্যে চলে
dc96739685	dec2d	যাতে আলোচক এবং দর্শকদের
dc969b0575	6e6fa	গতবারের ঐ ঘটনায়
dc96d048aa	1b359	নিজের আয়ের ব্যবস্থা করে নিচ্ছে
dc96dcbae0	948d3	নীতিকথা
dc974758c5	aabe7	বেগম রোকেয়া স্মৃতিকেন্দ্রের
dc989bef97	9642e	আন্তরিক যে কারও কাছেই
dc98a3e596	c3cca	কথা বলেছিলেন পুলক গুপ্ত
dc98e506c9	71522	এ রকম গেঞ্জি নেই
dc9904e66f	2fc12	তারা সেগুলোর ব্যবস্থা করলেন
dc9923f263	f1240	তাই আমি
dc9941affc	948d3	হোস্টেলে মিলাদের সময়
dc9960ac2c	089ef	আরাকান রাজ্য জয় করে
dc9987539c	13b6a	যন্ত্রণার উপশম হয়
dc99893e27	91ac1	২০০০ সালের ২১শে মার্চ
dc99b466b5	49d63	বারবার যোগাযোগ করা হলে
dc9a33d304	4bd2c	কোনো প্রতিক্রিয়া জানায়নি
dc9ac20109	ced74	বুশ হাউসের ছবি দেখেছেন
dc9ad595f6	60f77	মোটেই ভালো লক্ষণ নয়
dc9b360bcb	fcc89	আমাদের কিছু নেই
dc9c5406c4	9351a	নিজস্ব পরিসংখ্যানে খাত ভিত্তিক
dc9cda1337	2ee04	প্রতিদিন দাঁত ঘষে
dc9cee3377	bfac7	কাটিয়ে উঠতে
dc9d4ce1aa	9f25e	দিল্লির রাষ্ট্রপতি ভবনে
dc9d52fd98	39dd0	সেখানকার মায়েরা
dc9dd03f99	91230	এবং তিনি ঘুম থেকে জাগতেন
dc9e19d2aa	6fb36	সম্পূর্ন উল্টো
dc9ee87059	730c3	প্রায় ১৭৫ মাইল
dc9f0c185d	f2097	একটি সূত্র বিষয়টি
dc9f67bb17	69d9a	কাল যদি সাকার
dc9fd3ba2d	32c77	রং-তুলি দিয়েও
dca04a1937	282d3	প্রবৃদ্ধির হার কমে
dca05d623b	7df87	বলতে পারছেন না
dca071627b	ce180	অনিচ্ছার কারণ
dca0880b3d	c2082	একটি বড় ধরনের সমস্যা
dca13c2f92	e3f89	দেশের মানুষের কাছে দোয়া চাইলেন
dca15c4abc	f1ea4	বাশঁখালীতেও তাদের তাণ্ডব
dca180c6f6	b52ab	সে এক কথায়
dca1b3f5fc	5639c	একবার তলিয়ে দেখা চলতে পারে
dca3f0a23f	58998	চিত্রায়িত করেছে
dca4106274	f837a	সন্ত্রাস বিরোধী
dca486b653	bf530	পরাজিত বুলবুল
dca4c331cc	14816	সত্যিই তাই করেছেন
dca6649d28	509f6	দিন শেষ করে
dca66bb183	e2f12	প্রাতিষ্ঠানিক ভূমিকা নিয়ে
dca6716bcc	e00db	সাড়া দেয় না
dca6a630a6	7ed14	সরকারবিরোধী আন্দোলন
dca6c26e0c	fcc89	অতীতের নানা পদক্ষেপের
dca6c8c77b	d1b12	কমিটি দেয়ার ঘোষণা দিয়েছিলেন
dca6feac4f	c7a89	পুস্তক রচনা করেন
dca730b14c	35ef3	ভোট গ্রহণের কার্যক্রম
dca75bc4cc	d9b11	যোগদান করেছিলেন
dca7ab3971	4164f	ফিরিয়া আসিয়াছে
dca7c898d3	1b359	প্রাক্তন অধ্যাপক
dca8191a7c	0a7a0	মহৎ শিল্পী আহসান হাবীব নিজেকে
dca86908d6	dfefa	বাবা মাঝে মাঝে
dca9cffc6b	bcaa8	সংবাদকর্মী হিসাবে কাজ করেছেন
dcaa41c634	d82d9	একটু দম নিয়ে
dcab4be48a	06736	এ কালের
dcab5789d3	fcc89	পুলিশের তদন্ত প্রতিবেদন
dcabcd51b9	ba2f6	ভেঙে যেতে পারে বাঁটটি
dcabd3778d	ee852	সব কাহার চরণে
dcabd53104	eecdd	কিছুটা চটুল, সিনেমার নায়িকা
dcac13ab2a	ee852	ডেপুটিদের হাতে ছিল
dcac2894bb	dfefa	স্থাপন করে
dcad047ad8	536d9	জাহাঙ্গীরনগর বিশ্ববিদ্যালয়ের উপাচার্য
dcad558521	18460	মধ্যে দেখা যায়
dcad873501	e00db	মাত্র দুদিন আগে
dcae6e6a1d	91230	স্বাধীনতা-পরবর্তী বাংলাদেশের
dcae7e9bdb	e00db	করা উচিৎ
dcaeba41d4	274ee	তাই ক্রেডিট কার্ডে
dcaf251f57	e2ba2	নাস্তার টেবিলে বাহারী আয়োজন
dcb0348ee4	9642e	দুটো স্ক্রু দিয়ে
dcb036c946	af81d	টেবিল সাজান
dcb0709af4	14d25	মধ্যযুগের দুই সেরা অধিবিদ
dcb08e2d0c	ee886	অর্ধেকের বেশি ইউনিয়নে
dcb0c00403	46da4	খবর গণমাধ্যমে উঠে আসে
dcb0e12218	cfc65	হয়তো তা শুধুই
dcb15624e5	4237e	জাতীয় পার্টি ১ আসনে
dcb188f06e	420df	হেরেই চলেছেন
dcb1bab309	d5213	মতিঝিল রুটে
dcb1e402a5	967fd	এটি সন্ত্রাসী ঘটনা
dcb25c0555	e55de	সর্বশেষ প্রতিবেদনে দেখা গেছে
dcb2c65faf	086dd	উদাসীন নাগরিকের অন্তরেও
dcb2f1ff2c	17ca1	আওয়ামী লীগের
dcb3099956	0f047	সেদ্ধ হয়ে গেলে
dcb3aea45a	cd3ac	যদি এ শরীর জাগে
dcb3c0b301	1652d	মেয়েরও হতে পারে, ছেলেরও
dcb3e977f9	554fe	রসুনের গুনাগুন
dcb4399801	a3a6d	বাংলাদেশ জামায়াতে ইসলামী
dcb47a0b8a	d2faf	কেন্দ্রীয় সরকার তৈরি হয়েছে
dcb4acae58	77f82	তিনি জানিয়েছেন
dcb57ce2b8	491a5	অলস বসিয়ে রাখলে
dcb58f009b	f9dfb	লেখা নিয়ে
dcb60b1e1b	6b437	১৯৭২ সালের ১৭ই মে
dcb619d908	1a2a1	দেহমন দুই ক্লান্ত
dcb6201264	f143a	পূর্ব-পশ্চিম, সেই সময় এবং প্রথম আলো
dcb6de70af	f2b7d	গ্লাইকোপ্রোটিন যা বাইরে থেকে
dcb71f2a53	66dcd	ঘূর্ণিঝড় প্রস্তুতি কর্মসূচির স্বেচ্ছাসেবীরা
dcb725c05e	49d63	এসথেটিক এ অর্থে
dcb7aecb2d	57d54	সৌধাবলি নগ্ন পদতলে
dcb7dd246e	37d7e	অম্ল মৃত্তিকায়
dcb82e58b5	f658d	১৭.৫ মিটার
dcb83c7f0d	7898e	প্রাতিষ্ঠানিক চর্চায় তাদের মধ্যে
dcb8490fd3	8406e	আরফান
dcb86ca26b	a3a6d	২৩৩ রান করে বাংলাদেশ
dcb86e4845	21e54	চেষ্টা করা হবে
dcb8c06206	eb179	দুর্ভাগ্যবশত আমিও
dcb926b7a0	4bd2c	খেলোয়াড়েরা থাকতো
dcb93b2dd1	b9122	১টি ডিম দিয়ে ফেটুন
dcb9692b74	38d3a	পেছন দিকে টেনে
dcb9814951	b8ed8	কে আসছেন
dcb9e863a4	16cfb	ফলে, উদ্ধারকর্মীদের
dcba2f1e13	0744c	হৃদয় কাটিয়া যায়
dcbafde523	25117	এক বিবৃতিতে বলা হয়েছে
dcbb2b54d5	2ac82	যুদ্ধাপরাধীদের সর্বোচ্চ শাস্তির দাবিতে
dcbb36e340	82926	তিনি খাটের তলে
dcbb6b8cc2	e2c11	ওই আকর্ষণ
dcbb95c1ba	ce629	ধ্বংস করে দেয়
dcbc71e8b9	194f5	স্নাতক শ্রেণিতে পড়ালেখা করেন
dcbcb6740b	6d129	কাতালান অ্যান্ডোরার
dcbce0cfc4	2909b	আনা হচ্ছে
dcbd03b1f3	9282d	১০ তলা ভবনের
dcbd1899ad	4c555	যাতে মৃত্যুদণ্ড নিশ্চিত করবার
dcbd56d502	dae88	মারা যাওয়ার পরেও
dcbd714524	16877	আমার মেয়েকে দেখান
dcbd91cc47	4f2ae	লেখার ইচ্ছে
dcbda17862	e03ce	সেখানে চুপচাপ বসে আছে
dcbdf0102c	91223	গদ্য বাঙ্গালা গ্রন্থ প্রথম প্রচারিত হইতে
dcbdff5914	491a5	তবে বিকেল নাগাদ
dcbebfe1ed	809cd	পিতামাতার সম্পদের উত্তরাধিকারী হবেনা
dcbec9e107	06ea3	মনে হতে পারে
dcbed8033e	80505	তোফায়েল আহমেদ
dcbf310600	fcefa	টাঙ্গাইলে এসে
dcbf48c29b	321b6	অপপ্রচার করা হচ্ছে
dcbf674f62	0696e	স্বদেশ-শিক্ষা-সমাজের বিবিধ ভাবনার
dcbf85c288	a1201	কাজ হবে না
dcbfbc9a1f	7ee9b	দশমিক ২ শতাংশ
dcbffd71f9	943de	খুবই গুরুত্বপূর্ণ মনে করা হচ্ছে
dcc0064da0	420df	কখনো কারো জন্যে
dcc0315c71	7898e	হঠিয়ে দেওয়ার জন্য
dcc03975ab	f280a	পাকিস্তানের প্রধানমন্ত্রী হয়েছেন
dcc051bf11	2d78f	আপনার সিনেমায় দেখেন
dcc0940b78	e50f1	তবে পরবর্তীতে পর্যায়ক্রমে
dcc12c137f	2695f	পরিস্থিতির সার্বিক উন্নয়নের জন্য
dcc1876f4c	4fc91	বাঁ ধারে গোলাকাটি
dcc1f1e8dd	5d80e	বিরোধী আন্দোলন চলছে সমান্তরালে
dcc21780a6	c41d8	এতে গ্যাস্ট্রিক আলসার বাড়ে
dcc31cb415	18a52	কাজ করা
dcc351aa5f	4c555	ও মহড়া হয়েছে সারা দেশে
dcc3a2c294	ca088	সরকারি বাহিনীর অভিযানে
dcc3b2371a	2840e	জন্মের পর তিনি
dcc3c73580	54e68	আর বেদনায় নীল হয়ে
dcc4af8ddc	d5f7b	সামাজিক এবং ধর্মীয়
dcc4bbf661	355c1	জমির হিসাব
dcc4c41f03	3ec4d	বাংলাদেশের গার্মেন্টস কারখানার
dcc4c43393	7d133	দেয়া জবানবন্দি
dcc4fb6f6e	75626	কখনোই তাঁকে
dcc50bdc6e	2ecf8	আমরা আলোচনায় বসতে রাজী
dcc5522dc1	0696e	কার্টুন বন্ধ করে দেয়া হোক
dcc55b61cf	39dd0	খুব কম গল্পকারের পক্ষেই
dcc5ec21c3	23b22	আর এতে একবিংশ শতাব্দীতে
dcc5f6f22f	509f6	মঙ্গলবার সন্ধ্যার পর
dcc6c5f7b9	ce180	১৯৮৪ ৩১শে অক্টোবর
dcc6c67fa2	d5213	ছায়ার মতো লেগে থাকে
dcc6d10c0a	520fb	ও একটুও ভয় না পেয়ে
dcc6e009e2	29bab	অন্যের ‘বিয়ে করা’ বউ
dcc78e74fd	7297e	অভ্যূদয় ঘটে
dcc7b22e9f	2b883	বিশোষণ রেখার
dcc7be1309	404ee	যে কিনা একজন বিচক্ষণ
dcc7f178d3	d2294	পৃথিবীর এই অঞ্চলে
dcc8192e64	717bb	কোন বিকল্প নেই
dcc864c466	39dd0	শর্টগুলো এ রকম কুঁতে কুঁতে
dcc922915a	21e54	উদ্ধারে এগিয়ে আসে
dcc9d5e54e	d9817	সম্প্রতি ভুটান থেকে
dcca1e3eea	590d0	গোল করতে
dccb09b9a2	d7a68	স্বর্ণ
dccb9999da	7e1d5	এর পাশের ঘরে
dccbb829d3	9351a	ভৈরব তন্ত্র
dccc1434b0	b8bdd	বিপ্লবেরই নামান্তর
dccc7b1a53	7351e	নিম গাছ
dcccceca12	6d129	নেশাতে পাইয়াছে
dcccdde2cb	ce180	নিহতের ছেলে আবুল হাসিম
dccd28f28a	e9589	এখন সৎ অফিসার পাওয়া
dccdfc241a	7297e	এছাড়াও গ্রীক সরকার
dcce1dfd25	6973e	এই ওয়েবসাইটের কর্মকাণ্ডের
dcce5a056f	f83df	ক্যাটরিনার শিডিউল না থাকায়
dcce7ead5f	e6e48	শীর্ষ সংবাদ
dccf196af9	91223	কাউন্ট প্যারিস
dccf255bc0	a43b5	জীবন শুরু করেন
dcd07c72ad	943de	ততক্ষণে হেডমাস্টারের সঙ্গে
dcd0ad97ce	6ab59	কয়েক শতাধিক যাত্রী
dcd0eef1ec	590d0	একই সাথে
dcd17dcc53	75626	বেশ কয়েক বিঘা
dcd1b443a7	49d63	কল্যাণপুর এলাকায়
dcd2371089	d7a68	বাবা-মা নাম রাখেন
dcd24da9e3	09b32	গেজেট না করে
dcd29d48f6	e2ba2	পেপে চাষ
dcd2af698f	68ab7	প্রধানমন্ত্রী কিন্তু ইতিমধ্যেই
dcd30a3b66	f29bf	পরিবর্তন করেন তিনি
dcd3971fde	1e7c7	আটতলা করা হয়েছিল
dcd3ae0b46	321b6	যা এ বছরের
dcd514398a	84145	উদ্বেগের বিষয়
dcd520f821	09f0d	আরেকটা সমস্যা হচ্ছে
dcd554f290	f0f95	এখন ঘনীভূত হলো
dcd55d1466	f600a	জেনেভায় যেসব প্রতিশ্রুতি দিয়েছিল
dcd60cc4ce	6aac8	আমারও মনে বড় ইচ্ছা
dcd66e7aee	c41d8	তিন দিন ধরে নির্যাতন করেছে
dcd6747102	b9b98	রবীন্দ্র সঙ্গীত শিল্পী
dcd6b76b94	db181	মানববন্ধন শেষে
dcd6c29621	85430	ড্রাগনমুখো এক লোক
dcd71ac4ce	0b7ca	চাঁনখারপুল দিয়ে গুলিস্তানের পথে
dcd733f6c5	06527	বা চীনের বাজার
dcd80d256c	cb842	পরিষ্কার হবে
dcd842a5f8	410fa	ফাইলগুলোকে কম্প্রেস করেও
dcd89158c0	4c555	সারা দেশটা পাল্টায় ভোল
dcd8c8c6ae	cb627	শেখ জামালের জন্য হতাশ
dcd8df6efb	32b3e	বাড়ির সবার দাঁতে
dcd8e1f9f1	3bea8	ছবি হাতে যারা
dcd93a4745	932bb	মন দিয়ে বসে আছেন
dcd9687a21	bc81e	মুরতাদ
dcd9b3a5f4	b9b98	আহ্লাদে ফেটে গিয়ে বলল
dcda1e7016	5cb47	দেড়শ’র মতো অনুষ্ঠান
dcda6781ac	a3a6d	আরেকবার দেশে ফিরেন তিনি
dcda70031e	38ff0	সৃষ্টি করিয়াছেন
dcdb5d0b53	ac0df	অস্বাভাবিক কিছু নয়
dcdc6c7ace	3fb17	প্রাণী পাওয়া গেছে
dcdccdcb42	355c1	পিষ্ট হন
dcddbae79a	14816	তারা যেন বিচার করেন
dcddf406d1	bc81e	ঝামেলা সত্ত্বেও বলছে
dcde1f12dc	e43d4	এখানে কৌশলগত দুর্বলতা
dcde31af99	a1d4a	তেমনি তা স্বাস্থ্যের জন্য
dcdec91c90	f143a	এই বিশেষ অধিবেশনের ডাক দিয়েছেন
dcdf3df38a	95f83	তাঁর নামও বৃহস্পতিই
dcdf9c516b	7d3e1	আমার হাত-পা কাঁপছিল
dcdfc55229	72649	আটক রাখার বিষয়গুলো
dce0552911	4c555	সংশ্লিষ্ট পত্রিকায় ফোন দিয়ে
dce0edc98b	616ec	১১৬ বছরের দীর্ঘ
dce13205b3	69d9a	৮৩ মিনিটে
dce186b5f3	0e637	অমলের ভূমিকায় সৌমিত্র চট্টোপাধ্যায়
dce1d80eed	ef915	যৌনতা পুরুষের জিনিস
dce20b034b	2bd99	অথবা অর্থদণ্ডের বিধানও
dce2613301	80505	কিন্তু এই অগ্নিগত শক্তি
dce278776a	4164f	অবহেলিত ছিল
dce2a0ad17	f0f95	কম্পিউটার ইঞ্জিনিয়ারিং এ ডিগ্রি নেন
dce2d9628b	79b06	তাঁর কৈশোরের মাদ্রাসা-জীবন নিয়ে
dce2e75b19	2fe3c	প্রাণ হারান ৬ জন
dce30c44ce	b9a81	এরমধ্যে বিভিন্ন ব্যাংক
dce335c060	1c618	নির্বাচন করার অধিকার
dce365bdb3	80be1	রাশি নাটক
dce3c1a368	f4ba7	উজবেকিস্তানকে ওমান
dce458c7f6	07660	তার উত্তর ছিল একেবারে সোজা
dce4625ab8	c173f	পুরুষ-নিয়ন্ত্রিত সমাজ
dce5041265	13b70	কারাগারেই আটক থাকেন
dce51daca0	2695f	গ্রেফতার করেছে
dce5995bd2	03284	অন্তঃক্ষরা কোষ
dce5ba472b	29f8c	বাংলার মুসলমানদের প্রতি
dce60ec524	3fb17	পশ্চিমা উপনিবেশ ছিল না
dce6eb793c	a1d4a	যশোর মেডিকেল কলেজ হাসপাতাল
dce74829e4	bf530	নিচে নন
dce7527e43	0e637	সত্যজিৎ রায় পরিচালিত
dce782e20e	bd576	বিয়ের পর চাকরি করেননি
dce7c57c48	95907	এক অর্থে নেপথ্যেই চলে যান
dce89c2bdb	404ee	শৈশব কৈশোর যৌবন
dce92546b1	b4ea7	নগর পুলিশের সহকারী কমিশনার
dce9aa9bc3	e31e7	এক্ষেত্রেও রপ্তানি
dce9cd42f7	f1ff2	করতে পেরেছিলেন
dce9dda124	24aed	সুচিত্রা সেনের জন্ম বাংলাদেশে
dce9f6074e	71522	শিক্ষার সমৃদ্ধির মাধ্যমে
dcea493041	8c07c	ঠেকাতে তারা প্রস্তুত
dcea67583c	53396	তিনিই তাদের আশ্রয় দেন
dceacdcae2	ce629	নির্ধারিত সময় বেলা ২টা পর্যন্ত
dcead6e932	57d54	বিভিন্ন জায়গায় ভ্রমণ করে
dceadc66d2	8a46d	পরিশোধ করা যাবে
dceb0cd639	7c272	লোকজন উল্লাস করতে শুরু করলো
dceb40e17a	f6e55	এমন এক শহর
dceb85f83a	0744c	রিয়েল টাইম অপারেটিং সিস্টেম
dceb8acca4	616ec	অঞ্জনা সুখানী
dcebd37a7a	6b437	ক্রিমিয়াকে নিজ ভূখণ্ডের
dcec5535e8	4fd66	অনেকটা উন্মাদ হয়ে গেলেন তিনি
dcecacbae6	bf530	দাড়ি, গোঁফ, ভ্রুতেও হয়
dcecbbeb06	c4973	এবং অপরজন পদদলিত হয়ে
dced06ce00	bcaa8	সম্ভাব্য সাধ্যানুযায়ী
dced2eeb49	d711f	আজ সে
dcedc55fd7	ad98d	তারা বললেন
dcedec8b75	09f0d	অঘোষিত ছুটি চলছে বলা যায়
dcee488f97	2695f	শেষপর্যায়ে নিজেই
dceec55601	23b22	সেই আয়াতটি অর্থাৎ
dcef23af7f	da6f0	অপরাজিত অপু
dcef87c889	239f7	পতিভেদ অনুকূল
dcefec3bc8	b618b	যেমন-ইস্রাফিলের শিঙ্গা
dceff8f0e6	7c272	বিজেপির প্রধানমন্ত্রী পদপ্রার্থী
dcf0641d28	9065c	তিন ওভার চার বল বাকি থাকতেই তারা জয়ের লক্ষ্যে পৌঁছে যায়।
dcf0771ec8	11de3	তবে শেষ দুই দিন ধরে
dcf093ca9a	9e923	শিক্ষার্থীরা প্রস্তুতি নিতে পারবে
dcf0babd88	43fc0	এরই মধ্যে দিয়েছেন ইংলাক
dcf0e92e63	5d80e	অস্ট্রেলিয়ার মহিলা ক্রিকেট দল
dcf139f779	1c618	তবে পুরো বিষয়টিই
dcf188ccb8	b9a81	মূল হোতা কে
dcf1c27dd0	cd3ac	এইটা এক সময়
dcf2cf97eb	ee994	শাকিব-বিন্দু জুটি
dcf344d38d	2396d	কিশোর স্থলিতস্বরে বলি
dcf35a9d40	ee4ad	বর্তমানে অসমীয়া
dcf3dccc33	8edea	ভোরের কাগজ
dcf4039498	ad2a0	মেলার পৃষ্ঠপোষক হিসেবে রয়েছে
dcf41536bb	6e6fa	ভেবে দেখ
dcf4ac3229	442b7	আজ পরের দিকে
dcf4cd04e0	2aecc	পুলিসি হেফাজতে নেয়া হয়েছে
dcf4e09b75	ff1c3	কুয়োর ঠান্ডা জল
dcf502042b	5a61c	কোথায় ঘটছে বনে
dcf5809f22	d9ba9	গুম
dcf5fb7da3	6ee5f	উদ্ধারকারীরা ভবনটির বেজমেন্টের
dcf60c2a08	778c0	কিন্তু লাল জমির ওপর রয়েছে
dcf6e18764	7d133	ঘুরছে না
dcf6f38a0d	d711f	অপটিক্যাল টেলিফোন সিস্টেম
dcf6ff7651	0d8c1	এতে আরও অনেক কিছুর সাথে
dcf729140e	d5f7b	অজ্ঞাত এক যুবকের লাশ
dcf72c548c	491a5	স্বাস্থ্য অধিদপ্তরের মহাপরিচালকে
dcf78cb68e	e2ba2	পেনসিল স্কেচের
dcf865a4a1	a1201	যে পারফর্মেন্স দেখেছি
dcf8d26087	db181	তেমনি গল্প কাহিনী
dcf90c15f3	3d17c	ধরে নেয়া যায় যে
dcf96fab2d	ec91c	ওয়ার্ল্ড টিভি প্রিমিয়ার হবে
dcf9a5434b	2aecc	মহিদুল ইসলামের ছেলে
dcfa0c5fb6	e9589	এছাড়া যশোর-মাগুরা সড়কে
dcfa1cb697	69d9a	সেরকম অনেক খাবার
dcfa1fda99	7a227	অপহরণ আতঙ্ক বিরাজ করছে
dcfa4c9f15	d9081	প্রকৃত ভূমিহীন সমবায় সমিতিকে
dcfad0f3be	4f450	তখনই তার নামে
dcfb899c25	287bd	ঢাকায় তাপমাত্রা ছিল ৩৮ ডিগ্রি সেলসিয়াস
dcfb89fb31	d5f7b	১৫,০০০ টাকা
dcfb9c4f6f	adf01	পণ্য পাঠাতে হচ্ছে
dcfbbefc5f	ad69a	সুলাইমান পেকের মেয়র জানিয়েছেন
dcfc3e19e3	932bb	সুকান্ত তো দেখছি চিরকিশোর
dcfc900727	086dd	পশ্চিমবঙ্গের অনেকে
dcfc985d19	cc9fd	এ কাজে ব্যবহার করা হয়
dcfceaa63a	6aac8	পারেনি তার
dcfcecddda	65e30	বিশেষ অনুষ্ঠান মালা
dcfd7afbb1	66b3c	দু’দিন পরে এসে
dcfd993d8e	4a67e	উল্টাপাল্টা চিন্তা করছিলাম
dcfe0efb00	91b16	এ-সংক্রান্ত চিঠির মাধ্যমে
dcfe58956f	d711f	কবি যে আমাদেরই লোক
dcfe59591f	b52ab	সব দুজনে মিলেই করে
dcfe89dd16	ac0df	সার্বক্ষণিক নজর রাখছেন
dcfe8bb487	b8fe1	সম্প্রতি নির্মাণ করেছেন
dcfeb3c749	09b32	একটা সময় তারা
dcfec5dd99	c4973	প্রবেশমুখ হচ্ছে বঙ্গোপসাগর
dcfef01bc6	287bd	নাবিলার ঈদ আয়োজনে
dcfefe58bd	5b13f	বেডপ্যানের জলীয় গহ্বরে
dcff4821cc	491a5	আর ধন্য হইবেন না
dcff6123db	c9c19	তিনি বলে ওঠেন
dcff8f1d0e	7b900	কূটনীতিকরা জানিয়েছেন
dcff9ddc14	287bd	সন্দেহাতীতভাবে প্রমাণিত হয়েছে
dcffc3d1cb	11915	মানিনু সাদিক জানান
dcffcbd27d	c749e	আমহারিক গোত্র থেকে
dcffda0f4c	f1ff2	তোমাকে পাব কোথায়
