dd0029e82d	420df	একযোগে মুক্তি দেওয়া হবে
dd01bac863	c5dc8	এবং ঢাকার
dd01f8842b	f2b7d	তাঁর ভাই বদলাবেন না
dd022ecc23	b08d0	ক, খ, গ, ঘ ইত্যাদি
dd026e9cc9	93bf3	স্পিনার সাঈদ আজমল
dd02805d87	c958a	জাতি সম্বন্ধে এত গোলযোগ যে
dd02e7b320	c463d	অক্ষয় কুমার সালমান খান
dd0309dd94	745b7	নানা জল্পনাকল্পনা
dd035fba55	21e54	একজন বাঙালি রাজনীতিবিদ
dd0378fc6d	4a67e	উদ্ভিদের কোন অংশের
dd03b8d407	93080	বাস্তবায়িত হতে পারে নি
dd03e7673b	d3e06	পরপর ১২ জন
dd03e7cb6e	e68af	মাছরাঙা টেলিভিশনের প্রতিবেদক
dd044edad1	e6203	হত্যার ইন্ধনদাতাদের
dd04d6ea36	8a46d	এরা হচ্ছে
dd05146223	ca831	তবে এ ব্যাপারে
dd051a4486	64092	প্রথম প্রথম অবশ্য
dd05907914	7a227	তা উল্লেখ করেন এভাবে
dd05c90ada	287bd	পাণ্ডুলিপিটা বের করে
dd05f2fbb2	61820	নানিবাড়ি থেকে নানিকে
dd0609f9d5	ca088	বি এস এফের নিজস্ব আদালত
dd069f5f4c	274ee	অবেস্তা ভাষা
dd06f7f19c	69449	সিগারেট, গাঁজা এবং অন্যান্য সরঞ্জাম
dd07896fd9	8edea	এটাকে বক্তৃতা বলাই ভালো
dd091575ff	61820	বেড়ে হয়েছে
dd09284fd9	9f25e	সমাজসেবী যুবক
dd09f64ec0	f89d7	সমাজ-ইতিহাসের সঙ্গে
dd0a41a89f	4dd57	তবে তারা
dd0a5dd485	5354e	সন্ত্রাস
dd0aa8b79b	e9fa7	সহায়তা দিতেও সম্মত হয়েছেন
dd0acdd419	c7a89	এই কাউন্সিলের
dd0afbda0d	c749e	বন্দুকযুদ্ধে
dd0b0c3321	d3e06	কেউ তাদের দেখতে পেল না
dd0b8156e3	194f5	আমি হলাম কাদামাটি।
dd0b92001b	388c9	কাঁখে নিয়ে
dd0c47c0f5	ff970	পূর্ব লন্ডনের
dd0c80a11b	388c9	অভিনয় করছি
dd0ccff30a	0edef	৫ই এবং ৬ই মে
dd0d0eba4f	8cf95	পত্রিকা ছাপিয়েছি
dd0d75d548	e6752	বাংলাদেশের নাগরিক জীবনে
dd0da4a40c	4a918	অবসর জীবনে
dd0dc73d5d	c173f	আজ বুঝি সব বন্ধ থাকবে
dd0dd5c402	5d80e	আইন অনুযায়ী
dd0e39f46c	f7a7f	আমি শুধু দেহ-মন নহি
dd0f069457	b2a62	শাহরুখ খান জানিয়েছেন
dd0f80eb6e	42898	তুমিই জান
dd0fd52b9b	3f875	যোগাযোগ ব্যবস্থায়
dd0fd60c7f	43fc0	বাংলাদেশের চূড়ান্ত বিজয়ে
dd0fe7fe67	59c73	পশ্চিমা দেশগুলো
dd10298183	8c120	ওই কোম্পানী থেকে তাকে জানানো হয়েছে, তারা গ্রাহকদের টাকায় আফ্রিকার একটি দেশে স্বর্ণ কিনে থাকে।
dd1051bfea	9f25e	দিনটির পেছনে
dd1079893a	9d398	দিনটি পালিত হয়ে আসছে
dd10bf2cb2	68ab7	পরবর্তীতে তা স্থগিত করা হয়
dd10f056ba	a7c6f	উদ্বোধনের মাধ্যমে সরকার
dd112f4199	8b859	সব শুনতে পান
dd11adc3c1	37d7e	সবচেয়ে ঘনিষ্ঠভাবে
dd11aff725	932bb	ডিলিট করে ফেলার পর
dd11b0b47c	8143b	তিনি সরকারের তথ্য প্রযুক্তি বিষয়ক কর্মকান্ডে গুরুত্বপূর্ণ দায়িত্ব পালন করে থাকেন।
dd11f5dd2f	491a5	আমরা তথ্য পাচ্ছি
dd1203b111	da6f0	বিষয়টি নিয়ে বৃহস্পতিবার
dd1232955b	7e1d5	কারণ সমাজ আমাদেরকে
dd12a94eaa	0e637	সে অফিস বন্ধ করবে
dd135e0aed	7b60a	মধুর ধারে কাছে না আসে
dd138b34a2	cfc65	তাঁর কাছে গেলে
dd13b496bd	bdd05	আফগানিস্তানের লক্ষ লক্ষ ভোটার
dd146721b3	11915	তিস্তা ব্যারাজের
dd147368fb	a06a1	রায়ের নানা প্রসঙ্গে
dd15758fe1	f6e55	ফোঁপানো কান্না
dd168793ac	9f25e	গত বছর পাসের হার ছিল
dd16886786	86b1b	আবিষ্কার হবার পর
dd16a7500f	ff1c3	ডেপুটি কন্সাল
dd16ae8eba	03284	নিজেকে সূর্যমুখী ফুল মনে করছে
dd16ec09b1	4c555	অন্যতম একজন
dd171f245b	903fa	স্বামী-স্ত্রী ধরে নিলেন
dd1761065f	3fb17	সাড়ে ৫টার দিকে
dd17846739	44322	পুরস্কার ঘোষণা করেছিল
dd187185cf	28bb3	উজ্জ্বল তারা
dd1881ab7f	ad69a	বেশি প্রাধান্য দেবেন
dd18cd025a	d8c80	একজন ছাত্র
dd18cd9698	06527	পৃথিবীর বিভিন্ন প্রান্তে
dd18de4dbe	c463d	বরেন্দ্র বহুমুখীউন্নয়ন কর্তৃপক্ষ
dd192058ce	3faff	সেখানে পড়াশোনাও হচ্ছে
dd19441ba2	7ee9b	সঞ্জীব চট্টোপাধ্যায় নামের
dd19f32ca6	b9a81	বৌদ্ধশাস্ত্রের মধ্যে ললিতবিস্তরে
dd19f483da	29bab	পাল্টাপাল্টি কর্মসূচিতে
dd1a150c78	c2082	ভুল সংবাদ পান
dd1adfb21c	0606d	তাহা পূর্বে বলিয়াছি
dd1b1fa9ac	4ea73	এক অধ্যাদেশের মাধ্যমে
dd1b609a8e	7c272	কোনো ভূমি জরিপ হয়নি
dd1bbcb6f3	f1240	তিনটি ওয়ানডে খেলতে
dd1bf95756	ee994	প্রায় একশ সদস্যের
dd1c1d0366	7898e	যুক্ত ছিল না
dd1c678ace	e7230	বিশ্বাসঘাতক ক্ষমতালোভী রাজনীতিবিদরা
dd1ceec9ed	06bb7	বিভাগপূর্ব ততকালীন
dd1d02f4eb	11915	উত্তম-সুচিত্রার
dd1d7f4f57	d9b11	পথনির্দেশক পরম শ্রদ্ধেয়
dd1deb02f8	b8bf0	ওই পুলিশ কর্মকর্তা
dd1e1b5a6a	92bd8	টেবিলে বসলে
dd1f00380e	46d49	পিযুষ বন্দোপাধ্যায়
dd1f19eb54	2909b	ময়দা আড়াই কাপ
dd1f52aeb8	85430	কোনো কোনো লোকজন
dd1f7d7f44	baa02	তিনি আশুরাকে
dd1f824bff	17dcd	ও গ্রহণযোগ্য নির্বাচনে
dd1fb49c79	79b06	অ্যাস্টেরিক্সের কাহিনীগুলো
dd1ff7eec0	24f73	কিন্তু না
dd204bb271	256f5	দণ্ডবিধি বা বিশেষ ক্ষমতা আইনে
dd205fc48e	12702	সায়দাবাদ বাস টার্মিনাল থেকে
dd206ac34f	7b103	মহান মহান
dd209c5bbd	321b6	ও তার শীর্ষ সন্ত্রাসীরা
dd20edf1da	21e54	রিজভী বলেন
dd21677c81	870e3	পড়ে থাকতে
dd21717494	43b04	জবাব আসে নি
dd217d4c93	f2097	এসব অভিজ্ঞতার বিবরণী পড়ে
dd21b56537	5d12f	বেলাল মোহাম্মদের সহযোগী ছিলেন
dd22734e4d	e7230	ভাসানীর আদলের
dd227ff88a	bf530	দেশের প্রতিনিধিত্ব করতে পারা
dd22b74b31	24f73	সাধনার আলো ফুটবে না
dd22fc4bcf	f1240	এগুলোর কার্যক্রমও ভিন্ন
dd23407975	6c6bf	মিথ্যা বক্তব্য দিয়ে
dd2392ec3c	44322	সামাজিক প্রকল্পের জন্য
dd245bdeea	92f59	২০ হাজারের অধিক সদস্য
dd246b716e	bcaa8	এক কারারক্ষীর অন্ধ মেয়েও
dd247ddd40	8a46d	নামে পরিচিত ছিল
dd24c87886	b9122	গেতাফে ডিফেন্ডার আনহেল লাতিফা
dd24de7f04	cc9fd	এই হামলার ঘটনা ঘটেছে
dd2525b380	24f73	ধরুণ বর্ষা রজনী
dd259fcc08	46da4	একটি পরিচিত রূপকল্প
dd25c128cd	778c0	সংলাপে বসে
dd25e1e17b	870e3	কে দেখাবে আমাকে
dd25f8eaee	49543	মিশরের পরিস্থিতি আরও
dd26128c60	ca088	বাংলাদেশের সাবেক এই প্রেসিডেন্ট হৃদরোগ ও কিডনি জটিলতায় দীর্ঘদিন অসুস্থ ছিলেন।
dd26160987	ce629	দেশের রাজনীতির প্রতিফলনও
dd26646e3d	2909b	আমরা এবিএম মূসাকে
dd2720281e	15a75	রেশমাকে উদ্ধার করা হয়
dd273c0402	95907	পিএইচডি সম্পন্ন করেন
dd2824f17c	420df	সম্প্রতি মুক্তি পেয়েছে
dd2845cdfc	37d7e	নির্বাচনে অংশ নেবেন কি নেবেন না
dd285ff4db	58998	বিশ্বকবি কাজী নজরুল ইসলাম
dd2867b76c	d9081	পদক্ষেপ নেয়নি
dd289ede98	aa820	আমার এক বন্ধু এমপি
dd28a7ffec	80539	সম্পাদককে ধন্যবাদ জানাই
dd2a419da4	932bb	প্রায় ২০ মিনিট
dd2a90a09e	31f2a	হাশেম মামার
dd2b5d4286	1de6c	এর গড় উচ্চতা হল ৫০১মিটার
dd2b724477	ce775	ইরাকের বিপক্ষে ম্যাচের
dd2b75c85c	d2355	ট্রাইব্যুনালের রায়ের পর
dd2bbe7c07	91dff	তা দেখে তারা খুব
dd2bc48b42	4e900	চুল পড়া
dd2bd0a836	82926	মা জিকির শেষ করে
dd2c030e1d	4e900	বিভিন্ন উপজেলার ৩৪ কেন্দ্রে
dd2c3acb16	2bc73	আমার হাতে পয়সা এলে
dd2cdbcadf	b08d0	গবেষণাকর্মকে সহজতর করবে
dd2d360e26	23b22	দুর্নীতিবাজ হিসাবে তার বাবা
dd2daf774a	d9ba9	ছিলেন রসিকতাপ্রবণও
dd2ddcf787	2909b	সেবার ফজলিখালা এসেছিলেন
dd2ded0d3b	7d133	সরকার প্রতারণার আশ্রয় নিয়েছে
dd2dfa4b99	8a46d	ছিলেন প্রবুদ্ধ ভারতের সম্পাদক
dd2e1015bb	10a9f	পরের বছর ১ ফেব্রুয়ারি
dd2e66d63e	b9122	বাংলাদেশের স্বাধীনতার পর
dd2f335fff	c8f7f	তার এই নাম পরিবর্তন
dd2fee7bde	ca831	সুযোগ হয়ে ওঠেনি জুলিয়েটের
dd3035b562	49543	প্রচারিত হবে ছবিগুলো
dd304cb6c7	93080	প্যাডের পাতায়
dd30810957	2fc12	দশম জাতীয় সংসদ নির্বাচনের
dd30ec7810	778c0	একে অপরের আন্তরিকতা
dd313c97c2	870e3	শেষ হওয়ার কিছুক্ষণ আগেই
dd318594f6	a699c	বাংলাদেশী বোলারদের
dd3185cac2	f9dfb	সবটাই মানবিক
dd319aeec4	351dd	তবে সাধারণ সভা-সমাবেশে
dd31f062dc	9fa90	বলের মতো
dd3209c42a	1cb75	সাহিত্য পুরস্কার ২০১০
dd320e60a9	323f1	পাল্লা ভারী
dd321265f2	49d63	শেষ ৯০ দিন
dd3268c886	17ca1	আসাদুজ্জামান আসাদ জানান
dd327ac41d	80518	এখানে অরবান প্ল্যানারদের
dd32a6865e	7d133	আমার বাবা
dd32d66bb3	554fe	এ সময় হাকিম
dd32db6fc0	b9122	পাঠকমণ্ডলীকে বুঝাইয়া বলিব
dd33b3d44b	82926	স্মরণ করবে না
dd3403b492	bbb22	সম্মোহন
dd340f239b	66b3c	শাহীনের সারাদেহ থেতলে যায়
dd34100ce0	8edea	ইয়েমেনের পাহাড়ী ভূখন্ড
dd34570fa8	ac904	১০টি ভোট
dd34a5ba1b	943de	পায়ে চলার পথ বাড়ানোর
dd34dfed60	a43b5	রান আউট হয়ে বিদায় নেন
dd35501668	d9081	বিভিন্ন গলিপথে লুকিয়ে থাকা
dd356bc45a	321b6	অনলাইনে আবেদনকারীকে
dd35cdc35e	6c17f	জয়ের পর ১৯৯৬ সালে
dd361aaa95	1652d	কমিটি দেয়ার ঘোষণা দিয়েছিলেন
dd3662ceb1	4ea73	সম্পর্ক কোন দিকে যাবে
dd36855c40	351dd	যে সময়ের কথা
dd37038be7	c463d	পরে আওয়ামী লীগ থেকে
dd37729f1c	b9b98	ফোর্ডনগর এলাকার
dd37b6d184	948d3	আনোয়ার হোসেনকে শুধু
dd37c6cccb	1c618	অ্যাপল ইনকর্পোরেশন
dd37fa8b6a	c749e	আবরাম খান এখন
dd385a8c2d	388c9	মূল খেলা শুরু হবে
dd38e1b553	491a5	প্রয়োজনীয় স্বাক্ষ্য, উপাত্তের
dd390a5478	4fd66	৪টি চার ও ৩টি ছক্কা
dd391f05c1	b8bf0	আবেগের অংশ অধিক
dd3947a694	95907	বিবিসির সাবেক ক্রীড়া সাংবাদিক
dd3997eebe	cc18a	পীতাম্বর দত্ত দয়াময়ী দেবীর
dd3a3b352c	1f733	পরস্পরের সঙ্গে আত্মীয়তা করেন
dd3aade9e1	c6848	অনুষ্ঠিত হবে
dd3abf7153	d136b	বিদুষী মেয়ের জন্য
dd3ac43880	7ec1c	১৯৮৫ সালে
dd3af45829	3c897	বেশি সময় ধরে
dd3b070388	b00ba	তবে কেউ লিখলে
dd3b07d679	f6e55	মিতা হক
dd3ba3f80c	29d44	দেবতা আছেন
dd3bd06b68	c11b1	মহেশপুর, নলডাঙ্গা, প্রতাপ গ্রামে
dd3c02b26f	f658d	তারাও ভেবে পাচ্ছে না তাদের ভবিষ্যৎ
dd3c06b405	ca831	অনেকগুলি উপাখ্যান রয়েছে
dd3c493781	121bd	ফিটনেস এবং বিপনন সংক্রান্ত বিষয়াদি
dd3cb5b76f	64092	তাঁর সাথে কথা বলছেন
dd3cbb9a5d	14d25	সমাজতান্ত্রিক না পুঁজিবাদ
dd3cf089cc	5639c	জাতীয় চলচ্চিত্র পুরস্কারের জন্য
dd3d23b161	b9b98	মূলত স্বতঃস্ফূর্ততা ও সাময়িক উত্তেজনার বশে
dd3e1b5d7d	8c07c	কস্তার এটি ২৫তম গোল
dd3e87fae5	93bf3	বিদেশি মুদ্রার মজুদ থাকতে হয়
dd3ed06be6	717bb	রাষ্ট্রীয় বার্তা সংস্থা জানাচ্ছে
dd3f133ea5	bd576	৩ কর্মকর্তা
dd3f4a0784	24aed	জারি ছিল কারফিউ
dd3fd5204f	9092b	সংস্কৃতিতে পরিণত হয়েছেন তিনি
dd409205d3	16877	নামে এক যুবক
dd416c4549	39dd0	ইট ছুড়লে এই চালক
dd4190c871	e9fa7	সে বাসার গৃহকর্ত্রী
dd42833193	eb179	বিদেশে চাকুরী
dd4291e969	c0d65	সরকার সেই কাজটিই করেছে
dd42aa4769	06bb7	সিডিউল মতো
dd42dde7e4	ef915	সাগুদানাগুলো দিয়ে
dd434947bb	b5fdc	এই প্রকল্প থেকে ১৩২০ মেগাওয়াট
dd43ed1ea5	31f09	দশ মিনিটেই তারা
dd43fa2dab	745b7	নির্দিষ্ট বিমানবন্দরগুলোতে পা রাখবেন
dd4455de04	14d25	মি হোসেন বলেন
dd44f9c007	60b9d	ও ঢাকা বিষয়ে গবেষক
dd451b184c	52578	২ সপ্তাহ সময় লাগতে পারে
dd456b9357	e03fc	শ্রম আইনের ৩০২ ধারা অনুযায়ী
dd461a046b	5cb47	আরেকটি মামলা হবে
dd465c08d9	6dff5	রাজকন্যা বললেন
dd46812ae3	7b132	বাংলা শব্দভাণ্ডারের
dd46c52072	69449	দরকার নেই
dd47393a15	fcefa	কোন শতকের কবি
dd474f822d	01e91	বাঙালী মুসলমান সমাজ
dd478384a9	2840e	মোটা পুরুষরা
dd47d5ec0a	577fa	বাড়তে থাকা
dd483cdb0d	ced74	স্রোতের দেখা নেই
dd48aa1b72	07660	যারা আছে
dd4998b3b7	ba2f6	মূলত ব্রাউজার রেন্ডারিঙের
dd49cd204f	7ed14	দু দশকেরও বেশি সময়
dd4a247c72	06527	তারপর কি ঘটল
dd4a3d0f03	e03ce	গড়ে তোলা হচ্ছিল
dd4ba18e02	d41be	এদিকে দোকান মালিক সমিতি
dd4bfd1a8a	442b7	কো্নো বাক্যে একই অর্থে
dd4c15326c	778c0	দরজার কোণে
dd4c404a44	56508	সে কারখানার মালিক
dd4c6ec92b	809cd	তিনি ঘটনাস্থলে গিয়ে
dd4c6ed1bb	e2ba2	কোয়ান্টাম মহাকর্ষ
dd4c9acb83	e2ba2	ইসলামিক গান ডাউনলোড
dd4ca1516e	93d3b	গত ৩১ মার্চ
dd4d0dfce7	06bb7	ফুল অ্যান্ড ফাইনাল
dd4d416602	bcaa8	সংশ্লিষ্ট ব্যক্তি
dd4dce6174	2695f	একটু থতমত খায় আজাদ
dd4e4b04a5	da6f0	হিসেবে বিবেচিত
dd4e91a418	a1201	অজ্ঞাত অপরিচিত
dd4e9c463e	0606d	প্রথম দিনে
dd4f168af4	17ca1	অন্ধকারে পালাতে হয়েছিল দাপুনিয়া
dd4f17806e	91dff	সেটার ব্যাপারে ভাবতাম
dd4ff3d7d7	c5dc8	ডোনাল্ড কানুথ
dd501bdffb	0e637	সূর্যরশ্মির আপাতন কোণের উপর
dd5082ca67	e43d4	ব্রিটিশ বংশোদ্ভূত
dd5174305e	43b04	নারী হঠাৎ শেখে না
dd51a4d2e2	9813c	দৈবের ইঙ্গিত বলেই মনে হলো
dd51b815dd	1b359	তার বদলে কী হচ্ছে
dd51c57388	06736	পুলিশের তদন্তে
dd52196a73	46d49	সমঝোতার জন্য
dd52875b7b	9065c	ধরিয়া চলিলাম
dd52a85caf	c11b1	সমাজ পরিবর্তনের কর্মকাণ্ডের প্রতি
dd52c04864	23291	অনূর্ধ্ব ১৯ দলটির
dd52cb01e8	943de	মিত্রবাহিনীকে কিছু
dd52eecc98	80e98	তুমি কি বেসেছো তাদের ভালো
dd52f6839a	42898	অস্ট্রেলিয়া ৬টি অঙ্গরাজ্য
dd532e0bd1	e3d8b	আপনার খুব ভালো
dd53a846f9	0d8c1	একাধিক ছেলের সঙ্গে
dd54a74db7	25696	নিজেই বানান
dd54c280f3	31f09	এ বাড়ির ত্রিসীমানা
dd54d9af0c	a9a58	নির্ঝর এখন কণ্ঠশিল্পী কণার সঙ্গে
dd54f483eb	e9589	তাদের দায়িত্ব
dd54f8140a	b8bdd	প্রমাণ করেন যে
dd553aa06c	f2780	মুক্তিযুদ্ধ বিষয়ক মন্ত্রণালয়
dd55d57ae4	d41be	মূল ফটকে
dd5600704c	16877	ইটিভি বাংলায়
dd562aa979	16cfb	উত্তর জানতে হলে
dd56e332ec	f7a7f	এমনকি হেডার এন্ট্রি
dd570cbd1b	9642e	নির্ধারণ করবে
dd572d67f8	9282d	ট্রেডিং কর্পোরেশন অব বাংলাদেশ
dd5747e7ed	2fe3c	পার্ক এলাকা সর্ব সাধারণের জন্য
dd5778137a	d1b12	কাজ থেকে ফিরে
dd578676a7	29f8c	এত সরেস কাহিনি বেরোনো
dd58099d36	b9b98	ঘন করে শঙ্খধ্বনি
dd58ea90e1	e2ff7	পশ্চিমা দেশগুলোকে
dd595a1c05	ea8fa	শীর্ষস্থানীয় আটজন আইনজীবী
dd599409cc	d9b11	গুপি হাত জোড় ক’রে
dd59ab71f3	7a227	মা ও বোনের সান্নিধ্য
dd59b54720	1652d	কিংবা তুরস্কের অন্য কোথাও
dd59cbe65d	577fa	গল্প বলার উছিলায়
dd59d40199	12702	তিনটি গোল করিয়েছেন
dd5a56cc04	f0f95	ইরোটিক
dd5a8a0fae	a4750	নবী করিম
dd5ab854cc	93080	তার চোখে এখনো লেগে রয়েছে
dd5b0fc66f	410fa	রাস্তার কিনারের
dd5b95a09f	efc0d	জেনেভায় অবস্থিত
dd5bc5a63a	b618b	কথা হচ্ছিল কয়েকজনের সঙ্গে
dd5c08da76	56508	অন্যটিতে কারখানা শ্রমিক
dd5c319626	9092b	আমরা সংখ্যায় কম বলে
dd5ca1accc	49543	আনন্দ মিছিল করেন
dd5d048649	195f7	কিছু নিয়মকানুন
dd5d20b781	5d80e	প্রকাশ বন্ধ ছিল
dd5d51def8	ee852	যোগ হলো
dd5d8a0d5e	31f09	গুরুত্বপূর্ণ ভূমিকা
dd5dbcf16e	fda1a	মুরগির মাংসগুলো
dd5e7776c3	69449	সাত ওভার বল করে
dd5e80bcce	b9a81	চাপ ও বিধান
dd5f67231e	8632b	একেবারে নিঃস্ব হয়ে পড়েছিলেন
dd5fb01bcb	01e91	রান-আউট হয়ে
dd5fb13321	06527	স্বাভাবিক করবার জন্যই
dd60deca0b	943de	আসন্ন উপজেলা পরিষদ নির্বাচনে
dd60ecdc7f	f7a7f	আমি বাংলাদেশী
dd6139e8e8	9282d	ও তাণ্ডব চালাচ্ছে
dd61622fd7	bdd05	আমরা মামলার অনেকখানি
dd61906c5e	ef4f8	বের হতে ইচ্ছা করে না
dd61a25a53	a43b5	পরিস্থিতি সামাল দিতে হবে
dd63927212	92bd8	চাইয়া দেখ
dd639a3434	75626	আর্থ-সামাজিক উন্নয়নের
dd63a7b50d	f7a7f	মন্দিরের সামনে আছে
dd63cbe750	536d9	প্রায় দ্বিগুনেরও বেশি
dd63d9c4c8	7aed9	ঘরে ঢুকে না যাই
dd642c94e6	6fb36	এর মধ্যে আমার
dd642decde	2fe3c	বহুল উচ্চারিত একটি শ্লোগান
dd645bc6e0	195f7	ওদিকে ইউক্রেন নিয়ে
dd64f28afc	24aed	এক বিচিত্র কারণে
dd654635a0	83c53	এই ঘোষণার পাশাপাশি
dd654bb819	c5479	বন্দুকের এই হচ্ছে বাঁট
dd659638ad	91ac1	প্রতিযোগিতার শীর্ষ বাছাই
dd65deb550	a7c6f	নিরাপদ মনে করতে
dd65f60c61	2fc12	রুশপন্থি বিচ্ছিন্নতাবাদীরা
dd6625ce07	23b22	অর্থায়ন বিষয়ক উপস্থাপনা তুলে ধরেন
dd664eb9fa	e68af	তাহার মত হতভাগিনী
dd665d1fc6	616ec	তাকে গ্রাম থেকে
dd6669f2d9	28dfc	গোপনীয়তা ভঙ্গের
dd6749e128	23b22	তেলের স্তর দেখতে পেয়েছেন
dd67684d9b	e6d83	হেলাল হাফিজ
dd6799ca46	e31e7	এবং গাড়ি ভাঙচুর করেছে
dd67ad2439	f600a	বা আইসিসি কর্তৃক
dd67b42204	73629	সাপ আমার শরীর ছেড়ে
dd67bd9bce	ea5be	বাঙালি নিজেকে ছাড়া
dd67d5ea90	ff970	ওই দম্পতির বসবাস ছিল
dd67fdaff1	b8ed8	দুপুরের খাবার
dd68e6042c	4f2ae	যমুনা নিউজ
dd6902aba6	9d7bf	এছাড়াও সহিংসতায়
dd699e88fa	b9a81	না জানি এঁরা কত বড়
dd69e63c81	767ff	মিথ্যাচারের শিকার
dd69f79ed1	09b32	টকিং টম
dd6a2df913	5dec6	গ্রন্থমেলায় মিডিয়া সেন্টার থাকবে
dd6a8d5c6b	6ab59	কানা মামুর বড়শিতে
dd6ad9861e	d2faf	আরও জোর খাটাইল
dd6b0c39a2	f0f95	মা’র নাগাল থেকে
dd6bb581b5	693cb	এখন উল্টো জনমনে
dd6bd16fc4	e754e	জনগণকে বিভ্রান্ত করার জন্য
dd6bddc92b	57d54	কেননা প্রাচীন ইতিহাস থেকে
dd6bf6f802	fb4cb	এই অভিযোগ ওঠার পর থেকে
dd6c096434	0d8c1	সিনেমাটি মুক্তি পাওয়ার কথা রয়েছে
dd6c1d404a	d2294	দেখিতে পাইলাম
dd6c5100ee	bbb22	পরবর্তী দশকগুলোতে
dd6cabd767	4f450	অক্সফোর্ডশায়ারের উত্তর
dd6cf9c195	256f5	এদের একমাত্র আরাধনা
dd6d08f277	e03fc	আন্তর্জাতিক অপরাধ ট্রাইবুনাল
dd6d3c6eb6	7b103	লাগিয়ে দেওয়া
dd6d494aad	baa02	তাদের সনাক্ত করা না গেলে
dd6d586809	7d133	‘কেউ নয়’ বানিয়ে ফেলে
dd6da9cd05	64092	বাণিজ্যিকভাবে উৎপাদনের লক্ষ্য নিয়ে
dd6dabbf71	4f2ae	লাইসেন্স দেওয়ার আইনে
dd6ddac1f6	52578	যদি অবসেশন
dd6e8fb9ca	cd3ac	মুসলিম কবির ‘হিন্দুয়ানি পরিবেশে’ বসবাসের
dd6eab3634	f658d	নিজেদের রক্ষার জন্যই
dd6ef97c45	91ac1	তুলে ধরবেন শিক্ষামন্ত্র
dd6f06db70	c41d8	ওয়াই ফাই
dd6f341e31	b9a81	সে অফিস বন্ধ করবে
dd6f39c031	25696	সময় পেলে
dd6fada1d3	ee852	নতুন আঙ্গিকে বাংলা একাডেমি বার্তা
dd70a9eff8	7351e	বুধবার নিমজ্জিত ফেরিটির পাশে
dd70d5b887	0895a	তবু স্কুলে যায়
dd713c7d96	ce629	৫৪ ধারায় গ্রেপ্তার করতে
dd7171225c	2695f	এখন তারা বিষয়টি
dd7196f8b6	f658d	১৯৯তম টেস্ট ম্যাচ
dd71b7491f	4f450	এ কাজ কারও
dd73033c40	14d25	তবে একটু সচেতন হলেই
dd7360a860	fd880	বাজার করতে লাগল
dd73f84981	3faff	৮০ ভাগ এলাকাজুড়ে
dd74235661	a7c6f	সদিচ্ছা থাকতে হবে
dd7491f1d0	cb627	ক্ষমতাধর ছয় দেশ
dd751e54c7	ad98d	পরনিন্দা, পরচর্চা
dd75354871	4fc91	আজি কালি
dd75a7fa93	d3e06	সুলতানপুর গ্রামের
dd75bb6027	4ea73	গত ৯ মাসে উন্নয়ন খাতে
dd75eb757a	f7a7f	এখানে বিশেষ করে
dd761d0d40	1cb75	এক মুখপাত্র জানিয়েছেন
dd763a37a6	d0c70	কোলে একটা খোকা নিয়ে
dd7676bf19	c3cca	ভাবী
dd76795a55	4a67e	পুলিশ এর পর
dd76ebf61c	f4ba7	কি ইহা লেখা হইয়াছিল
dd786dca6e	11915	বাণিজ্যিক সাফল্যের দিক দিয়ে
dd788d7b1d	cb842	সহ-অভিনেতা জশ হারনেটের সঙ্গে
dd78e1c79e	c4973	তাঁর বর্ণাঢ্য রাজনৈতিক জীবনের
dd79574ccb	dfefa	বেকিং পাউডার ১ চা-চামচ
dd79bcf921	282d3	আরো একদফা অনুশাসন
dd79cf872c	93080	এরা বলতে শুরু করল
dd7a0011f7	13b70	সেখানে ছবি বানানো
dd7a160544	e55de	মা’কে তাই দেখাতে আসা আমার
dd7a3247e1	9b864	আসাদুজ্জামান বাবুল
dd7a761af9	f2097	জনসংখ্যা হল ১১৩৮৩ জন
dd7aa0f8a1	bf530	পূর্বানী গ্রুপের
dd7afea88c	b8bba	জমিলার মায়ের ঘনিষ্ঠ জীবনসত্য
dd7b74770b	8ba2b	অজিত দত্তের উল্লেখযোগ্য
dd7b8e2ee6	6b437	মেলার প্রধান প্রার্থনা শুরু হয়
dd7ba7da35	03284	তার কি কি বই
dd7c07a3b1	3b1f7	বাকি কাজ
dd7c66c1af	f2b7d	হালকা গরম পানি দিয়ে
dd7c7309bb	943de	লম্বা
dd7c816e18	ee4ad	র‍্যাবের সংস্কার
dd7c965f7f	c9c19	গড়ে উঠেছে জামদানির আড়ত
dd7cbcf70f	2556b	ক্ষমতাসীন কংগ্রেসের সংসদ সদস্য
dd7dd52221	f280a	বাংলাদেশ ৬ দশমিক ৩২ শতাংশ
dd7e5c9b9b	ef915	মনিটরটি খুলে
dd7f8dde10	ca088	একটি ট্রাকের সঙ্গে
dd7fc254cb	8143b	সালমান শাহ স্মরণে
dd7fccaf2f	e7230	স্বাভাবিক অবস্থা
dd7fe86d1a	1a2a1	এটি এখন এক-তৃতীয়াংশে
dd8020e783	2396d	জামিনের জন্য এখন তারা
dd8038063a	a9a58	আস্তে আস্তে মানুষের
dd805fc480	287bd	তিনি এমন কথাই বলেন
dd807a394a	71522	খবর পেয়ে সকাল ১০টার দিকে
dd8107df4d	d5f7b	চাকর-বাকররা
dd810e3865	d9ba9	এলাকাবাসী নদীতে
dd811c1b00	24aed	সৌধাবলি নগ্ন পদতলে
dd8152a2c8	bf530	দেওয়া আছে কিনা
dd819ce6ec	8c120	শুধু বিশ্বসাহিত্যেই নয়
dd821ff7af	7b103	তিন প্রকার
dd8238de61	693cb	যোগ করার সিদ্ধান্ত নেওয়া হয়েছে
dd823a0ec5	ac0df	ব্যয় বেড়ে যাবে
dd8271f1ec	72649	গ্রেপ্তার করা হয়েছে বলে
dd8278532c	e55de	দ্বৈত রাজ্য ব্যবস্থার
dd82a8ca97	086dd	বউমাকে কোথাও
dd82c37f37	f1ff2	কোন কিছু মন্তব্য করা
dd83142802	717bb	এখন তাঁর বয়স ৯৩
dd831ed353	e2c11	রোগী আরও
dd83270748	1e7c7	হাতের একটা ভঙ্গি করলেন
dd83b4db1e	767ff	আবহমান কাল ধরে
dd83e5efc4	66c6b	সত্যজিত রায়
dd84f38ea0	8c120	ক্লাসে যেতে পারছে না
dd851e6994	4e900	সম্ভবত তাঁর দুটো কন্যার নাম
dd852341b1	49d63	জবা ফুল
dd853ff33b	46d49	নাটক ইচ্ছেঘুড়ি
dd854bd7f2	6c6bf	যেমন ব্রিটেন এবং আমেরিকায়
dd8577c045	7b132	অন্তত ১ হাজার ১৩৫ জন
dd85caa000	1f733	বৃহস্পতিবার বেলা সোয়া ১২টার দিকে
dd85dd2ceb	65652	মিশ্র ঘটনার মধ্য দিয়ে
dd85dd44b1	2aecc	বিষয়ে গবেষণা চালান
dd860beb82	cc9fd	ফাজায়েলে আমাল
dd86ddc2cf	e754e	হাংরি আন্দোলনকারীদের
dd8707f411	e6d83	সেই সংস্কৃতি
dd877a82a9	b8fe1	এই স্কুলের শিক্ষার্থী থাকা সময়েই
dd88d7dfb3	c4973	বেলা ৩টার দিকে
dd8929385c	5cb47	কোনো রাক্ষস বা দৈত্য বুঝি
dd8948f34c	b8bba	নিজেদের সন্তানকে বোঝাতে হবে
dd896a7850	256f5	আন্তর্জাতিক মাতৃভাষার বদলে
dd89940fbf	3fae0	এবং প্রশাসনিক বাধাও
dd89a317cc	47e8d	কেন্দ্রীয় আর রাজ্য সরকার, উভয়কেই
dd89a91ba9	6da0a	এবং ওজনে হালকা হওয়ায়
dd89e8b85a	28bb3	আমার কিছু হতো না
dd89fe9714	f600a	গ্রেপ্তার করে পুলিশ
dd8a1e6fe9	9351a	রাজশাসনের রক্তচক্ষুকে
dd8af23ca4	7027a	বাধ্য হইতেছেন
dd8b706874	c463d	কাজল নদী
dd8ba34581	b8bdd	র‌্যাংস প্রদান করেছে
dd8c7176c9	590d0	পুলিশ সুপার কার্যালয়ের
dd8c7a3e2e	f6e55	২২০টি কারাখানায়
dd8ca32db0	d9ba9	শ্ক্ষিার পরিবেশ বিঘ্নিত করে
dd8d23b9b9	860f4	বিচারের সুযোগও রাখা হয়েছে
dd8d2d4ec3	8632b	তাদের লোকায়তিক চেতনাটা কি
dd8d3c1347	351dd	প্রমাণিত হবে
dd8d3dd5a2	dae88	বেসরকারি স্বেচ্ছাসেবী সংগঠন
dd8dcc8bfd	dafb6	ঘনকুয়াশা ও শীতের কারণে
dd8dea0210	3fae0	বামপন্থীরা মনে করেন
dd8e379e93	7b900	অক্টোবরে
dd8e84b2ee	d2d71	শুক্রবার তাদের ট্রেনে করে
dd8eff4365	089ef	নতুন বছরকে বরণ করতে
dd90b65afc	d71a3	সন্ন্যাসী লরেন্স
dd90de6106	adf01	গুজরাটি ভদ্রলোক
dd90e18511	25117	কাঁপতে শুরু করে
dd91434177	33aef	রোনালদোর দল পর্তুগাল
dd914f2a57	778c0	রচিত হয়
dd917e484b	d0c70	২০১৪ বিশ্বকাপের ফিক্সচার
dd91c3e79d	616ec	বারান্দা থেকে মেহেরাবকে
dd91dc496d	ee7b2	লিপিড প্রোফাইল
dd921a1ee1	388c9	পোকাটির বৈজ্ঞানিক নানা দিক
dd921e94eb	932bb	লিখে জীবন দিয়েছিল নূর হোসেন
dd92f9282d	442b7	এরকম আলৌকিক কান্ড
dd934a274d	3f493	লেনদেন করা সম্ভব
dd938b2d7f	ca088	বিলুপ্ত হইয়াছিল
dd93e5a92f	12702	বিএসইসির নির্বাহী পরিচালক
dd94932ec7	536d9	১৫তম দিন
dd94d2563a	d41be	জেনারেল সিসিকে সমর্থন জানাতে আমি এখানে এসেছি।
dd94f2c04d	ce775	প্রকল্পের চেয়ারম্যান
dd957afb35	06ea3	স্বাক্ষরিত হয়
dd95a045f6	84145	জানতেন না তিনি
dd95cf3355	554fe	নতুন এই ফ্লাইওভার
dd962b52bf	7297e	মহিলা ভাইস চেয়ারম্যান পদে বর্তমান ভাইস চেয়ারম্যান শোভা রাণী হালদার ও শিরিনা দৌলত মনোনয়নপত্র জমা দিয়েছেন।
dd9653c2df	29f8c	কালকের ম্যাচের দিকে
dd96a51475	f7a7f	বর্তমানে ছয়টি কক্ষ নিয়ে
dd96aaa967	91ac1	সবগুলো অভিযোগই
dd9705bbee	07660	সে যাই হোক
dd9717c840	4bd2c	পুরো সময় ছিলেন স্নেহা
dd974ff778	c749e	পুরুষের প্রতি
dd975cb968	39dd0	অনুষ্ঠানটি বিবিসি বাংলায়
dd978f737d	64092	বেশ কিছু দোকান পাট
dd97c6d7e1	d9817	তার সহযোগিতায় সফল
dd97d7a317	acb88	এগুলো অনেক
dd97f3ba97	410fa	অর্জন করবে তারা
dd9893f5aa	4dd57	প্রায় শতভাগ অনুপস্থিত
dd98a2255a	f1ff2	এছাড়া পাবেন পাটের তৈরি
dd98f584a4	80505	তাহাকে নিহত করিলেন
dd995ba95c	420df	নায়াগ্রা জলপ্রপাত
dd9a184329	e3f89	কবির কল্পনার এই তাৎপর্য্য
dd9acb8a1a	4c1eb	বেপরোয়া গুলিবষর্ণের এক পর্যায়ে
dd9b2be93e	db735	মোটর হল
dd9b5858a0	ac904	সাভারের পৌর মেয়র
dd9b5fd2ee	8143b	ভোট দেননি
dd9b70a8f3	c6848	আমি নিজে ছোট বেলা থেকেই
dd9bdc4cef	35ef3	শুভ বিকাল
dd9bf0531f	a46e2	১৯শ শতকের
dd9ceb0e28	c173f	রানা প্লাজা ধসে পড়ে শত শত শ্রমিকের মৃত্যুর ঘটনার এক বছর পূর্ণ হতে যাচ্ছে আর কয়েক পরেই।
dd9cf30a88	42898	শুধু এগুলো
dd9d3bae1c	509f6	রাজনৈতিক পরিচয়ধারী
dd9d8cd14f	05901	বেশ দুঃসাধ্য কাজ
dd9e0ee43c	e6203	তখন মনজিলা বলে
dd9e571d68	0606d	দুই ভাই ওয়াল্টার প্যাগেট
dd9e8bf33c	7898e	পোড়ামন
dd9f3384c4	66b3c	ভিড় জমে উঠে
dd9f4d3729	29d44	আমার কথা আসছে কেন
dd9fb623d6	e8dde	তিনি কিছুদিন আগে
dd9ffe860e	730c3	বাংলাদেশে প্রচুর
dda0e22f4f	c1e30	ফালুদা
dda155cbd9	4f2ae	ভেঙে পড়লে
dda1b607cb	91b16	স্বর্ণের মার্কেটে ব্যবসায়ীরা
dda1ec42ff	91223	বেশ অস্পষ্ট, বিমূর্ত
dda2316940	ac904	যা চাঁদে অবতরণ করে
dda2c8bcda	b618b	ভুল বেরোল
dda35229cd	ce775	চিঠি পাঠাবেন
dda35827be	82926	সংবাদ মাধ্যমগুলোতে
dda3d62501	7b900	মাঠের কিনার ঘেঁসে
dda3e252b7	91b16	দিতি
dda452ad8c	388c9	পাকিস্তানকে সারা পৃথিবী
dda480d3dd	8c07c	আর সেই উদ্যোগ
dda4bdaa5b	aabe7	এক প্রশস্ত জলাশয়ের
dda4f36a52	a06a1	বাংলা ১৩৪৫ সনে খ্রি. ১৯৩৯ কুমিল্লার বিশিষ্ট বুদ্ধিজীবীদের উদ্যোগে সাহিত্য পরিষদ কুমিল্লা শাখার এক সম্মেলনের আয়োজন হয়।
dda517076f	ff1c3	শুকনো মৌসুমের ব্যাপ্তি, উচ্চতা
dda55f969a	e8dde	বাংলাদেশের স্বাধীনতার পর
dda569191d	21e54	রাখতে পারেন নি
dda56ba53e	bcaa8	টেলিফোন অ্যানসারিং মেশিন
dda59467b0	2de86	বালিতে একটি সিদ্ধান্ত
dda5a18fa6	f0f95	আমাদের শ্রম আইন
dda5f3291d	932bb	মায়ের আশকারা পাইয়া
dda68bd67a	315e9	বোমা তৈরির সময়
dda6a1e437	24aed	নিজ বিভাগের ছাত্রীদের
dda6a771f6	3bb15	তার পক্ষে ট্রাইব্যুনালে
dda818dfcb	554fe	আগের চিঠিতে বরাবর
dda84864b7	3d17c	এবং অন্যান্য কট্টরপন্থী দলগুলোর
dda84f75b0	c8f7f	পেঁচিয়ে থাকা সাপ
dda918665d	577fa	বাংলাদেশের সরকার
dda94724c0	91223	মুদ্রা
dda9b2e6a9	2de86	৩৫০ থেকে ১ হাজার টাকা
ddaa2cda8d	1e7c6	তাকে জিডিটাল টাউট হিসেবে
ddaac5ef24	b52ab	নতুন পেশার
ddab2e7fde	7027a	ওরা রাখতে দিছিল
ddab35930e	4c1eb	কিন্তু এর করুণ শিকার ছাড়া
ddab653dc4	ea5be	এ পোড়া সংসারে
ddabf69315	31f09	ও ৭০-এর দশকে
ddac5a0396	c2082	গ্রেগসন সদম্ভে কথা গুলি বলল
ddad47fd97	43199	জবাব দেবে
ddad6f4097	91230	ব্যক্তিগত আক্রমণ
ddadba3a85	f658d	তার পর সেই রাক্ষসীর গর্ভে
ddae13ae91	121bd	শাহীন তৃতীয়
ddae39b67e	06e62	তদন্তের জন্য গত কয়েকমাসে
ddaece7125	e55de	সব ক্ষেত্রে নেপালের সঙ্গে
ddaed010be	8632b	চালু করা উচিত
ddafab5b3d	9351a	ট্রান্সলেটর
ddafb90833	93080	নানা ধরনের পণ্য
ddb07d3317	ab946	শীতকালে পানির প্রবাহ বাড়লে
ddb08fcd4a	23291	এক গৌরবময় ইতিহাস
ddb0a79212	52578	জগতে প্রসিদ্ধ করবে
ddb0af94b4	698a4	ছেলেটি বলছিলেন
ddb0d080f4	d9b11	অনুষ্ঠিত বিশ্বকাপও
ddb0d467ca	baa02	দুপুরে বরের গাড়িবহর
ddb16a839f	66c6b	এর আগে রুশ-পন্থী সৈন্যরা
ddb1759a4a	d9081	প্রদীপে জ্বলিবেন
ddb18c6180	05901	গত ১০অগাস্ট
ddb1938713	91dff	ফ্রান্সের বিখ্যাত প্যারিস বিশ্বমেলার
ddb1d3c53c	f89d7	বেড়ার কিছু অংশ নিয়ে
ddb25dad95	9c8dd	রিপোর্ট প্রকাশ করেছে
ddb3012a9c	9813c	অক্কলকোট, ভারতের
ddb3459844	42898	নুরুন্নবীকে আটক করা হয়
ddb35caac6	e2ff7	দ্বিতীয় দিন ২৬ ফেব্রুয়ারি
ddb3a77376	eecdd	এখনো স্থানীয় হিন্দু সম্প্রদায়
ddb413230c	7b132	এতদিন কি আল্লাহর উপর
ddb427483e	b78ec	ভাবতে শুরু করেন তিনি
ddb44bfe96	39293	লক্ষ্য করিয়া
ddb45fb91c	ef4f8	বাংলা খবর
ddb4d1db33	80539	প্লিজ এই আসছি
ddb4ec2f99	07660	তারপরেই তারা ঠিক করবে
ddb53d29b1	5d80e	গিরিশ এখানে তোমার কেমন লাগে
ddb55d58ca	d41be	ছবির দৃশ্যে
ddb57fcf44	75936	একটি আলোচনা অনুষ্ঠানে অংশ নিয়েছি
ddb5a577c7	e00db	ও গর্ভস্থ শিশু
ddb5af0844	d8c80	ছবিটির পরিচালনা করবেন
ddb5bdddee	194f5	কোন ব্যবস্থা নিতে দেখছিনা
ddb626a58e	92bb2	অবর্তীণ হতে হবে
ddb6a32c94	ad98d	এয়ারলাইন, ফুড ইণ্ডাস্ট্রির মতো
ddb7136555	ce629	দিনটাই মাটি হবে
ddb7517c46	6dff5	স্বপ্নে আঁকা নবীন আলো
ddb7883221	a4750	হাম বলার পর বলেন
ddb7f50e24	5dec6	নিয়ন্ত্রণ করছে
ddb8b25c6d	d8c80	আকষর্ণীয় এ মোবাইলটি
ddb8c42cd7	d82d9	পশ্চিম বাংলার মানুষের মধ্যেও
ddb95e0dc5	e6e48	চায় না পরিবার
ddb9b13293	2ac82	বশীকরন মন্ত্র
ddba6c7696	11915	জনপ্রিয় গাড়ি ন্যানো
ddbae29d7b	c7a89	বাদ দিয়েছিলেন কোচ
ddbb759643	c7a89	সিরিয়ার সংকটের
ddbb92b46d	2ecf8	লঞ্চডুবির ঘটনা ঘটেছে
ddbcd2a458	d82d9	হামলাকারীদের গ্রেপ্তার
ddbce9678f	fb4cb	তিস্তা নদীর পানি বন্টন প্রশ্নে
ddbd0033ab	1b359	সবুজের নিসর্গ ভরা
ddbdd648cc	7df87	সরকার পরিস্থিতি নিয়ন্ত্রণে ব্যর্থ হয়েছে
ddbf30ff3e	09b32	প্রথমে যে ট্রিলজির
ddbf9c0545	16a17	শীর্ষে উঠল অস্ট্রেলিয়া
ddbfd4a3eb	37e17	জানানো হলে
ddbfe94314	1652d	ঘোড়া থামিয়ে
ddc0478f3f	f1ff2	সেইখানে লইয়া গিয়া
ddc04e2b37	f143a	মিডিয়া ও ক্যাম্পেইন
ddc04f7609	e8dde	শাক-সবজির দাম
ddc106a333	ad2a0	এই ভাবটিই তো জেগেছিল
ddc21c451a	dec2d	নেদারল্যান্ডসের বিপক্ষে
ddc22a3a1f	7898e	আর একটার চেয়ে
ddc353b81f	18460	প্রধানমন্ত্রী বানাতে
ddc394308e	e6e48	রাজনৈতিক দলগুলোকে
ddc3ca1b47	6dff5	আজি কালি
ddc43336a0	fbb81	আগুন নেভাতে
ddc55cd64a	4bd2c	তুমি কি ধোনি
ddc58b6340	b08d0	ঘুরে তান ধরেছি
ddc5c2023c	b8bdd	সৌর বিদ্যুৎ
ddc6056d31	c4973	অন্তত চারটি চালান
ddc62d17d4	cb627	গল্প আদায় করে
ddc68afa82	d7a68	কিছুতেই তৈরি হতে পারে না
ddc696019d	4164f	অগ্নিকাণ্ডের ঘটনা ঘটে
ddc7b8e36b	a3a6d	পঠিত শিশুসাহিত্যে
ddc81d1efc	11915	পরামর্শ নেয়ার জন্যই
ddc920f63b	9fa90	এক হাজারের বেশি শ্রমিক
ddc95ec1a3	5d12f	বারমুডা
ddc993f789	ef915	তৈরি করা হয়েছিল
ddca8ed885	ad050	অতিরিক্ত স্মার্ট ও অহংকারী
ddcaab8148	85430	ওই সময় তারা
ddcb01406d	967fd	আমাকে আবার টেনে নিলে
ddcb518d32	b8bba	সাত খুন মাফ সেদিন
ddcbbe8293	f1240	জন্ম ১৮৩০, মৃত্যু ১৮৯০
ddcbc2573e	8ba2b	৭৫ সালে
ddcbce621f	f2097	কেজিপ্রতি প্রায়
ddcc14e509	9813c	তার পিঠে
ddcc7cb598	698ff	অতিক্রম করতে পারবে
ddcc9faef5	121bd	গেয়ে যাচ্ছে আমাদের
ddccefd5de	9092b	টুইটারে ভক্ত
ddcd1df8f0	1cb75	মাথার মধ্যে বারবার ঘুরপাক খায়
ddcd636825	24f73	বোঝা গেল না
ddcd7e9dc1	d9b11	তা নিশ্চিত করবো
ddcdc889aa	f2780	গহ্বরের নীচে
ddcdfb640b	e2ff7	সালাফি মতবাদের
ddce352cfb	e6752	২০১১ সালের ২১শে মে
ddce7f65df	93bf3	একবিংশতম রাউন্ড শেষে
ddceafce65	28bb3	সৈয়দ হায়দার আলী জানিয়েছেন
ddcf3c6f5d	323f1	অভিযুক্তের আইনজীবীকে
ddcf86998c	4fd66	ফলে বিক্রিও কমে গেছে
ddcfc0740e	e6752	স্কুলের প্রায়
ddd05c64e1	24f73	ভারতে ৮২ কোটির বেশি মানুষ
ddd07d225e	616ec	আমি গ্রামে গিয়ে
ddd08a6254	bfac7	বাহাদুর হয়ে উঠেছে
ddd0fb57d4	f83df	দৈর্ঘ্য ও প্রস্থে
ddd1dece8a	590d0	তাই চলচ্চিত্র সংশ্লিষ্ট সবাই
ddd2108551	3fb17	একরামুল হক দুলাল
ddd23abcb0	07660	নাম দেওয়া হয়
ddd2b0b278	b2a62	বিক্ষোভকারীদের ওপর
ddd302a276	ff970	অধিক সমস্যার সম্মুখীন হচ্ছেন
ddd36ce5d1	0b7ca	জন্মগ্র্রহণ করেন
ddd3715fa5	a3a6d	যে কারুরই তাতে
ddd3b043aa	cb1aa	তিনি প্রেসিডেন্ট নির্বাচিত হয়েছেন
ddd446fff4	18a52	বিছানা থেকে
ddd46507cc	15a75	প্রয়াস চালিয়ে যায়
ddd5c71f64	7f71c	ছিলেন একজন আইরিশ মহিলা
ddd5db5194	bfac7	এক ও অভিন্ন সত্তা
ddd6bb1598	287bd	সাভার এনাম মেডিকেল কলেজের
ddd6bd9c7e	c173f	এটিই হবে এই আদালতের
ddd6bf5126	dec2d	বেসেছিলেন শশী থারুরকে, পুরুষকে
ddd7b32e8b	06e62	এগুলিতে বেশ কিছু
ddd7f1b6e5	43fc0	বাসে যেতে
ddd8406361	bd576	তা আরও বিভ্রান্তির
ddd8e7a670	1cb75	তারা নামাজও পড়ে
ddd9686074	256f5	দলটির
dddb1d129f	32c77	বর্তমানে খালি নেই
dddbb628d5	577fa	সব দেওয়া শেষ হলে
dddbef8c2b	f2780	দেশটির প্রেসিডেন্ট বেনিগনো এ্যকুইনো বলেছেন মৃতের সংখ্যা আরও বাড়তে পারে।
dddc157787	195f7	এক ঝটকায় পায়ের বাঁধন ছিঁড়িয়া
dddcb4efcf	f600a	পুরুষদের মতোই নারীরা
dddcbf511e	c41d8	১৯২৭ সালে
dddcfc5d60	cc18a	সংখ্যা ছিল ২৪টি
dddd1957f4	53396	সোনার আংটি
dddd5d9c53	c6848	চেষ্টা করেছিল
ddddbddac3	5dd61	তৎকালীন পাকিস্তান আণবিক শক্তি কমিশনে
dddddced87	976b1	সবচেয়ে ব্যাপক সহিংসতা হয়েছে
ddde2129be	dfefa	ছুটে গিয়ে জিজ্ঞাসা করল
ddde9c2d1a	6da0a	তড়িৎ প্রবাহের
dddedbbb89	6d129	সর্বোচ্চ ব্যবস্থা নেয়া হয়েছে
dddedbcd82	ced74	পুরো যুক্তরাষ্ট্র জুড়েই
dddf2639b9	91223	কবি সন্ধ্যাকর নন্দী
dddf4eafd6	4dd57	দশ ওভারের মতো
dddf721de2	ea5be	সত্য কথা
dddf753a86	71522	কয়েকজনের মৃত্যুদণ্ড হয়েছে
dddfafdcf6	b2a62	ও ফুটপাতগুলোতে
dde0131e7c	ce629	দুনিয়ার মাটির মত
dde155de0a	e7230	স্থানীয় সময় বিকেল চারটের পর
dde15a30d9	b9122	ভদ্রলোকটির বুটের লাথি
dde1b2a639	8632b	সবচেয়ে প্রাচীন কালের
dde1b7e494	7d133	তুই উল্টা আমাকে
dde1c1632a	0c39f	আলাপকালে দলটির
dde1e19cf4	0b7ca	হুইস্কির তাজা গন্ধে
dde233a216	7aed9	একটি প্রতিফলন থাকবে
dde2423245	bfac7	তাদের সংহতি জানান
dde284d35d	e2ba2	নতুন দিল্লির
dde2b548ba	2fc12	পৌছানো যায়
dde383888d	22096	বাইরের ডিসকোর্স
dde3dc0785	c6848	চিত্রকলা বিষয়ে
dde449d8de	06527	তিনি প্রমাণ পেয়েছেন
dde4be395f	dfefa	ছয় হাজার চিকিৎসক
dde4d7f5a5	f658d	আধুনিক চিত্রকলার প্রতি
dde55345d8	29089	কত মানুষের লাশও
dde5f929d7	c2082	তাঁর মৃত্যুতে কলম্বিয়া আজ
dde63758d1	31f09	এটিই প্রথম আনুষ্ঠানিক অস্ত্রচুক্তি
dde6adb5e1	d9817	চুক্তি হওয়ার কথা ছিল
dde76cc22e	554fe	এবিএম মহিউদ্দিন চৌধুরী
dde798026a	44322	আলোচনা করতে হলে
dde7a2ebef	4dd57	রাহা আমার প্রথম ছবিতে
dde7cc82a1	03284	মূল অনুষ্ঠানের সঙ্গে
dde8195d99	b618b	আজ শনিবার দুপুর
dde8708c05	e9759	আর কামান দাগানো থামালে
dde87be105	903fa	মার্কিনিরা আনবিক
dde8950605	5639c	ভিলেন
dde8ab8c75	1652d	আরেকটি সুযোগ নষ্ট করে আবাহনী
dde8c7d55f	351dd	যুক্তরাষ্ট্র সংঘাত চায় না
dde8e3daea	b2a62	অতিক্রম করবে ইসন
dde9b88622	eaa7a	ঢাকার মোহাম্মদপুরে
ddea3efcf0	693cb	মার্ক টালি আরও জানিয়েছিলেন
ddea84539e	491a5	জাহাজের সহযাত্রী
ddea8f8fda	520fb	ইসি খসড়া বিধিমালাটি আবার
ddeaeb0bcf	83c53	২০০১ সালের ২৭ আগস্ট
ddeb055a53	698ff	রূপান্তরিত বললাম কারণ
ddebfc2193	5e80b	চোখ সরু করে
ddec0fad3c	f600a	কখনোই নারীদের
ddec233a1e	cb1aa	আলাদা আলাদা প্রতিবেদন তৈরিরও
ddec76350b	71522	বলে মনে হয়েছে
ddec7f673c	f1ff2	জানুয়ারির ভোট সমীক্ষায়
ddecd195e4	91ac1	কিছু সুফল বয়ে আনলেও
ddecf68588	e00db	একজন গণধর্ষিতা হলেন
dded5c3d1f	ca831	৮. পশ্চিমে বেশিরভাগ প্রযুক্তি প্রতিষ্ঠানেরই
dded7bc03c	1652d	হেফাজতের সমাবেশে আসা
ddedb38f93	509f6	উত্তীর্ণ হতে পারেনি
ddee0bb15b	f0f95	রাষ্ট্রভাষা দিবসরুপে
ddee25a4b4	f1ff2	ইসলামিক ছবি
ddee4ff813	0f047	কার্যালয় সূত্র
ddeedf94e6	b8bf0	কাজ করতে চায়
ddef01397f	3bea8	এসময় তিনিও
ddef843e6a	4dd57	লিখতে বসিনি
ddefbbdef2	3c897	কমপক্ষে একজন
ddf03c1219	75626	রাজকন্যা বললেন
ddf0586371	72649	আমার চোখে কি পড়ছে
ddf06e31f9	d5f7b	অনেক দেরিতে
ddf19959e8	ce775	গামছা বিক্রি
ddf1b1b7a9	32c77	হতাশ হয়েছিলেন ভক্তরা
ddf1b3a154	2aecc	একটি প্রতিবেদন দেয়া হবে
ddf2244bec	35ef3	ভারত ঘোষণা
ddf27a3f93	33814	জরিপেও তার প্রতিফলন ঘটেছে
ddf28c9f70	7d004	কোণঠাসা হয়ে পড়েছে
ddf296bfe2	c11b1	সরাসরি
ddf305efe6	d9ba9	বেতন মাত্র
ddf30a0840	acb88	অহোরাত্র যে টেলিফোনটা
ddf3760060	6d129	বক্সের ঠিক বাইরে থেকে
ddf398d107	dafb6	ওইটাই তার দোষ
ddf3acc4e6	5e80b	পর্তুগিজ ফরোয়ার্ড লিওনার্দো সুয়ারেস
ddf3bbe4c4	aab0f	কৃষি ও মৎস্যজীবীরা নানা ধরনের
ddf42cce84	e6752	তার পাশে দাঁড়াই
ddf46004cd	8edea	একই এলাকার
ddf4b7164c	ca831	মতিয়া চৌধুরী বলেন সবার মধ্যে সংবিধান মানার মানসিকতা থাকলে সংঘাত এড়ানো যাবে।
ddf5a66840	71522	সোমবার ইস্তফা দেন তিনি
ddf5c0d851	46da4	কেউ ঘুণাক্ষরেও জানতে পারে না
ddf5fc250d	ee852	মা’রা ছেলেদের ক্ষত মুছে দিয়ে
ddf64bf1b6	82926	যদিও এটা আমাদের জন্য
ddf6e1cd9c	5354e	জারুল ফুল
ddf71b3399	d82d9	অন্তত আজ না হলেও
ddf71d65fd	adf01	নতুন বার্তা
ddf740585f	69449	বিধ্বস্ত হওয়ার কারণ
ddf772dad9	0f047	উঠে আসে আশার সঙ্গে
ddf776f79c	256f5	যার ফল দেখা গেছে
ddf7fc66e0	a1201	তিন শিক্ষার্থীকে
ddf814cf1b	d136b	ক্রিকেট বোর্ডে
ddf8b9ee9d	c8f7f	এ পর্যন্ত ১৫১ আসনে
ddf8d28c99	54e68	আদালত শুধু সন্তানের
ddf917e460	93080	একটি অঙ্গরাজ্য
ddf91ab7da	1cb75	গোয়েন্দা গল্প
ddf999a2bb	52578	সাংগঠনিক সফরে আরও আসেন
ddfa0815e3	7027a	অ্যাকটিভিশন ব্লিজার্ড
ddfa8a0d50	d1b12	অর্থ পাঠান
ddfac2e797	43fc0	ফিসপ্লেট খুলে ফেলে
ddfb0a0906	0f047	বিশ্লেষণধর্মী বা গবেষণামূলক বইয়ের সংখ্যা
ddfb796a25	4a918	বিড়াল
ddfb7b564d	4ea73	তাদের পক্ষে ধারণ কিছুটা কষ্টকর
ddfbae6638	e2c11	চেনা মহলের বাসিন্দা
ddfc325b52	2fe3c	আর অভিবাসান্তরের দর্শী জীবন
ddfc67a9fd	0a7a0	দুটো উল্লেখযোগ্য বৈশিষ্ট্য
ddfc6e9599	b5fdc	আমরা তিনশো লোক পারছিনে
ddfc83a16a	a9a58	বক্সের ভেতর
ddfce6c4ee	e50f1	সাপ্লাই চেইন ম্যানেজমেন্টের অংশ হিসেবে
ddfd078947	2de86	দেয়ার জন্য
ddfd96e547	85430	বিচারের সুযোগও রাখা হয়েছে
ddfdc9edb8	315e9	ওই রুলের ওপর
ddfdcf97ee	a916a	ডেসপিকেবল মি টু, দ্য ক্রুডস
ddfdfd6e39	2556b	গাঙচিল সাহিত্য আসর
ddfe177042	35ef3	ডিগ্রি ভর্তি
ddfe3d91c9	d136b	কথা বলতে হলো
ddfe6ae9d2	e3d8b	বিশেষ ঘটনাটা শুধু
ddfe77789a	06527	যেটা সাধারণ মাপের
ddfe8fb999	ad050	একটু কাঁপায়
ddfea783b9	46da4	বারবার পর্যবেক্ষণ করতেন
ddfedbdec2	e43d4	এবং এই সম্পর্ক
ddff48b52c	b52ab	অতুলপ্রসাদ বাংলা গানে
ddff90758f	3fae0	দশম মিনিটে
ddffc6836d	4dd57	সকলি আসিয়া ধরে
