e9000f1f3c	9d7bf	ডাল-চাল ধুয়ে নিন
e9004c3bfb	f600a	প্রতিনিধিদের নিয়ে সংসদ চলছে
e90053aae7	93d3b	পরিচালক ছিলেন বোর্হেস
e9005a4390	29bab	টেস্ট ক্রিকেট ইতিহাসে
e9008a5284	8143b	তিনি সওয়াল করে বলেন
e900b9e7d8	6ab59	প্রস্তুতি নেওয়া হয়েছে
e900d2baf9	388c9	২৮ হাজার ৭১৯টি
e90115032c	adf01	ঝোঁকটি বুঝতে হবে
e9011da7fa	cc9fd	মোঃ রেজানুর হক জুয়েলের
e901ad33d8	42898	ক্রিকেটে সব ধরনের পরিবারের
e901ea80ef	351dd	কুমিল্লার দাউদকান্দির
e902691929	d8c80	হতে বাধ্য
e90281cd83	e9fa7	এমপি রনির গ্রেপ্তারের খবরে
e902895e14	9d7bf	দেশটিতে কয়েক হাজার মানুষ
e902aec8fc	f89d7	পুলিশের বিশেষায়িত বাহিনী সোয়াত
e9031aded5	ca831	আমি একটু খাওয়া দাওয়া করি
e90321d991	0bace	মেঘবালিকাদের সঙ্গে
e903312073	e6e48	৪ পয়েন্টের ব্যবধান নিয়ে
e904064c6c	4a67e	দ্বিগুণের সমান
e90475b9a3	6c17f	এক ধরনের নতুন
e904aa5cbd	80be1	আবুলের প্রাণটা জুড়িয়ে যায়
e904aeb779	b618b	ভন্ডামীর একটা সীমা থাকা দরকার
e9052b135a	a1d4a	দেখি দেখি
e90559a8b2	e43d4	শনিবার বিডিনিউজ টোয়েন্টিফোর ডটকম
e9056f9a5c	a7c6f	একই রকম ভালোলাগা
e90577f4ec	23b22	ঘাম গড়াচ্ছে
e9057a8c79	15a75	চুরি করতে পারে না
e905f1ddcd	e03fc	সাধুজনের ব্যবহার্য ভাষা
e90616976b	948d3	অ্যালবামের কাজ শেষ করব
e9063838d3	fbb81	বোনের সঙ্গে ভাইয়ের
e906f24c3a	49d63	ফেডারেশন
e9080f78b2	9813c	দুই অংকের প্রবৃদ্ধি হয়েছে
e9084831aa	72649	পাশাপাশি ভারী বৃষ্টির ফলে ভূমিধ্বসের ঘটনাও ঘটেছে।
e909212ef7	44322	জারি করে জাতিসংঘ
e90994c863	1de6c	সরকারি প্রতিনিধিদলের সঙ্গে
e909fa020a	0606d	আসছে দুবাই থেকে
e90a038e66	e754e	তাহাতে মূল প্রতিপাদ্য বিষয়ের
e90a32148f	33aef	১৩১তম দেশ
e90abae469	0f047	যে কথা উঠেছে
e90ae12985	cc9fd	প্রতি মিলিলিটারে ৫০,০০০ একক
e90af1651b	d9b11	কবি সুকান্ত-সাহিত্য পুরস্কার দিয়েছিল
e90b612511	43fc0	আমি সেগুলো খাওয়ার
e90c17688e	12702	পাশ্চাত্ত্যগণ ঋষি বিনিয়োগাদি না জানিয়া
e90c7b5da5	d9817	সেবাব্রত গ্রহণ করেন নাই
e90c93ed67	195f7	আলুথালু কেশ
e90cc2a70c	e3d8b	এবং গতিশীল করার জন্য
e90da551e0	ce629	অঞ্জলি ভরে জল নিয়ে তর্পণ করছিলো
e90daabf2a	bbb22	পরিবহন মালিক-শ্রমিক নেতারা
e90e2e4fce	23b22	অবস্থান নেয়
e90e592a1a	2de86	বাজারে আসতে শুরু করেছে
e90e708671	f0f95	তাদের বদলে যাওয়া চেহারা
e90e9ca94c	a699c	শহীদ চেয়ারম্যান বাড়িতে
e90f408238	39dd0	নির্বাচন-কালীন সরকার
e90fc21edf	c0965	পাঠককে সচকিত করে তোলে
e90fe00158	80518	ফেসবুক বা সামাজিক যোগাযোগ মাধ্যম
e910244494	1c618	যুদ্ধাপরাধীদের চারটি কুশপুত্তলিকা
e91026f05b	92bd8	আমাদের স্বাধীনতা অর্জিত হয়েছে
e9106341a9	baa02	থলের ভিতর
e910a84244	bc81e	যেমন মরুর ধূসর আস্তরন
e91178756e	903fa	মাতৃভাষা সবচেয়ে
e911c69112	2de86	নির্ধারণ করবে
e911d72863	58998	ঢাকা ও সাভারের
e911ec4143	a4750	পাউলি দাম
e911f5f402	fb4cb	অত বড় অভিনেত্রীকে
e9121ffa1c	d9ba9	নিরাপত্তার স্বার্থে মহানগর পুলিশ
e912296e71	f4ba7	চিহ্নিত করা হয়েছে
e9128e63c9	2bc73	বিচার দাবি করেন
e913b719e3	d9b11	হিসাবে রয়েছে
e913b8deb8	6973e	জাফলং
e9140690e3	91230	নিবন্ধন করেছে
e91493dcf1	f29bf	মর্গে পাঠানো হয়েছে
e914ea56b4	ce629	এলাকায় একটি যাত্রীবাহী লেগুনা
e9157ea074	0895a	অস্ট্রালেশিয়া, পলিনেশিয়া
e9159d907b	eecdd	একবার নিজের মুখের দিকে চাইব
e915d00ad1	d9817	তিনি রাবারের স্বাদ পান
e916454eff	430b2	দেশের রাজনৈতিক দুর্যোগ
e9165b091e	d2faf	একই কাজের
e9167e996b	c958a	যে কোনো বয়সেই হতে পারে
e91690c260	4bede	ডাল আমদানি হয়
e917c27658	e2ba2	তৃণমূল পর্যায়ে
e917f3393c	e9fa7	মোহাম্মদ মোরসির
e918616a09	2909b	জামাত
e91868731d	a9a58	তখনকার জন্য
e918bb39de	1a4a9	তিনি এই দলটিকে
e918ddbee1	a43b5	আমারে
e918eef5a3	12702	উপন্যাসের পাণ্ডুলিপি
e919372e38	17dcd	এবং এলাকায় তিনি
e919ae8538	967fd	দেখা দিল
e919ff9a4c	3bb15	কিছুটা স্বাভাবিক হওয়ায়
e91a06cf23	577fa	অন্নদাশঙ্করের অনেক লেখা
e91a734e69	32b3e	শেষ মুহুর্তে মমতা ব্যানার্জী ওই চুক্তির সরাসরি বিরোধিতা শুরু করেন।
e91a9ec653	bc81e	অদূর ভবিষ্যতে
e91ab071bd	2fe3c	পর্যবেক্ষণ করেছে
e91ab1a695	c0965	সোনারগাঁও উপজেলার সনমান্দি ইউনিয়নে
e91ad6e2ce	13b70	আদালত সোমবার
e91ae84034	8406e	ডিমের রং হয় সবুজ
e91aed417e	6fb36	মিরপুরের শেরেবাংলা
e91b1a151e	153c9	এবার ভয় পেয়ে গেলেন
e91b280ed2	c11b1	তুই যদি চিনতি আমায় পরানের পাখি
e91b3c0333	42898	যথাযত কর্তৃপক্ষের
e91b75a810	8632b	৩ এপ্রিল পর্যন্ত
e91b79b4f9	a916a	নামপ্রকাশে অনিচ্ছুক
e91c2495f9	bdfc1	নথি তলবের জন্য
e91c450a78	9d7bf	স্বীকারোক্তি রেকর্ড সম্পর্কিত
e91c6c3c51	bcaa8	দ্বিতীয় ইনিংসে
e91c9a30c1	fda1a	পড়ে মারা গেছেন
e91d058cbe	2396d	কাজে রূপান্তরিত করিয়াছিলেন জসীমউদ্দীন
e91d08c369	39293	বিস্ফোরনের পরই
e91d246054	cc9fd	জনসংখ্যা হল ১১৩৮৩ জন
e91d24eeb7	ac904	ঢাকার গুরুত্বপূর্ণ সড়কগুলোতে
e91d8c485a	e8dde	আমি খুব আনন্দিত
e91d929ba7	3bea8	এবং আচার জনপ্রিয়
e91db09373	91230	৩১০ কোটি টনের মতো
e91de92855	880ae	সার্ক নেতাদের
e91e3fe142	d3e06	অপূর্ব হাসান বিবিসি বাংলাকে জানান
e91e5050e0	f1240	রোববার সকাল আটটায়
e91ec79bfa	1279e	নানা উপায়ে
e91f6fba97	f7a7f	এই প্রথম রায় হতে যাচ্ছে
e91fc22130	b8fe1	বদরুদ্দোজা সাগর
e920110acb	0606d	অব-রাজনীতি স্পষ্ট হয়েছে
e920237ea2	28bb3	৪ জন ও
e92052dca6	46da4	খবর অনুযায়ী
e9209e7279	7b103	তা হলো_ এস্কিমোদের মতো জীবন
e920f6507a	c7a89	গার্মেন্টসে আগুন লাগলে
e921cfd1f2	3fce2	সব মিলে বেশ
e9229538a9	7027a	তার ভেতরে থেকেই
e923098623	8edea	অত্যাচারিতা ওই মেয়েটির
e9231981ce	05901	বিনা প্রতিবাদে
e9231e8c3c	eb179	বি ডি নিউজ ২৪
e9235cc461	52578	ফুটবল খেলার ইতিহাস
e923d7dd8b	28bb3	ইরানের পরমানু স্থাপনায় ইসরাইল হামলা চালানোর পরিকল্পনা করছে এমন আশঙ্কার পরিপ্রেক্ষিতে ইরান এই প্রস্তাব দেয়।
e9253e5a14	bcaa8	মৃত্যুকালে তার পরিবার
e925437d64	c958a	শনিবার বাতিল হয়েছে
e925703d5d	c7a89	মন্ত্র
e925aaa321	778c0	কেয়ামত
e925dc9788	65e30	বিইআরসি চেয়ারম্যান বলেন
e926604475	25117	নিশ্চিত হলেও রানি বা আদিত্য
e926d54ed1	323f1	আগাম ধান কাটা শুরু করেছেন
e926f69566	3bb15	স্বাধীনতাকামী এক সংগ্রামীর ভূমিকায়
e9270286ab	5e80b	সংযোগ নেওয়া হয়
e9284c4f4e	d9b11	১৯৫২ সালের এইদিনে
e92884a9c7	0895a	বিরহের চিঠি
e928bb137c	2556b	নিষ্ঠ মুসলমান ছিলেন
e928e1966a	0895a	২০১৫ সালের ২৯ মে
e9295ae799	d9ba9	পরিহার করাই
e929906a69	5d12f	ওয়াসিম আকরাম
e9299d507c	4c555	জানান শার্শা উপজেলা পরিষদের চেয়ারম্যান
e929e944ee	f2b7d	যাঁদের অসম্ভব গর্ব
e92a74d6f0	2f547	তালিকাও উদ্ধার করেছেন
e92a77e632	5dd61	যন্ত্রপাতি ছিল হাড় নির্মিত
e92ad41b59	d9b11	অনুমোদন সাপেক্ষে
e92b5a7518	8edea	বাড্ডায় হৃদয় নাই
e92bd417fe	a3a6d	নুরুল ইসলাম
e92bfa52fc	12702	আমার না যেয়ে উপায় নেই
e92bfcf156	aab0f	মাছ ধোয়ার পর
e92c66ed06	4a67e	বুয়েটের আর্কিটেকচার বিভাগের
e92c8a83f6	31f2a	এমনকি স্কুলে
e92ced6b50	91230	রেমিটেন্সের গতি
e92d271dba	18460	চেতনার মানুষ ছিলাম
e92e2a06c2	32c77	রবিবার ভোরে
e92eb7a831	3fae0	কয়েকজন সংসদ সদস্য
e92efed8bd	e3d8b	রাষ্ট্রপতির মরদেহ রাখা হয়
e92f1bb7b1	0d9f1	শিশুটিকে উদ্ধার করা হয়
e92f367a8c	44322	ভেসে আসছিল উৎকট গন্ধ
e92f5a22e3	b78ec	যা আমি সবশেষে বলছি
e92fc1ac84	1c618	তার সামনে গরু চড়ছে
e92ff459a1	80505	সেখানে সমৃদ্ধির স্বপ্ন
e930b373d2	693cb	খুব শিগগিরই এমন পরিস্থিতির পরিবর্তন হবে বলে কেউ মনে করছে না।
e930edbe3b	fbb81	কথা কহিতে লাগিলাম
e9310019b8	dafb6	তা নিয়েও অনেক
e931204913	9b864	জনসমস্যা নিরসনে দীর্ঘমেয়াদি পরিকল্পনা
e9319fdc0b	21e54	স্থানীয়দের সমর্থনও পেয়েছিলেন
e931f13346	49543	মাজার জিয়ারত
e9324635d9	38ff0	টিভিতে সরাসরি সম্প্রচার করা যায়নি
e93255d6ec	52f27	এন্ড্রয়েড ফ্রি নেট
e93351702a	7ed14	আমাকে ফাঁসিয়ে দেওয়া
e9337019a1	f1240	আর হবে না আগের মত
e9338be8d1	430b2	স্বর্ণ ও হীরক
e93430f710	fcefa	যোগাযোগের চেষ্টা করে
e93434c992	68549	নয়াদিল্লি থেকে
e93471fb66	ad69a	ওসি লিয়াকত আরও জানান
e934723602	d9b11	কোন শ্যাম্পু কি কাজ
e934875b40	a1d4a	কোন ধরনের রাজনীতি
e9349df401	5354e	তদন্ত কমিটি গঠন করেছে
e934f8d705	9fa90	তিনটি ছবি ছাড়া
e934fe8394	16877	ঐ ব্যক্তি নিহত হয়েছেন
e9356535bd	7a227	জনপ্রিয় মার্কেটপ্লেস ইল্যান্স
e935b0a62d	967fd	নতুন যন্ত্র কেনার পর
e935b54ef3	e68af	অর্থ না হলে
e935e60b86	9e923	কিন্তু বাইরে থেকে
e936405b9a	6dff5	জনমনে আস্থা ফিরিয়ে আনতেই
e93681c222	5dec6	একসময় ১০০ থেকে ১৫০ ফুট
e936d34a03	577fa	শিরোপা জয়ের প্রত্যাশা
e936d68313	1b359	একবার সে অবসন্ন হয়ে
e9371d5f5e	09b32	নিজ দক্ষতায়
e9376b5d41	6973e	দুর্ঘটনার পর মালিকপক্ষ থেকে এই অগ্নিকান্ডকে নাশকতা বলে চালানোর চেষ্টা করা হয়।
e937b49af9	b00ba	সংক্রান্ত কয়েকটি লৌকিক
e9389b506e	ced74	সকাল থেকে বন্ধ থাকায়
e93995ac8c	d2faf	যেখানে যুক্তরাষ্ট্রে কালোবাজারে
e939b0dc0d	d71a3	আহ্বান জানিয়েছে বিজিএমইএ
e939c7be17	bc81e	নকল-এ নয়
e939fd569b	274ee	বাড়তি কোনো খরচ ছাড়াই
e93a915fe2	c3cb3	সুফল বয়ে আনবে
e93acbcafe	d7a68	ও-পারে না যায়
e93adbcaf5	1e7c7	৪ মাস পরে
e93ae91d8f	5dec6	কর্মব্যস্ততার কারণে
e93b6e1f2d	7b60a	আর যেহেতু
e93b750d15	5d12f	লিপি তার
e93bcc32c1	943de	আমরা প্রথম ঘন্টায়
e93c214ba9	0744c	তবু এক একবার
e93c4f4cee	430b2	সান্ত্রীর বুটের আওয়াজে
e93c77bd5a	086dd	বিষয়টি নিশ্চিত করা হয়নি
e93c9e8d5d	355c1	বিজয়ী হয়েই
e93cedc5bf	fbb81	শাস্ত্রীয় সঙ্গীত শিল্পী
e93e1f3f71	b8bba	সদরঘাটের উল্টো দিকে
e93e91d540	ee852	অতি স্পষ্ট হইয়াছে
e93eef4ea5	29f8c	ওয়েটিং রুম
e93f1d61e5	282d3	লোপার জন্মের সঙ্গে সঙ্গে
e93f85a97f	0a87a	আমি পুরোহিত
e940eb3f29	4164f	দিনরাত মেয়েদের সঙ্গে
e9411e757f	717bb	বিনিময় যোগ্য
e94148da39	2ee04	চষে বেড়ানোও নয়
e941d9f1b5	f1ea4	সামনে আরো কিছু আসছে
e942298d81	80518	কখনো মিছিলে
e942a5a3b6	554fe	সেটাকে পাতালপুরী বলা হইল
e942c2cc98	b9b98	এলাকায় বিজিবি মোতায়েন করা হয়েছে
e9430289cf	dec2d	আদৌ কম ছিল না
e9432cfb53	3f875	নতুন অ্যালবামেও
e943e28449	577fa	মা’র আলমারিতে পাব
e94455d005	f2b7d	আনবারের বাইরে
e94456a5ea	d2faf	অনুষ্ঠান সাজানো হয়
e944871224	66b3c	বেশ কিছু সংস্থা
e9448d9246	6aac8	মিলান সমর্থকরা
e94515a2a4	b8ed8	কবি আর জীবিত নেই
e94537b0b6	acb88	আবু সৈয়দের গলার ডানপাশে
e9454c5dab	e6752	অক্টোবর-ডিসেম্বর ১৯৮৬
e94667f530	5e80b	উন্নয়নকে কীভাবে ব্যাখ্যা করব
e946949cf8	e50f1	ঢেকে দিয়েছিলাম
e947340984	92bb2	সমার্থক হিসেবে
e9473ddf9b	46da4	বিক্ষোভ করেছে পোশাক শ্রমিকরা
e9474cbbd5	17ca1	তার জবাবতো সময়ই দেবে
e9477b5054	323f1	এই ভারতবর্ষে এলো না
e9478862b1	b618b	সেই যুদ্ধের অন্যতম ইংরেজ কমান্ডার
e9479f79a1	d0c70	ভিয়েতনাম যুদ্ধের ইতিহাস
e94857d687	bdd05	বহু মানুষ
e9491647d7	f29bf	তাকে চলে যেতে বলেন
e9492de0cb	95907	অভিনয় করেছেন শাকিব খান
e949509293	91dff	তারা সংসদে আসতে চাচ্ছেনা
e94975427c	93d3b	যার মূল লক্ষ্য
e94a5cf969	9d46f	কোনোদিন একটা লাইন
e94a9b1fc2	590d0	কবিতা পড়া হত
e94b76be3a	c9c19	তার সাথে একটি
e94bb0704c	3fae0	এ সমস্যার
e94c5957f9	43199	আমরা ভূত নই
e94c739c74	39dd0	ভ্যাঙ্কুভার ও সিয়াটলসহ ডজনের বেশি
e94cbc2046	82926	যা ছিল তাই চলছে
e94cdf2812	83c53	যখন চট্টগ্রামে ছিলেন
e94d439e4d	88654	একটি চরিত্র
e94da30a1c	121bd	নাইফ থেরাপি হিসেবে পরিচিত
e94db32fa1	d2294	এবং গ্রামাঞ্চলে
e94db39857	eecdd	পাসপোর্টসহ সব কিছু পুড়ে গেছে
e94e0709ed	dafb6	ক্রেন ও যান্ত্রিক প্রযুক্তি ছাড়াই
e94f0cc99c	b8bba	সাহায্যে অপরাধের
e94f39b895	aa820	ইতপূর্বে জাপানে পাঠায় যুক্তরাষ্ট্র
e94f9f8ed4	91ac1	এখানেই মরবে
e94fc9a8a3	4fbd1	বল ফিরে আসে
e94fdb442e	287bd	ধষর্ণ
e9506ed8b9	23b22	দখল করে নেওয়া
e9511c94fb	bc81e	থাকতে পারে না
e951378733	47e8d	আপনার খারাপ লেগেছে
e951637990	0e637	বাহিনীর মহাপরিচালক
e951d6336a	8cf95	নীল তিমি
e951e696eb	3fce2	অ্যান্ড্রয়েড
e9521a8af6	64092	ছোট-ছোট
e9523086fc	ee886	বিশ্ববিদ্যালয় ক্যাম্পাসে
e9531b79fd	c11b1	৪০ মিলিয়ন মার্কিন ডলার
e9531e638a	f2097	বান্দিগিরি কইরা
e9532fb05a	0d4cb	চলচ্চিত্র একটি ইতিবাচক
e9536c6156	aa820	সবচেয়ে ভয় করে
e953d062b6	f1240	প্রফুল্লদের বাড়ি
e95424c3bd	16cfb	তার কাজ করে দেবে
e9543acd42	c41d8	২৮১টি আসন
e9549c2262	91223	আদায় করা হয়েছে
e954fa6230	b4ea7	যান চলাচল
e9553b7e34	ba2f6	বয়েস অফ বাংলাদেশ' নামে
e9556a6281	0edef	অভিনেতা, লেখক
e956520856	e9fa7	একদিন ঐ ঝুঁড়িটা
e956578b54	17ca1	যাহা ‘আন্তর্জাতিক ডাক সংস্থা’
e95671c5b2	28dfc	এদের রোষে পড়েছেন
e956b5b830	410fa	সাগরিকা
e956e4e381	1de6c	বুঝতে সাহায্য করে
e957190efd	420df	না করার জন্য
e95764f28c	14d25	চাঁদনী
e95822f0a7	76329	প্রথমার্ধ শেষ করা
e95829e1f1	86b1b	এরশাদুল বারী এরশাদকে
e958434c32	adf01	নাসির উদ্দিন ইউসুফ
e958ebbb41	c3cb3	গুরুতর আহত হন এরশাদ
e9591cc814	03284	তখন অজস্র জ্যোৎস্না
e95930fcc6	ac0df	ঐশী রহমানসহ
e959409e66	33aef	বিয়ে বাড়ি
e959631c54	4ea73	১৫ হাজার ৮৬৫ জন ছাত্রী
e959c7a0ec	52578	বরিশাল বিশ্ববিদ্যালয় ক্যাম্পাস
e95a07798f	58998	যতদিন বেঁচে থাকবেন
e95a443a80	b8ed8	কয়েক কোটি হিন্দু পুণ্যার্থী
e95a88f617	95907	দারুণ লিখেছেন চঞ্চল ভাই
e95aafa5aa	56508	এশিয়া'র দেশ ফিলিপাইন
e95b2e191e	b2a62	মার্কেটে যেতেও
e95b5f2ed3	f280a	ওই সময় তারা
e95b6560df	72649	ঢাকার বাইরে মুক্তি দেওয়া হবে
e95b81cc08	d9081	হ্রাসের জন্য
e95bc9f3dd	e6e48	কর্কট রাশি
e95c78c477	9065c	উচ্চারণ করেছিলেন
e95cfe09b3	9c8dd	শুনতে পেলেন না বলে
e95d06e6d2	7df87	পরিচয় এবং পুরনো সম্পর্ক
e95d3127ed	0744c	বিরোধী জোটের সমর্থক
e95d587b9b	9f25e	এক্সভিদেওস
e95d5cfbb7	8cf95	চাকমারা আরাকানের
e95dde28f6	8845d	মাথুরে লুপ্ত
e95e51fabb	11bd2	পীরের অবশ্য কোথাও
e95ec0aa4e	f7a7f	আমাদের কীভাবে এ রকম
e95ede124b	7df87	জ্ঞানীরা বলেন
e95f39470b	4f2ae	এই গাছটিকে বেছে নেন
e95f759af9	4fbd1	তখন পর্যন্ত আমি
e95fe38da7	3fb17	কিন্তু তা সত্ত্বেও শিক্ষকরা
e96012cf2e	82926	খোলা আকাশের নিচে
e9603a0a54	870e3	ক্লাসের জ্যাঠা ছেলে
e9607a29fb	554fe	নির্বাচিত শিক্ষার্থী
e9611d1a6a	a274b	তরুণ কসবার টিআলী ডিগ্রি কলেজের
e961886f5f	b00ba	জাজ মাল্টিমিডিয়া প্রযোজিত
e962d10c68	c8f7f	আরও ৫৫ জাতের গরুর জিন
e963f958b6	6973e	পার্শ্ববর্তী দেশে
e9640cdc10	68549	রাস্তাঘাটে মেয়েদের সঙ্গে
e9641c7489	767ff	নিয়ন্ত্রণাধীনে রয়েছে গ্রন্থাগার
e965401db1	e68af	লুটোয় পাথরে জল
e965476a75	2d98b	সাদামাটা টিনের চাল
e96582fc8a	52f27	এই কাণ্ড ও মর্মজ্ঞান
e9658a5d45	5cb47	ভূমিহীন পরিবারের বদলে
e965b5a141	7f2ef	নিয়ে যাওয়া হলে
e966054c6f	d9817	এর আমেজে হৈহুল্লোড়ে ব্যস্ত
e96616d171	7b900	শিক্ষকরা জানান
e9664d6789	09b32	তাঁর শেষ টেস্টের খেলায়
e966c7c196	d711f	বিশ্বকাপ ফুটবলের ফিকশ্চার
e9670569e4	b5fdc	ইউক্রেনের কর্মকর্তারা বলছেন
e967376017	1b359	এডমিশন 2014
e9673ca5e6	24f73	পাওয়া খবরে জানা যাচ্ছে
e9673d27f2	1f733	দই রেসিপি
e96787898e	dafb6	এর পর থেকে তার কোনো
e967929fcb	693cb	আগামী ৫ বছর ভ্যাট মওকুফের
e967e77f70	4e900	দুর্যোগ নিজেই ঝিমাইয়া পড়িল
e9681b25b8	11915	পুরস্কারটি গ্রহণ করেন তিনি
e968350890	18460	অভিভাবক আলম শেখ বাদী হয়ে
e9686d44d4	a9a58	এতটা সম্পর্ক বিরহিত ছিল
e96884b7fa	8c120	কায়িক, বাচনিক
e968f25e4f	bdd05	উদ্ধারের লক্ষ্যে
e9694b225c	536d9	মুক্তিপণ দাবি করা হয়েছে বলে
e96a926be2	778c0	এ সংক্রান্ত তথ্য-প্রমাণ
e96ab5cd4f	491a5	এক খণ্ড প্রকাশিত হইতে পারিবে
e96b51a256	b08d0	সংগঠন ত্যাগ করে
e96b92d731	2fc12	তার শ্রদ্ধাজ্ঞাপনে
e96bcad110	9e923	মনোনয়নপত্র প্রত্যাহারের শেষ সময় ২৪শে এপ্রিল।
e96c071e8f	a06a1	মনেপ্রাণে অংশগ্রহণ করেছেন
e96c51b358	3bea8	অনলাইনে কেনাকাটার
e96cdfa3ca	509f6	ফেসবুক, ব্লগ, ইন্টারনেটে ইসলাম ও নবী মোহাম্মদকে নিয়ে কটুক্তিকারীদের সনাক্ত করতে নয় সদস্যের একটি তদন্ত কমিটি করেছে সরকার।
e96cfd2c31	e50f1	এত কিছুর পরও
e96d9b748d	0606d	এতে একটা নিজস্ব
e96dba6e7e	ee886	এতে বিরোধী ১৮ দলীয় জোট
e96df1c9a6	12702	গ্রেফতার করে র‌্যাব
e96e66374b	6b437	ক্যাঙ্গারু ১ হাজার ৮৫০ থেকে
e96e6ed307	c9c19	বরং শরীরের পানি
e96e781f32	d71a3	এত মূল্য দেওয়ার
e96f19e212	9065c	আমেরিকার বাজারে
e96fc5a974	7b132	ট্রেড ইউনিয়নের
e9710148d8	06736	সেন্টমার্টিনে বহুতল ভবন গড়ার
e9715b80dd	53396	উঠে দাঁড়ালেন
e9718a6986	1e7c7	‘কাস্তে’ কবিতায় ভিন্নার্থে
e9718f57f7	e6752	ঢাকা আর্ট সামিট করার
e97231a20f	e03fc	যখন ভারত স্বাধীনতা লাভ করলো
e9726ab45c	577fa	পাঁচু তার ঢোলকের পয়সা দিয়ে
e972837f4e	ee994	মিন্টো রোডে
e9728d5887	520fb	টসে জিতে বাংলাদেশ নেপালকে
e97354b3a0	315e9	১০টি সরকারি ডেন্টাল কলেজ
e973ed2070	d9817	পর্যায়ক্রমে বিকাশ লাভ করে
e97412a11f	71522	কাঁচামাল চট্টগ্রাম থেকে
e9741815d5	2ee04	তসলিমা
e974282cd1	0d9f1	তাঁর সেই সময়কার গাওয়া গানে
e9742e3ba8	d2355	কালো পতাকা মিছিল
e97467b143	5e80b	তেলাপোকা মাঝে মধ্যে
e974ff03fa	0633a	একজন ফরাসি রসায়নবিদ
e9774f8c1f	870e3	তাই তার সঙ্গে
e9776bd5e6	ee994	কারণ প্রেক্ষাপট অতীত হলেও
e9779f59c0	b4ea7	নিরীহ ছিলেন তিনি
e977a59a81	778c0	পরিত্যাগ করিলেন
e977d2506b	2b883	মৃত আমিন উল্লার ছেলে
e9785c1768	491a5	নানা গ্রন্থ ও দলিলের
e9797ecac7	ec91c	জ্যাঠামশায়ের মুখের দিকে
e9798342e2	cf82a	রবি শঙ্কর মৈত্রীর
e979d954cd	5dd61	খাওয়ানোর কর্মসূচী ছিল
e979df27f1	6e8cb	একটি খনিজতেল অনুসন্ধানী জাহাজকে
e979fcebbc	0a7a0	ভালো ফল করতে পারে
e97a223279	73629	প্রসব করিত না
e97a5e5f7d	18a52	অক্সফোর্ডে শিক্ষাপ্রতিষ্ঠানের
e97ac13f3e	d1a48	রোমাঞ্চ নায়ক কোয়াটারমেইন
e97b02c5e5	39293	চুম্বকশক্তিকে কাজে লাগিয়ে
e97b3673f9	c1e30	শরীর বানাতে
e97b3c330e	adf01	শুধুই একজন কবি
e97b489e92	6aac8	গ্রামের ছেলে-বুড়ো
e97b498cf8	2fe3c	ভোর সকালে
e97be88b11	46d49	পাহাড় থেকে
e97bed1e64	d9817	নইলে টিভি চ্যানেল ছেড়ে
e97bf7406e	e754e	খুব ছোটবেলায়
e97cc4930b	ee4ad	স্থান দেন
e97d131d83	ee994	ছয় থেকে সাত ধরনের
e97e245c5d	31f09	ঢাকা মেডিকেল কলেজ মর্গে পাঠানো হয়েছে
e97e3615e0	35ef3	পরিবার খুব একটা নেই
e97e605874	9c8dd	এই জেলি খেতে মজা
e97e664148	d9081	রাধাচূড়া
e97e9291f4	75f18	তাকিয়ে বললাম
e97eef73dc	ee4ad	এদিকে সংসদের বাইরেও চলছে
e97f07c674	0c39f	উদ্যোগ নেওয়া হয়েছে
e97f91c23b	2ee04	একটি চিরস্থায়ী দাগ কেটেছে
e97ff0c4f1	1652d	পাশাপাশি তার দেশত্যাগে
e98049f0cf	8cf95	বাংলাদেশ দল
e980efaae0	0d8c1	দুর্ভাগা যুবরাজ সিং
e98124fc03	d2d71	কাপড়টি ধুয়ে ফেলুন
e9824a7df8	a916a	নির্বাচনকালীন তত্ত্বাবধায়ক সরকারপদ্ধতি
e982c947e9	693cb	হামলার কথা
e982d2beea	f1ff2	হুক্কা হুয়া
e982da2340	8cf95	পরম আনন্দে
e982f85440	d711f	চিকিৎসা সেবা দেয়ার বিষয়ে
e98338ea19	e754e	বাংলাদেশের কর্মকর্তারা বলেছেন
e98341584f	3ccf1	আমি দলের সাথে ছিলাম
e9834ae006	6d129	রক্তাক্ত পংক্তিমালার গান
e9837043e2	5cb47	তার বাকি জীবন কি তাহলে
e983887e7b	b8bba	বাস করছে
e9838fdc83	eecdd	একাই এগিয়ে চলেছেন
e9839c1071	ee886	সঁপে দিয়েছি আমি
e983e3a67c	46da4	আমার সন্দেহ হচ্ছে
e983e55731	b8fe1	তুলাতলী গ্রামের
e984162e74	0e637	ধর্মীয় প্রসঙ্গগুলো
e9848dfe34	b8bba	যতক্ষণ তোমার স্টেপ
e984d9334e	53396	নির্বাচনী ইস্যুগুলো নিয়ে
e984f3a641	7df87	এতে খরচ হয়েছে
e985491012	7f2ef	ইসলামের বিধান অনুসারে,
e98577692c	80518	রবীন্দ্রনাথের ছোটগল্প ‘শাস্তি’ অবলম্বনে
e9857f066d	b8ed8	আতলেতিকো দ্বিতীয়ার্ধও শুরু করে
e985bb7bff	9282d	হিন্দি ভিডিও গান ডাউনলোড
e985f28043	dae88	নিউটন ঈশ্বরকে
e986d34b6f	c3cb3	এবং জলঢাকা উপজেলায়
e986f74bee	f29bf	অনেক সময় লেগেছে
e986fe04bb	ad69a	গোয়েন্দাদের জানিয়েছে
e987b7fa94	a06a1	আমাদেরকে সময় দিয়েছেন
e987cc16e8	ff0fe	অরুণাচল বসু,
e987d5cf74	46d49	কবিতার খাতা
e987f32408	9d398	৭টা ৩৫ মিনিটের দিকে
e987f47a56	d1a48	ফিলিপাইন
e9885330df	fb4cb	উদযাপিত হয়
e9890a8d6f	9092b	তিনি সন্তুষ্ট হতে পারেন নি
e9892398d4	3fce2	বাগানের ভেতর দিয়ে
e989550d29	976b1	কিছু সফট বাটার ক্রিম
e989a94824	86b1b	আয়োজক হিসেবে
e989bd84df	4e900	বললে চলে
e98a8e0b33	38d3a	১ হাজার ৫০ টাকা
e98a95e9d0	c3cca	আটলান্টিসের মহাক্ষমতাধর রাজা
e98ac3951f	f280a	চিন্তাশীলতা’র ভূমিকাই প্রবল
e98b1d07fa	ca831	পিঁপড়েটাকে হাতির মতন দেখা যায়
e98c18825f	9065c	কিন্তু ইতিহাসের কোথাও
e98c1d213d	35ef3	অভ্যাসটা আমাদেরও হয়ে গেছে
e98c753f55	194f5	এর উল্লেখ আছে
e98d1ddbe4	a274b	পুরুষের ভালোত্বের ওপর
e98ddb9811	6e6fa	এবং তিনি আটক নেতাকর্মীদের
e98ddc7c1e	6aac8	২০১৩-২০১৪ শিক্ষাবর্ষের
e98edf1cde	15a75	ইংল্যাণ্ডের অর্থনৈতিক অগ্রগতির সঙ্গে সঙ্গে
e98f06b6bb	08458	মায়ায় আবদ্ধ করিয়া
e98fee988f	6ee5f	আর নৌকা সাপের মত সাঁতার দিয়া
e990100cb2	37d7e	তার পপ জগতে আসা
e990b33d8e	7f71c	প্রতিবারই প্রত্যাখ্যান করার
e990dd979a	ee7b2	তার পারিবারিক একটি
e990fd53a1	93d3b	ফয়েজ কখনো
e990fe9550	32998	লন্ডন
e9913462a4	16e96	মানুষ মেরে ফেলা
e9915a2197	ef915	তোমার সঙ্গে
e99167ace4	0e637	যৌন মিলন করতো
e99173eacd	16877	বিভিন্ন পার্টিতে তাদের
e992ac86b2	4a67e	খোদাদ্রোহীদের বিরুদ্ধে
e992b85869	43fc0	বিটিআরসিতে আগ্রহপত্র জমা দিয়েছে
e992c3be65	239f7	কবির বলিয়াছিলেন
e992e587ab	05901	পোকার আতঙ্কে
e99307dff5	5d80e	কয়েকগুণ বৃদ্ধি পেয়েছে
e993546695	1f733	কয়েকজন মন্ত্রী
e9939a963f	f143a	টেলিভিশন ক্যামেরার সামনে
e994941632	7ed14	এমন আধুনিক চিকিৎসাবিজ্ঞানী
e994c1a4b5	ff1eb	পহেলা বৈশাখের দিন
e994d3176f	14d25	দোকানগুলোর দরজা-জানালা ভেঙে ফেলেছে
e994dde621	9813c	যদি ব্যবস্থা থাকতো
e994f7524f	91ac1	আমার দরজার কোণে
e99635b36d	91223	ভারত-বাংলাদেশ সীমান্তে
e9963793dd	7ed14	সে অনেকগুলো
e996a76e89	92bb2	পাটের দাম বাড়িয়েছে
e996babc3b	52f27	শতাধিক লোকের মৃত্যু হয়েছে
e996c1b009	e31e7	অনেকের মতোই
e99795c55c	d0c70	গরিবদের কথা মনে হ’লে
e997bd55bd	11bd2	শেষ হয়ে গিয়েছিল
e9983bb6d6	430b2	তার সাফল্যের বছর
e9985ec114	46da4	এ সময়সীমার তারতম্য
e998a57632	a06a1	আসর বসবে শুনেছিলাম
e998eb4485	7d133	জবানবন্দি ও জেরা
e9991f1970	e6203	অরুন্ধতী রায়
e99935aad1	e31e7	পাতার মতোই
e9998d46cc	2840e	এ মাসের গোড়ার দিকে
e99a8d5b43	f4ba7	ম্যাচ সেরা হয়েছেন
e99acce0ca	4a67e	বেপরোয়া হয়ে উঠেছে
e99af2b5ef	7b60a	নজরুল পরিবারের পর
e99b075152	93bf3	ছোট দুটি শিশুকে নিয়ে
e99b459695	d9817	হেরোইন
e99bb958fd	11915	সর্বোচ্চ সাজা মৃত্যুদণ্ড
e99c8c94c5	f143a	তবে একইসাথে
e99c8c97ae	4a918	এভাবেই নাকি সুখী হওয়া যায়
e99cdbb6eb	12702	তাদের নামগুলোও বেশ
e99e02e5e9	4f450	বিজেপি একাই পাচ্ছে ২৪৯টি
e99e15b0c5	b8bf0	তাহাতে শঙ্করভাষ্যের অনুবাদ থাকিবে
e99e5618a9	2d78f	ভারতবর্ষের ছেলে
e99e576b4c	53396	সরকার এবং বিরোধী দলের
e99e61a5a2	88654	তসলিমা নাসরিন
e99f41a8a4	71522	তোমাদের কাছে করুণা
e99f5166eb	7b60a	সে ঐ বাবা-মায়ের নামও ব্যবহার করতে পারবেনা।
e99fb4ef63	5b13f	অব দি ফ্যামিলি
e99fbe071b	06e62	মিছিলটি ঢাকা-গাজীপুর সড়কে পেীঁছলে
e9a0514d83	32998	সামরিক বাহিনী সমর্থিত
e9a06d51f7	a43b5	আগের ৫০ বছরের সমান
e9a07f8629	7027a	হালে এতো মাতামাতি হচ্ছে
e9a083529a	c7705	শুভজ্যোতি ঘোষের সাথে
e9a090d43c	95907	কাজ বলে সন্দেহ
e9a18c4991	1652d	তখন উদ্ধত বরাভয়
e9a1fe7e61	fbb81	ডিজিটাল মানে কি
e9a2493186	aabe7	রাখা যাক
e9a25e216d	0696e	একেবারে উত্তর দিকে
e9a28bf7b5	d9817	বাথরুম
e9a2b54c5d	388c9	সিরিয়ার বিরোধীরা যাতে
e9a3191746	2c9c5	আধুনিক বর্ষপঞ্জি অনুসারে
e9a322f129	13b70	রড জাতীয় কিছু দিয়ে
e9a367f004	4486f	এ যুগের চাঁদ হলো কাস্তে
e9a3fc956b	e2f12	পা চালিয়ে
e9a43e0105	80518	ক্লাস যাতে নির্বিঘ্নে চলে
e9a4e8459e	9092b	অভিযান চালাতে পারিনা
e9a4ec215c	4164f	যখন তাদের উপরে
e9a52feea4	16877	কক্সবাজার হোটেল
e9a59b3fd8	442b7	নতুন স্বপ্ন দেখতে
e9a5ed046c	195f7	এইবার একটা বউ হইলেই হয়
e9a66d7fef	44322	মাসুদ হাসান খানকে বলছিলেন
e9a6b11a0c	c7705	তবে কর্তৃপক্ষকে অসম্মান করার বিরু্দ্ধে
e9a6fe9887	6ee5f	গ্রামের পর গ্রাম
e9a7370b24	08458	এসব অবতারের
e9a753287c	4bede	তাহলে যেখানে
e9a7663369	69d9a	অবুঝ মন ১৯৭২ সালে মুক্তিপ্রাপ্ত
e9a782d7bd	f4ba7	জয়ের ওই সাক্ষাৎকারটি
e9a7a84f7a	239f7	সেগুলোর ব্যাপারে
e9a7b38660	c0965	প্রচলিত মাদক নয়
e9a82557b3	aa820	সালোকসংশ্লেষণ কী
e9a854b58d	17ca1	পুজো করি আমি
e9a90dc2c9	e03ce	একটা আলোচনার পথ
e9a9cc7a41	2695f	উমেদ খানও
e9aa22b414	cc9fd	সেখানে দ্বিতীয় জানাজার পর
e9aa406aa7	43b04	অস্ট্রিয়াকে নিজেদের সাথে
e9aa490091	acb88	মানিক পীরের ভক্ত
e9aa7c0c55	4a67e	কতটা জারি আছে
e9aa9976ce	d3e06	দেলোয়ার হোসেনের ছেলে
e9aad0b430	7f2ef	ভারত তাদের
e9ac2119d4	809cd	জন্ম ২৬ জানুয়ারি ১৯৬২
e9ac7ab434	b8bba	বয়কট
e9ac804b11	9b864	তাহাই করিব
e9ac914935	8143b	মাছ তাজা রাখতে হলে
e9ace8922c	3fc9d	বিশেষ আলোচিত ছিলেন
e9ad10795b	a4750	অভিযোগ করেন তিনি
e9ad81dd59	f1ea4	তাদের মূল দাবি
e9adbf57d0	bf530	আত্মীয়-স্বজনদের যোগাযোগ
e9ae269faf	2ad74	রাজধানীর সাথে
e9ae2df77c	f4ba7	মরফিন নামক
e9ae6dc28a	b7be9	প্রত্যক্ষ ও পরোক্ষভাবে
e9aeaedf32	c958a	আমি করি না
e9aef6415f	f2b7d	র‍্যাব এর ভ্রাম্যমান দল
e9b01c06ec	11bd2	বাংলায় নির্মিত হয় ‘কাবুলিওয়ালা’
e9b03968e0	c4973	উঁচু বাড়িতেই ছিল মানুষ
e9b07878ca	6aac8	সরকারে থাকলে
e9b0839bca	590d0	আবার বৈঠকে বসলেন
e9b0ade6b6	0d9f1	পুত্রকে শিখিয়ে পড়িয়ে
e9b0b1baf4	80be1	জুলাই ১১, ২০০৮
e9b0bd57b0	c6848	ঢাকার গল্প শুনি
e9b0c39b15	d8c80	যাদের আমি চিনি না
e9b0f53735	cd3ac	যুদ্ধ-বিগ্রহ বন্ধ হয়নি
e9b0fff1e4	4fc91	শিবগঞ্জ
e9b15ffc82	0b7ca	প্রডিউসারদের কাজ নয়
e9b1eaf6e2	b8ed8	এখন কি শুধু আক্ষেপোক্তি
e9b2869627	39dd0	আশুলিয়ার তাজরিন ফ্যাশন্সের
e9b29ac586	c7705	বেদ যে ঋষি-প্রণীত অর্থাৎ মনুষ্য-রচিত
e9b373bf71	b8bf0	পাশাপাশি সে এও বলেছে, তার বয়স তো ১৮ বছরের কম, তাই নিশ্চয়ই সে সংশোধনের সুযোগ পাবে।
e9b3872758	a1201	অর্থচুরি সংক্রান্ত জটিলতা
e9b40f50c6	93080	ওই ট্রেনগুলোতে
e9b4b37da1	5b13f	বিশ্বের অন্যান্য দেশে
e9b538ecbd	8b859	ক্যাপসিকামগুলো কেটে দিন
e9b54ab0d8	60f77	বিক্ষোভ কর্মসূচি শুরু করে
e9b574ca6a	91223	শনিবার সকাল থেকে
e9b5832775	35ef3	বলা চলে দরকষাকষির ব্যাপারে
e9b5e232e1	bbb22	এটা জাতির জন্য লজ্জাজনক
e9b5f96cb3	7898e	অতঃপর আমাকে জেনে নিতে হলো
e9b65a7034	d5213	কোনো দেবতা নেই তাঁদের
e9b6799157	80539	অনেক মজা পাবে
e9b6df14b1	7351e	ও আনিসুর রহমান মিলন
e9b78349f7	8845d	মাঝে ডাক্তারি ও সাংসারিক
e9b7e431fb	46da4	আমি মন খারাপ করে বলি
e9b7fa7937	2ee04	এই হাটটি
e9b84a01a9	58998	তার প্রথম
e9b8d8b7b4	1f974	উল্লসিত মানুষ
e9b954b4fc	4fc91	মহল্লার শত শত
e9b9b95d2f	274ee	নামকাওয়াস্তে একটা রাস্তা আছে
e9ba4f6f2d	a43b5	ডাক্তার পরীক্ষা-নিরীক্ষা করছেন
e9ba995f2c	f2097	প্রকাশের সুযোগ করে দিতে
e9bb0b4824	2bd99	একটু পরে এল ও
e9bbeb2d36	d9081	বিন্দু
e9bbf25349	7297e	জড়িত থাকতে পারেন
e9bc351af0	37e17	এসব মূর্তি মোটামুটি
e9bcbb350d	69d9a	হাত নেড়ে চেঁচিয়ে
e9bcef889e	91223	স্পষ্ট বুঝতে পারি
e9bd1ff690	f2780	ঘটনা শোনার সঙ্গে সঙ্গে
e9be368d4b	2c9c5	এক ঝটকায় পায়ের বাঁধন ছিঁড়িয়া
e9be36d904	a06a1	ডেবিট ও ক্রেডিট কার্ড
e9bebc9232	577fa	অয়েল ফ্রি ক্লিনজার দিয়ে
e9bec74b6d	42898	কেননা আইন প্রয়োগে
e9bf044ad4	f6e55	গত বছর পাসের হার ছিল
e9bf342dbf	db181	দেশ শৃঙ্খল আবদ্ধ হচ্ছে
e9bfcde605	5d80e	২৪শে মে
e9c06c477f	6dff5	অসাধারণ গদ্যে
e9c08d343b	13b70	বিভিন্ন অপরাধের
e9c097525e	c9c19	মন খারাপের কবিতা
e9c0ec2336	5b13f	লৌহনির্ম্মিত বেড়ী পরে আমরা
e9c1294e91	ce629	এমনই একজন মোসাম্মৎ সায়রা খাতুন
e9c1607b83	536d9	সয়ে যাবেন
e9c1fc1487	b52ab	এক সংবাদ সম্মেলন করে
e9c20476b7	ad050	শুনি বিয়েও হয়ে গেছে
e9c275f738	7aed9	এরপর পরীক্ষামূলক উত্তোলন চলে
e9c29f59fa	ea5be	মনে করা হল
e9c34ee6dc	0d4cb	ছায়ানটের বর্ষবরণ অনুষ্ঠানের মধ্য দিয়ে
e9c371a834	b4ea7	ইউক্রেনের নাগরিকদের রক্ষা করা
e9c38d93f7	c0965	কেয়ারটেকার আসাদুজ্জামান
e9c3b9c874	9065c	প্রভাষ চন্দ্র সাহা কর্মজীবনে
e9c3b9d54c	43b04	বিভ্রান্ত মানুষদের
e9c3db83d0	860f4	হলেন একজন কিউবান
e9c3dffc8d	b8ed8	বলা হয় অ্যান্টিজেন
e9c4497074	79b06	২০১০ সালের মার্চে
e9c4558dc5	32b3e	ইয়েটসের দেয়ার মিডনাইটস অল গ্লিটার
e9c47da616	f1ff2	তাঁহার কথা
e9c482f066	e9fa7	বারিধারায় বিরোধী দলীয় প্রধান হুইপ
e9c4a48c40	f83df	তার সৃষ্টিকর্ম
e9c4d5c150	5d12f	তখন এ সমাজ ঈশ্বর গুপ্তের
e9c4df53ba	1a4a9	ফ্রান্সের পতনকে
e9c4fc4ad5	6da0a	রাজবাড়ি জেলা
e9c5461035	d7a68	ব্যবহার করা উচিত ইতিবাচকভাবে
e9c58ca029	ac904	এই প্রিজমটি
e9c5ccc79a	194f5	প্রায় ৫০ লাখ টাকা
e9c5d84eac	274ee	তারা খতিয়ে দেখছেন
e9c61a0724	7d3e1	তদন্ত কমিটিকে জানিয়েছেন
e9c66b342f	9351a	জিনের বাতাস
e9c79794fc	c958a	মুঘল সাম্রাজ্যের
e9c79a3df6	d2d71	বালিতে আন্তর্জাতিক বাণিজ্যের ওপর
e9c79b7be2	491a5	এবং বিচারের অনুমতি নিয়ে
e9c80e7e9f	d2d71	চলচ্চিত্র পরিচালক
e9c8bc811d	24f73	নজর রাখবে কমিশন
e9c9455993	b8ed8	জল পরী
e9c955b097	9e923	তার কয়েকদিন পর
e9c968b9e9	9fa90	রাজনৈতিক প্রতিহিংসা
e9c9889c3a	e6203	ঢাকা অনুশীলন
e9c9d9325c	2840e	আগে যে তথ্য দিয়েছে ঐশী
e9ca090f92	4f450	কিন্তু গত এপ্রিল মাসে
e9ca6d77f5	a1201	তোমাকে তো আমি
e9ca87bb34	b4ea7	অর্থ হিসেবে
e9cae75cc8	5e80b	হৃদয় বলে
e9caf46d11	e7230	আইসনকে
e9cb24f5c9	e6752	কিন্তু আমার লক্ষ্য সিনেমা
e9cb9d32af	089ef	কীভাবে চলন্ত গাড়ীতে
e9cbaf25d7	1a4a9	পুরনো ঢাকায়
e9cbfd7efd	66b3c	খ্যাতি অর্জন করেন
e9cc2dd45f	68549	ভোর-সকালে ঘুম ভাঙ্গলে
e9cc32f6cd	e2f12	মুদ্রাক্ষর ছাঁদ বলে
e9cc65c925	4237e	অক্টোবর ৩
e9cc84d9a4	9f25e	শীতে অস্থির হইয়া গেলাম
e9cca6a7b5	80e98	কড়া নিরাপত্তা ব্যবস্থা
e9ccbabb74	7b103	তারপর নিজেও
e9cce42162	80505	এই ফাঁড়িগুলো
e9cd0e9c49	b5fdc	বেশিদূর যেতে পারলেন না
e9cdc6949f	80e98	বিশ্বকাপ তুলে ধরার
e9ce98a323	cc9fd	কিছু প্রাচীন পাণ্ডুলিপি
e9ceab8403	323f1	সম্ভব করতে পারেন
e9cee14e6c	03284	গণভোটের ফলাফলকে স্বাগত জানিয়েছে রাশিয়া।
e9ceeae1c6	809cd	সুফিয়া কামাল
e9cf1e0e2d	9f25e	সেই ভয়াল রাতের স্মৃতি
e9cf27a329	9813c	৭০ লক্ষ ডলার বাজেটের
e9cf30bc82	cc9fd	সন্ত্রাস বন্ধ করবে
e9d1931213	967fd	কীভাবে উপভোগ করবেন
e9d1a07317	5e80b	তার একধরনের
e9d1a7aee6	7b132	জনমনে বিষয়টি নিয়ে
e9d1cbc6ea	a916a	রাসূলুল্লাহ সাল্লাল্লাহু
e9d22d8542	c463d	তারও হুমকি দিচ্ছেন
e9d28cb4ff	58998	মামলার মোট সংখ্যা
e9d2b63823	65e30	বোয়িংগুলো ব্যবহার করলে
e9d2c2e368	98b81	বন্ধ হওয়ার পথে
e9d3afafe6	e2ff7	বিক্রি করা মাছগুলো
e9d3b3bd1d	4f450	বিশাল আবিষ্কার
e9d3bfa0e5	f6e55	এভারেস্ট জয় করেন
e9d3ec9f4c	2ee04	অংশ নিয়েও তারা
e9d3ef0b7e	11de3	যমুনা ফিউচার পার্ক
e9d413efea	e3d8b	আদর্শেই বিশ্বাস করে
e9d495fdd4	0f047	পোশাক কারখানা
e9d4d46646	e03ce	ভাবনাকে বাস্তবে রূপ দিতে
e9d4dea766	7d133	যেহেতু সংবিধান থেকে
e9d4e0029b	13b70	এমন তারাদেরকে
e9d52edc96	28bb3	সবগুলো কবরই
e9d543663c	0e637	আহাজারি করছিলেন
e9d5536808	7f71c	মায়ানমার
e9d57720c5	c173f	তখন এ ছাড়া উপায় কি
e9d5cc4261	ad2a0	এবং প্রশাসনিক বাধাও
e9d5ee0ea7	194f5	তিনি লিখিয়াছেন
e9d63ca0a9	9d7bf	স্বীকার করা
e9d63d9a78	4fc91	সুপারমুন কে দেখছেন
e9d65df563	9fa90	পাঠানো হচ্ছে
e9d66e8073	da6f0	এ ঘটনায়
e9d68e5a6c	3f875	যা কিছু এখানে ঘটেছে
e9d6ede8c6	491a5	আদালত দেখাচ্ছেন
e9d72484d2	3ccf1	খালিছভাবে তাওবাহ করে
e9d75ffc4b	b8bba	ক্যাট আবারও
e9d7e5e83d	c5dc8	ভর্তুকি দিতে হচ্ছে
e9d807de72	1f974	এখন পর্যন্ত রুমির পক্ষ থেকে
e9d80a2afb	b5fdc	মনোচিকিৎসা পদ্ধতির উদ্ভাবক
e9d84a0e44	c2082	ফলে এ মানুষটিকে
e9d868480a	f29bf	তুলে নেয়ার চেষ্টা চালিয়েছিল
e9d882f0d5	e6d83	আমি তাকে দেখেছিলাম
e9d8ca46a0	bcaa8	দায়ের করেছেন
e9d9b73f91	7b60a	এমন নারীদের ঈদ উদযাপন
e9d9b96260	72649	আর মানসিকতা সম্পর্কেও
e9d9fa6909	f143a	পুরুষ করেনি কখনও
e9da0ee08d	194f5	বাতিল হচ্ছে ক্লাস আর পরীক্ষা
e9da4c3949	18460	তোর বাপ
e9daafd2af	db735	ব্যবসায়ী সমিতিকে তাদের প্রস্তাবগুলো
e9dac8c39f	c8f7f	তাদের পুনর্বাসনের আশ্বাস দিয়েছেন
e9dad8ef4d	07660	বেশ একঘেঁয়ে লাগে
e9dadf5ca5	943de	মঙ্গলবার পর্যন্ত
e9db158c66	69449	৪০ হাজার ২৭২ টাকা
e9dbdf059f	83c53	তবে বিরোধী দলকে আগে
e9dbe6ac5e	66c6b	দেখিতে পারিতেছেন না
e9dcef45be	9f25e	২০০৫ সালে নির্মিত হয়
e9dcfe4184	315e9	টপ নিউজ
e9dd946e32	cfc65	ক্রমাগত বাড়তেই থাকে
e9dea27c7d	9d7bf	মেওয়ারের রাজপুতরাই
e9dedad0c0	9f25e	ক্যাপুলেটদের আত্মীয় বলে
e9df7d346b	860f4	দীর্ঘদেহী স্ট্রাইকার জো
e9e08ce1b1	ced74	এখন ব্যাপক অভিযান চলছে বলে
e9e0f67151	32b3e	উভয় মতের উপর
e9e10bec62	06e62	এর আগেও দেখা গেছে
e9e11f3741	53396	প্রক্রিয়ার মধ্যে আছি
e9e132b8ca	2d78f	যার ফলে বিষয়টি
e9e15d5222	f6e55	মারা যায় মনির
e9e166c211	37e17	তাতে আমাদের ভালো করা
e9e174b9d7	ff1eb	আদালতের সিন্ধান্ত
e9e1801525	388c9	সেই আব্দুল খালেক
e9e1817f62	e3d8b	মূল অংশ
e9e1b46b5b	6e8cb	উভয় ক্ষেত্রেই
e9e1c40da1	64092	তিনি ঢাকাসন্নিহিত এই জেলার
e9e260615f	0d4cb	সরকারের বিদ্যুৎ বিভাগ
e9e2c87a69	43b04	ঢাকা টাইমস
e9e3a20a70	491a5	তার সমালোচক বা বিরোধীদের
e9e3fd6d6d	aab0f	দ্বিতীয় কোনো অভিনেত্রী ছিলেন না
e9e49857b0	3ec4d	ই-গর্ভনেন্স ভিশন পরিকল্পনায়
e9e4a109c4	46da4	যেন জ্বলন্ত অঙ্গার
e9e50b812e	7351e	অরমোর সুর স্বরাঘাত ব্যবস্থা
e9e6225899	1f974	সেই বিনিয়োগের টাকা
e9e639d5fd	54e68	সোভিয়েত ইউনিয়নের
e9e6cdf876	42898	তাহলে এ চালানগুলো
e9e714dcb6	b9a81	জাতিসংঘের অস্ত্র পরিদর্শকদের সাথে
e9e7152f65	cb627	হটমেইল
e9e735504c	7b103	নাকের পলিপাস
e9e7b5bae1	4fd66	দূর্গা
e9e8652e23	43fc0	নারী তার অধিকার
e9e8daf68b	23b22	জেরা করে
e9e9d71209	29089	উদ্দেশ্যমূলক ভাবে
e9e9f2bdb3	cfc65	বাংলাদেশিদের মধ্যে
e9ea246198	dafb6	উপন্যাসের পাণ্ডুলিপি
e9ea92badb	0d4cb	বঙ্গভঙ্গ রদের পর
e9eb070596	ee886	আনুষ্ঠানিকভাবে যাত্রা শুরু করলো
e9ebad8c5d	520fb	জীবনকে সহজ করার উপায়
e9ec826367	420df	মনে আসে
e9ec9cb2b7	cb842	গ্রামের কাছে এক বাজারে
e9ecce5a58	05901	বাংলাদেশ নিউজ পেপার
e9ed34a86a	61820	শুনতে ভালোই লাগছে
e9ed470e86	ef4f8	জাহাজে উঠেই
e9ef123c47	0744c	২০০৮ সালে এ উত্তেজনা
e9ef5265c7	5a61c	প্রধানমন্ত্রীর নিরাপত্তা রক্ষীর কাজে
e9ef82377d	13b70	ভবিষ্যতের কথা চিন্তা করে
e9efb462ec	8ba2b	দুধের মধ্যে ভেজাল দেয়া হয়
e9eff14a50	c3cb3	তুলে ধরা উচিত
e9f057ab09	c6848	ডিজিটাল বাংলা
e9f058809c	ce629	অপরাজিতা
e9f0d78447	9282d	মুস্তাফিজুর রহমান মানিক পরিচালিত
e9f1425c13	2556b	পুরানো ব্যবসার পরিবর্তে
e9f1902ff8	f9dfb	কিছু যাত্রী সাঁতরে
e9f1b49b7c	1652d	তিনি কবি বা লেখক
e9f1b53131	7027a	তোমার এ ধর্মজ্ঞান কি
e9f1c52f3d	6ab59	চব্বিশটি গান বা পদ আছে
e9f23c854c	693cb	প্রকাশ্যে অস্ত্র ব্যবহারের
e9f3be135b	9f25e	শ্রীলঙ্কায় কতটা পরিবর্তন এসেছে
e9f459bf5b	121bd	২০১২ অলিম্পিকে
e9f488d1c8	f600a	সারাদেশের বিভিন্ন শিক্ষা প্রতিষ্ঠানে
e9f4c579ca	43199	শোষণ টিকিয়ে রাখতে
e9f4cb0f7c	b8fe1	শুধুমাত্র মঠের বাইরের দিকে
e9f4e216eb	69449	ঢাকার ইতিহাস
e9f562ef67	f29bf	কারণ লক্ষ্মী এখানে
e9f5b1fd3a	2d98b	প্রকাশনা সংস্থা
e9f5cac663	2396d	হিযবুত তাহরীরের মতো সংগঠন
e9f60983d7	943de	পরস্পরের অন্নভোজন করিতেন
e9f6c5a7b2	4a67e	রাহাত ইসলাম বলেন
e9f6daa6f5	e3f89	ব্যর্থ করার জন্য
e9f6f2416b	38ff0	২০১০ সালের গেমসে
e9f7d6caec	80be1	সেখান দিয়ে
e9f823609a	14816	বিবাহ করিয়া আনিল
e9f86e1ace	0f047	৬৪ হাজার ২৮২টি
e9f903e95f	91ac1	ছোট ছিল মণ্ট
e9f907d57d	698ff	এছাড়া ডক্টর পেলি জানিয়েছেন
e9f9297344	4fc91	সাভারে উদ্ধারকাজ
e9f96f82bb	6aac8	পোষা বেড়াল নিউটন
e9fa003f3d	1652d	জাতি গ্রহণ করতে পারে
e9fa18fb74	28dfc	ভালো হবেনা
e9faa0e2e0	ff970	তাঁহারা কোন কার্যক্ষেত্রে
e9faa6877b	31f09	কারখানাটি দুইবছর আগে
e9fb2c17cd	4ea73	যেগুলোর কোন
e9fb426440	69449	উপন্যাসের গুরুত্ব তেমন বাড়েনি
e9fb46eb3a	c11b1	কেন্দ্রীয় শীর্ষ নেতারা
e9fb56e2d4	46d49	রক্ত ঝরেছে
e9fbae21da	76329	মার্চ ২০১১ পর্যন্ত
e9fbbbb9a1	37e17	পাবনা শহরে
e9fbd23550	ac904	দুটোর দিকে বিয়ে হলো
e9fc3ba3d5	4dd57	এই অভিনেতা
e9fc4f8cce	6973e	ওর কাছে রেখেই
e9fc659c93	880ae	সাহাবীর লাশ
e9fc69b9d7	a06a1	তবে এই ক্ষমতা
e9fccde799	1c618	হা হা করে
e9fcdcba10	d711f	ব্যাপক চাহিদা রয়েছে
e9fd0d2408	69d9a	ওই কবিতার একটা লাইনে
e9fd119f26	6aac8	তা হয় নামেমাত্র
e9fd1db1b1	9813c	অগ্রহায়ণ মাসকে
e9fd2cf6b5	b4ea7	প্রকাশ্যে জনসভায় ভাষণ দেওয়াসহ
e9fdd16375	dae88	অফিসে, আর বাড়িতে স্ত্রীর ওপর
e9fdd18466	967fd	কারখানাগুলো সম্পর্কে
e9fde22bed	2396d	দলগুলোর ছিল না
e9fe193dfe	9fa90	রক্তাক্ত জখম রয়েছে
e9fe202e50	e9589	তুমি যার তার
e9fe3ec159	4237e	বুধবার বিকালে
e9ff04e2dc	c3cca	মায়াকোভস্কি
e9ff317764	e9fa7	তলায় তলায়
