ea000146a0	80be1	উপস্থিত দর্শক-শ্রোতা
ea006eb42e	98b81	সুলতানের কাছে
ea007f1852	698ff	বর্তমানে অবসর নিয়ে
ea009acdaa	68549	এই হলো মানব সমাজের
ea00a048b9	c3cca	ডক্টর আহমদ শরীফের সম্পাদনায়
ea00d2c93c	9d46f	অন্যতম সদস্য ড্রামণ্ড সাহেব বলেন
ea0152fb96	db735	গর্ভবতী মায়ের পুষ্টি
ea015aab80	2f547	প্রশ্ন হচ্ছে
ea01d0c138	e31e7	বই নিয়ে থাকতে পারতাম
ea0220605e	bcaa8	অনেকগুলি উপাখ্যান রয়েছে
ea024ef014	1f733	সাজা দেওয়া হয়েছে
ea029cefee	2ac82	ভোটকেন্দ্রগুলোকে লক্ষ্য করে
ea0391351d	e6d83	সল্যুশন নামে
ea03a35aee	b00ba	শুধু আমি আর তুমি
ea03d94986	7d004	কিন্তু তা বেশ কষ্টসাধ্য
ea03f571d4	e55de	অন্যদিকে এই জয়ে
ea04720eaf	351dd	দুর্ঘটনার সময়
ea04999664	3faff	অমল সেন
ea051f45ee	37e17	শূন্য হয়ে যায়
ea05585bf3	b8bba	পুরনো তথ্য মন্ত্রণালয়
ea057f6aaa	577fa	গনিত বই
ea05802c08	b8bdd	এক বছরের জন্যে
ea05c7fe9a	f83df	তার গান দিয়ে
ea06598ec6	23b22	তাই সূর্যের কাছাকাছি
ea06d60d17	aabe7	পুলিশ হেফাজত কর্মীদের ছত্রভঙ্গ করতে রাবার বুলেট, এবং টিয়ারগ্যাস নিক্ষেপ করে।
ea06e49829	e6203	আর্য-ব্রাহ্মণ্য রূপান্তর
ea0754f8bd	e9589	নিহত ছাত্রদল কর্মী
ea08325aec	4164f	ভারতের বিপক্ষে হারের পর
ea09285ae2	58998	৪টি করে টিম
ea0965753f	b618b	নিতে হচ্ছে ভোক্তাদের
ea09757ceb	d2faf	মুখ খুলতে পারছেন না
ea0a2d7472	18460	তবে ওরূপ
ea0a5886d7	2d78f	আমার বিপরীতে অভিনয় করছেন
ea0a7f0844	536d9	বেলা ১২টার দিকে দৈনিক বাংলা মোড় এলাকাতে পুলিশের সাথে হেফাজতের কর্মীদের সংঘর্ষ হয়।
ea0ae92b3a	64092	বেশ বিব্রতকর অবস্থায়ও
ea0b125cfb	f600a	প্রতারণার ধান্দায়
ea0b1eed68	11bd2	দ্রুত ব্যবস্থা গ্রহণ করা হবে
ea0b99b6a4	79b06	আমার আছে জল
ea0bfac117	2840e	ঢাকার রাজপথে
ea0c0bac7d	e3d8b	সত্যিকার চেহারা নিয়ে
ea0c10575e	5dec6	সুস্মিতা সেন
ea0c2ee9b0	38ff0	একক আলোকচিত্র ক্যাটারিতে
ea0c3ced70	9065c	ছত্রাকের প্রভাবে খুশকি হয়
ea0c598709	42898	কেশর-দোলানো
ea0c6669a5	e9759	জুলাই ২০০৫ থেকে
ea0c7a424a	ee994	কে বলবে প্রথম বই
ea0d9a7e24	86b1b	এক ভ্রাম্যমান ক্লিনিক
ea0da6a6f3	3fb17	সময় এসেছে
ea0e236820	21e54	খোদা তাঁকে
ea0e470e4f	e03ce	বৃদ্ধা এবার ভাশুর আর ভাতারে
ea0e5e78e4	e03fc	মার্সেলোর পাস থেকে
ea0f7290e8	8edea	জাতীয় ক্রিকেট স্টেডিয়ামে
ea0f8ad5e2	f2097	খুলনাকে আবারো
ea0fa430e4	d71a3	কবিতা নিয়ে
ea0fcc7106	355c1	বিশ্ব ভালোবাসা দিবসে
ea10c2c844	420df	করে দিতে হবে
ea10c32d73	2c9c5	আজ তাদের পরনে
ea10c55bd6	16cfb	অন্যদিকে একটি মানবাধিকার সংগঠন
ea10e07694	8c120	মামলা দ্রুত নিষ্পত্তি করার জন্য
ea11800cff	75f18	চিকিৎসক সংকট মোকাবেলায়
ea118beab7	7c272	স্পট ফিক্সিং
ea11addec3	49d63	আমাকে প্রথমে
ea12e51011	509f6	১১৫ রানের সৌজন্যে
ea132b456f	590d0	গঠন করা হবে
ea134bbc08	6aac8	পুরুষেরা খালি গায়ে
ea13534a2c	09b32	আমরা বলেছি
ea13811c27	7d004	ক্ষতিকর কিছুর উপস্থিতি
ea13f73135	9b864	দীর্ঘদেহী স্ট্রাইকার জো
ea14296d02	75936	ক্যাজুয়াল কাঁথা
ea14482830	0e637	জীবন যাপন করেন মা
ea14c0b10b	d71a3	অবলোহিত বিকিরণ
ea1571d005	c749e	পাথরের চোট খেয়ে
ea15a6fd9d	e754e	জোনাকি পোকা কিংবা নক্ষত্র
ea15c40f20	ea8fa	আহ্বান জানালেন
ea15e4ee29	ced74	লঞ্চটি থেকে
ea15ed9a8f	c7a89	পড়ে রয়েছে একটা শিশি
ea16066b9d	59c73	ঠাট্টা, ব্যঙ্গ এসব তাঁর স্বভাবের
ea164cb27c	0b7ca	অন্যরকম সাজে আবৃত হয়েছে
ea1660e243	b52ab	অগ্রগতি তুলে ধরছেন গবেষকরা
ea16919451	09b32	উদ্বোধনের পর থেকে ফ্লাইওভারের গুলিস্তান, পলাশী, মতিঝিল ও কুতুবখালি পর্যন্ত পথ খুলে দেয়া হয়েছে।
ea16e0f2ce	2ecf8	শেষ নিঃশ্বাস
ea16fc658f	1c618	তার ভূমিকা
ea1748e212	0f047	আবার নতুন
ea1773e807	21e54	ফেব্রুয়ারির নির্বাচন পেছানোর বিষয়ে
ea17b988a0	1f974	বছরের অন্য সময়ের তুলনায়
ea17b9e2b1	f83df	ঔপন্যাসিক ও অনুবাদক
ea1809b853	32b3e	ফলের জুস, ভিনেগার
ea1825a33a	f9dfb	এই নারীবিরোধী পুরুষতন্ত্রের
ea184c59eb	c958a	অপারেশন খরচাখাতায়
ea185031f4	88654	বলার চেষ্টা করি যে
ea1881f19c	b8bba	টিপু সুলতান দৈনন্দিন কাজকর্মেও
ea18916404	60f77	অল্প কথায় বলা যায়
ea193553d3	195f7	আমি চোখ খুলে রাখি
ea195911aa	d9817	টিপু সুলতান পণ করেছিলেন
ea19adac12	16a17	সাংগঠনিক সফরে আরও আসেন
ea19d3bedc	4237e	পাণ্ডবদিগের প্রপিতামহী
ea1a3e9d50	7d133	তারা পালিয়ে যান
ea1ad2a4bc	a9a58	তবে মৃতের সংখ্যা
ea1b93bd71	14d25	গ্রেফতারের ঘটনায়
ea1c1b2d05	92f59	ঘন বনের মধ্যে
ea1c27fa58	ff1eb	ফাঁকি না থাকে
ea1c6e376e	a8710	তুমি তো পড়বে
ea1c778ae6	9c8dd	রঙিন অংশকে বোঝায়
ea1c7a2cca	8845d	লা লিগার
ea1cd24256	da6f0	আমাদের তো বাসা ভাড়া দেওয়ারও
ea1dad62d4	5639c	নিয়মিত ব্রিটেনে
ea1e1ef41c	7b103	গাল
ea1e2c4240	80518	নেছারউল্লাহর বাড়ি
ea1e37d081	75936	অ্যাকিলিসের লালনপালনের ভার
ea1e69c513	2396d	গুরুত্বপূর্ণ দিকটি ছিল
ea1ed117e1	3bb15	একজন রুশ কবি ভ্লাদিমির মায়াকোভস্কি
ea1efef8ce	2396d	সন্ত্রাস বিরোধী অভিযানের
ea1f6703bf	1b359	সাক্ষাৎকারে তিনি বলেছেন
ea1f6ce2e9	37e17	বছরব্যাপী প্রভাব
ea1fc63118	15a75	আর্জেন্টিনার অধিনায়ককে
ea1fd1536c	7f2ef	৫০ বছরের ওই সৌদী
ea1fe78ee3	1c618	ক্লাবটি ৬৭৫ মিলিয়ন ডলার
ea2003c9f0	06e62	অর্থের বিনিময়ে একসঙ্গে সাত ব্যক্তিকে অপহরণ ও খুনের মতো গুরুতর অভিযোগ নজিরবিহীন।
ea20df2483	ee852	ফরমালিন অতিমাত্রায় বিষাক্ত যা যকৃত এবং কিডনি বিকল করে দেয়ার ক্ষমতা রাখে।
ea21587ab5	6b437	তমা দেবী চৌধুরানী
ea215caccf	0a7a0	শাদা পালক বকরা যেথায়
ea2174edaf	8edea	শান্তিপূর্ণ ফিলিস্তিন রাষ্ট্রের
ea21d621d1	7df87	তাদের ভাবনা কি
ea22577b57	46d49	নারী দিবসের জন্য
ea227876d6	59c73	দুর্ভোগ আর লোকসানের চিন্তা
ea22cabb86	4c1eb	আঘাত হানার হুমকি দিয়েছিল
ea22ce50a8	0606d	তারা সরাসরি পুলিশ
ea22e8935e	95f83	পাম্পমেশিনটার দিকে তাকাল
ea22f0cb71	ff1eb	দায়ী পরিবেশগত
ea22f1181b	f0f95	তুহিন কাজে যায়নি
ea2361ae21	1b359	নিউটনের আইডেনটিটি
ea24893dd7	93080	ফরমালিন দেওয়া ফলে
ea24fc00cf	943de	টিনের ঘরখানার দিকে
ea250d9a2c	6ab59	দাবি জানান
ea2547d39e	0edef	মুখ খামুটি করে মেরেছে
ea255332f3	09f0d	খুন হয়েছে
ea25822be1	3f493	ডঃ মুহাম্মদ শহীদুল্লাহ
ea25b23a86	e9759	তাদেরকে পেটানো শুরু করলে
ea25fe1e7b	ce180	কারও টেলিফোন
ea26216a82	8143b	মনোনয়ন দেয়া হলেও
ea2662cc12	9d46f	আজকের তাজা খবর
ea26cf5dcb	430b2	ছুরি নিয়ে এসেছিলেন
ea27083c96	a43b5	উপযুক্ত ক্ষতিপূরণ
ea2719f1b0	4e900	চলতি বছরের ১ জুলাই থেকে
ea2835872f	16877	ফিরে আসছে স্যাটেলাইটে
ea29280d83	1a2a1	বাংলাদেশের আঞ্চলিক ভাষার অভিধান
ea299e3638	b8ed8	এই প্রয়াস অব্যাহত থাকবে
ea29bdca82	5cb47	বড়বাবু ভাবিলেন
ea29bfe35c	d5213	আইনশৃঙ্খলা বাহিনী
ea2a54eefb	4bede	ধান বিক্রি করে তাদের
ea2a606ebb	fb4cb	সে বেড়ার ছিদ্র চাহিয়া দেখিল
ea2a66fe27	6d129	২০ শতাংশ মহার্ঘ ভাতা
ea2a8a9226	06e62	সংসদীয় স্থায়ী কমিটি
ea2a8ee9ed	68ab7	ভারতের মুম্বাইয়ের
ea2b2a7269	274ee	মসজিদে লুটিয়ে পড়েন
ea2b42fa54	b08d0	গ্রেপ্তার করে র‍্যাব
ea2b590638	3d17c	১৯২৫ সালে
ea2b7f374f	3f875	সাধারণ মানুষের মতোই
ea2bd8b7ce	c9c19	কিছুই ছিল না
ea2c109499	3c897	আবার কোন বিচারক হয়তো
ea2c5485a7	75936	সংগঠনের ভেতরে
ea2c8e02c1	66b3c	স্যানসি ডায়মন্ডের কথা
ea2cbb0d7c	491a5	৮ই অগাষ্ট
ea2d999190	745b7	বাবার চোখে না পড়ে
ea2e5d93a2	44322	না করা পর্যন্ত তারা
ea305067dc	f2097	বাতিল হয়ে যায়
ea30da2ceb	3ec4d	সময় নেয় ১৫ মিনিট
ea3164348d	92bb2	একই ধরণের অভিযোগ তুললে
ea317d185d	c5479	একজন মানুষ
ea318bf8e3	4ea73	নিরাপদ ভাবছিল না
ea319be9eb	11915	নির্মান এবং পরিচালনায়
ea319bfce4	2556b	ছয় পুলিশ সদস্য
ea32165e0c	6c17f	ভূতেরা বলল
ea324874d7	ca088	বিক্ষোভকারীদের দল
ea32af0757	a699c	বেটার ওয়ার্ক প্রোগ্রাম নামে
ea32d14125	0606d	এদিন হাতবদল হয়
ea32e19b01	65e30	রয়েছে সুসজ্জিত ডাইনিং কক্ষ
ea32f2f97c	b8bf0	তুরস্কে লেখকের জীবনই
ea33323857	4fd66	অংশগ্রহণ করেই
ea33c297b1	c749e	ড্রিল মেশিন থেকে
ea34f892de	1b359	একটি গানে নাচবেন
ea35e1e895	91dff	রনির সাত ভাইয়ের কেউই
ea36857cd0	75626	বিচক্ষণ ব্যক্তি অনায়াসেই
ea36bbad14	809cd	পাতা-লতা
ea37d761f8	0d9f1	অর্থ পরিশোধ করতে পারবেন
ea37faafaa	cb627	জালে বল পাঠান
ea38367e65	e3f89	গরম খবর
ea386da026	95f83	১১টি কুকুর
ea38aa710f	2fe3c	যুক্ত হয়েছে
ea395db064	0edef	তা সহজে পূরণ হওয়ার নয়
ea3966068f	ee852	লিখলেই তো পারতেন
ea39a21699	c958a	পরপর দুই বছর
ea39c35218	ce775	মহিলা ভাইস চেয়ারম্যান পদে
ea3adbfbbe	730c3	এটা ভাবা নির্মাতাদের জন্য
ea3b6e6e5e	7ed14	নির্দেশও দেওয়া হয়েছে বলে
ea3b8d82cf	860f4	জগন্নাথ বিশ্ববিদ্যালয়
ea3ceb0bc6	e6752	ফেলে দেয়া হয়েছিল
ea3d1c9435	9fa90	আজিমপুর কবরস্থানে দাফন করা হবে
ea3f7cb115	e50f1	জাতীয় সংগীত নিয়ে
ea3f99caf3	0e637	বুধবার শীতলক্ষ্যা নদীতে
ea3f9dca6f	acb88	আলোকিত বাংলাদেশ
ea3fa98e36	2ee04	অমর সিং বলেন
ea3fd1ee49	77f82	ভারতের স্বরাষ্ট্র মন্ত্রণালয় সূত্রেও
ea3fd6cdbe	717bb	ও একুশে পদকসহ
ea4071d725	7b60a	শাহরুখ খান বললেন
ea40e01bf3	b9b98	নিয়োগ-বাণিজ্য
ea4221e10a	fcc89	বলে এবং বিশ্বাস করে
ea422b1803	7b60a	স্বদেশের মৃত্তিকার সাহচর্যেই
ea4310fdcc	fd880	ব্যবহৃত হত
ea43da8e5d	9d7bf	অন্নপ্রাশনেও যৌতুক
ea440a78fe	976b1	সভা-সমাবেশের ওপর
ea4467f80b	bdfc1	সাদাসাদা ক্রিস্টালের মতো হয়ে গেছে
ea448c4aea	0d8c1	তারা একদম
ea4504faca	3f493	কেরোসিন স্টোভ নেভানো
ea4545b9cd	4f2ae	রতন ভাঙাড়ির কাজ করেন
ea45c87e29	c0d65	ভারতীয় চিত্রশিল্পী
ea462eb5e2	80539	অলিভ রিডলে টার্টল
ea46b3d1d1	c1e30	বাংলাদেশ কারিগরি শিক্ষা বোর্ড
ea46dce996	3ccf1	ক্ষমতাসীন দল
ea46e185e6	12702	ওয়াক করে
ea46e5af65	14d25	কখনও ছিলেন না
ea46fd36cd	06e62	ধরা যাক পায়ের আঙুলে
ea470693dd	95f83	সংসদ বহাল রাখা
ea475402c0	ea8fa	তারা আসেনি
ea476e4b3b	420df	একটি আন্তঃনগর ট্রেন
ea4852667b	65e30	সব রাজনৈতিক দলকে
ea487028ac	f837a	মানসে রচিত
ea48d50146	7f2ef	পাঁচজন নারী রয়েছেন
ea48e5d55e	2fc12	ফুট
ea49185fde	ce775	আমি নেবো
ea4a5883fc	ce180	ভাগবাঁটোয়ারা শেষ হয়েছিল
ea4a5f8116	5b13f	আমাকে গ্রেফতার করেছে
ea4b0d751c	bfac7	এদের মধ্যে পাঁচজন নারী
ea4b19c6cf	baa02	জানিয়েছেন নজরুলের শ্বশুর শহীদুল ইসলাম
ea4bae0572	bfac7	কি শিশু কি যুবা
ea4bf0c5a7	8edea	তদন্তে নামে
ea4c2efde2	3fc9d	তত্ত্বাবধায়ক সরকারের অধীনে নির্বাচন
ea4c62aba6	a274b	পুরাতনকে ধরে রেখেই
ea4cbcbf77	e68af	ভারপ্রাপ্ত মহাসচিব
ea4d09f4fb	388c9	আর শেষ হয়েছিল
ea4eb8dfaa	52f27	হস্তান্তর করেন
ea4ecbe639	37d7e	কোড এবং তার সাথে
ea4eeba214	1e7c7	বাংলাদেশের মন্ত্রিপরিষদ বিভাগের
ea4ffcd7ea	c1e30	আত্মসমর্পন করলেন
ea51352d53	13b6a	পাহাড়ি জনপদ রাঙামাটি
ea51dff54a	68ab7	ইরানি এই হুমকি থেকে
ea51e44904	c5dc8	প্রথমার্ধ শেষ করা
ea51ef3180	ced74	দুরবস্থার মধ্যে পড়তে যাচ্ছে
ea52157a96	ac904	কোনও না কোনও জোটে
ea521b9dd3	ad2a0	প্রবেশ করিতে পারিল না
ea525feed3	c958a	ক্রিমিয়ার সিমফারোপোল শহরে
ea52756e08	e754e	ও প্লাস্টিক কারখানায়
ea52b51e66	08458	তাঁর ছেলে
ea52da94f3	7b103	এবং মোস্তফা কামাল উদ্দিনের
ea52f36626	f280a	মূল্য সহনীয় পর্যায়ে রাখবে
ea52f9255b	25117	তবু হচ্ছে
ea52fcf9ba	9e923	সরকারের বিরুদ্ধে নয়
ea53037d53	eecdd	মনে করুন
ea5316e38b	2fe3c	১৪ ও ২১ সেপ্টেম্বর অনুষ্ঠিত
ea531770d7	b8ed8	যাদের ধর্মটাও পশুসুলভ
ea53c79ac7	16cfb	দিন-রাত নিজের বাসা থেকেই
ea547c94cb	0606d	কাউকে জীবিত পাওয়া যাবে
ea5484ac3f	9fa90	এই সংঘর্ষ বন্ধের জন্য
ea549a14b9	25117	বেশি উচ্চতায় শরীর থেকে
ea54ace185	577fa	কেউ কেউ বলে
ea550343bf	fda1a	বিভিন্ন সূত্রে সংবাদ পেয়ে
ea5508873c	25696	কিন্তু মধ্যপ্রাচ্য, ভারত
ea554ef0c3	3c897	আজ যখন
ea559361d6	ff0fe	তৎকালীন সম্পাদক
ea565e3a8c	01e91	ইস্কুলের মেয়েরা সবাই
ea568371cb	b9b98	ঘুম ভেঙে যায়
ea56d0273d	c749e	যুধিষ্ঠিরের চিরকাল স্থূলবুদ্ধি
ea577b02cd	5cb47	ঘটনার পরেই কাচু মণ্ডল
ea57b9612c	e43d4	ধনিয়াকুচিছিটিয়ে
ea57c27ae3	69449	খেলা বন্ধ রাখতে হয়
ea57d8621b	b8ed8	আরজে
ea58018191	f1240	রাস্তায় প্রচুর গাছ
ea58084d50	c749e	তাঁদের সেই সংগ্রামী চেতনাকে
ea5884291b	14d25	এমনও নয়
ea58a9b3aa	d3e06	জনসভার নিরাপত্তায়
ea58bd94c1	4fbd1	বরদাবাবু বেণীবাবু
ea595f360b	6ee5f	নিয়ন্ত্রণে নিতে
ea59fb937a	e43d4	হাসপাতালে ঢুকে
ea5a76bc1c	7ee9b	আধা ঘণ্টার মধ্যে
ea5a91bddf	e3d8b	তারা আশ্বস্ত করেছেন
ea5b0c61df	7297e	কাস্ট করতে চেয়েছিলেন
ea5b7230c8	c3cb3	উপোস করব
ea5b8c7f31	06527	অর্থ সম্প্রসারণ ও পরিবর্তন ঘটেছে
ea5ba730be	7d3e1	মসজিদে যান না
ea5bcc9120	c958a	বিষয়টা কি
ea5c4bb2ce	01e91	সাভার পৌরসভার ভারপ্রাপ্ত মেয়র
ea5c9eb564	f4ba7	সমঝোতা বলতে
ea5cc731ff	61820	আর ফিরে আসেনি
ea5cdcb5c3	a3a6d	বিদেশী পতাকা
ea5d300f5f	1652d	বর্তমান
ea5d472132	7027a	হিসাব করা হয়েছে
ea5d5bebe0	cb842	আমাদের উচিত
ea5d68f725	4fd66	ম্যাজিক মাসালা ৩ প্যাকেট
ea5d91911a	23291	হিজল
ea5daa2255	2695f	করা হচ্ছে
ea5df6c803	b08d0	তবে এই ঘটনা বলতে
ea5e298dda	c4973	ভেসে যাওয়া মানুষ
ea5e5b99f6	ce180	হাহাকার করতে হয়
ea5e9e0898	61820	রেকর্ড ভাঙছে বাংলাদেশ
ea5eca4d49	693cb	চোরাচালানি চক্র
ea5ecd84f8	b7be9	দেশ ছেড়ে
ea5ee8d44b	ff1eb	পাগল হয়ে যাব
ea5f36b306	28bb3	হইতে লাগিল
ea5f7f6ae0	93bf3	এখানে বড় প্রশ্ন হচ্ছে
ea5fa1fe81	82926	ম্যানেজার বিষয়টি
ea6124c4de	16a17	এখন পর্যন্ত রুমির পক্ষ থেকে
ea614e8202	3faff	দেখতে চাই
ea615a070a	3b1f7	গেঁতু হাতে বটি নিয়ে
ea6168ffdd	33aef	মি. মামুনের ব্যাংক অ্যাকাউন্টে
ea61919fa5	e754e	এর মধ্যেই অগণিত
ea61bb1aff	d136b	আকবরের সবচেয়ে কাছের
ea6203ec51	b8bdd	সব বিষয়েই ব্যাপক
ea62cf0c9e	7297e	ব্যাট করে
ea62fe6778	8406e	অভিনয় ছাড়া আসলে
ea6391f519	bcaa8	এমন হয়েছে
ea641da492	91ac1	অপানবায়ু এবং বাতকর্ম
ea64887de4	1cb75	আজ যাব কাল যাব করে
ea64cd1216	60b9d	এক্ষেত্রে খুব বেশি
ea65081e82	420df	ব্র্যাকের পক্ষ থেকে থানায়
ea659f6dff	d2d71	নেলসন ম্যান্ডেলার প্রতি
ea65b7ff21	f1ff2	সরকার ও বিরোধীদের
ea66408e4b	37d7e	সিবোনি, প্রস্তর মানব জাতির
ea669ed208	db735	পরবর্তী রাষ্ট্রপতি
ea672c156c	8cf95	সবক্ষেত্রে সম্ভব হয়না
ea67304421	d3e06	কমানো যায় না
ea6780336e	4c555	মিঃ ম্যান্ডেলাকে ১০ দিন
ea67f2e9e6	11bd2	১২০ পৃষ্ঠার রায়ের
ea687b4076	e2f12	মিজ ইংলাককে
ea69d2ab4e	64092	বাংলায় তখন সুচিত্রা ছাড়া
ea6a040787	ef915	শাপলা চত্বর এলাকা থেকে
ea6a1ad5fc	bdd05	অলাভজনক সংস্থায়
ea6a6905ef	8c120	ঠাণ্ডা হওয়ার জন্য
ea6a6f2b76	4ea73	লর্ড ক্লাইভের মৃত্যুর পর
ea6ada3f28	6ab59	জন্ম ১৭ নভেম্বর, ১৯৮৬
ea6adf3414	315e9	মোটা হওয়া বাঞ্ছনীয়
ea6af4d059	3fb17	শ্রমিক রয়েছে
ea6b12566c	256f5	নিজেরাই বিয়ে করে ঘর বেঁধেছিলেন
ea6b3257f8	a916a	একটু ঘোরাঘুরি করতেই
ea6b87f2e6	85430	ততক্ষণ পর্যন্ত
ea6be712d7	b2a62	এখন, এই দিন, একটা
ea6bfc9fcb	8406e	হতে হবে অফিস ৩৬৫ সাবস্ক্রাইবার
ea6c07d3f4	4164f	নির্মাণ কুশলতাই এখানে আসল
ea6c0caecd	d2d71	সুকান্ত তাঁর কালের জাতক
ea6c1b298d	809cd	মস্কো হয়তো ইউক্রেনে
ea6c1c69c7	3c897	যানবাহন ভাঙচুরের অভিযোগে
ea6c642883	388c9	জয় করতে শুরু করলাম
ea6c942132	3f875	কালচে পাটকিলে
ea6cdb23c0	80505	বাংলাদেশিদের বন্ধু ভাবা
ea6cff0dd1	16877	এক লোক
ea6d4d9df2	73629	মা যোগ দিতে পারলেন না
ea6d69d9c3	93080	নিক্ষেপ করা হয়
ea6daab447	9b864	পরশী
ea6dea76b0	9065c	কায়রোতে ক্ষোভ
ea6e239bba	2bd99	মুরাদনগর উপজেলা
ea6e6cca38	9351a	চার হাজার ৭৬২ জন
ea6e7952b0	8143b	এগুলো করতে বলবেন
ea6ec331ba	0d8c1	এর ফলে এখন
ea6ec53dd8	ac0df	একদিন হঠাৎ
ea6edf4c59	2556b	ঢাকা-রাজশাহী মহাসড়ক অবরোধ করে
ea6f2a2fbe	83c53	লালন ছিলেন ‘জারজ’
ea6f73bec2	1f974	গোয়েন্দা পুলিশের পরিদর্শক
ea6f775902	0744c	বাদ মাগরেব
ea6f95701e	16cfb	মাথার তালু থেকে
ea6f995a7f	aab0f	সারা দিনে আরও
ea70031601	2695f	বাংলা একাডেমি বিস্তারিত কর্মসূচি গ্রহণ করে
ea705d227d	80e98	একজন পুলিশ কর্মকর্তা জানিয়েছেন
ea70a4570d	2aecc	ইচ্ছা আছে কি না
ea70cee808	15a75	ওই হামলায়
ea71767123	b8fe1	সিনেমা নির্মিত হয়
ea71adbebe	355c1	আশফাক তার ছেলে জয়কে
ea71b20de1	3c897	মন্দ কিছু শুনিনি
ea71bfedcc	9065c	আগামিকাল বুধবার
ea71ed0522	967fd	সে রাতে দাদাদের কাছে ডেকে
ea7234d81f	ad2a0	বিদেশ-বিভূঁইয়ে
ea72588928	9092b	পাঠিয়ে দিয়েছে সিএমপি
ea726611be	d2294	ঐশী রহমান
ea72692158	17ca1	হিম্মত থাকলে গায়ে হাত দাও।
ea72d7e1fe	f7a7f	মিজান সাহেব বললেন
ea73146a0f	880ae	রাজত্ব
ea73794300	e50f1	এ সময় ড. ইউনূস
ea74066016	f1ea4	সংঘর্ষে একজন নিহত হলেন
ea740aa6c7	ea5be	আমাদের গাঁজার স্টক
ea7449db6c	fcefa	সঙ্গে সঙ্গে তাকে
ea74599bd7	b5fdc	এবং পরবর্তীতে
ea74bf6bc4	b4ea7	রবীন্দ্রনাথকে আরেকটু
ea752162cd	2d98b	হলিক্রস কলেজ
ea7577b674	9d398	বিজয় বাজনা বাজাইয়া
ea76a2413f	43fc0	বলা হোক না কেন
ea76b9b0f5	1a2a1	ডা. দীন মো. নুরুল হক
ea76fa14e9	a3a6d	তাকে আসতে হবে জীবন থেকে
ea772ab6f9	4486f	তৃতীয় রাউন্ড শেষে
ea77383ce7	dae88	উক্তিটির যথার্থতা
ea7754de1f	54e68	হাত পা কোথাও কাটলে
ea77ee24eb	d2faf	বাঙ্গালী দরকার
ea794aaffa	29bab	উল্লেখ করেছে কর্তৃপক্ষ
ea79a50109	d9ba9	কালা
ea79ac810b	d3e06	আর বেজড অন ওয়ারটাইম
ea79b209d9	c3cca	পাকিস্তানের প্রতি সংহতি
ea79d2c66f	e3d8b	ফকির আলমগীর
ea7a7a2486	d9b11	এভাবে অন্যায় করাটা
ea7a7dec5b	c41d8	শীতলক্ষ্যার পানি, আবহাওয়া
ea7aad6127	53396	এর কারণ
ea7adfc3e5	7f71c	মনে করেন না
ea7aea6e3f	f658d	র‌্যাম্পে হাঁটতে হয়
ea7b70e35e	a8710	কেউ ধরা পড়লে
ea7b8efcc5	80be1	তার কাছ থেকে
ea7b9040ed	0606d	আপ্পায়নের মাধ্যমে অনুষ্ঠান শেষ হয়
ea7ba17136	9b864	খুঁজছেন জ্যোতির্বিদরা
ea7c6b77e8	7d004	শালবাগান এলাকায়
ea7c7924d3	4a918	পৃথিবীর ইতিহাসে কোনো মেয়ের হাতে তার বাবা-মা খুন হয়েছেন তার নজির নেই।
ea7d35cf1c	fbb81	ছাত্রলীগ
ea7d36bf44	870e3	অনেকগুলো ক্যাচ ছাড়া
ea7d4d4357	ad69a	সেখানে দেখা যেত
ea7df9ce66	ec91c	একটু গুরুত্বের সাথে
ea7e0f3a4f	d9b11	পাস করানোর জন্য
ea7e4d519a	d1b12	তার অবস্থা
ea7ec08d46	d9817	তিনি আল-কায়েদার পেছনে
ea7ed9657d	72649	আগামী সপ্তাহটা খুবই শুভ
ea7ee0a68a	b7be9	বিশ্ব ব্যাংকে
ea7ef8cc23	f658d	প্রদীপ কুমার রায়
ea7f232ecc	33814	এ পরিস্থিতির আরও উন্নতি হবে
ea802019c3	25696	জাতীয় সীমানার বাইরে
ea80771e94	f83df	বাংলাদেশি ছেলে-মেয়েরাও
ea8205ce05	ac904	ঢাকায় কোন শ্রাবণ মাস নাই
ea82369295	c0d65	এই ডানহাতি ওপেনার
ea8274b671	bdd05	বাইরে কাজ করতে পারবে
ea82c74fc6	25696	এ প্রশ্ন অবান্তর
ea82fc6e23	7ee9b	ইন দ্য নেম অব সেফটি
ea834a8988	2695f	জমা করা হয়
ea83662ee6	da6f0	তাঁর প্রথম সফরে
ea83a5780a	37d7e	আমার প্রতিহিংসার ভাবটা
ea841e87c6	2bc73	এটি তাদের নজরে এসেছে
ea8464fade	ca088	আশিক ইকবাল চৌধুরী নামের
ea84d138d7	e3f89	আদি ও অকৃত্রিম অবস্থায় দেখতে চান
ea850ad0cb	16e96	সমাজ-ইতিহাসের সঙ্গে
ea85108a91	086dd	সাহিত্যরস সমৃদ্ধ গ্রন্থ রচনায়
ea85c712e8	3ec4d	উত্তম কুমারের সঙ্গে
ea861dda45	16877	দ্বিতীয় আসরের
ea8650af1f	ced74	টাকা কি গাছে ধরে?
ea86cc4ab0	06e62	নিজেকে আবার ফিট করেছেন
ea86cfd73b	80518	বাঘা কাঁদতে আরম্ভ করেছে
ea870688c0	d82d9	একের পর এক আক্রমণে
ea8715efbf	8cf95	একজন বিজ্ঞানী
ea874ddfcb	3fce2	দাপুনিয়া রওনা হতে হবে
ea87b6e6e6	e3d8b	একদিন আমাকে ফোনে বললেন
ea883afc3d	5cb47	কে রে বসেছে
ea88ab4c8e	8c120	বাহির হইয়াছে
ea89343a53	f2097	দুর্দান্ত শটে
ea893bb61b	b9a81	অভিনয় করলেও
ea8967733a	c6848	আর্জেন্টিনার ইতিহাস
ea89a86800	06527	জড়িয়ে পড়েন
ea89d993bd	bf530	নির্যাতনের অভিযোগ ওঠে
ea8a33413e	37d7e	মালিকানাধীন একটি
ea8a8f3915	c41d8	আমরা ইন্দ্রাদিকে দেখিয়াছি
ea8a90f231	d5213	আটক মাদকের মধ্যে
ea8ade7ee8	1a4a9	ইমাম হোসেন নামে
ea8ae30d5e	491a5	পুরুষ বা নবী পাঠিয়েছেন
ea8b0e3155	e6203	বাবু গোষ্ঠ
ea8b368d53	1c618	আহ্বান জানাচ্ছি
ea8b57fb13	8632b	তাদের জুটিতে
ea8bd6b027	282d3	ভাষা আন্দোলন
ea8c4298b5	72649	মো. আমজাদ হোসেন
ea8c58f87b	68549	পুলিশের উপ-কমিশনার
ea8c88090b	91223	অবস্থানকারীদের শাপলা চত্বর থেকে
ea8cd040fb	f2097	কমলবন হচ্ছে তছনছ
ea8d2211a3	8406e	২০০৯ থেকে ২০১৩ পর্যন্ত
ea8d31e065	b9b98	পারলাম না
ea8d7c8a99	08458	তাঁদের জ্ঞান
ea8d82fa55	e03fc	আমি তাঁহার বাজে লিখিতেছি
ea8e6935d1	404ee	দূরে সরে গেছিলাম আমি
ea8e8c4096	880ae	আন্তর্জাতিক বিমান বন্দরের
ea8f40f7d2	2d78f	সারা বিশ্বে সব শিশু চিকিৎসকরা
ea8f73fbea	7297e	পুনর্বাসন প্রক্রিয়ায়
ea8f927749	16877	কলকাতা যাচ্ছেন
ea8fef3aee	28dfc	গবেষণা চালানো হয়েছে
ea91105784	b8bf0	মায়ানমারের ন্যাশনাল লীগ ফর
ea9116add4	92bb2	অর্থাৎ দূর্গার মধ্যে
ea915397a0	ac904	দাঁড়িয়ে থেকেই
ea91d7df54	29d44	মানুষেরা হুঁশিয়ারি দেন
ea9219917c	37e17	কোনো অভিজ্ঞতা ছিল না
ea92414935	83c53	মর্যাদা প্রাপ্তিতে
ea927390e9	3ccf1	উপজেলা চেয়ারম্যানদের
ea92a41da2	bdd05	স্বভাবতই তাদের মনে
ea92f39278	e754e	বিশেষ করে মধ্যপ্রাচ্যে
ea930b7ad8	0744c	যাদের সঙ্গে
ea93488467	a46e2	এবং চিনির অণু
ea935b9908	80505	এভাবে অনুপ্রাণিত করাটা
ea9380ab08	65e30	৪ ডিসেম্বর
ea93b73f72	75626	লাল হয়ে গেল শরমে
ea93ce5219	e7230	দ্বিতীয় জনকে নিয়ে
ea9433f5fc	6c17f	হেঁচকা টান
ea94583851	e3d8b	এই ক্ষুদে মোবাইল সেটের
ea94c26b5f	7c272	সিইউএফএল ও কাফকো
ea94e22440	239f7	দলের চেয়ারপারসনও
ea951fe1e0	7b900	কাবিলা
ea95205d74	da6f0	সুন্দরবন রক্ষায় দাবিতে
ea9574447d	db181	দাঁড়িয়েছে আজাদ
ea95ce9355	33aef	উপর ন্যস্ত হবে
ea9613f9c5	809cd	এই প্রতিক্রিয়ার সৃষ্টি
ea9627a4a9	da6f0	নিজ দপ্তরে সাংবাদিকদের সঙ্গে
ea963cb86f	b8bf0	মা’র মুখে মিষ্টি হাসি
ea96417ef4	6ab59	চায়না লেডিস চাদর
ea968106da	1de6c	সময় বাড়িয়ে
ea96906b7e	d2d71	বসির আহমেদ রোজকার-মত
ea96935ef0	a699c	তাঁহার ছিল
ea96abd0e8	6973e	আমাদের মাঝে এখন
ea971992bf	8845d	লাইফ গার্ডের ব্যবস্থা আছে বলে
ea97d17d6b	b4ea7	প্রযুক্তিভিত্তিক সচেতনতা খুবই কম
ea99046b6b	95907	তিনদিনের দিন
ea990dd00a	0f047	বড় মামা ঢাকায় নিয়ে
ea991ffad8	c6848	গ্রেপ্তারের চেষ্টা চালিয়ে যাচ্ছেন
ea994939f0	5639c	রবিউল হক, এনামুল হক
ea99d3ca1a	35ef3	বাংলাদেশের পোশাক কারখানাগুলোতে
ea9a31294c	7df87	লালনের দেশে
ea9a37be41	4a918	অথবা দুই দলের
ea9aa2bcd9	6a35e	কিন্তু বাবরি মসজিদ ভাঙার
ea9ad900b6	2d98b	গতকাল সোমবার
ea9aff2a71	d2294	টিচার
ea9b4b9244	1c618	গোবিন্দ দেখতে চেয়েছেন
ea9b5cf192	4c555	এতদিন কাজ করে এসেছি
ea9b61c7a3	5639c	বেশি কিছু না
ea9b8cb137	25117	অধীনে আসে
ea9b990fef	976b1	চরমপত্র' শোনার জন্য
ea9bc0d3ee	0633a	কেন্দ্রীয় আর রাজ্য সরকার, উভয়কেই
ea9bed1847	91230	পালকের বার্বসমূহের
ea9c094a4f	5639c	সতর্কতা অবলম্বনের পরিকল্পনা করছে
ea9c314585	42898	ইডেন গার্ডেনে ২১ বছর বয়সে
ea9c344ab7	0bace	এই চোটের কারণে
ea9c9a56c1	2aecc	একটু ঠান্ডা হবার জন্যে
ea9cd0914f	e2f12	ঢাকা শহরের শিরা-উপশিরার সঙ্গে
ea9cd0c713	05901	সাড়ে সাত কেজি সোনা
ea9ce9c5b5	6e6fa	এবং অ্যাকটিভিশনের গেম উন্নয়নে
ea9d084310	43199	বিরাট
ea9d266196	0633a	নানার কড়া আদেশ ছিল
ea9e19f8eb	09f0d	আমার নাম গওহরজান
ea9e5344cc	e9589	জীবনসঙ্গী চূড়ান্ত করার
ea9e75a4c6	cd3ac	শিহরণ জাগে
ea9f18099d	7b60a	ফায়ার সার্ভিসের পরিচালক
ea9f63ba26	d0c70	অগাস্টার সৌন্দর্যময় উদ্যান
ea9f904213	7b103	আমি আইনজীবী সমিতির
ea9f96aa25	91dff	একটি সিদ্ধান্ত প্রস্তাব
eaa02aebdd	2695f	ইয়েমেন, সিরিয়া, ইরাকসহ
eaa0403110	b00ba	স্থানীয় সূত্রগুলো জানাচ্ছে
eaa08a12b4	5b13f	কিন্তু তিনি কখনো
eaa0f9c34a	18460	আত্মঘাতী বোমা হামলাসহ
eaa197ba9e	7aed9	এখন পর্যন্ত কোন ধ্বংসাবশেষ
eaa1a6c224	4bd2c	এতে যদি বেদনা না সারে
eaa217df3f	7027a	ওই ঘটনায় ধৃতেরা সবাই
eaa2313c32	6973e	দুদক থেকে নোটিশ দেয়া হয়
eaa2744ca4	3c897	সমান দক্ষতা দেখিয়েছেন এই অভিনেত্রী
eaa27f3204	e6e48	আগামিকাল যে এই মামলায়
eaa2a0c49a	43fc0	এলাকার মতো মনে হয়েছিল
eaa453597d	12702	সাইমনের চমত্কার একটি পর্যবেক্ষণের কথা
eaa4549118	2396d	সমর্থন পাবার
eaa47112bd	420df	গুস্তাভ ফ্লবেয়ার
eaa57989de	195f7	হাজারো স্মৃতি আমাকে
eaa58b7730	fdcba	পূর্ব ইউক্রেইনে
eaa59c756a	07660	মারসেল দ্বিতীয় স্থানে
eaa600a726	bfac7	জাতীয় সংসদে
eaa61315bb	4237e	দরকার বা অধিক দূরত্বে
eaa665b850	4bd2c	চল্লিশ কিলোমিটার এলাকাজুড়ে
eaa66a000a	f2b7d	বেসরকারী গবেষণা প্রতিষ্ঠান
eaa6a2216a	84145	মতিলাল শরবোরণ সাহেবের
eaa6e3ce3b	0e637	তাকে চিনিয়ে দেয়
eaa7234eec	e6752	দুই মাসের মধ্যে
eaa76fa94a	4237e	তোমার নাম মন্ত্রের মতন
eaa835ed7c	acb88	নতুন রাজনৈতিক দলের কিছু লোকজন
eaa94aa5b8	a0277	নানা জাতের ফুল
eaa952df52	16e96	মূলত সে কারণেই
eaa99aacf5	976b1	প্রথমে মঞ্চে
eaa9ccd086	8b859	তবে এটি বড় কোনো
eaaac73333	09f0d	আটক বন্দীসংখ্যা এখন
eaabad6a65	cd3ac	তিল তোলার উপায়
eaabc99fe9	b9b98	এক বিচারপ্রার্থী নারী
eaabfbce78	3f493	ওই সময়কার ছাত্রনেতা
eaac1ad667	ee994	বিরক্ত স্বরে বললেন
eaac37a16c	91dff	কি শিশু কি যুবা
eaad15b8f5	c3cca	দাওয়াতি কার্যক্রম চালিয়ে
eaad7f31ea	355c1	সড়কপথ বন্ধ হয়ে যাওয়ায়
eaad9f708b	6ee5f	আমরা ইন্দ্রাদিকে দেখিয়াছি
eaadc49988	ced74	প্রচার হবে এই টেলিছবিটি
eaae237eb0	8b859	তাই তেলাপোকা চুল খাওয়া
eaae370251	2556b	লন্ডন
eaae42e48b	323f1	বাণিজ্যের জন্য সময় ও ব্যয় কমে
eaae4a6490	616ec	ট্রেডিং কর্পোরেশন অব বাংলাদেশ
eaae662067	c173f	সুযোগ পেলেও কখনও
eaae93106c	49d63	নিহত হয়েছিলেন
eaafbbfa28	16e96	আমি গুরুত্বপূর্ণ ভূমিকা পালন করি
eab00213d6	f600a	মাইক্রোনেশিয়া হতে পৃথক
eab04c341c	f89d7	জীবনভর পুরুষের অন্যায়-অত্যাচার সয়ে
eab056a42e	2aecc	নারী হয়ে উঠলেন
eab11c3472	85430	তিনি ভাবলেন
eab25ed7c8	f600a	এ অবস্থায় অপু একাই
eab28d0f75	71522	বৃন্দাবনলীলা বিষয়ে রচিত
eab2a381a8	e9fa7	ভাবলাম এখানে আর নয়
eab2c77d91	65e30	শিরোপা জিততে
eab3eafb46	3d17c	জবাবে আইনশৃঙ্খলা রক্ষাকারী
eab418bbc9	16e96	এখনকার কয়জন লোক
eab435c9e4	32998	এক নারী-শিশুসহ
eab44301fd	71522	তরল নিকোটিন গ্রহণ করে
eab4f04337	e2f12	মা চিবুক ছাড়িয়ে
eab51f8032	bdfc1	ঢাকায় এমন কয়েকজনের সাথে
eab54ed333	9642e	এখন তাকিয়ে আছেন
eab5c47e07	9b864	আগুনের পাশে বসেছিলেন তিনি
eab5f4fa70	2f547	তিন মাসের কথাই নাই
eab5fb70cf	d9081	ধর্মের কাহিনী শোনে না
eab61904e2	0edef	আইনী প্রক্রিয়া শেষে
eab61cf2cd	1e7c6	সেটা আমাদের জিততেই হবে
eab644af95	0633a	প্রচণ্ড আঘাতের জন্য
eab66b8096	3fb17	চীন ভারত সাগরকে
eab66d2a86	e6203	কাঁচামালের অভাবে
eab69003d9	6ee5f	চুলে পাকন, ঠিক মেলে না
eab6a3976d	c463d	যত কিছু আছে
eab6fd92ad	fbb81	এসব তথ্য জানা যায়
eab75b6ada	80505	ঢাকা তাদের দ্বিতীয় ইনিংস
eab79d7f12	2c9c5	তার আগে
eab83cdb14	a06a1	যে কুঁড়েঘরে শাশুড়ী আছে
eab8a21c76	80539	পরনে ছিল
eab8f45bcb	6973e	পরিস্থিতির যথেষ্ট অবনতি ঘটে
eab9756274	903fa	টম অ্যান্ড জেরি
eab98b96bb	2556b	অন্যান্য খাতে ক্ষতির পরিমান
eab9f2fa41	a274b	বাড়তি ক্যালোরি ভোগ
eaba36abf7	274ee	শীতে অস্থির হইয়া গেলাম
eaba622226	a3a6d	বই বিশটিরও
eaba9b048e	e3f89	উল্লেখ করা হয়নি
eabaca9c06	92bd8	আর থাকা চলে না
eabae56735	6e6fa	পরিবর্তন এলো
eabb229dbb	9351a	১২ জনের বিরুদ্ধে
eabbd433f8	cb842	ঘোষণা দেয়ার পরই
eabbdd7a83	75936	হাসিনকে ভালো লেগে যায়
eabbf8e4af	a4750	আকবরের বিশাল সেনাবাহিনীর
eabc4aba3f	13b6a	মিলন
eabc70119a	410fa	তবে ঘাটতি রয়েছে ব্যবস্থাপনায়
eabc96b898	153c9	সে কি আমিই না আর কেউ
eabce545e5	33aef	বিমানের বহরে
eabd1ec4dc	809cd	২য় দফায় এ সংবাদ সম্মেলনের
eabd771d4f	520fb	নিরাপত্তা
eabe04e5e9	ea8fa	আয়োজিত এক মানববন্ধনে
eabe0f027d	ce180	এ ঘটনায় সিলেটজুড়ে
eabe18d3b4	39293	আলাপ করেন
eabe29f322	75936	মানাম আহমেদ কথা বলেছেন
eabe4188bc	38ff0	ব্যবসা চক্র
eabe9537e6	f2b7d	এ সংগঠনটির বিরুদ্ধে
eabecf521a	13b70	আপনারা কোন দেশের রাজা
eabf00535e	c9c19	জরুরি বলে
eabf40c318	8ba2b	প্রিয়জনদের উদ্ধারের কাজ চলছে
eabf94cbe1	d1a48	নজরুলের
eabfd4c443	7ee9b	ব্যাংক হিসাব জব্দ করা হয়
eabfdc2865	7a227	সোনালী ব্যাংকের পরে
eabff49ff1	d9b11	জের ধরে
eac033db05	ce180	২২ মিনিটে তার গোলেই
eac0a0fd23	31f2a	হাসান
eac10b90ef	80505	কনসার্টের দৃশ্য
eac18dd3d4	a0277	যা কিছু
eac2507772	2c9c5	তো বুঝতেই পারো কী দুরবস্থা
eac271f2dc	870e3	গড়তে পারেন উজ্জ্বল ভবিষ্যৎ
eac27ebe9c	9fa90	এরই এক পর্যায়ে
eac2a9a9c6	b8bba	নিরাপদ কর্ম-পরিবেশের দাবীসহ
eac3120cd9	5a61c	নাজিম গ্রেপ্তার হন
eac32fe31d	cf82a	যুক্তরাষ্ট্রের একদল গবেষকের
eac34ce396	a3a6d	সব তথ্য যাচাই
eac34fa6f9	14816	সুরক্ষায় কোনো কথা বলেছে
eac38cb303	8632b	প্রতিটি রঙের
eac3952581	dae88	জানায় নাই
eac39fd8df	e55de	বসুবন্ধু দ্বারা রচিত
eac3da509d	44322	অবস্থিত একটি রাষ্ট্র
eac414cb97	698ff	রোহিঙ্গা শরণার্থীরা
eac465672a	536d9	আগের থেকে এখন
eac48dd9c9	e55de	এমন একজন লোক ছিলেন
eac4fd197c	f6e55	ফেসবুক হ্যাক
eac57f7b37	4f2ae	দুই লাখের মতো
eac6b4d058	a46e2	বহুজাতিক ব্যাংক এইচএসবিসি
eac713bd6e	a274b	ঢাকা সিটি কলেজ
eac7aaf32c	a8710	গোলের পর নেইমারের উদযাপন
eac973ba8a	16a17	উনিশ শতকে
eaca2351d3	430b2	জনগণ দীর্ঘকাল ধরেই
eaca4a80a8	e3d8b	জানেন না বলে
eaca99c842	1652d	ওর বাড়ি কুমিল্লা
eacac7d2c6	7f2ef	তার দম আটকে আসত
eacb06312f	2ecf8	আমাদেরকে সময় দিয়েছেন
eacc9ec2db	66c6b	হুমকি দিচ্ছিল
eaccb16414	e6752	মাহমুদুর রহমান
eacd27c3e9	b5fdc	আছড়াইয়া পড়িতেছে
eacdcd6cdd	bdfc1	ব্রিটেনবাসীরা গ্রহণ
eace794a16	590d0	ধুয়ে নিন
eacee87b17	2ac82	কিন্তু নিজ দেশের সরকার
eacf103c6c	880ae	আধাঘণ্টা ধরে
eacf136b3e	21e54	২০১৭ সাল থেকে
eacf81cedd	cb627	ওই বাড়িতে
eacf86ca06	23b22	পারে না সন্তান
eacf893c1f	f0f95	এক বস্তা ছাই
ead031e1ad	2d98b	এতকাল পুরুষেরা লিখেছেন
ead060202e	a06a1	চট্টগ্রাম বন্দরে অপেক্ষমান রেখেছে
ead06958a3	287bd	শুকনো মৌসুমের ব্যাপ্তি, উচ্চতা
ead094de74	3c897	সক্ষম হয়েছে
ead0ef97db	fbb81	লন্ডন
ead1413247	0c39f	পাল্টে হলো তাল
ead17a0bca	16877	পরবর্তীকালে ২০০৮ সালে
ead199ddca	932bb	প্রসঙ্গে এফডিসিরি মহাপরিচালক
ead2030b6c	ad2a0	এই দ্বিগুণ দাম
ead21e6542	0b7ca	যেকোন অপ্রীতিকর ঘটনা এড়াতে
ead2688bbf	e50f1	এসব দিকে
ead2719daa	e55de	1080p High-definition desktop wallpapers
ead2822518	72649	মরফিন নামক
ead295745b	ce180	বাংলাদেশের সরকার
ead2c06f79	256f5	চা বিস্কুটও না
ead2d3d9b7	e7230	এখন পর্যন্ত কোন ধ্বংসাবশেষ
ead384c62a	aabe7	রাতেই সেনাবাহিনী
ead3da196e	9282d	আমাদেরকে সময় দিয়েছেন
ead3ef0721	5639c	সাথে যুক্ত ছিলেন
ead404b50e	8632b	এর বাইরেও যুদ্ধ ছিল
ead4395d3d	0606d	প্রেস ফটোর প্রতিযোগিতায়
ead48c2d79	c1e30	আগে সমাজ
ead5216df2	6e8cb	বিচার শুরু করেন
ead5d2cd4c	33814	গার্মেন্টস শ্রমিকদের সঙ্গে
ead63e04a4	4f2ae	সেকালের প্রায় সকল
ead657714d	e2ba2	বাংলাদেশী নাগরিকরা বিদেশী পতাকা বহন করতে পারবেন না।
ead68bb3d4	b618b	বৈদেশিক
ead6c04465	d8c80	অতিরিক্ত পুলিশের
ead7398b5f	f6e55	এত ফল থাকতে
ead782e621	7b103	তাহারা বলিতেছে যে
ead7d31675	4dd57	খানিক আগেই বেরিয়েছে
ead7d3c427	ced74	বাংলাদেশ বালি সম্মেলনে
ead8bab3c6	6973e	এক নির্মিত সময়ের গর্ভে
ead957da0d	8143b	ব্রাজিলের তারকা ডিফেন্ডার
ead9d11914	dba43	এ সিদ্ধান্ত নেয়া হয়েছে
ead9e30c74	9813c	ক্রমে অন্যান্য নৌকার
eada103f08	25117	প্রধান সমুদ্র বন্দর
eada18a012	7b103	গণ আদালত হয়েছিলো
eada353a43	ec91c	আমাদিগকে ঐরূপ বিবিধ নির্যাতন
eada7df4ec	7b900	অংশগ্রহণ করাটাও
eadaacf22c	aabe7	ব্যবস্থা গ্রহণ করবে
eadaba09dc	38d3a	তার মৃত্যু হয়ে থাকতে পারে
eadb299052	7f2ef	কাজ করার সুযোগ করে দিয়েছিলেন
eadb2b8c4e	2aecc	অন্য সময়
eadb556a6c	09f0d	গ্রাম ছেড়ে
eadb891189	d82d9	কতটা ভালো লাগছে
eadbb79f07	c7705	সে কখনো রোমানাকে
eadca6c4f9	2ee04	বড়োই চঞ্চল হয়ে আছে
eadd85b606	2695f	মনে হয় একখানা পাব
eade2b88b6	1f974	এসএম স্টাইল
eade3611d8	82926	কিন্তু নদীতে ছিল কুমির
eadeeb7b3e	7c272	তো ছেলেপক্ষ দেখতে আইসা
eadefe4702	1b359	১৯.৪২% এবং ৯৯.১৩%
eadf348d9b	860f4	নিকারাগুয়া, বেলিজ সহ
eadf391d91	18460	দুবলায় পালিত হয়ে আসছে
eadf7d2dd8	355c1	একটি জরিপে
eadfb16642	4e900	এটা করলে সংবিধান
eae0352fe3	f1ea4	বিদ্যুৎ,জ্বালানি, অবকাঠামো
eae05c6342	80e98	বদলি হয়েছেন
eae05d70d3	7b103	খুব রেগে গেছে
eae070b3a0	9092b	ওয়াশিংটন থেকে
eae0998689	4bede	তখন সবকিছু
eae0abacf5	ad69a	৮ মার্চের ফাইনাল হবে
eae0bf015c	15a75	নজরুলের দেশে
eae0fa0d04	86b1b	নিয়ন্ত্রণ করছে
eae13a9807	b00ba	যত দূরে থাকা যায়
eae2a477c5	c3cca	সেলবাজার
eae2aba219	a9a58	দেশজুড়ে চলা সহিংসতায়
eae2fe7cea	c3cca	রাজধানী ঢাকার যাত্রাবাড়ী থানার
eae2ffa03b	0b7ca	আমাদের ধর্মের
eae33b5147	6973e	ভোটগ্রহণের ৪৮ ঘণ্টা আগে
eae4b5f426	1a4a9	কম্পিউটার থেকে
eae4f937cb	2ac82	তাদের মহাদেশ
eae50f7b3b	2ad74	আটক রেখে টাকা
eae56f307b	ee4ad	তুমি আমার মনের মানুষ
eae5b56d42	778c0	এটি স্টার্ট নেয়ার পর
eae60a3ab7	5dec6	ভাঙ্গতে চান
eae62492be	37e17	বিবিসি বাংলাকে তারা বলেছেন
eae632993c	eaa7a	উন্মুক্ত করে দেয়া হয়
eae67418ac	5d12f	সেনাবাহিনীর নিয়ন্ত্রণে আছি
eae6d915f8	7a227	এ রকম একটা সমাজের মধ্যে
eae6e896b8	c3cb3	সেখানে পাঠিয়েছে
eae73f33fa	f280a	নন্দীগ্রাম
eae7d2d38c	1b359	নিজেদের শোরুমগুলো
eae7d3598b	5cb47	কিন্তু বয়াতির
eae825e83a	9813c	ভাড়াটিয়ারা বিভিন্ন স্থানে
eae86356d4	21e54	বিআইডব্লিউটিএ-র চেয়ারম্যান
eae8d4eabd	9e923	তাহাও নিষিদ্ধ হইতেছে
eae8e774d0	3bea8	তখন লিন কেএমকে জানিয়েছিলেন
eae945e84b	28dfc	মন্তব্য করেন
eae999b9c3	4237e	বলছি না করবোই
eae9ba80bc	c0d65	নির্বাচিত প্রেসিডেন্ট মোহাম্মদ মুরসিকে
eaea197a0a	83c53	৩ এপ্রিল, ২০০৪
eaea8684f7	8ba2b	কৃষকদের কাছ থেকে
eaead8a25c	72649	বন্দীজীবনকেই বেছে নিলেন
eaeb27740b	d711f	সরাসরি সমর্থন দেয়নি
eaeb2ee758	9d398	গানের রেকর্ড
eaeb41ac2f	976b1	এবং দেখা ফিরে দেখা
eaebdbe047	b08d0	অনেক ভালো অবস্থায় রয়েছে
eaec47beb4	06736	কৃষ্ণ আদৌ মহাভারতে ছিলেন না
eaec4c9026	0606d	জাজ মাল্টিমিডিয়া
eaec5cb2b0	0606d	মার্কিন লেখিকা এবং নারীবাদী
eaec8d92d4	23291	অন্য ড্রাইভে করতে হবে
eaece46870	e6e48	অতিরিক্ত ঋণ নেয়ার কারণে
eaecff1cb3	06527	বিদ্যুতের উৎপাদন বাড়াতে
eaed2fb6af	28dfc	ইঁহার বাসস্থান গোলকধামে
eaed338ace	4486f	ওই ঘটনার পর
eaed3f42dc	03284	আর এই হতাশা থেকে
eaedab2a60	c2082	প্রত্যক্ষ এক বাস্তবতা হিসেবে
eaee0af81b	85430	তিনি ধীরে-ধীরে হয়ে উঠেন
eaee772e07	086dd	একটি তদন্ত কমিটি
eaef184540	6da0a	কী কারণ
eaef244edb	1e7c6	কাজের মেয়ে
eaef443663	3fce2	তালী থেকে প্রথম ফ্রান্সে আসে
eaef55ffad	92f59	কিছু সময়
eaef7a636e	66dcd	শীতের শিরশিরে অনুভূতি
eaef8ed1e4	2d78f	কথা বলতে পারে
eaefa296d5	4e900	নেমানিয়া ভিদিচের হেডে
eaefd9261f	66b3c	ভাতের থালা ফেলে দেন
eaf0579483	0696e	মন দোলে…মন দোলে
eaf06c4621	69449	ওর মনে হল
eaf0913b83	2de86	রাগ প্রকাশ পাচ্ছে
eaf0dcce1e	d9817	ব্যবহারকারী সর্বোচ্চ ৯ সেকেন্ড
eaf0f87e76	0f047	ওয়েইন রুনিকে
eaf115c23a	eecdd	তাঁর কোনো মুগ্ধতার কথা
eaf1516508	c9c19	পদ্মপাদ রচিত
eaf1ca762a	25117	নাক গলাতে এসো না
eaf20d9521	11de3	চলচ্চিত্র খাতের সংস্কার
eaf254032f	9d46f	রাত করে আড্ডা দিয়ে
eaf26f888e	6e6fa	পরে সেখানেও
eaf32939d1	d5f7b	আমাদিগের হিন্দু ধর্মকে
eaf32a210a	c7a89	ভালো কিছু দাঁড়িয়ে যাবে
eaf38e19b5	f1ff2	অবশেষে একটা বড়
eaf4f356c4	3bea8	মামলায় রাজশাহীর একটি আদালত অভিযুক্ত ডাক্তারের জামিন না মঞ্জুর করে তাকে কারাগারে পাঠায়।
eaf4f55853	b8bba	মুণ্ডু দেখতে
eaf5289748	5cb47	নতুন পণ্যটি সম্পর্কে
eaf54fe591	a916a	অষ্টাঙ্গিক মার্গের
eaf5986de4	e9fa7	ভোটার রয়েছেন ১৭ কোটি
eaf5a5aeb4	24f73	ভয়ংকর ভূতের গল্প
eaf5c52946	f600a	৬ই জানুয়ারী
eaf609f64d	5354e	দিল্লি থেকে বিক্রম সম্পদের
eaf62d1ae9	ba2f6	ব্যাপারটা তখনকার
eaf68fdee2	cb627	৫ লাখ টাকার জরিমানা
eaf6a30341	7027a	নকল ওষুধ তৈরি বন্ধ
eaf7060a5c	80539	সম্ভাবনা একেবারেই মুছে দেয়
eaf74ebd20	f29bf	বাংলার বৃষ্টি ইট, লোহা
eaf7dfa138	49543	ভ্রমণ করবার সময়
eaf7e4efce	33aef	শুরু হয় সাংস্কৃতিক অনুষ্ঠান
eaf86a01f1	aabe7	পরিবারের অন্যদের
eaf881b28c	f0f95	এখনকার ভাষায়
eaf88c77c6	43b04	বাদকেরা যাঁর যাঁর বাদ্য বাজাচ্ছেন
eaf893f054	31f09	বার্নিশ করে করে
eaf8b4fa82	8406e	কাতর হইতেন
eaf8c97c77	c41d8	বিষয়বস্তু নির্ধারণ করে
eaf8ce8110	7c272	২৯টি দল
eaf95f641c	06736	জাতীয় দলে
eaf9b331eb	d2355	উত্তরের বারান্দায় গিয়ে দাঁড়ালেন
eaf9c781e1	1e7c7	একটি বিশ্লেষণ থেকে
eafa92c579	13b70	এত আর কোন বাঙ্গালী
eafb469d60	8845d	অ্যাডিডাস জাবুলানি
eafb5018ac	b8ed8	আপনি মাপ করুন
eafba15f08	22096	সকলে তাহাকে
eafbd0ec04	4fbd1	লোকটার কাঁধে অচিন শালিক
eafbf62a9a	bc81e	বাজার ভারসাম্যে পৌছয়
eafc04a4cb	7e191	আট থেকে নয় টাকা
eafc0cd2ae	2ecf8	ভোটের লাইনে দাঁড়িয়েছিলেন
eafca943da	fbb81	ছিনতাই কাজেও লিপ্ত হয়
eafcdf3075	dba43	বার্সার একচেটিয়া আক্রমণের মাঝে
eafd65b757	967fd	চিকিৎসাবিজ্ঞানের ভাষায়
eafe3276ea	13b6a	শরাফ মামার কাছে
eafe796839	5dd61	সেক্ষেত্রে আইনের ভুল ব্যবহার
eaff038477	1c618	মেয়েরা ভীষণ পছন্দ করে
eaff06e99f	23291	প্রাণভরে সর্বাঙ্গ খামচালেন
eaff3b88b6	6ab59	অপরাজিতই থেকে যান তিনি
eaff48ec46	38d3a	সুট-টাই পরে
