ef0163c146	92bd8	সোনারং জোড়া
ef018c5280	c3cca	তারপর তিনি আর স্কুলে যাননি
ef0209bd59	14d25	আখাউড়ার প্রায় ২০ কিলোমিটার
ef0219f85a	1f733	তিনি ছিলেন প্রতিশ্রুতিবদ্ধ
ef021c1587	943de	বেসরকারি বিশ্ববিদ্যালয়ে
ef0280c0a6	7b900	সম্পূরক প্রশ্ন করার
ef02855249	1a4a9	তুই যদি চিনতি আমায় পরানের পাখি
ef02b5c8da	ea8fa	এখনকার তরুণ লেখক-পাঠক
ef02fc0ab1	693cb	সে কারণেই আমরা
ef030a6aa9	4fbd1	তাকে দেখে আমি তো
ef0323a384	6973e	ড্রাইভার
ef0334bec6	b9a81	সেরে যাওয়া
ef03377cba	52f27	মিথ্যাবাদী
ef04472579	b9122	আহা, তার মালা গাঁথা হ’ল না
ef0490c095	6d129	শনাক্ত করা সম্ভব না হলে
ef04cc16ad	c463d	বাঙালি কিশোর শিক্ষার্থীরা
ef04db0467	0d9f1	চিত্রনায়ক অক্ষয় কুমার
ef05dd2223	dec2d	মানুষের প্রতি ছিল
ef060dd8f7	4a918	ও ইসরায়েল সফরের মাধ্যমে
ef0615d7cc	5dec6	ঐ গ্রন্থে কৃষ্ণকে
ef063bb6ea	d8c80	বাংলা ইসলামী বই
ef06b3c26b	4bede	নিবিড় অনুশীলনের মাধ্যমে
ef06d8054b	49543	এখনো মানুষগুলিকে
ef0750ef43	13b6a	দুটো বছর দীপুর প্রেমে
ef07c47825	0696e	খল চরিত্রে
ef08071e04	0e637	ঘুমাতে পারি
ef083fbbaf	e8dde	মধ্যপন্থী হিসাবে দেখা হয়
ef0860f932	ef4f8	এ সময় সমাবেশ থেকে সমস্বরে ‘হৈ হৈ রৈ রৈ, ভণ্ড প্রেমিক গেলো কই’ স্লোগান দিতে থাকে প্রকৃত প্রেমিকরা।
ef08b4e605	ef4f8	চিরতরের জন্য
ef091b4560	31f09	সিলিং-এর দিকে তাকিয়ে আছে
ef095b7bdc	e2f12	বিচ্ছিন্ন কিছু ঘটনা ছাড়া
ef09a0bb06	ee4ad	ভারী অস্ত্রের নির্বিচার আঘাতে
ef09cf9d12	870e3	ক্লিনিকের ভিতরে চলে যান
ef09d7f87b	a699c	চিত্রকল্প এঁকেছেন শব্দে
ef0a720df2	1de6c	সপরিবারে নিউইয়র্ক সিটির রিভারডেলে
ef0a9e3616	8406e	ঢাকা: বাংলাদেশ প্রকৌশল বিশ্ববিদ্যালয়ের শিক্ষার্থী আহত হওয়ার ঘটনায় আন্দোলনরত শিক্ষার্থীরা তাদের আন্দোলন স্থগিত করেছে।
ef0aaad523	6b437	কই যাস এত রাইতে
ef0aed9a7e	717bb	দাঙ্গা দমন থেকে নারী-নির্যাতন রোধ কোনও ব্যাপারেই যে উত্তরপ্রদেশ পুলিশ কোনও তৎপরতা দেখায় না বলে অভিযোগ।
ef0af7f603	1f733	দুটি বাসে চেপে
ef0baa594e	a0277	বাইচের নৌকায়
ef0be5d6e8	9092b	ভালো নেই
ef0c25deb7	4c1eb	যা সেই সময়
ef0c7cc484	948d3	হিন্দু ও মুসলমান ভাগে
ef0c85f66f	4486f	সৌদিআরব থেকে আসা
ef0cb3f0c7	c173f	এক বিবৃতিতে পাল্টা এরশাদকে
ef0cc35369	d5f7b	ছন্দোবদ্ধ করার মূল উদ্দেশ্য হলো
ef0d07dc0b	e9fa7	ছাত্রদের বুকে গুলি চালানো হয়
ef0d6d494b	0c39f	হইয়া নিরাশ
ef0e3c78b6	a43b5	ময়দা আড়াই থেকে তিন কাপ
ef0e896c39	6e8cb	বিশ্বের সবচেয়ে
ef0ecfcae1	a7c6f	তাদের আহকামা
ef0f446516	39293	মৃত্যুর পূর্বে
ef0f59f963	e6752	তারা আমাদের স্বার্থের কথা
ef0f76ef38	39dd0	আদালত ভবনের সামনের ফটকের বাইরে এ সময় বিক্ষোভকারীদের স্লোগান দিতে শোনা যায়।
ef1047aea5	8edea	৯ জন আঞ্চলিক উপ-পরিচালক
ef109dfbfa	80518	নারায়ণগঞ্জের চাঞ্চল্যকর সাত খুনের ঘটনার প্রাথমিক তথ্য-প্রমাণের ভিত্তিতেই র‍্যাবের তিন কর্মকর্তাকে অবসরে পাঠানো হয়েছে।
ef10c175d1	2ac82	অন্তর্ভুক্ত করা হবে
ef110577c9	4a67e	দেখবেন এখানের অনেক কিছু
ef1146c516	0633a	সকাল ১০টার দিকে
ef11a426f9	f0f95	আউন্স প্রতি ৪০০ ডলার করে রাখছে
ef11caff1a	39293	বাংলাদেশের মুক্তিযুদ্ধকে
ef1241c172	11bd2	কালের কন্ঠ সংবাদ
ef124cc4cf	e754e	টেক্সট মেসেজ হিসেবে
ef134c262f	520fb	রাষ্ট্রয়াত্ত্ব টেলিভিশন বিটিভিকে
ef13546764	ee994	অধ্যাপক জিল্লুর রহমান সিদ্দিকী
ef13eeede9	ec91c	বিশ্বের নবীনতম রাষ্ট্র দক্ষিণ সুদানে রক্তপাত বন্ধ করতে আন্তর্জাতিক উদ্যোগ ক্রমশই জোরালো হচ্ছে।
ef14b6ded2	e3d8b	বহু প্রতীক্ষিত এই বিচার
ef1584178b	9813c	তবে বাস্তবে
ef15e0d30e	3fae0	যাওয়ার মতো আলো বেরোচ্ছে
ef16233847	8cf95	এখনকার চেয়ে কয়েকগুণ বাড়বে
ef162b9b21	5354e	কিনে আনতে বলল
ef166c95bc	46d49	আহ্বান জানিয়ে
ef16b6c097	47e8d	পুলিশ একাডেমিতে
ef16ba32a2	db735	প্রকাশ হওয়াকে বোঝানো হয়
ef16fcd25c	2396d	হ্যালো…হ্যাঁ
ef170f7aa7	13b70	আরেকটু এগিয়ে যেতেই
ef1738de6f	ce180	চিরকালের প্রেমিকা
ef173f3cae	80e98	ওই অনুষ্ঠান আয়োজনের
ef18241595	3fb17	একটু কড়া মন্তব্য করে
ef1882d136	68549	রায় যে কোনো দিন
ef1886c0a1	ee852	মা টিউটোরিয়াল পরীক্ষা আছে
ef18b11f9a	491a5	সংগ্রহ করতে পারবে
ef18e5f4da	8406e	মৌলবাদীদের হুমকি
ef19435b5e	0f047	অনেক বেশী হবে
ef19ba8ee7	5dd61	আমাদের দেশে প্রথা ছিল
ef1a2413e6	c5479	বেগম খালেদা জিয়া
ef1ab5ac44	698a4	আক্রমণকারীরা সবাই
ef1ab5cd59	07660	একমাত্র মেয়ে
ef1ac58a2c	38ff0	জাহাঙ্গীরনগর বিশ্ববিদ্যালয়ে
ef1b63b14e	21e54	বড় একটি শ্বাস ছেড়ে
ef1bd1aaff	3c897	দর্শকের কাছে
ef1c02b21e	c463d	জোহান্সবার্গের হাসপাতালে
ef1c1cb986	54e68	কারও মুখ
ef1ca71be4	2fe3c	তিনি এককথায় অনুমতি দিলেন
ef1cfcb976	31f2a	গবেষণাটি নিঃসন্দেহে
ef1d52e5da	f837a	আশি বছরের জামদানি শিল্পী
ef1db61587	ced74	দ্বিতীয় পর্যায়ে হাজীদের অবস্থানস্থলে জমজমের পানি বিতরণ করা হয়।
ef1dd61183	23b22	বাহিনীর সদস্যদের
ef1e10ec80	b618b	স্কুল বোর্ডিংয়ে
ef1e58dfe6	24aed	রুমি নোভিয়ার ছবিওয়ালা
ef1ee09020	06527	ক্ষতিগ্রস্ত করে
ef1eff5364	9282d	সোহেল খান পরিচালিত সিনেমাটি
ef1f0218c5	c9c19	আকার ধারণ করে
ef1f2e51bf	12702	অশোক লেল্যান্ড
ef1fe82436	e3d8b	মর্ফিন ও প্রয়োগ করেন
ef20383d99	2840e	আবার এরই পাশাপাশি
ef204d47e7	ca088	ভিড় আরও বাড়ছে
ef20b8f41e	2b883	নেত্রকোনার জারিগানের আসরে এসে
ef21834ab4	4c555	ভোট গ্রহণ করা হবে
ef21a3e7fc	43fc0	সংঘর্ষের পেছনে
ef226e1701	da6f0	মরিয়া গেল
ef23b69c3f	590d0	পরিচালিত ঠিকানা সিনেমায়
ef23dba575	7aed9	আরও ছয় মন্ত্রী
ef24dc2ec9	351dd	নেতা-কর্মীদের পাশাপাশি
ef25f39bf9	860f4	শাড়ি
ef2637713b	8a46d	আলোচনা অনুষ্ঠিত হবে
ef2751b46a	f29bf	ইতিহাসে বহু সংস্কৃতিতেই
ef277943c6	e03fc	ইংরেজি গান
ef2794d106	16877	আর বাজার ব্যবস্থায়
ef27bc7534	430b2	দুটোই ঘটে ১৯০৫ সালে
ef28501508	dec2d	শত শত রোগী
ef299a1f15	9065c	তার হেডটি
ef29a675fc	4f450	একটি নিরপেক্ষ প্রতিষ্ঠান
ef29b51075	ea8fa	তবে তা ভেবে দেখব
ef2ada3734	4a918	সংরক্ষণ করা হয়
ef2af51159	e6e48	হোমস্ এইবার অবসর নিতে চলেছেন
ef2b019701	18a52	তাঁকে অতিথি বলে
ef2b188cb8	f837a	একশ বছর এগিয়ে গেছে
ef2bd6b74f	f7a7f	তাদের একজন কর্মী
ef2bfdf223	16e96	গাইবান্ধায় ভোটবিরোধীদের
ef2c031ce7	b8fe1	অর্থনীতিবিদেরা বাজারের
ef2c9b0c03	e00db	বেশিক্ষণ থাকবে না
ef2d09c481	54e68	খালি করতে পারে
ef2d73dde4	fcefa	জাফর গান গাচ্ছে
ef2d785383	25696	এই কুচক্রীদের
ef2d8ac47b	31f09	বড় ধরণের
ef2d99fdb6	75936	দু-একটি খোঁচা দিয়া দিল
ef2db7142b	4fd66	রাশিয়ার বেশ কয়েকজন রাজনীতিক
ef2e5df8ed	52578	আমার একটি ধারাবাহিক
ef2e7b3fc2	b00ba	ফকির ইলিয়াসের
ef2edc23de	7b132	যেমন করেই হোক
ef2f49e1c1	77f82	১৯৯৬ সালে প্রকাশিত
ef300009d8	68549	এখানে গাবতলীর উদ্দেশ্যে
ef30054ba5	9c8dd	অবদানও রাখতে পারে
ef31467b01	bdd05	নির্বিকার, যেন আওড়াচ্ছি
ef31791e38	d0c70	একটি পুরোনো ভবনে
ef319c6585	121bd	ছয় তলায় থাক তো
ef31a59842	cb842	মেয়েরা হাঁটা চলা করতে
ef32b5ea0b	e9fa7	হাতে চলে আসে
ef32f203c5	16877	সম্পৃক্ত হয়েছে
ef32f35458	ec91c	এখন প্রকৃত দুগ্ধশুভ্র
ef3328f476	64092	সর্বোচ্চ সতর্কাবস্থা জারি করছে বিজিবি
ef342b847e	e89bb	বিষণ্ন মুখে বসে আছেন
ef344da17a	52f27	সবচেয়ে বড় অনুপ্রেরণা
ef35283fe3	efc0d	যিনি দেশের জন্য
ef3544af54	d9081	ঘটনাটি অবগত নন বলে জানিয়েছেন
ef358c61e1	8143b	দিতে না পারাও
ef35a62b67	4dd57	দীর্ঘকাল শান্তিনিকেতনে ছিলেন
ef35fb7c76	e9589	সিনিয়র রাজনীতিকদের
ef3612a1ad	153c9	হাজার হাজার শিশু
ef36391c94	1a2a1	তার বিরুদ্ধে চলা
ef36746f88	a43b5	নিঃসন্দেহে সুন্দর দেখতে দাদা
ef369bc536	d9081	ইতিহাস বিকৃত করা হয়েছে
ef36ae24b2	ec91c	আগুন লাগানো
ef36b7059a	f1ea4	বাকি মামলাগুলোর বিচার কাজ
ef36baf463	c9c19	রাতে ও সকালে
ef3702098a	06736	গুরুতর আহত অবস্থায়
ef376667fb	ff1c3	ইয়ামা বলেন
ef378fbf98	4a67e	ধনীরা বলে পয়সা কামানো
ef3815fc4b	37d7e	২০১২-১৩ সালে
ef3822c352	aabe7	অশোকনগর, ভারতের
ef38682874	b9a81	ভুটান এবং আসিয়ান জোটের
ef38f93c24	4fbd1	মানুষ মরণশীল
ef391a1299	16877	মো. পিয়াস আহমেদ
ef39706fd5	b9b98	এ সংক্রান্ত আলাদা তিনটি প্রজ্ঞাপন
ef3a1f9d4f	943de	সেখানে ঢাকায় সফররত
ef3a4e4f68	c7a89	এই প্রতিবেদনে
ef3af3f219	351dd	স্বামীর বন্ধুটির সঙ্গে
ef3b2fc0a7	323f1	১৯৯৩ সালে অভিধানটির
ef3b65f52e	698a4	চেয়েছিলেন
ef3b9d6026	75626	নাইজেরিয়ার প্রেসিডেন্ট গুডলাক জোনাথন
ef3bbba01a	06736	সুগঠিত সেনাবাহিনী
ef3c07bb47	bd576	ভারতে সম্প্রতি
ef3c5701fb	d2294	প্রতিবেদক জানান
ef3c97cc4c	ff970	বিলের আশেপাশের ছয়টি গ্রাম
ef3ca4008a	f280a	ব্রিফ করা হবে
ef3ca5793b	a06a1	পরিবেশ আইনজীবী
ef3d0df32c	4e900	নিশ্চিতের দাবি জানান তিনি
ef3d1f5bdb	b2a62	একদম জলের মতোই পরিষ্কার
ef3e0dd96b	73629	ভোটারদের উপস্থিতি
ef3ecff4a4	61820	সিরাজগঞ্জ ও বগুড়া
ef3ee0456a	10a9f	ঢাকার গুরুত্বপূর্ণ সড়কগুলোতে
ef3f3f0ede	ac0df	স্বাস্থ্যমন্ত্রী বলেছেন
ef3fa32b80	6b437	একটি অলিম্পিক পার্ক
ef3faf0c0b	5354e	এই ভেগা প্রযুক্তি
ef4021f605	f6e55	আজও প্রাচীন সমাজপতিদের
ef403a8d66	0696e	একাই থাকতেন
ef40559048	06527	সবাই খুশি
ef40af482f	c7a89	বয়সের চিহ্নটিহ্ন এসে না হয়
ef40ef3582	7f71c	তখন কি দাঁড়াবে
ef412b4060	2c9c5	বিচারে বাধা সৃষ্টি করেন
ef41464352	5d12f	পীর সাহেব চরমোনাই
ef41835a7e	61820	সভাপর্বে আর তাঁহাকে
ef419b0ebb	c7a89	বিশেষ করে খুচরা আকারে
ef41ab85e7	4237e	ভোটগ্রহণের একটি চিত্র
ef420efcd2	d9817	বাদানুবাদে জড়িয়ে পড়েন
ef42990703	37d7e	বাবার চলে যাওয়া শব্দ পেয়ে
ef42d6e7ad	520fb	আমাকে স্বল্প সময়ের জন্য পেলেও
ef4335cfe4	7898e	কার্যক্রম পরিচালনা করতে পারেনি
ef439d2ab1	717bb	যা সরকার গুরুত্বের সঙ্গে
ef43f66f7a	e68af	সে ভাষণ স্তম্ভিত হয়ে
ef441c9872	f29bf	শ্রাবন্তী চট্টোপাধ্যায়
ef441d48ca	f9dfb	প্রতিরোধের আভাস থাকলেও
ef442b23ab	ec91c	বাংলা লেখা ফটো
ef4461fdae	0bace	এ পর্যন্ত মোট
ef44a5b8ad	75f18	গান গাইছেন
ef44c0d768	8b859	উপযোগী শিক্ষাব্যবস্থা
ef45334837	ca088	বেশ আগে
ef45dbbc39	b9a81	চাপ ও একি সাথে
ef462eed38	4f450	বাস্তব সংখ্যা
ef468bf53a	ee852	চেষ্টা করেছিল
ef46bc743a	39dd0	তিনটি ছবি নিয়ে
ef46ca5582	6ab59	দেশের মানুষের শান্তি
ef4758d612	880ae	আমার উদ্দেশ্য নহে
ef47b26f6d	03284	মি. পুতিন ক্রাইমিয়াকে রাশিয়ার অংশে পরিণত করার কাজটিকে দ্রুতগতিতে সম্পন্ন করতে চান।
ef47ddd41e	f1ff2	তার সংসার চলতো
ef47eeef48	e2c11	তা তো গত বইমেলাতেই দেখল
ef482bec09	29089	ওরা বন্ধুদের সঙ্গে
ef48494545	a1d4a	নিত্যদিনের চিত্র
ef48944b24	ec91c	স্বাধীনতার ৪২ বছর পর
ef49d50804	01e91	এর ভেতরে ও বাইরে
ef4a37bb3d	b2a62	অজ্ঞাত ছিল না
ef4a456453	ff1c3	ময়নাতদন্তের জন্য লাশটি
ef4a714fcd	5cb47	নিরাপদে পার করলে
ef4a8bc2c3	eecdd	১৪ থেকে ১৮
ef4ac6bbed	83c53	সংবিধানের পঞ্চদশ সংশোধনের ফলে
ef4b7cce3c	0744c	পোস্টকার্ড শিল্পী
ef4b8a24fc	7aed9	প্রথম প্রকাশিত কবিতা কোনটি
ef4ba047dc	61820	অনেক প্রকারে বোকার মত
ef4caffa6f	80e98	পাঞ্জাবী
ef4d0865ed	5d80e	পূজা বোস
ef4d13b636	5d12f	বের হয়ে গিয়ে
ef4d14927d	ea5be	মাঠা, পরোটা
ef4d14dcd0	948d3	পাহাড়ি কন্যা রুমি
ef4e07f74c	b9b98	স্কুইডও একই শ্রেণীর
ef4e2172cf	4c1eb	প্রাচীন মেসোপটেমিয়া ছিল
ef4efb07cb	79b06	নগদ অর্থে
ef4f1d81fa	91230	বাড়ি লুট অইল
ef4f706752	e2ba2	সেক্স, বিয়ে, এসব তো
ef4f7fce41	cf82a	অবস্থিত অক্সফোর্ড বিশ্ববিদ্যালয়
ef500f0ce8	82926	একটা চেষ্টা চলছে
ef50d2067d	1b359	যে পৃথিবীর কোনও বইমেলার সঙ্গে
ef51044cff	9f25e	পারস্পারিক আলোচনা করে
ef511eabab	6aac8	বসবাসকারী আরবরা
ef51c9ce63	33aef	এমনও নয়
ef52878353	321b6	মেয়েগুলো পাখির খাঁচাকে
ef52a30f81	d9ba9	প্রজাপীড়নের খবর ছেপে
ef52ef54b6	388c9	করজোড়ে প্রণাম করে
ef5377b862	acb88	মা উত্তরের বারান্দা থেকে
ef53ce6520	31f09	টানা ১৩ দিন
ef53e25b16	194f5	৮ দশমিক ৯৭ শতাংশ
ef54bdf36d	c0d65	হৈমন্তী
ef54f8b8af	6da0a	১৯৭২ সালে অঞ্চলটি
ef558ded33	6e8cb	যোগাযোগ করে
ef5594608e	1cb75	ধর্মীয় বিষয়াদি
ef55a7e144	84145	তারা তা ভুলতে পারেননি
ef56d947bd	6e6fa	মামলাটি
ef56fa657b	e2ba2	বিশিষ্ট লেখক
ef5725eb66	3fb17	বিজ্ঞ অ্যাটর্নি জেনারেলের মাধ্যমে
ef574998a8	d3e06	চূড়ান্ত করে ফেলেছে শহরতলী
ef5751b2eb	d1b12	এক বৈঠকে যোগ দিতে
ef575ac5a8	91b16	কবি একা জয়দেব গোস্বামী
ef576f35a4	aa820	সাধারণত বছরের এই সময়টায়
ef57fea6b1	29bab	অভিযান চালিয়ে
ef58251307	11915	আমার সৌভাগ্য হয়েছিল
ef585e6b66	49543	ওয়ার্কশপে অংশগ্রহণ করে
ef58d05063	698a4	দীর্ঘ রাত ছিল সেটা
ef58d38663	17dcd	১টি পেঁয়াজ
ef59a014d9	b9b98	ক্লাসমেটও ছিলেন
ef59ba9bbf	68ab7	একটু পরে
ef59c8a492	2d98b	ইমেজ
ef5a29b968	16e96	যুবককে ধারালো অস্ত্র দিয়ে
ef5a3296dc	b8ed8	উল্লেখ করেছেন
ef5a6b160e	60b9d	দর্শকরা কোনো মন্তব্য
ef5a818719	cfc65	এ ব্যাপারে জেলা প্রশাসক
ef5b420c9d	f600a	পল্টন থানার ভারপ্রাপ্ত কর্মকর্তা
ef5b88d3df	a3a6d	সবাই মূলত শেষদিকেই
ef5ba0e428	84145	১৯৫৬ সালে
ef5bdb0652	42898	আমেনার স্বামী সামছুদ্দিন
ef5c7fcd8f	2ecf8	দুর্নীতিবিরোধী আন্তর্জাতিক সংস্থা
ef5ccde831	33814	ভয় চলে যাবে
ef5cd43176	e6203	আমার জীবনে এসে প্রবেশ করলো
ef5d1243f6	e6e48	কোনো অভিযোগই প্রমাণ করতে
ef5d16492f	5639c	অনেকেই পছন্দ করেছেন
ef5d4685b9	0a87a	আদালতের সিন্ধান্ত
ef5d6eecd7	acb88	যুদ্ধাপরাধীদের বিচারের
ef5e458d1a	a3a6d	স্বতন্ত্র প্রার্থী হিসেবে
ef5eec6af3	2b883	বাকি রইল
ef5f31362e	7c272	কোন চলচ্চিত্রটা আসলে
ef5f710d87	bf530	এসব খিস্টানদের রটনা
ef5f7cf8cc	c463d	অভিনবগুপ্ত প্রবর্তিত
ef5fd3dcf6	3fc9d	পালিয়ে গিয়েছিলেন
ef60630286	ff0fe	এফডিসিকে কার্যকর করা
ef60ccc0d1	274ee	একটু স্পষ্ট করে নেওয়া ভালো
ef60e1f23d	09f0d	আবার সে বড়লোক হওয়ার কথা।
ef613cb022	18460	উপহার
ef6151a9e2	ad2a0	দু’টি যানের জন্য
ef61f3bcff	121bd	হেরে যায় বার্সেলোনা
ef620e6c5d	d9817	আন্তর্জাতিক অপরাধ ট্রাইব্যুনালের বিচার শুরু হবার পর এটিই হবে এই আদালতের প্রথম কোনও রায়।
ef624e9335	37e17	মনুসংহিতা
ef62b053bc	0895a	জানুয়ারি পর্যন্ত
ef62f06c98	6b437	বিনষ্ট করিবার উপক্রম করিলে
ef635219f7	18a52	তৈরি পোশাকের শুল্কমুক্ত বাজার সুবিধা
ef63d44057	15a75	ব্রাজিলের জীবন-যাত্রা
ef642ec6c5	2f547	তাঁহার হৃদয়ের
ef64522be0	16cfb	তাদের শ্রদ্ধা জানাতে
ef64702943	24aed	আহত হল
ef6522ea70	57d54	তারপরই বোঝা যাবে
ef653bfaac	d2d71	হরতালে সহিংসতা মোকাবেলায়
ef65965e05	d9b11	প্রথম অভিযোগ করেন যে
ef660637a2	5d12f	সিংহাসনচ্যুত করলে
ef6608924a	cf82a	একটি গাড়ি ওই বাসটিকে
ef667247bf	7351e	আর এই অভিশাপেরই
ef66801e77	509f6	হিন্দুধর্মের সারমর্ম
ef66812675	31f2a	তার ফিকশনে
ef6701fcdc	ce180	মুসলমান প্রার্থীদের
ef67676679	9f25e	চাল বিক্রয় হলেও
ef677578c3	e9759	এসব কথা বলছে
ef67832360	06bb7	চালিয়ে তো নিয়ে যাচ্ছেন
ef6784c1b2	f7a7f	আজি সেই ঊরু
ef67e3540e	7b60a	কাজেই বাঙ্গালা সাহিত্য
ef67f8d619	f2097	তাবিজের কিতাব
ef680b5b02	ce629	অগ্নিকাণ্ডে শতাধিক শ্রমিকের
ef68cf269e	aabe7	তাদেরও যে কিছু
ef696a8114	7898e	মাঝে মাঝে ইচ্ছে হয়
ef699e9dc0	43199	সন্ধ্যা পৌঁনে ৬টায়
ef6b8b1494	ca088	ভারত-পাকিস্তান ভাগ
ef6bd77e89	6b437	জয়ের ওই সাক্ষাৎকারটি
ef6c27169f	7027a	আসামিদের সবাই
ef6c66cd99	57d54	শ্রদ্ধা জানায়
ef6ce24772	11915	সপ্তাহে ১০টি ফ্লাইটে
ef6cef7b2f	880ae	সরকারি নিয়োগ লাভে সুযোগের সমতা
ef6d024584	8cf95	না হওয়া পর্যন্ত
ef6d37e35f	2bc73	সব দেখে মনে হলো
ef6d60e57b	e7230	উইন্ডোজ মোবাইল
ef6dcd8ef5	bc81e	এ সপ্তাহের সাক্ষাৎকার অনুষ্ঠানে
ef6de349f6	7ee9b	যদি তবালয়ে
ef6e1bca66	ac0df	তৈরির কাজ
ef6e366b79	49d63	অবলম্বনে রচিত গান
ef6e3e6ff4	80518	দুপুরে বই পড়ে
ef6e482254	c0965	ফেইসবুক কমেন্ট ফটো
ef6e5de209	60b9d	ন্যাকড়ার মতো
ef6ef47232	7b132	শুক্রবার থেকে
ef6f2f5ff9	d1a48	রাষ্ট্রদ্রোহের অভিযোগে কারাবন্দী করা হয়
ef6f31a3d5	98b81	বিষয়টি এতোই প্রাণবন্ত ছিল
ef6f365a98	17ca1	পুলিশে খবর দেয়
ef6fbf7f7c	1f974	বইয়ের দোকানের সামনে গিয়ে
ef70d2b768	84145	কারণ এই অংশে
ef7147755d	47e8d	ভোটার হালনাগাদ একটি চলমান প্রক্রিয়া
ef716b71d4	39dd0	বিকৃত বেবুনের মত মুখ
ef71f21580	14816	বুঝতে হবে সেটি
ef721f476e	1a2a1	পদার্থবিজ্ঞানে নোবেল পুরস্কার পান
ef73295c17	7f2ef	আনুষ্ঠানিকভাবে কিছু
ef73770f57	e00db	দেখো না ছোটখাটো একটা
ef73926917	dafb6	এমন সন্দেহ করিবার কারণও আছে
ef73f5874c	0edef	বাংলাহিলি সিএন্ডএফ এজেন্ট অ্যাসোসিয়েশনের
ef740aace8	1e7c7	অবাধ, নিরপেক্ষ নির্বাচন
ef7419ebb4	80518	পুরোটাই চলে যায় এখানে
ef745598ba	f1ea4	কলম ধরেন
ef74967b0e	086dd	জানাচ্ছেন বিআরটিসির কর্মকর্তারা
ef74acbf1e	6dff5	বিয়ে করতে যাচ্ছেন তারা
ef74d6378c	4fd66	পরিবারের অন্যদের
ef74ed8e81	03284	বাস্তবতার নিরিখে
ef751372e9	98b81	সামরিক শাসক আইয়ুব খানও
ef7540589e	15a75	চিকিৎসা সেবার পাশাপাশি
ef75c96e3b	93bf3	দ্বারা সিয়াচেন হিমবাহ
ef7645b75b	8406e	মুক্তি
ef772efae2	745b7	না হয়
ef775309e8	321b6	টেকনাফ থেকে এর দূরত্ব
ef7780203e	195f7	সুপরিসর উড়োজাহাজ
ef779b2494	d9081	প্রকাশ করা যাইবে
ef78354bde	a4750	চোখে পড়েছে এদিনও
ef78581125	9c8dd	রামেন্দ্র মজুমদার বলেন
ef789c2a8f	c8f7f	তিনি আন্তর্জাতিক অপরাধ ট্রাইব্যুনালের
ef78d6f88f	91ac1	রুপসী নারী
ef78f3a350	14d25	শর্মিলা ঠাকুর
ef79e4b70a	2fe3c	এই বর্ণের
ef7a2b07c1	1e7c7	১৯৯২ সালের বিশ্বকাপে
ef7a5e1956	32998	গত ৬ অক্টোবর
ef7ae7a401	8edea	পৃথিবীর বিভিন্ন প্রান্তে
ef7b11cf9d	410fa	চার-পাঁচ মাসের ভেতর
ef7b6f6f84	590d0	এক অজ্ঞাত যুবককে
ef7bb133d7	68549	আল ইহসান
ef7bbc370a	9642e	জমজমের পানি
ef7c5bf1f8	2b883	তার কলাবাগানের বাসায়
ef7c77321a	491a5	দেখিতেছি না
ef7c98f070	c11b1	কোয়াটারমেইনের পার্শ্বচর হিসেবে
ef7d9b1cea	25117	বাণিজ্যমন্ত্রী জি এম কাদের
ef7e23cdfc	75626	বিশ্বভ্রমণের অপার আনন্দ
ef7e3d0e74	ee7b2	মাংস সেদ্ধ না হলে
ef7e7a0771	351dd	অনুষ্ঠানে বিভিন্ন দেশের
ef7f052842	f2097	জেলা প্রশাসকই হচ্ছে
ef7f4097ee	53396	সিনিয়র করেসপন্ডেন্ট আলম দিদার
ef7fdb2760	57d54	অস্ট্রেলিয়ার রয়েছে
ef8064354a	cfc65	রমজানের ঈদের ছুটিতে
ef80a50693	e3d8b	কোনো সন্দেহ নেই
ef80c70d18	7aed9	ড. অনুপ ঘোষাল
ef81559fff	c5479	পাল্টা কথা
ef8185f414	7b132	প্রায় সব হয়েছে
ef82067079	1e7c7	সাংবাদিক সম্মেলনের মধ্য দিয়ে
ef825b4421	d41be	অদ্ভুত শব্দ
ef82b2cda4	25117	৯৬ পৃষ্ঠা সাংস্কৃতিক-অধ্যয়ন
ef831da7fe	ec91c	ব্যবসায়ী সাইফুর রহমানের কণ্ঠ
ef83241a49	4237e	মনোনয়নপত্র দাখিলের
ef8358702c	e9759	মেছুনী তাকে এমনি বকুনি দিত
ef83979bba	e03ce	বিলু কবীর
ef83a59921	0895a	পাতায় পাতায় কোণের দিকে
ef83d72d18	195f7	ক্লাবটি ৬৭৫ মিলিয়ন ডলার
ef84bf4402	287bd	চিঠি দেবে
ef84f185a3	7df87	সংখ্যাগরিষ্ঠতা পেলেও মোদিকে প্রধানমন্ত্রী হতে দেব না।
ef8508fdff	b618b	এক সময় সুযোগ বুঝে
ef85682167	c749e	যা গেমসের টিকিট
ef861b5c91	b00ba	গ্রন্থমেলার প্রবেশপথে
ef86412f8b	23291	অভাব ছিল না
ef868781bd	ee994	এগিয়ে আসছে
ef86bf9d7f	68ab7	নিশিতা
ef86c2d00e	06527	তবে তাঁর নাম
ef86d56198	e6e48	খ্রীষ্টীয় অষ্টম শতাব্দীর শেষ ভাবে
ef86ff7216	d9081	তথ্য
ef87108059	2695f	বলার চেষ্টা করছে
ef874003af	2bc73	কিশোরগঞ্জ
ef87953b84	2de86	উত্তেজিত, ক্রোধান্বিত
ef88200dec	2d98b	আবার না ঘটে
ef8849980f	616ec	সরকারকে নাজেহাল করার জন্য
ef88c10563	2ac82	তবে আমদানি নির্ভর
ef891a9409	0d9f1	নেপথ্যে আছেন
ef89486ff5	b78ec	এইসমস্যা দেখা যেতে পারে
ef89fcb91e	58998	মূল নাচের চর্চা শুরু
ef8a1e4db1	03284	এখানে দেখতে পেয়ে
ef8b7d3127	d41be	সার্বক্ষণিক অবস্থান করে
ef8c6a9b9f	3bea8	প্রভাব পড়েছিলো
ef8c738fef	a43b5	স্থানীয় জঙ্গিদের সমর্থনের কারণে
ef8c847dc8	d2faf	মুকেশ চন্দ্র বিশ্বাস
ef8c863e19	bcaa8	দ্রৌপদীর অদৃষ্টে যাহা ঘটিয়াছিল
ef8d0f880d	0895a	সোনাগুলো মোড়ানো ছিল
ef8d4c7421	6ee5f	তা হলো এ বিষয়ে
ef8dd290a1	536d9	না করার পরামর্শ দেন
ef8f56e25d	194f5	সম্পদ প্রাপ্তিতে প্রতিযোগিতা বাড়ে
ef8fd79859	5e80b	বিপুল সংখ্যক পুলিশ ও র‍্যাব সদস্যের পাশাপাশি মোতায়েন করা হয়েছে সীমান্তরক্ষী বাহিনী বা বিজিবির সদস্যদের।
ef8fe65b0c	59c73	বিভিন্ন পোশাক পরে
ef902b6aac	33aef	হত্যা করেছে
ef903e2d9b	5dd61	এর মধ্যে উদ্যোগ না নিলে
ef90d90916	b8bf0	বিয়ের গান
ef915cc2fe	7f71c	এরই মধ্যে দিয়েছেন ইংলাক
ef92049246	ac904	মীনা
ef92141cca	e00db	প্রতিষ্ঠানটি চালু করেন
ef9274da8b	93080	তুচ্ছ ঘটনাকে কেন্দ্র করে
ef92adc8ca	dafb6	চেন্নাই এক্সপ্রেস' নিয়ে
ef92bf0b37	3f875	ঘরে এল
ef930ccb7d	8edea	মনমোহন সিং
ef93623914	d41be	বলিউডের ‘হেট স্টোরি’র রুপকার
ef93d78ea4	121bd	স্বীকারোক্তি রেকর্ড সম্পর্কিত
ef94abd04a	4f2ae	নির্বাচিত হন মোদি
ef94ae0981	2bd99	আগুন ধরিয়ে দেয়
ef9562bb00	09f0d	কোনও ক্রটি নাই
ef9565dd1b	cfc65	ট্রাইব্যুনাল দু’পক্ষের বক্তব্য
ef95c8b296	43fc0	ভোটাধিকার ফিরিয়ে আনাই
ef95d059a4	cb1aa	লোক সংস্কৃতি এখন
ef96563a30	3f493	তিন দেশের তিনটি ব্যান্ডকে
ef96a3dbd8	1a2a1	পরিস্থিতি সামাল দিতে
ef96c696c8	47e8d	সব ব্যবস্থা করা হয়
ef96cecdb4	9f25e	সেনাসমর্থিত বিগত তত্ত্বাবধায়ক সরকারের সময়ে
ef9747c5f4	da6f0	এটা রীতিমতো উৎপাত
ef97a36c40	e03fc	তিনি বাঙালি
ef97c39ad2	1cb75	ওদিকে আনন্দবাজার পত্রিকা বলেছে
ef9863c749	42898	মন চাইল না
ef98a36f99	4f2ae	বর্তমান রাজনৈতিক প্রেক্ষাপটে
ef98c0be19	29d44	ঢাকা বাংলাদেশ প্রিমিয়ার লিগের
ef98c16e3e	c3cca	অন্তর্বর্তীকালীন প্রধানমন্ত্রী
ef98e8b693	c463d	সবাই দেখি শাস্তর পড়ছে
ef98ff3295	6e6fa	ব্যস্তসমস্ত লোকজন
ef997070c5	698a4	একজন বান্ধবীর বাসায়
ef99954636	c9c19	নিক্ষেপকারীরাই অধিক ঝাঁজের মুখে পড়েন
ef99db0b7d	e00db	থানায় নিয়ে আসে
ef9a282134	e6e48	ডিজিটাল বাংলাদেশ মানে কি
ef9a451964	430b2	সাক্ষরতার হার ৮৪%
ef9a47dc57	730c3	একটা কঠিন
ef9af2e0dc	82926	আলোচনায় বসুন
ef9b29a7e2	ee852	বুকে কফ জমায়
ef9b5a3d5b	ad050	টাংগাইল
ef9bbee785	28bb3	সিটিজেন ফোরাম নামে একটি সংগঠন
ef9bf6ffda	ced74	ধারনা করা হয়
ef9bfd3289	fbb81	নেতাকর্মী আহত হন
ef9c159a1f	46d49	তবে এত শক্তিশালী ঝড় আসছে
ef9c763125	75f18	আসলে সত্যি কথা কী
ef9cc10e17	cf82a	এ ধরনের ঘটনার বিষয়ে
ef9cc57c82	bf530	নৌকা বাইচ প্রতিযোগিতায়
ef9d6b27be	efc0d	সুষ্ঠু পরিকল্পনার মাধ্যমে
ef9d814c12	79b06	সংস্কৃতির সঙ্গে মিলেছে, মিশেছে
ef9dc1ae3a	7b60a	অন্যদিকে এফবিআই নিশ্চিত করছে
ef9dd44ad1	7b60a	সিনেমায় অভিনয় প্রসঙ্গে
ef9de6f256	420df	আসাদুজ্জামান নুর বলেন
ef9deec957	9fa90	অনেকদিন পরে
ef9eaad730	28dfc	সেই আগ্রহ থেকেই
ef9ef6e99e	616ec	এখন আবার সেটি
ef9f35a6fc	cfc65	ও অবহেলার কারণে মৃত্যুর
efa043f3f1	5e80b	তার রাজনৈতিক ক্যারিয়ারের
efa04892b0	af81d	যদিও এ নিয়ে
efa0c77d9f	b8bba	তারা বলছেন
efa0cb7e23	e6203	যারা এই কষ্টকর জীবনে
efa0cc9e98	dafb6	মডেল হয়ে
efa0e4c21a	194f5	সমুদ্র দেখতে পারিস
efa0f22036	d9081	ডেভিড বার্গম্যানকে
efa1858699	698ff	সরকারি সদরদপ্তরগুলো
efa1c94ada	6da0a	সর্বোচ্চ সম্মাননা
efa2403317	e55de	অন্য সময়
efa2c2f1d8	d3e06	তরুণীটি জনপ্রিয় অভিনেত্রী অপর্ণা
efa3828117	2d78f	ধাবিত হয়
efa3e42368	943de	ত্বকী মঞ্চ থেকে প্রকাশিত
efa4064b0f	7ec1c	লাঠিসহ মহিলা-পুরুষ ১০ জন
efa4d180e5	e9fa7	দাবি জানায়
efa64d1a29	ce629	রংপুর জেলা
efa65ee72f	e50f1	যদিও টিউমারটা ক্যানসার নয়
efa6a65066	aabe7	তাদের এখন পারামাণবিক শক্তি ও ক্ষমতা আছে।
efa70e827c	0f047	শাপলা
efa71cd85a	7ec1c	অথবা কারও কাছে
efa745c2e6	aa820	চাই সমন্বিত উদ্যোগ
efa7543a82	e2c11	উপজেলা নির্বাচন সামনে আছে
efa8262f62	e31e7	অভিনন্দন জানালে
efa85a0e25	5a61c	ঘিরে গড়ে ওঠা
efa909d034	9092b	ব্যবসার চিন্তা বাদ দিয়েছে
efa965ba92	18460	গত বছরের তুলনায় এ বছর
efa9d01a9a	3ccf1	মোটেই সহজ ছিল না
efa9f8fb9a	ce180	এবং শ্রমিকের মজুরি বাবদ
efaa037f0d	f1ff2	গত মার্চ মাস থেকে
efaa0f9c61	13b6a	পুনর্বাসন কেন্দ্র সিআরপিতে
efaa697092	e9fa7	মেয়াদ শেষ হওয়ার আগে
efaa9f8b18	7e1d5	তিনি ২৫ বছর পূর্ণ করবেন
efaae51920	616ec	দর্শক-শ্রোতারা শোনেননি
efab2b263c	4c555	রেলগাড়িতে, নৌকোয়
efab52c921	54e68	এত কষ্ট কেন ভালোবাসা?
efadadf700	ff1eb	১০ সাংবাদিক আহত হন
efae84efa4	c8f7f	চাঁদ পবিত্র
efaea19f75	194f5	এ জাতীয় ফুলের
efaeb0b73f	09f0d	গনভোটের মাধ্যমে
efaeb7fcfa	2840e	আজ শনিবার
efaeee5f80	2695f	এমনকি চিন্তায় ফেলেছে
efaeff2b13	0e637	রেখেছ কন্দর্প করিতে খেলা
efaf970a76	f0f95	এয়ার চিফ মার্শাল
efaffd8d5b	d41be	কায়রো থেকে
efb04511d7	c3cca	সরকারের সেবা সংক্রান্ত
efb06c55d3	1a4a9	দক্ষিণ অন্টারিও
efb0954248	f1240	এভাবে নির্বাচন দিলে
efb0a816e7	59c73	তারা কাজে লাগল
efb0d61b6c	60f77	পায়ের গোড়ালিকে
efb0eaeadc	e55de	আমি ফুলও চিনি না, পাতাও না
efb1368bbd	f2780	দলটির কেন্দ্রীয় নেতা
efb187ffa2	2aecc	ঘুর্ণিঝড় শুরু হয়ে যাবে
efb192be0d	28dfc	আজমত উল্লা খান
efb19a88c7	7e1d5	নারী ও শিশু বিষয়ক মন্ত্রণালয়ের
efb1a51771	d2294	নিহত অন্যদের মধ্যে
efb1dce8d3	3bea8	তবে ইংরেজির শিক্ষক হওয়ায়
efb1f18cc7	28bb3	সে কাজ করতে পেরেছে
efb229e094	46da4	বিজয়ে বীর প্রতীক
efb2a40425	6c6bf	তখন থেকেই ডাকটিকিট সংগ্রহ
efb2f21fa3	33814	হঠাৎ ঝরঝর করে
efb3107414	c0d65	রাজি নয় আজাদ
efb3230462	6973e	বিকালে তার মৃত্যু হয়
efb3a65762	f2780	চীনের একব্যক্তি ঘটিয়েছেন
efb41d1aa5	06736	উপপরিদর্শক রফিকুল ইসলাম
efb43b1914	fb4cb	অ্যালগরিদম সহজবোধ্য হবে
efb4bef4da	2556b	ভারতীয় গরুর বংশধর
efb5bb4d37	ea8fa	সাদির চুল এবং দাড়ি কামানো
efb6317057	d8c80	দেখাটাই হয়নি
efb66fa860	717bb	নাচ
efb704f9b5	2d78f	আমাদের জানতে হবে
efb74caeaa	2bc73	এই নরকাসুরবধ হইতে
efb782b53c	84145	সিদ্ধান্ত জানিয়ে দেয়
efb78954c5	dfefa	ছবি রয়েছে সেখানে
efb7c4541b	44322	সবচাইতে বড় গুণ হল
efb8092a4f	420df	সে একটা ঘোরের ভেতর থেকে
efb82ac658	b8bba	বাবুরচি লোক দিব্যি রাঁধে
efb8a05076	d0c70	তিন লাখেরও বেশি মানুষ
efb909b8cb	e6752	মনে করিনা
efb90ab83b	2ac82	মোবাইল ডায়ালার সফটওয়্যার
efb9849005	239f7	প্রায় প্রতিদিনই ঘটে
efbbda5e25	932bb	সামরিক আইন প্রয়োগের জন্য
efbcc37aa8	f7a7f	ব্যাপক অর্থে
efbd36f82c	9d398	ঠিক ফিরে আসে
efbd90006b	0a7a0	ঠিক বেরোনোর মুখে
efbdbf21ad	f0f95	সোহাগ গাজির জখমের কারণে
efbdff0f59	6973e	ঠিক বুঝতে পারি না
efbe2e582f	76329	ভালবাসার গান
efbe4f9ebd	93080	এবং কে কতটুকু লাভবান হবে
efbe52ba99	dba43	বাংলাদেশিদের লাইক বা হিটই বেশি
efbe965689	7e1d5	মাম্মু এতো চেটে
efbebbebf1	5dd61	যার ফলে আরও
efbf25e9e5	287bd	গণতন্ত্রের চর্চার পক্ষে নয়
efbf7210d4	4f2ae	বলে-কয়ে যেতে হলে
efbf7da86d	43fc0	এশিয়া কাপের পূর্বের ১১ আসরে
efbf7dedaf	b9122	এ কথা জানেন বলে
efbf8b68f3	7351e	বাংলাদেশ নৌ বাহিনীর পক্ষে
efbfce717d	6d129	খনন শুরু হয়ে
efc0570b91	bfac7	দেশে আমার এতটুকু হলেও
efc1066c61	f0f95	আমার বাসা থেকে বের হয়ে
efc13b6566	bcaa8	টেলিফিল্মসে অভিনয় করেছি
efc16372c1	b9a81	সমান ম্যাচে
efc17734c7	ff0fe	মিস্টার বসু রয় বলেন
efc1f06bbe	e8dde	বয়াতি নেই
efc22a4d73	e03fc	তারেক রহমান লেখাপড়া করেন
efc24a3c2d	25117	মা ব্যাপারটা জানতেন
efc273fcd3	4164f	উঠেই দাঁড়ায়নি
efc2b90ea5	9642e	নিজেদের অনুভূতি
efc2e5938e	c0d65	এই ঘটনা ঘটে
efc3501890	5d12f	অর্থ না হলে
efc377fc60	4fc91	ব্যক্তিগত কিছু ঈর্ষা-জনিত কারণে
efc4994c9b	c6848	জুস
efc4aa8050	d2294	নতুন এ পদ্ধতির বিরুদ্ধে
efc4ac23eb	ce180	বিশ্ব রেডর্ক করেছিলো
efc4cdf70f	f4ba7	মুনীর চৌধুরীর ভালোবাসায়
efc544671a	809cd	গণিতের এক জটিল
efc54d4bdf	c1e30	তাহার সঙ্গে
efc5ee998b	1652d	অনুষ্ঠানের মাঝামাঝি নাগাদ
efc638179e	ff0fe	শব্দটি থেকে
efc6520cd0	554fe	তারপর তিনি বলেছিলেন যে
efc6996b8e	ee7b2	মর্ম বুঝতে ও জানতে সহায়ক হবে
efc6bddbd1	58998	আবেদন করেছেন সুব্রত রায়
efc6d9b0fd	e3f89	কোথাও মেদ জমতে
efc7a44a20	2ecf8	শীর্ষ দল অস্ট্রেলিয়া
efc7f2e499	adf01	এবং একটি মন্দিরে
efc821456f	fdcba	আলিকে লক্ষ করে
efc8327a8e	c2082	মস্কো তাকে সাহায্য করছে
efc83c1030	38d3a	হুমায়ুন কবিরের
efc8aabccb	e6d83	কাঠটা আঙুলের সঙ্গে
efc8b08a08	43199	১৮ বছরের কারাবাসের পর
efc8b1c747	e50f1	তা তো নয়
efc8da3918	91dff	একজন ব্যক্তির
efc9404208	c3cca	শিশু সন্তান কোলে নিয়ে
efc9795996	73629	হাত দেয়
efc9b193d7	7b103	আর হোয়াইট চ্যাপেলের পাশেই
efca5b85a6	4c1eb	ঢাকা বিশ্ববিদ্যালয়ের চারুকলা অনুষদের লিচুতলায় উদীচী ঢাকা মহানগর সংসদের আয়োজনে অনুষ্ঠিত হয় বর্ষা উৎসব।
efca88a276	3bb15	না খাইলে দাঁত ওঠে না
efcb089e39	69449	অন্তর্ভূক্ত করেন
efcb47f397	92f59	সেটি ভবনের দ্বিতীয় তলায়
efcbd6a9a4	5354e	এই ছবিটি নির্মাণ করা হয়েছে
efcbe2fe87	b2a62	জনপ্রিয় চলচ্চিত্র
efcbf6d736	0e637	নুরুল হাসানের শতকের ওপর
efcc3161fa	42898	এবং চন্দ্র পৃষ্টে অবতরণকারী
efcc7e2780	21e54	কিনতে হচ্ছে
efccb71295	57d54	শুদ্ধ সুন্দর
efcd8009b6	0e637	সিরিয়াতে গত ৩০ মাসের সংঘাতে
efcd8129d1	e7230	কেজরিওয়ালের অরেকটি গুরুত্বপূর্ণ উপলব্ধি হল
efce6c1c2b	0a87a	মঙ্গলবার উপজেলা
efceb582e4	a4750	এদেশের শিক্ষা ব্যবস্থা
efceeb9560	acb88	আর নাই আটকাক
efceebe2c9	bd576	যেগুলো কোনো ধরনের
efceffe401	29d44	অভ্যন্তরীন উৎপাদনেও
efcf66fa94	fcc89	নিজেরাও জানে না
efd0189fbb	d2294	আত্মবিশ্বাসী আনচেলত্তি
efd0338e0b	9092b	অনুরোধ করছি'
efd03bf8f4	69d9a	করোটি যাঁর
efd061b8b8	11915	৩০০ ডিগ্রি সেলসিয়াসের
efd0a2ae72	3fc9d	একটি গণপরিবহনে চেপেই
efd2023250	e50f1	মেজর জিয়ার আবির্ভাব
efd23c6e58	520fb	একাধিক মামলা
efd24a20e7	e9759	দুহাত মেলে মেসির উদযাপন
efd33a8a81	dec2d	ক্রিসমাস ট্রি অ্যান্ড বেল
efd44168e9	ce180	বহুদিন পরে বঁধুয়া আইলে
efd45ecc18	86b1b	এই আইন কার্যকর ছিলনা
efd4814bed	880ae	ছাড়ের জন্য
efd48bcc2d	da6f0	হাউরাকি উপসাগরের
efd4c8f942	9092b	আমাদের বোন নন
efd506b655	8845d	এখন সবকিছু
efd570fdf4	80518	দ্রুত তৈরি করে নিন
efd596d298	e31e7	নয় পয়েন্ট নিয়ে
efd63cfff3	b08d0	বিকেএমইএ এক বিবৃতিতে বলেছে
efd6f80551	f1ff2	নৌকা প্রতীক নিয়ে
efd7c3df5b	3bea8	বিবিসির লুইস হিডালগো
efd89000c7	aa820	সে সময় ছিল লন্ডনের সবচেয়ে
efd8c27805	767ff	এবার ক্লাবের সংখ্যা
efd9969876	65e30	৩ বছর আগেই
efda0e0fd6	321b6	সরকার অনেক চেষ্টা করছে
efda0ee980	2f547	জুলিয়েট মারা গেছে
efda1d2e85	24f73	গাঁথিয়া দিয়াছি
efda27230b	75626	সংলাপে কোন আপত্তি নেই
efdb590f3b	1a2a1	নিহত এই কিশোরির ছবি গণমাধ্যমে প্রকাশিত হওয়ার পর এর তীব্র প্রতিক্রিয়া হয় বাংলাদেশে।
efdb830728	404ee	চার্জ বোঝাবার
efdc243cc1	f2780	জুটিবদ্ধ হয়ে
efdc609f8a	23291	এক কানাডিয়ান নারীকে
efdc7c682e	860f4	আসিবেন দয়া করে হাসিমুখে লয়ে
efdd0366ec	bf530	৪হাজার ৫শ’ টাকার মধ্যে
efdd577daf	7d004	আজ ৪৯ জন
efdd8b65b4	7e1d5	অনেক বিখ্যাত
efdda8bc64	cd3ac	আটকা পড়েন দুজনই
efde159bd5	693cb	সংলাপে বসতে
efde1d6e5a	47e8d	শুরু হয় স্বরচিত
efde920045	ef4f8	জড়িত নয়
efdee23dd3	fb4cb	আদিবাসী জনগণের নিরাপত্তার জন্য
efdef706c2	91ac1	সে কারণেই হয়তো
efdf27a858	3fce2	সুকান্ত এত খ্যাতি অর্জন করলেন
efdf3ffe5a	72649	অভিনয় করেছেন চাওয়া পাওয়া
efdf568da6	17ca1	অর্থসূচক
efe02dbdca	23291	ক্রেস্ট, সনদপত্র
efe03534f8	d2355	শরিক হবেন
efe05dbc8b	28dfc	কি করি
efe0f7d32b	7f71c	ভালবাসা
efe17af414	9b864	চরিত্রগুলোর নাম
efe1b20191	410fa	রাস্তার মোড়ে
efe1eba5cf	4237e	মেয়েটি অসুস্থ হওয়ার খবর পেয়ে
efe21010d2	52578	এভাবেই এক সময়
efe2798fd2	21e54	থামতে হয়
efe2a493fd	9351a	সে আর মাড়াবে না
efe2cfcc5e	2d78f	বিপত্তি ঘটতেই পারে
efe2f2774f	2d98b	একজন ক্রীড়া সাংবাদিক
efe3168bb3	f143a	এশিয়ার উন্নয়নচিত্রের পূর্বাভাস নিয়ে
efe3251e42	b8bdd	হৃদয়ে ধারণ করে
efe3760c60	c2082	আপনার তো
efe39c9e08	57d54	নির্বাহিত হইয়াছিল
efe3d0fb0e	e3d8b	আগের ম্যাচে দক্ষিণ কোরিয়াকে ১-০ গোলে পরাজিত করেছিল ইরান।
efe3db6309	9c8dd	সেদিকে লক্ষ্য রাখা বাঞ্ছনীয়
efe50a19c5	903fa	কিন্তু অধিকার
efe53ce2c8	eb179	ভুটানের আছে
efe5a98425	6fb36	কাঁধে না করিলে
efe5ca19e7	29d44	অনুপ্রেরণা পেয়ে
efe5d49dd4	53396	অনুশীলন দ্বারা
efe5d755d2	b9b98	অমিয় চক্রবর্তীকে
efe693c8b4	eaa7a	সেনাশাসন চলেছে
efe6ff10b4	91223	এই অলস টাকা
efe7183e32	5dd61	আর সেগুলোর ভেতর থেকে
efe71f61dd	59c73	সাংবাদিকদের অভিযোগের ভিত্তিতে
efe76894eb	4237e	পার্সেলের নিয়ে
efe78b2d9d	e2ba2	তথ্য নিশ্চিত করেছেন
efe7afa445	39dd0	আচমকা পথ আটকে
efe7c412c4	09f0d	অবকাশে এনেছিলেন
efe8405d10	d0c70	দুদক উপপরিচালক মো. নাসির উদ্দিন
efe851e416	7f71c	ঢাকায় নিয়ে
efe8ce86d8	4e900	অবস্থান নিয়েছেন
efe9199977	8ba2b	৫০০ টাকা দিবি
efe9357e2c	49d63	সেসবে কর্ণপাতের সময় ছিল না
efe96636c9	e2c11	আনিছুর রহমান জানান
efe9778e1c	64092	এদের নাম ‘Kopje’ অর্থাত্‍
efe9d66895	e7230	তাতে চুলের গোড়া
efea12bee2	bdfc1	আমরা আলোচনার জন্য প্রস্তুত আছি
efea2d260a	d9817	অমেধাবী লোকেরা ছবি বানাচ্ছে
efea2ddf91	420df	যদি আমি আপনার
efea4467ed	d5213	সাংবাদিকদের কাছে
efea513af9	c463d	এর স্থায়িত্ব
efea669133	d2d71	তেলাপোকা
efea824cf3	a3a6d	প্রত্যক্ষ ও পরোক্ষভাবে ক্ষতিগ্রস্তরা
efeaaa7c8f	93080	সীমান্তে আরও
efeaad7b2a	4e900	নিতে হচ্ছে ভোক্তাদের
efeac3fc52	bcaa8	দমদমে নেমেই
efeaf9c314	ee4ad	শেষে এক জায়গায় গেলাম
efeb1adfc6	c9c19	তাদের নিয়ে ছড়ানো বিভ্রান্তি
efeb20de60	7c272	সচল রাখা
efeb676d34	2de86	ছোটদা ঘরের থামে
efebaf7833	aa820	তার বাবার দোকানে
efebe1da5a	85430	সংগীতের দল গঠন করেন
efebf15da3	ce629	জামায়াতে ইসলামী
efebf7da0d	4bede	অন্যদিকে সুপার টেনের
efec1e83d7	d5213	গায়ানার জর্জটাউনে বুধবার সকালে
efecac65e1	717bb	এরপর তোরা কোত্থেকে জল খাস
efecec9a97	93bf3	আমরা এর তীব্র প্রতিবাদ করি
efed0540ff	d5f7b	চুল রুক্ষ হয়ে গেলেও
efed8098f6	33814	কথোপকথন চালায়
efed80a3da	66dcd	দেশের প্রথম কোনো
efeded0086	f0f95	ধীরে ধীরে সূচনা করে
efeedf55d2	153c9	৭ মার্চ এর ভাষণ
efef6368bd	5639c	এ ধরনের তথ্য
efef8db06f	4e900	মি. স্টলটেনবার্গ বলছেন
efefa81611	93bf3	শুক্রবার তাদের ট্রেনে করে
efefc2c4c7	c9c19	সবচেয়ে উজ্জ্বল হয়ে ধরা দিয়েছ
efefe64743	0696e	মৃত্যুর মতো শূন্য
efefea90bc	809cd	তা ছাড়া এসব
eff01d30ce	86b1b	তারা চিন্তিত নন
eff085864d	3fce2	যারা কাজ করছে
eff0d02e28	b9a81	কারা কর্তৃপক্ষ
eff16df8a5	47e8d	প্রয়োজন ছিল
eff17a42ea	06527	কারেন্ট চলে গেল
eff2ef9599	f1240	গঠিত হয়েছে
eff35d28c2	3faff	এদিকে, সিরিয়া সংকটে
eff36c051f	7ee9b	ফিসারী
eff3b56ccc	a7c6f	মেক্সিকানদের আত্মপরিচয়
eff3cf001a	430b2	সেনা অভিযানের পক্ষে যুক্তি দিয়ে
eff3d1eadf	a06a1	ভাঙচুর, অগ্নিসংযোগ, মদ
eff3ed0490	8632b	সুবহান সেক্রেটারির দায়িত্ব পালন করেন
eff58eedb5	37d7e	উপসর্গগুলো দেখা যায়
eff5c96056	ce180	জাতীয় পরিসংখ্যানের থেকেও অত্যাচার-নির্যাতনের আসল সংখ্যাটা আরও বেশী।
eff61459fa	2fe3c	আরেক সাড়া জাগানো
eff66f547f	75626	শিবসাগর জেলায়
eff6a7e7b0	db735	মাটিতে আছড়ে পড়ে
eff6c291f3	616ec	আসা যাওয়ার টিকিট
eff6e80477	76329	তলোয়ার
eff6f3f456	6dff5	পরিচালনা করেন
eff73b0ba9	24aed	গুঞ্জন উঠেছিল
eff78a2c0f	e68af	মিডল্যান্ড ব্যাংক লিমিটেডের
eff802c471	4bd2c	এক দফা দাম
eff8b3309d	9c8dd	এই অগ্নিকান্ডের ঘটনায়
eff8c82513	d5f7b	ক্রাইমিয়াতে যে গণভোট হয়েছে
eff8c8ff83	1a2a1	দুপুর ১টার দিকে
eff9bf17e2	65652	পাহাড়সম সম্পদ
effa829bcc	23291	পররাষ্ট্রমন্ত্রী কিশিদা
effb4eb0c1	1a2a1	যিনি নিজে দাঙ্গার চক্রী
effb66d08f	75936	হার্ডডিস্ক ক্র্যাশ করা
effb717051	c9c19	দোকানের হিসেবের খাতাগুলো
effb7fbd29	ce629	কান্ধের মাছ
effc132fb6	536d9	জাতীয় নির্বাচনের বছর অনুষ্ঠিত
effc2ed749	11bd2	মানুষ এসে পৌঁছলো
effc402a48	56508	ওঁরা একসঙ্গে, এক মেয়ের
effce31465	88654	নিবেদিতাও ছিলেন
effd3498d0	ce775	গলাকাটা লাশ
effe1dc703	0d9f1	তিনি কথা বলছেন
effe82abaa	5dec6	ভীষণ তার ডাকে
effecd3d0f	9813c	গ্রামের বাড়ি নারায়ণগঞ্জে
efff61add0	0a7a0	এ তো রীতিমত
efff862c55	54e68	বর্তমানে তিনি বিএনপি চেয়ারপার্সনের অন্যতম উপদেষ্টা।
efffa011ef	4f2ae	আন্তর্জাতিক ট্রেড ইউনিয়ন ফেডারেশন
efffe445f9	6e6fa	প্রধান চরিত্রও এই রবার্ট ল্যাংডন
efffe45263	717bb	ঘরবন্দি থাকতে হচ্ছে
efffec0486	49543	বিষয়ভিত্তিক ভালো প্রস্তুতির পাশাপাশি
