f400024bcd	6a35e	তবু আমি তো
f400afe732	e31e7	কিছু আশা কিছু ভালোবাসা ছবিটি
f400b46749	b08d0	বিবিসি তার বর্হিসম্প্রচার বিভাগের
f400cd0f94	943de	তাকে ডিজিএফআই এর কাছে
f400d1fa6a	d136b	কাজ শেষ হবে
f400fba3df	7df87	এখন সমঝোতার সুযোগ রয়েছে
f400fc74e4	4c555	কিছুক্ষণ পরপর
f40140fe44	57d54	এই গর্ত সেই গর্ত
f40159676e	4bede	শোবিজ জগতে প্রবেশ করে
f40191dd2c	22096	ভাইরে সুবল
f401b5237c	8632b	টর্চের ব্যাটারির তেজ
f401ff1da3	7d004	তারা রাজাকারদের
f402332884	0b7ca	অর্থনীতির সমালোচনার
f402d7d2ff	1b359	ঠুমরী ও বাঈজী
f4043180c9	b8ed8	মন্ত্রীদের মুখের
f4043e2b2e	35ef3	কন্যা সন্তান জন্ম নেয়
f405a735d1	f280a	মন্তব্য করেন তিনি
f405c70dc7	64092	প্রভাতী গান গাহিবে
f405d12b4b	57d54	রেললাইনের ফিসপ্লেট খুলে ফেলায়
f406053126	0f047	চলমান স্বৈরাচারবিরোধী আন্দোলনে
f406b1fa47	9813c	বাংলাদেশ এবং ইন্দোনেশিয়ার
f4074a7ab3	ce629	বাংলাদেশের তৈরি পোশাক শিল্পে
f40759803d	b8bba	কোন কাজ করতে
f4075a174d	91ac1	এবং ভেষজ ঔষধ
f4078684da	e3d8b	রোমানা মফস্বলে
f407cd2246	66dcd	জন লুইসের নিজের শৈশবও কেটেছে
f407f08f90	f29bf	আমার বাকল ফুঁড়ে
f4080470c9	f2097	ইসরায়েলি প্রধানমন্ত্রী বেনিয়ামিন নেতানিয়াহু
f4080dc1b2	10a9f	আমি যে সর্বনাশী
f4083fcb61	2695f	চুল কাটা
f40842133c	cb842	আশঙ্কার কথাই জানালেন
f4096065a5	f2b7d	ব্যাট করে ২৪৩ রানে
f40b6a6f1f	e9fa7	৬২ হাজার মার্কিন ডলারের
f40bca67ee	68549	একজন করে
f40c0b1769	7027a	লুঙ্গি আর পুরোনো শার্ট পরে
f40cac3242	d711f	লুঠতরাজ-খুন-ধর্ষণের পক্ষে
f40cbde642	a9a58	যেত সব তথ্য
f40cd1f050	ee7b2	এখনই আনুষ্ঠানিক
f40cd5527b	53396	নিজেকে সমর্পণ করেছিল
f40d6a63fb	745b7	একে অন্যের প্রেমে
f40d8001e2	5dd61	হেরোডোটাসের বর্ণনায়
f40dbebd14	5a61c	যার মূল্য প্রায়
f40e1e6cda	49543	ভারী অস্ত্রের নির্বিচার আঘাতে
f40e44f24c	66dcd	মুষ্টিমেয় কয়েকজন ভদ্রলোকের
f40f6cbe20	a0277	চারিদিকে মণি-মাণিক্য
f40fd3f8c8	e6752	ঘন করার জন্য
f40fe5f8ac	d2d71	দেশের বিভিন্ন আন্দোলনে
f4103611e6	33814	কিছুদিন আগেই
f41036b1d7	f0f95	মোচা ভুলিয়া কেলা কা ফুল
f410c2c40e	80be1	নদী তো দূরের কথা
f410dceefa	0d4cb	সদস্য হওয়া যায়
f411c253c7	7e1d5	বৃষ্টি হয়েছিল কি রাতে
f411c8606d	ec91c	এ কথা বলিতে সাহসী হই
f4121edc32	880ae	বাগদাদের খলিফা
f4133b5aa8	7d3e1	গতকাল বৃহস্পতিবার তাকে
f4134c7319	e7230	নির্বাচন কমিশনকে
f413737b1b	ee4ad	প্রতিটি বইয়েই দেখা যাচ্ছে
f414766cdd	6973e	সমস্যা ছিল ভিন্নরকম
f414c2231b	355c1	বিমানের ফ্লাইটে ওই পশুটাকে
f414e95924	68549	আজ বাংলাদেশের জন্যে অত্যন্ত খুশির দিন।
f4155286c7	ced74	কোন দায়িত্বের পরিচয় দেননি
f41591b1c2	9065c	বোমান ইরানি
f415cc6502	aabe7	কমে যাওয়ার কারণে
f416113d36	7b900	দরকার শক্তিশালী এবং স্বাধীন
f4164c776d	d9081	অপূর্ব সুষমামণ্ডিত চিত্রধারার অঙ্গনটি
f4174ec7b1	ea8fa	তার ভূমিকা
f4176f8fdc	698ff	অনেক সাধনার পরে আমি পেলাম তোমার মন
f417f5f272	4f2ae	ডিয়ান্দ্রা ডোটিন
f4180cbb93	31f09	কোরান হাদিসও
f41857f85f	efc0d	তিনি পলাতক
f4187892ee	c7705	ছোলা
f418cd74f4	29bab	দলের নীতি নির্ধারকরা
f418dac168	7027a	রোববার পর্ব সমাপনী পরীক্ষা চলাকালে
f418df0555	d2294	ওন্টারিও প্রদেশের
f418fff6b9	239f7	নিপীড়ক গাদ্দাফির শাসনের অধীনে
f4192c099a	93bf3	সম্পূর্ণ বোধগম্য নয়
f4192e022a	66dcd	আমার গায়ের রক্ত
f4193c15e5	05901	অনেক বেশি সময়
f4198f46f7	53396	খুব চলিতে পারিত
f419a40c0e	967fd	আটলান্টিসের নগরগুলোকে
f41a121291	7b900	আমের মোরব্বা রেসিপি
f41a34b2e2	f1ff2	মরণপণ যুদ্ধে নামা
f41b28aefb	4fd66	চকবাজার থানার কনস্টেবল সাইদুর রহমান
f41b507a0f	590d0	তার মাথার উপর
f41d7d7441	c173f	সবাই তাকেই চেনে
f41dadec04	d9081	দলীয় শৃঙ্খলা ভঙ্গের কারণে
f41db1e821	e2f12	এবং যারা মসজিদ বানাতে চান
f41dcdbe91	e3d8b	খুব একটা বড় হয়না
f41e00ac11	cd3ac	আল-কুরআন
f41e48b46d	3b1f7	অপর আসামী
f41e5b4a13	6973e	মুক্ত বাণিজ্য অঞ্চল
f41e70b465	d2faf	বাড়তি পয়সা দিতে
f41ea6c590	2ac82	ধূমকেতুর পাশেই রয়েছে
f41eb75f9d	a699c	মাথায় স্বাভাবিকভাবে
f41efb3537	11bd2	পরে হয়েছে অক্ষর বা বর্ণ
f41f6cfc69	0d8c1	কারও নাকের তলায়
f41f802eee	e03ce	বাংলাদেশের কারখানাগুলোকে
f41ffece5c	e6752	দূর-দূরান্ত থেকে
f4203fca46	28dfc	রাহুলের মতো তার বাবার নামও
f4204d4311	f6e55	বিশেষভাবে সে দেশে
f4205701a7	16cfb	যদি এড়িয়ে চলার
f420e90d5d	bd576	অনিচ্ছাকৃত খুনের
f420f3a1e5	e754e	তেমনি একটি বাহুতে
f421002193	1a4a9	সংশ্লিষ্ট থানা ও হোটেলের মিডিয়া
f42125f0b6	ee852	যুগ্ম মহাসচিব
f421682011	83c53	নারায়ণগঞ্জে বিভিন্ন স্থানে
f421bc4e56	a8710	২০০৯ এবং ২০১০ সালে
f4223edfa5	d2355	উত্তর গোলার্ধের
f422bced19	8cf95	চাকরি চাই
f4232fedec	d2faf	ভাড়া পাচ্ছি
f4235d8ef2	2bc73	একজন হিসেবে
f423983d6b	ff0fe	কোনো অভিযোগই প্রমাণ করতে
f423b07b10	dec2d	এত সহজে মৃত্যুকে
f423fdc96a	b00ba	বিভারা নেই
f424b08b4a	53396	এখনও শোনা যায়নি
f424ec6366	2aecc	দীর্ঘ লাইন
f425b41054	60b9d	প্রতিনিধিত্ব করেন
f425e3facb	2ee04	সৃষ্টি করি কী প্রকারে
f425e4a6ef	0f047	আমি শিল্পকলা একাডেমীর
f4265e1076	29d44	সেক্স, বিয়ে, এসব তো
f42660f6b7	f2b7d	মো. মোস্তাফিজুর রহমান বলেন
f426c6d8bd	f143a	বুবু
f426cc684f	c2082	এবং পরবর্তীতে
f426d42785	d711f	দু’টি সংশোধনী আনলে
f426e6daee	6da0a	অস্ট্রেলীয় কর্তৃপক্ষ
f426ef3ec0	f1ff2	একটি যুদ্ধ জাহাজ
f4278da031	7d133	সবাই ভাবল
f427acc6d7	ced74	সবশেষে বেলালের মরদে
f427c7bfe2	6aac8	ভিন্নমত প্রকাশের সুযোগ
f427e7e312	7b60a	যেন তাদের দেওয়া হয়
f4287f8b5b	7027a	ঘোড়ার মাংসের অস্তিত্ব
f4288528b1	5d12f	আপনার ছবি কে কিনল
f429651cb6	a06a1	বাবা-মায়ের সঙ্গে
f429891280	3c897	চার্জ গঠনের শুরু থেকেই
f429eaa5fc	9fa90	বিশেষ ক্ষতি হবে না
f42a3a1778	16cfb	হরতালে নেই পিকেটিং
f42a655601	351dd	অর্থনীতি, আজটেক শিল্প নৃতত্ত্ববিদ্যা
f42ae374a5	f4ba7	দানি আলভেজ
f42ae4c661	43199	নৌকায় উঠিলে
f42b7f9353	cb1aa	তারা কিঞ্চিৎ হলেও
f42bff5119	ee886	ক্লাসমেটও ছিলেন
f42c0525e3	21e54	তখন ত ভারি একটা ছুটোছুটি
f42c87d5f8	1c618	মুদীর পয়সা
f42ccdff8e	13b6a	বেলুনওয়ালা আসতেই হৃদয়
f42cfcf1b1	b8bba	সময় কাটছিল
f42d4da4a4	91dff	জেফ ডিলান
f42dcf80f1	4fbd1	তাঁর পাঠানো আপেল
f42e1c7eec	7aed9	প্রচণ্ডভাবেপ্রহার করে পুলিশে দেয়
f42e31ffd4	b8fe1	ডিপ্লোমা ইন সিভিল
f42efa8d30	b8fe1	কোথা হইতে জানিলেন
f42f4fc104	976b1	সাধনা
f42f795573	7a227	নাকি হবে
f42fa429b4	880ae	টিভি সাংবাদিক দিয়েই
f42fb119e7	92bb2	এবং রাজনীতিতে
f4303a5a2e	d2294	গত বছরের ৫ সেপ্টেম্বর
f430b4dec5	ef4f8	এ থেকে শিক্ষা নেওয়া উচিৎ
f430b983ae	d82d9	দুর্ভোগ বাড়িয়ে দিচ্ছেন
f430d71419	c7a89	শিশুদের ভিটামিন ‘এ’ ক্যাপসুল
f4310dce4f	3ec4d	তোমাকে পাইনি আজো
f4313bdc3b	8cf95	এটি উপজেলা পরিষদ নির্বাচন
f43142cbfe	ea8fa	তখন আর্জেন্টিনা-ব্রাজিলের পতাকায়
f431685b99	68ab7	নির্বাচন চেয়ে
f4319b7020	e03fc	ওই অভিযানে
f431b28079	d9081	জনসংখ্যা হল ৯৯৬২ জন
f431d1c6e6	80be1	মুক্তি পাওয়া যায়
f431d5867c	315e9	ও বিছানায়
f43221c955	e43d4	তারা প্রদর্শন করে না
f4326f2c80	274ee	তারপর আমার শান্তি
f432fdcb3b	64092	কর্কট রাশি
f43347bff4	c4973	অভিনব কল্পনাশক্তি প্রয়োগ করে
f4335ed817	b00ba	ধারালো দাঁতগুলো
f4339a1e1e	66c6b	অভিজ্ঞ বাঁহাতি স্পিনার
f43467ef25	9b864	র‌্যাব ও পুলিশ
f434a43ac1	e8dde	উপরন্তু তারা আমাদের সামাজিক অঙ্গনের
f4352a4de9	29d44	দায়িত্ব পালন করবেন
f435556fa2	239f7	নতুন রূপের
f435cf99d2	698ff	৯১টি উপজেলায়
f4362007d9	5dd61	বাংলাদেশের দক্ষিণ পূর্বাঞ্চল
f436249b5e	778c0	কার কথা সত্য
f4362c1db6	ff970	মিশ্র গ্রন্থি
f43651d2fc	fdcba	কিছু করতে পারেনি
f43727f232	c9c19	শুনতে পাবেন শ্রোতারা
f4376da13c	6c17f	১১ কেভি লাইনে
f4377dd210	f6e55	ধুম পড়ে যায়
f43790535b	75936	তাঁহার পূর্বে
f437d2b77d	eecdd	প্রথম দিন থেকে
f437e1f5ad	0895a	ওখানেই ফরাসী মিশনারি স্কুলে পড়াশোনা
f43804fb00	f280a	পুলিশি তৎপরতা
f43818508b	f7a7f	দেশটির প্রেসিডেন্ট হিসেবে
f438253b7a	b2a62	বিয়ে কথা
f43867310e	e03fc	১৯৩০ সালের আগ পর্যন্ত
f43886f782	7027a	দুপুর বেলার অক্ত
f438a5dc4a	3faff	আদালতে এই শুনানিতে
f438da0b42	79b06	গোলমরিচ আধা চা-চামচ
f4393ea418	28dfc	দুই হাত শূন্যে তুলে
f43952d008	717bb	বেশির ভাগই সম্প্রতি
f439f3d4fe	dec2d	তাতে গণপরিবহন এবং পর্যটনকেন্দ্রগুলিতে
f43a25e82e	7898e	আর টিকফা চুক্তির ব্যাপারে
f43ac9fe90	71522	ভাতের বাসন
f43b11edd4	0d9f1	আমার দেশ অনলাইন
f43b5d680e	91ac1	মূলত প্রবাসীদের পাঠানো
f43ba6d4a6	e03ce	সুতরাং আর বসে থাকার
f43cb91740	6ee5f	সুনির্দিষ্ট কী অভিযোগ রয়েছে
f43d1aba05	3fc9d	ইংরেজীতে প্রথম উপন্যাস সম্ভবত
f43dfb12ba	fbb81	তাই সেই জায়গাটা
f43dfbd33b	6b437	অবতীর্ণ মনে করিলে
f43f89e40f	4c1eb	দুদল সংলাপে বসা জরুরি
f43f8a2175	7ee9b	অরুণাচল প্রদেশের
f43fb53d56	86b1b	গাজিয়াবাদের যশোদা হাসপাতালে
f43fb84017	eaa7a	মো. আবুল কাসেমের কাছে
f440282b20	d41be	মন্নাননগরের পশ্চিমে
f4404c7558	75936	দু’গাল ফুলে থাকে পানে
f4408bc3e5	29089	আর কেউ নন
f440ca37af	f6e55	তা নিয়ে সাধারণ মানুষের মাঝে
f4412938eb	778c0	আর্থিক সঙ্কটে পরিচিত কারো সাহায্য পাবেন।
f441a452c1	1de6c	এ সময় আসামিদের আইনজীবীরা
f443465cf7	14816	সদস্য এখানে মূল বিষয় না
f4438a394d	ad2a0	পুলিশের গুলিতে মারা যায়
f443c4d852	e2ba2	ব্যাপক ব্যবহার নিশ্চিত করেছি
f4444fc326	1b359	দুটো প্রস্তুতি ম্যাচেই জেতার
f444ca3788	6dff5	আবৃত্তি ও নৃত্য
f445ad584a	321b6	ইচ্ছে মতো পানি যোগ করে
f445e30902	16cfb	তার চেয়ে বেশি উচ্চতার হলে
f44617aff5	4c555	যদিও অনেক নেতাকর্মীর গুম
f4469fba4d	1b359	ফোক ধারার গান করেছেন
f446c0ab1d	943de	এমন কোনো বাধ্যবাধকতা
f4479b1692	086dd	দাঁড় টানিতে টানিতে ক্লান্ত হইয়া
f447bc5247	57d54	সংসার কীভাবে চলবে
f447e63e3d	69449	এই জয়ে
f4481a0dc5	509f6	মানুষকে আলোকিত করার গান
f4489835e5	d3e06	মৃতদেহ নেওয়া হবে
f4489dfd46	698ff	কৃষ্ণচরিত্র-ঘটিত কোন কথাই
f4492c9291	dafb6	সুকান্ত তো দেখছি চিরকিশোর
f449c8692d	53396	নয়ন আলীকে
f44a291809	83c53	ও আম্মুর জন্য
f44a9099fd	f658d	ভেতরের শক্তিকে
f44ad4e28c	fd880	৫ জন নিহত হয়েছেন
f44ad9fbfa	932bb	যেমন ওয়াকওভারে জিতে আসার
f44b1e38c2	0a87a	নিষেধাজ্ঞা ছিল
f44b38e43c	e2ff7	বুড়ো ক্যাপুলেট
f44b6dd0ab	84145	প্রকাশ করা হয়নি
f44ba033bf	a4750	ও নার্সিং কলেজ চালু হলো
f44c81b0cc	698a4	ছুঁড়ে ফেলে দিত
f44cad1437	af81d	আমার বাবা ওদেরকে বলতেন
f44cc668cd	6ee5f	কে-বা দেবে জল
f44cd6e9d2	0bace	তা নিশ্চিত করা
f44d0d20e4	e89bb	ঝুমার বিভিন্ন স্থানে যাওয়ার ক্ষেত্রে
f44d2864f1	7ec1c	তেল-গ্যাস-কয়লা প্রভৃতি
f44d2a0a5e	4237e	একসময়কার সক্ষম আজাদ
f44d439466	39dd0	বিফ পিপার স্টেক
f44d864d0a	8845d	চিৎকারের উৎস দেখতে
f44df54b34	92bd8	তা আদায় করা হয়েছে
f44e12266d	5dec6	যেমন হিটার
f44e464aa0	0606d	গড়ে ওঠে ডজন খানেক
f44e475a49	baa02	আসলে ওরাও তো আর
f44ead0368	4fd66	ভালোবাসা ও বৈরিতা
f44ebaa6ba	77f82	তাঁর প্রশাসনের
f44f312f79	ea8fa	একটি ভিডিও তথ্যচিত্র প্রদর্শন করেন
f44f90955a	17dcd	ভারত-চীন দ্বন্দ্ব
f44f909c46	932bb	যে বড়সড় খেলার মাঠটি রয়েছে
f4500e79c8	dfefa	ফলে সত্যেন সেনের
f450113cb5	91223	২৭ হাজার ২৪৭ ভোট
f4501fee40	1b359	বিবৃতি দিয়েছে চীনা দূতাবাসও
f45021d90d	3fae0	বড়লোক হওয়ার স্বপ্ন
f4504721ce	767ff	অবশ্য পুতুলের শখ মিটে যায়
f450b85cb0	c3cca	আমি আপনাদের জন্য
f450e60a96	fcefa	এটি সম্ভবত রাশিয়া
f450f68ffe	24f73	ক্রেতাদের
f4516f991d	a274b	ছাঁটাই করছে
f451e08c62	e3d8b	তবে এতেই ক্ষান্ত হননি
f451f16c65	f1ea4	প্রয়োজনে
f4524b11f0	13b70	আমি মাঠেই থাকব
f452a47e3f	e6203	প্রশ্ন শুনে
f452c48f01	52578	আইনজীবীরা জানিয়েছেন
f452fc4140	cc9fd	যার সঙ্গে
f4530b31cf	ac904	কনস্যুলেটের রাজনীতি, অর্থনীতি
f4535a9aaa	93d3b	পূর্ণিমার রাতের বাড়তি আলো নয়
f453d7e83b	8edea	ও ভিওআইপি সফটওয়্যার
f453f43c32	f2b7d	আর সেই সাথে
f45436509e	e43d4	বেশকিছু পুরস্কার লাভ করেছেন
f4544da119	4c555	মূলত মেরুদণ্ডকে বোঝায়
f454d69e29	d1b12	সন্ধেও নামবে
f454e1aecd	c958a	সামরিক পর্যবেক্ষকদেরকে
f45524b8a2	e00db	যে সামান্য ঘটনা ঘটেছে
f45530edfa	4fc91	ফজলুল হক ১৯৪২ সালে
f456a9d654	11de3	পড়তে কি দেয়
f456aab487	1cb75	বড় আক্ষেপ হয়ে রইলো
f457c1e9cc	84145	বাংলাভিশনের অনুষ্ঠান বিভাগের প্রধান
f458127d88	e2ba2	তাঁহার বাঙ্গলায় চারিজন
f458293c54	f0f95	অনুপ্রেরণা ছিল
f4582cc82c	17dcd	নোবেল পুরস্কারের জন্য
f458340353	d2d71	বৃহস্পতিবার সকাল ৮টায়
f458ff6f1d	0606d	সম্বরণ করতে পারলে না
f45905e7e4	6973e	লেখালেখিটা বেশি করে
f4590d5dd8	d1a48	ক্রাইমিয়াতে যে গণভোট হয়েছে
f45953bdc7	121bd	২০০১ সালের নির্বাচনের
f459b37a18	ce775	বুঝতে হবে তাঁদের মন
f459ea6b36	fd880	ঘুম যে আসে ভূলি
f45b40c2ac	dafb6	কেন্দ্রীয় চরিত্র অ্যাকিলিস
f45b49fdee	7f71c	বর্ষবরণের নানা আয়োজনকে কেন্দ্র করে রমনা, শাহবাগ ও বিশ্ববিদ্যালয় এলাকায় কড়া নিরাপত্তা ব্যবস্থা নিয়েছে পুলিশ ও র‍্যাব।
f45be853e6	37e17	আগামী ১০ নভেম্বর
f45be8c643	ac0df	প্রশান্ত মহাসাগরের
f45c7f2f9c	57d54	সেদিকে নজর দিতে হবে
f45d015d92	42898	ইউক্রেইন সঙ্কট সমাধানে
f45d1a896e	6973e	পোশাক শ্রমিক তৈরির
f45d602049	44322	কিন্তু না খুললে কী হবে
f45dad973d	c0d65	এবং আধা সামরিক বাহিনী
f45db6ae3e	e9759	স্থগিতাদেশ চেয়ে শীর্ষ আদালতে
f45dc0aaa1	06527	সেটা বোঝাতে
f45e06c966	4237e	আধিপত্য ছিল তার দলেরই
f45e33928b	ac0df	নির্দেশ দিয়েছেন আদালত
f45ea382cb	d2faf	অনেক খেলার বই
f45f1d88f2	ce629	দাম বাড়ার কারণেই
f45f694395	cb1aa	তাহার একটি ছেলে হইয়া
f45f9e8519	1a4a9	তাদের দাবি দেশকে
f4605c7cce	e9589	মসজিদের সামনে দুইটি
f4608d317b	13b70	পরনির্ভরশীলতা ত্যাগের
f461573a43	287bd	আমাদের এই মূল রচনা
f4615bb898	25696	হবে ম্যাচটি
f4617962ad	65652	সময়ের জন্য
f46201d7a7	18460	ফিফা
f4620b85fe	ee7b2	আমি এ দলকে
f4620e65c4	24aed	পোলিও প্রতিরোধে
f462659d7b	b8ed8	বালাই ছিলনা
f463249457	0d9f1	রাজধানী ঢাকার যাত্রাবাড়ী থানার
f46374aada	71522	চিত্রমালার মধ্য দিয়ে
f4641256f5	ac904	রাখওয়ালা সিনেমায়
f46445cd5c	b9122	কাউকে ভয় পান না তিনি
f464562712	9b864	মহড়ার ফাঁকেই
f4646380d1	bf530	এটা নিয়ে
f464902ae9	17ca1	পীরের কন্যা জোহরা ছিল ঘরে
f464d50a98	24f73	এমন কারও সঙ্গে যার সঙ্গে আপনার ঔরসজাত মিল রয়েছে।
f46578cfb4	93bf3	একান্তভাবে কামনা করছি
f465c9d3cd	a43b5	মথুরাবাসিনীদের দ্বারা তিনি বেষ্টিতা
f465cca342	75626	প্রথম বাংলাদেশী হিসাবে
f465ded818	7ec1c	ডিজিটাল চলচ্চিত্র
f465f517e9	52578	একই মৌলিক পদার্থের
f4661e44ca	f2780	সম্পূর্ণ ঘোষণা না হওয়া পর্যন্ত
f46655bb0b	2aecc	চপার থেকে ঝাঁপ মেরেছি
f4670e4cef	f2b7d	আর দুদিন পরই
f46757bb5d	2c9c5	আলো ঝলকানো জগত
f467c41070	e3d8b	সাবধান, অসম্মান করেছে
f4682f1980	b8bf0	মিছিল করেন
f46895b55c	49d63	ওই সংগঠনটির সেক্রেটারি
f468d360ea	83c53	দায়িত্ব
f468f545e8	8845d	প্রথম হয়েছেন শিরিন আক্তার
f4696824b1	f0f95	প্রয়োজনমতো
f46a2b1a7d	4dd57	জাহাজ পরিত্যক্ত ঘোষণার পর
f46a678e83	09f0d	কর্তৃপক্ষ ১৮৭১ সাল থেকে
f46a8c99ab	16877	কৃত্রিমতা আক্রান্ত
f46aaa4f24	4f2ae	যুদ্ধ অথবা সংঘর্ষ
f46b073ff2	ac0df	তাদেরকে একে একে
f46c113d81	2b883	আমাদের দেশেও
f46c2d08a6	3d17c	শহরের কেন্দ্রে
f46c4dc961	5354e	বিহ্বল-চোখে তাকিয়ে
f46da7a337	2ee04	তার এই সিদ্ধান্তের পর
f46dd60e79	e8dde	ভূমিহীনদের স্বার্থ সংরক্ষণে
f46e7f2f8b	72649	এ আক্রমণ চালায়
f46ea505e4	75626	অগ্রসর হইলেন
f46f03b68c	e03ce	দুপুরে খাবার টেবিলে
f46f131f02	5dec6	পরে এক্ষেত্রে
f46fd6740f	93d3b	এই লাল পাখিটি
f46fdb5f40	b618b	সাজিয়ে পরিবেশন করুন
f47071b657	6ab59	যদি এগুলো
f471844633	28dfc	কোন কাজ
f4719fb9b3	1e7c6	দেশটির বেশ কয়েকজন পরিবেশ বিজ্ঞানী এই প্রকল্পের বিরুদ্ধে সোচ্চার হয়েছেন।
f471efe92c	2ecf8	সাইদুর মামুন খান বলেন
f47206b3ae	7b60a	নৌপথে দুর্ঘটনা রোধে
f47230d68d	a1d4a	একটা মাঠে আসিলাম
f47243b415	12702	সুবির দত্ত জানান
f47267a12d	287bd	প্রায় তিরিশ-চল্লিশ মিটার
f47321ae33	7898e	আমরা আগের চেয়ে
f473652327	5354e	ঘটে দ্বিতীয় বিস্ফোরণ
f47378127e	0edef	গুলি করতে ভুলে গেল
f4749d0724	86b1b	এর অস্তিত্ব
f474b541ff	5354e	রাতে তিনি
f4752a7462	5dd61	প্রবল সামলোচনার মুখে পড়ে
f475adc13e	4f2ae	দুই দলের খেলোয়াড়দের
f4766e3992	2695f	চা না ঠাণ্ডা
f478ace85c	ee886	বেঙ্গল মিউজিক
f478f55374	bfac7	কিছু বাড়তে থাকে
f4790ca208	4fd66	কেউ সংস্কৃতির
f479311647	778c0	একটি লৌকিক সমালোচনা
f479425841	2ee04	সূর্য থেকে দূরত্ব পরিবর্তিত হয়
f479550ec2	4bd2c	পেঁয়াজবাটা আধা কাপ
f4795f1710	ca831	কয়েকটা ছবি এঁকেছিলেন
f47a01699d	1279e	আর খালের মুখে ধরিল
f47a3fbbcc	2b883	তাই এ মাসে
f47ac6c009	3b1f7	তবে ফিরে আসেন
f47ae7b9bc	0606d	সাদা কাপড়ের ওপর
f47afa758d	76329	স্বাভাবিক লগারিদমের ভিত্তি
f47b1237ab	f4ba7	অবাধ নির্বাচন হয়
f47b2361e5	ad050	হেরে গেছেন আনা ইভানোভিচ
f47b6baff6	9f25e	চরের কথা শুনে
f47c42f322	c8f7f	কোমর ওই
f47cf6b349	32c77	যে প্রশ্নটি মাথার মধ্যে
f47d43c7e4	c0965	এই ষড়যন্ত্রের সঙ্গে জড়িত
f47d548d97	086dd	আমি সেই কারণে
f47d58a10d	7b60a	পুদিনা খেয়ে
f47d70f71e	18a52	টেবিলটা ভাল করে
f47dc814fc	17ca1	সাহিত্যে
f47dd14bc7	bbb22	জীবন শুরু
f47de199e9	870e3	বেশ কয়েকটি কারখানা
f47e493342	3fce2	তারিখে প্যারিসকে
f47eb344f9	d82d9	ধুম ধাড়াক্কা
f47ec83f86	66b3c	যে নথ দুলিতেছে
f47f97c2f4	c958a	জাতীয় পরিচয় পত্র
f47faa89c1	33aef	আসলে সীমান্ত সংঘাতে
f47fad726d	bcaa8	রাজনীতিক
f4800d817c	f1ea4	যখন পানি বেরোবে
f48014e7fd	ad98d	চাকরি হারালেন তিনি
f48103d9e2	1cb75	এ ‘বিয়ে’র কয়েক মাসের মধ্যে
f4817ad7a6	7d133	পুরনো কথা আঁকড়ে
f4818d036b	93d3b	প্রথমবারের মত বিদেশি মুদ্রার সঞ্চয়
f482146fe2	b9b98	জিয়াউর রহমানের পর
f4824c8b05	8c120	দাসীকে দাসী বলে মনে হয় না
f4827e09d6	520fb	পাশে বসে থাকা
f482c6ba5c	420df	আফগানিস্তানের স্বরাষ্ট্রমন্ত্রী
f48379539a	5dec6	ভাবেন
f484350efd	a06a1	অবসানের পর
f4845d9af6	c11b1	অন্নপ্রাশনে
f48491ce65	717bb	পরে পালিয়ে
f484cd1d95	69449	কিন্তু পরবর্তীতে তা আর
f48540d262	e6203	তাঁদের যেসব বই
f485e1b1cb	693cb	আসলে কিছুটা অসুস্থ
f4867db332	2ad74	এ কথার অনুসন্ধান করেন
f486e7a6f8	404ee	উদ্ধার কাজে ব্যবহৃত
f48723bdad	46da4	সুব্রত রায় সাহারা
f4874f7965	2ee04	কমানোর ক্ষেত্রে
f4875d7a25	323f1	তারা ভেতরে ঢুকে
f4877d0a48	3d17c	ভালোবাসা ও বৈরিতা
f487a28a63	24f73	কবিতাকে নতুন ধারায়
f487ba7b5b	83c53	আর তাই তোমাদের জন্য
f487dad380	33aef	কিন্তু এটুকু জানি
f487f2d6c3	cb627	একদিনে তিন লক্ষ টাকা
f488d2e57e	194f5	মীজানুর রহমান
f489049a7f	bf530	সে আমার সঙ্গে
f489db2f3c	0f047	সহায়তা নিলে উপকৃত হবেন
f48a2d7a11	fcc89	বাংলা ছায়াছবি
f48aae5e46	69d9a	সজল ঢাকায়
f48aca7020	80539	বিপরীতে দেখানো হয়
f48ae66de0	cc18a	তাঁর মৃত্যুতে কলম্বিয়া আজ
f48b5c6e66	91ac1	ভালো জানে
f48b99c1db	11de3	মিলিটারী অপারেশনটা
f48bdaa302	3fae0	অভিযোগ প্রমাণিত না হওয়ায়
f48c6d09ce	c2082	কত ছেলেরা কইতাছে
f48c8d6043	18a52	প্রতারিত হয়েছেন
f48d1e29cd	3fb17	ছায়া বিস্তার করেছে
f48d503c01	16a17	বাঘের সৌন্দর্য ও ভয়াবহতার
f48d53fcea	8845d	২০ অক্টোবর, ২০১২
f48d62e975	fdcba	এশিয়া কাপের
f48e790557	778c0	কিরীটী তখন
f48e9ccb04	1a2a1	কলকারখানার উৎপাদন
f48f098cd0	ff0fe	তাঁর ধারণা হয়েছিল
f48f131d1a	e31e7	ইংলিশ মুভি
f48ffd0933	cb1aa	আমার অন্তঃকরণে
f490b6556b	9351a	ম্যানেজার, কোচসহ দলের পুরো ব্যবস্থাপনা
f490b6dfcd	c463d	নতুন কোনো
f490e643c4	9b864	দুর্ঘটনার পর চলে গেলেও
f490f65b49	d9b11	নাসিব ও আসিবকে
f491198f88	f1ea4	জাফরউল্লাহ খান বলেছেন
f491726d6b	c7705	কাজে লাগানোর আহ্বান জানান তিনি
f491c35bfd	eaa7a	বাংলাদেশ স্বাধীন করো
f491d1a4fa	aabe7	শশার গুণাগুণ
f491dcaf7f	420df	একটি ট্রাক
f49314a137	c173f	কাদের মোল্লার ফাঁসির দাবিতে
f49389b508	4c555	মুরগির টুকরা ও চিংড়ি দিয়ে
f4939a125c	9b864	আমি নিজে
f493a8122d	80518	একটি টুকরার দুই তৃতীয়াংশ
f494124f42	da6f0	কবির আসল নাম অনন্ত
f4943d16c6	ad2a0	হোমিও ঔষধ
f4949e758e	5639c	পুরষ্কার তুলে দেন
f494b1351f	7df87	রাজধানীতে খুন হওয়া
f4952b19d9	fd880	আরও সময়ের প্রয়োজন
f495afd9da	bf530	তার শাশুড়ি বিভিন্ন সময়
f495b4a941	05901	তারা ঘরের বাইরে
f495c6d35b	baa02	ডান হাত আর ডান পায়ের
f496167552	7d133	অনেকের চোখে ভাসে
f496641c4d	92f59	তবে বিবিসির খবরে বলা হয়
f496d06a3c	7297e	নয়াপল্টনের কেন্দ্রীয় কার্যালয়ের
f497b7cffc	0c39f	নারায়ণগঞ্জ জেলা সার্কিট হাউজে
f49978e06e	06e62	বিখ্যাত ছিল
f499bab896	d3e06	ভূচিত্র বিষয়ক
f499f01239	a9a58	তবে আমি বলতে পারি
f49a4f10af	dafb6	সাইয়েদা আক্তারের প্রতিবেদনে
f49ac997d7	0633a	কেন তার স্বামী
f49afbb1ec	8632b	পুরো বিষয়
f49b03f3a7	ff970	সাভার এনাম মেডিকেল কলেজের
f49bc05d3b	3faff	পৃথিবীর এক পুত্র ছিল
f49c7c2ee5	e3d8b	দেখা বা সাক্ষাৎ হয়নি
f49c8ed589	ce775	বিশ্বকাপ ক্রিকেট প্রতিযোগিতায়
f49cd3752e	f837a	কিন্তু বহু যাত্রী
f49d37da0e	cfc65	হিম্মত থাকলে
f49d4b8f32	9fa90	নতুন মাত্রা যোগ করা
f49d95fb01	4e900	সহিংসতায় একজন নিহত হয়েছেন
f49e0554e9	c6848	একটা পরিমণ্ডল তৈরি করেছিলেন
f49ea8324a	f658d	শুয়ে পড়ে আছে জুলিয়েট
f4a07ecbc9	d9ba9	একা তো বরাবরই ছিলাম
f4a0ac3ccd	4237e	তার হাজিরাকে কেন্দ্র করে
f4a0b78955	0a7a0	মাস পার হয়নি
f4a1b3a6c3	4a918	বিজিএমইএর সহ সভাপতি
f4a1f6336e	43fc0	আপনি শ্রবণ করুন
f4a1f70504	9e923	ছোটখাট বইমেলার
f4a252a945	18460	যত দ্রুত সম্ভব
f4a25bfe8a	e6d83	অপেক্ষা না করিয়া
f4a290b049	24f73	কেউ কারো বিরুদ্ধে
f4a2aa0ca6	91230	উৎপীড়িত ও অসহায়ের জন্য
f4a2c56cd3	11bd2	বৃহস্পতিবার সকালে পাওয়া গেছে
f4a35b8e62	e9759	সিরিজ
f4a3bde456	6c6bf	বিশ্বসাহিত্যে কী ঘটছে
f4a4410104	ca831	তারা আবেদন জানাবে
f4a4d55194	274ee	রোনালদো ছাড়াও
f4a50006a8	f6e55	জাতীয় পরিচয়পত্র ইস্যুর
f4a59b063e	430b2	নিরঞ্জন কি মরে গেছে
f4a62924b1	d2d71	এরপর বিলটি পরীক্ষা নিরীক্ষা করে
f4a70f4795	baa02	বোমা তৈরি
f4a7218099	d5f7b	তৈরি হতে পারে
f4a72ef151	7898e	মানিক পীরের শরণও নিতে পারে
f4a7bd1158	bfac7	জুডিশিয়াল ম্যাজিস্ট্রেট মাসুম বিল্লাহ
f4a88d775d	cf82a	বৃদ্ধির প্রবণতা দেখে
f4a8967ec3	7d133	অমিয় সাগরে
f4a89fba04	a8710	লাইলি মজনু
f4a902a13c	1de6c	কাটরা হইতে নামিয়া
f4a9255fab	d0c70	ঈশানা
f4a93998a6	6973e	অবলোকিতেশ্বর দলাই লামা
f4a9d4a8c6	2ac82	গাঁজা সেবনের প্রস্তুতি নিচ্ছিল
f4ab64dfc7	53396	বণিকপাড়ায় নিয়ে
f4ab74fa5d	ff970	প্রতি রোববার থেকে বুধবার
f4ab7a9cf9	a7c6f	এক ধনী বেনে থাকে
f4ab92e6df	ac0df	আহতদের ১০ থেকে ৪০ ভাগ
f4ac2e2cc7	c3cca	তাম্রের ব্যবহার ছিল
f4ac65249a	e8dde	ধরে রাখতে পারছিলাম না
f4acab5ac2	80518	তাঁহার সাধনার অগতি
f4acfa0d2b	b9b98	অস্ট্রেলিয়ার বিগ ব্যাশ
f4ad7e2447	8c120	ঘোষিত হচ্ছে এটাই
f4ad8db83c	ce180	এ রোগে আক্রান্ত হতে পারে
f4ae6f6f49	287bd	জাহাজ
f4ae7d1ccc	f83df	বুড়োকর্তার স্ত্রী বললেন
f4aed51b2c	8cf95	ছাদ থেকে ঝাড়
f4aee4032b	e89bb	তৃতীয় শ্রেণির ছাত্র
f4af06eece	35ef3	অব্যাহত ছিল
f4af26aafd	e754e	রূপকথার গল্প শুনতে শুনতে
f4af6127c9	43fc0	তখনই ড্যানিয়েল স্টারিজ
f4afba5588	f2097	আর চাকরি করতে গেলে রাগ
f4afcae96a	d0c70	পানি দেও
f4afe082f7	e03fc	ব্যক্তিগত লাভ বা ক্ষতির
f4b05cdc56	b8bdd	অগাস্টা অ্যাডা
f4b0b04965	0633a	এদেশের জনগণ
f4b0f06715	a06a1	স্থানীয় পুঁজির বিকাশ
f4b15652b7	e68af	১৬০ রানে থেমে যায়
f4b2cff553	1e7c6	সম্পূর্ণ‌ভাবে ক্ষয়ে যায়
f4b300fba2	d2294	প্যারাসাইকোলোজি হল
f4b33fd9c1	16877	এক্ষণে কেবল আমাদের
f4b38ad7f2	92f59	হো হো করে হাসছিল
f4b3ded8fb	69d9a	জানাচ্ছে সংস্থাটি
f4b3eaad38	b8bdd	অস্ট্রেলিয়ার পশ্চিম অর্ধাংশ
f4b45083c4	e2f12	মুরগি ১টি
f4b450b9e2	b08d0	মুখ টিপে টিপে হাসলাম
f4b4759dc1	ff0fe	পরিচিত নাস্তিকবৃন্দ
f4b4feb046	520fb	বলা যায় চিরশান্তির দেশ
f4b5144fd7	d9b11	বিটকয়েনের এই ডিজিটাল আচরণ
f4b5aad838	7351e	পর্যবেক্ষণে দেখা যায়
f4b654a7b5	420df	উস্কানি দিয়েছেন
f4b6a0fedd	420df	প্রেসিডেন্ট নির্বাচনে দাঁড়ানো
f4b6bafd2e	323f1	সমাধিকক্ষে ঢোকার সময়
f4b767d518	ab946	বিশ্বাস স্থাপন করতে পারলেন
f4b7aaf186	0b7ca	বছরে তিন কোটি ২৮ লাখ টাকায়
f4b7d888a6	eb179	জয়নুল জানান
f4b7da1070	f83df	গয়না আর নগদ অর্থ
f4b80351e1	c8f7f	দাপুনিয়ার এ বাড়িতে
f4b806d5ca	e9fa7	উইকেটে সেট হলেও
f4b8154117	1e7c7	জড়িয়ে পড়লে
f4b8477aae	80518	নারীর সমস্যার
f4b84bdb3a	21e54	সুবিস্তীর্ণ, বিজন
f4b92e5b45	8cf95	চাপ ও বিধান
f4b95412a5	4164f	অন্তর্গত একটি উপজেলা
f4b97cb02a	b8bf0	আইনের উপর ভিত্তি করে প্রতিষ্ঠিত
f4b9c1c817	7027a	উন্নতি হয়নি
f4ba014c54	cd3ac	অনুষ্ঠানে অতীশ দীপঙ্কর বিশ্ববিদ্যালয়ে
f4ba6d0aaf	16877	যদিও পরবর্তী সময়ে
f4bafc9d41	ee7b2	লালন জন্মেছিলেন
f4bb2b5c82	b4ea7	তাতে হস্তক্ষেপের শামিল হবে
f4bb4091eb	ee852	রাজশাহী মহানগরী
f4bb454b82	e55de	নিখোঁজ বিমানটিতে
f4bb51b6af	1f733	বিদায়
f4bb52fff5	f2097	সহানুভূতিশীল হতে পারে
f4bb6889ac	aabe7	দেশের সংশ্লিষ্ট হাসপাতালগুলোতে
f4bbd9a5e1	9092b	জাতিসংঘের কর্মকর্তার বলছেন সেখানে হাসপাতালগুলোতে আহতদের উপচে পড়া ভিড় রয়েছে।
f4bc3bad84	121bd	আড়াই হাজার কোটি টাকা
f4bc8cc0be	ad69a	অনেকেই আতঙ্কে
f4bd02b885	8c07c	তাদের মধ্যে রুরু ছিল
f4bd66dbc1	b8ed8	সেপ্টেম্বর মাসে
f4bdf29cb4	4a67e	ভারতের এই বিদ্যুৎ নেওয়ার ক্ষেত্রে
f4bdf35e63	c0d65	আদান পদ্ধতির
f4bdf9a033	388c9	এই প্রেম শাশ্বত
f4be147868	943de	বিক্ষাভকারীদের সংঘর্ষের
f4be2e5d1c	66dcd	দিয়ে যান মা’র হাতে
f4be354804	b7be9	ভালো করার ব্যাপারে
f4be65a28c	256f5	তাদের মূল টার্গেট
f4bf587b4f	e6e48	সম্প্রতি ম্যাকডোনাল্ডের কর্মচারিদের মজুরি ৭.২৫ ডলার থেকে বাড়িয়ে ৮ ডলারে উন্নীত করা হয়েছে।
f4bfa50f93	5dd61	হাসন রাজা
f4bfda7d89	e68af	তিনি যেকোনো দিন
f4bfdfcf88	92f59	মিনিকেট চাউল
f4bfe56945	0895a	যার রূপ ও গুণে
f4c072cd4c	730c3	প্রত্যন্ত গ্রামগুলি থেকে
f4c09dbd30	a8710	তার বহুমাত্রিক চরিত্র নিয়ে
f4c09f3bd0	0b7ca	মাঠের বাইরে ছিটকে ফেলেছে
f4c0c1b160	6e8cb	সাদা হয়ে আসছে
f4c0dfbdf3	93080	কথা দুপুর সন্ধ্যা বেলা
f4c154c3d3	43fc0	আহসানুল্লাহ ইউনিভার্সিটি
f4c1b05544	fdcba	গদিঘর ক্রেতাদের জন্য
f4c1b0ff0b	75626	বই আবিস্কার করেন
f4c1cca449	7df87	অ্যাপোলো ১১ নভোযান প্রেরণের
f4c1dc6101	16877	তিনি প্রথমতঃ ব্রাহ্ম ছিলেন
f4c2585990	0a87a	হাঁ হাঁ, ঠিক ঠিক
f4c262e264	bfac7	আল্লাহ কোথায়?
f4c28f4b9a	22096	মালয়েশিয়া ভিত্তিক
f4c2c82514	a43b5	তার তিন বছরে তিনি কড়া নিয়ম করে দেন কোন পোশাক কারখানা দোতলার বেশি হতে পারবে না।
f4c3876590	68549	মূলবিন্দু থেকে
f4c388d4c6	29bab	অভিমান উথলে ওঠে যখন
f4c38db09e	355c1	শুভ নববর্ষ
f4c3b7524d	f600a	প্রাথমিকভাবে এডোয়ার্ড ট্রিয়ন
f4c42d2db0	49d63	সম্মানসূচক খেতাব
f4c4dff593	9282d	অনূর্ধ্ব-২০ বিশ্বকাপ
f4c4e4ded7	f658d	তিনটি অভিযোগ
f4c4fdde40	1e7c6	চলাচল করবে
f4c510243e	a274b	চেয়েছিলো জাগাতে হৃদয়
f4c51f4af2	31f2a	এটা ওটা দিয়ে সন্তুষ্ট রাখে
f4c5f202da	66b3c	রবীন্দ্র-মৃত্যুবার্ষিকী
f4c67dfe8d	086dd	এতে দ্বীপ প্রাণীশূন্য হয়ে যাচ্ছে
f4c6ce76e5	65e30	অন্যান্য সময়ের তুলনায়
f4c6d09ac0	fda1a	প্রাকৃতিক গ্যাস আহরণের
f4c6d0d68b	9fa90	তিনি বিরোধী নেত্রীকে
f4c73b4715	92bb2	এবং একদিনের আন্তর্জাতিক ক্রিকেটের
f4c748bfc4	ee7b2	আলাপ হয়
f4c7578ee4	b4ea7	স্থূলতা আখেরে
f4c7967550	404ee	এ বছর এইচএসসি
f4c7e60d6e	7d004	অথবা আপনি নিচের
f4c7eb864d	d711f	আনুষঙ্গিক কর যুক্ত হওয়ার পর
f4c8035cb5	6c6bf	৩৮ হাজার ৯৩৮ জন
f4c80779f8	0895a	বিশ্বজিৎ দাসকে পেটানো
f4c86026f7	db735	বিজিপি
f4c8a4b99a	0d9f1	তিনি শাঁখারীবাজারের
f4c8b86f8f	2b883	তিনি কলকাতার চলচ্চিত্র অঙ্গনে
f4c8e37bee	5dd61	সবার আগে নারীর ক্ষমতায়ন
f4ca6b3d24	c2082	এরূপ পাকা হিন্দুর সঙ্গে বিচার করা
f4ca71ba30	57d54	বিজেপির জয়ে মোদিকে
f4cb39aa57	943de	মনে হল না
f4cbbd3388	fbb81	মোটরসাইকেল ফেলে
f4cbdf54ef	2556b	শুরু করা যায় নি
f4cbf036f6	aabe7	জওয়ানরা ছুটে গিয়ে
f4cbfe843e	d136b	উপহার পাঠানো হলো
f4ccec9462	4f450	৮০-টিরও বেশী রহস্যোপন্যাস লিখেছেন
f4ce077540	91ac1	এখনকার প্রসঙ্গের নাম
f4cee242a0	e2ba2	তার স্বামীকে অপহরণ করে
f4cf7d4a07	2695f	ঢাকা মহানগরীতে
f4d0451b9f	cb1aa	আদিম মানব
f4d047eada	4ea73	রোববার খোঁজ নিয়ে দেখা গেছে
f4d06be1cb	8845d	ঢাকাসহ পরিস্থিতি
f4d06ce43e	ee886	সে কী ভিড়
f4d07a40f0	68ab7	রসুন ও টেস্টিং সল্ট
f4d1c68d59	56508	একজনই ছিল
f4d1d8849e	2f547	অবশ্য এমত নহে
f4d1f064b1	eecdd	নিজেকে খুঁজে পাবেন
f4d23bd1c3	8c07c	গর্ভপাত
f4d2c1e59a	0edef	অনুষ্ঠিত হবে
f4d330831f	0edef	আলোর দিকে চেয়ে রইল
f4d3b2d426	f29bf	দিন শেষেসিএসই সূচক
f4d3f177e5	6973e	কিন্তু পরবর্তী
f4d44ca549	68ab7	কোনরূপ শারীরিক পরিশ্রম না করায়
f4d452d3a0	967fd	ছাপানো হয়েছে
f4d46c1a14	d9ba9	সেলসিয়াস বা ঢিপি থেকে
f4d4c672b1	fdcba	উপদেষ্টা কমিটির একটি সভায়
f4d4cdcd20	c0d65	ভালোবাসার সেতুবন্ধন হয়ে
f4d4ce93be	cb842	তার স্ত্রীও পুলিশে
f4d536b776	7027a	তাকে দিয়েছে এক অভিজাত গাম্ভীর্য
f4d59386b9	430b2	বাংলা মাধ্যম স্কুলের চেয়ে উঁচু
f4d68d9d5c	f2780	নিয়ম ভাঙাটাই আপনার নিয়ম ছিল
f4d6af74fb	24f73	কোনো পার্থক্য তৈরি হবে
f4d6bc5467	f600a	যার দায় শুধতেই হয়
f4d6dff6cb	12702	পরিদর্শন করবে
f4d76cfc7e	287bd	মিনহাজুল আবেদীন বলেন
f4d7862361	e03ce	২০০৫ সালের
f4d83cc330	7b900	খুব সাধারণ অর্থে
f4d84d14b2	cc18a	নমুনা আবিষ্কৃত হয়েছে
f4d9234320	9e923	যুবকের মূর্খতামাত্র
f4d97722e4	3fae0	আমাদের ছোট নদী
f4d9b2fb59	0633a	সারদিন পথ চলিতাম
f4d9e87f67	6a35e	তেল বা মাখনে
f4d9ebae02	13b70	সরব উপস্থিতি আছে
f4da70612f	58998	উইন্ডোজ অপারেটিং সিস্টেম
f4da9282a8	e2ff7	ইলেকট্রনিক নজরদারি
f4dabaa8f3	4486f	নির্বাচনী সমাবেশের পরিবেশ নিয়েছিল
f4dabb2d60	948d3	স্বামীর পড়াশোনা
f4daf27908	9092b	সুন্দর বন্দোবস্ত
f4db0ca5e4	5cb47	পুনর্বহালের দাবি জানিয়ে
f4db107598	01e91	রামপালে কয়লা ভিত্তিক কেন্দ্রটি নির্মাণ অত্যন্ত প্রয়োজনীয়।
f4db4009f9	a274b	মন খারাপ
f4db6eb034	0606d	তেমনি বিচিত্র
f4db7ff014	13b70	এখন অন্য কারখানাগুলোর
f4db999f25	49543	ভারতীয় উপমহাদেশে
f4dc23bcf3	0606d	টি-টোয়েন্টি ফরম্যাটের খেলায়
f4dc9cd766	0606d	সব দিকেই বিপদ
f4dcce660d	eecdd	মেঘনা সেতু
f4ddcaabd0	43fc0	এতে আছে
f4de42db00	6aac8	পাকিস্তানের সঙ্গে ২-০ তে সিরিজ হেরেছে
f4dea55b2c	ef915	নিহতের সংখ্যা নিয়ে
f4dea9eaf9	f7a7f	কর্নিয়ার ক্ষতি
f4def4a883	a43b5	তুলনামূলক অর্থনৈতিক প্রক্রিয়া
f4e0163433	4c1eb	স্মার্টফোন
f4e0234797	1279e	পিছিয়ে নেই
f4e0e2d769	d2d71	সতর্ক অবস্থানে রয়েছেন
f4e0f1198c	6c6bf	এই শিল্পে
f4e21caf4e	ee994	জাপান
f4e253edc5	1cb75	পায়েল সেন গুপ্তের অনুবাদে
f4e2a727ce	adf01	রাজত্ব করতে পারতো না
f4e32556a9	17ca1	সমন্বিত ব্যবস্থাপনার মাধ্যমে
f4e346d404	7f71c	হেলান দিয়ে বললেন– কাকা হয়
f4e3a70ed9	dafb6	আমার কথাই
f4e3c7db2c	9d46f	বেকার জনগোষ্ঠীর চাকরি
f4e4114260	3ccf1	তাদের ওপর
f4e442bca3	31f2a	সাংবাদিকদের ব্যাপারে
f4e485f56a	10a9f	বিশাল জনসমূদ্র
f4e508dee6	e03fc	আগামী ২৮৮ দিন ধরে এই ব্যাটন পরিক্রমা করবে ৭০টি প্রতিযোগী দেশ।
f4e55dac21	321b6	সরকারের সঙ্গে
f4e5ceb365	0d8c1	কক্সবাজার সৈকতের মতো
f4e6dde849	dafb6	তারা তাদের গান
f4e76bb794	4a67e	কোনো দেশে হয়নি
f4e7945b52	b9b98	চলাচল শুরু করবে
f4e7cef392	efc0d	রাসেল
f4e8fc2a90	410fa	চষ্টো চালায়
f4ea1abef6	9813c	দলকে দুর্বল করেছেন
f4ea560e35	06ea3	দিলারা বেগম জলি
f4ea8cb049	e6203	এক এগারো যেন
f4eab37184	0b7ca	স্বহস্তে লেখা চিঠি
f4eb3dbf57	0bace	তাঁকে সিটিয়ে দেয়নি
f4eb52fc0c	79b06	চার পেগের পর
f4eb60fcb9	1a4a9	স্পেনের সফলতম দলটি
f4eb82713e	9d7bf	অফিসিয়াল সাইট
f4eb8a371e	1a2a1	তবে সবাই এসেছে
f4ec4266c7	79b06	এখনো কলেজছাত্র
f4ec47d3df	2de86	ভোট দিতে পারবেন
f4ecae7200	2fc12	পত্রিকা
f4ecc9e436	a43b5	যারা প্রধানত অ্যান্টার্কটিকার
f4ed0c1f6d	52578	'বড় দিন'-এর
f4ed1da602	d136b	দিয়ে প্রকাশ
f4ed54eaa1	e6e48	প্রশ্নবিদ্ধ করতে চাইনি
f4edbd3ea5	e7230	ইংরেজের বদলে
f4edc57bbd	2fc12	শেষ মুহুর্তের প্রস্তুতি
f4ee590ec2	5e80b	অনেক কষ্ট করে
f4ee730db3	9f25e	ক্ষতিগ্রস্থদের উদ্দেশ্যে
f4ee8022ad	2aecc	তাঁর লুঙ্গির গিঁটের ভেতর
f4eed95bb7	9d46f	প্রশংসা অর্জন করেছিলেন
f4eee3bf81	37d7e	শুয়ে আছে রোমিও
f4eee77c22	6e6fa	কেন্দ্র করেও
f4eefe96e6	a3a6d	সরাসরি মুখের ওপর
f4ef1304ff	72649	পদোন্নতি দেয়া হয়েছে
f4ef6343d1	15a75	তবে এ ব্যাপারে
f4ef666b86	eaa7a	অভিযোগ প্রমাণিত না হওয়ায়
f4ef732fee	e55de	ব্যস্ত বলেই অত্যাচারীরা
f4f0160406	a46e2	বাংলাদেশের উত্তরাঞ্চলের বেশ কয়েকটি জেলার মানুষ চিকিৎসার জন্য রাজশাহী প্রতিনিয়ত শহরে আসেন।
f4f03641d4	42898	হাত তুলতে
f4f03f7446	e00db	রাজলক্ষ্মী দেবী তাকে
f4f0a80d08	6b437	অমিতাভ বচ্চন থেকে ধর্মেন্দ্র
f4f0d03a5e	6da0a	মেসিকে নিয়ে তীব্র সমালোচনা শুরু হয়েছে
f4f10cfaaf	7ed14	নিভল অগ্নিশিখা
f4f20777b7	91ac1	সুচিত্রা সেনের মৃত্যুতে
f4f220e3d1	93d3b	কামে প্রেমে
f4f228d241	14816	বাবার সাধনা
f4f2764a4d	b7be9	তাদের মা-বাবাদের
f4f39d83e1	e754e	প্রাধান্য দেয়
f4f3a3fc00	d82d9	ছুরি ধারিয়ে
f4f3ccbc22	7e191	রিচি সোলায়মান
f4f424d248	22096	সর্বোচ্চ ব্যবহার
f4f4c46ed0	d9b11	গত বছর এই অনুষ্ঠানে
f4f4c79f5a	8a46d	নিজের খাওয়ার ইচ্ছা
f4f596e828	10a9f	হিন্দুত্ববাদী ভারতীয় জনতা পার্টি
f4f5c708dd	61820	মন্ত্রমুগ্ধ করে রাখে
f4f603145d	e754e	সুবল তিরস্কার করিল
f4f65eab13	410fa	যশোর বোর্ড
f4f66a7e81	4c555	ঘোষণা দিয়েছে
f4f6d92363	61820	তাঁর কবিতা ছড়িয়ে পড়েছে
f4f717a7db	0f047	বিভিন্ন স্কুল-কলেজের শিক্ষার্থীরা
f4f73f2cc5	ef915	মহানগর পিপি আবদুল্লাহ আবু
f4f769561a	52f27	বাংলাদেশে প্রায় প্রতিটি জেলায়
f4f7bdd8a5	a1d4a	মিজান সাহেব
f4f856de3a	c3cca	তাছাড়া সময়ের ব্যাপারেও
f4f86ddc97	b52ab	কমিশন বলছে
f4f8f35743	0633a	নির্বাক হয়ে গেছেন বাবা
f4f9026a39	7351e	এত অপমান
f4f937088a	ce629	সর্বাধিক পরিচিত রচনা
f4f9555a51	52578	শৌচাগার থাকার কারণে
f4f9bfdd76	2d78f	জনয়িতা যেহেতু সাহিত্যিক
f4f9bfecc5	c173f	শূন্য আকাশের ঘুড়ি
f4f9e09226	f4ba7	অর্চনা ধনী পরিবার থেকে
f4fa358aa0	0895a	কবিগুরুর অন্ধজনে দেহ আলো
f4fab5f040	aabe7	হতাশা বাড়ছে
f4fac8af0b	6fb36	নিহত স্বজনের শোকে মাতম
f4fb316aeb	967fd	হবিবর রহমান হবু
f4fb37cefc	43b04	সুনামগঞ্জ শহরের
f4fb53314b	33aef	প্রতি ভোটকেন্দ্রে
f4fc3a410d	4f450	গোলামকবির
f4fc3b3095	c5dc8	লঞ্চ ও ট্রেন চলাচলও
f4fc667218	25696	থাকবে গ্রাম্য পুলিশ
f4fc966045	9d46f	এই বিষয়টি নিয়ে
f4fce9f89b	06736	গুজরাট দাঙ্গা
f4fd37ddf5	e03fc	করলে সুবিধা হবে
f4fd431057	32c77	আবেদন জানান
f4fdf3d974	3f493	খুব মজার একটি নাটক এটি
f4fe54f84a	f837a	ক্রাইমিয়াকে রাশিয়ার অন্তর্ভুক্ত করার ব্যাপারে
f4fe79400d	2556b	জয়পুরহাটের জামালগঞ্জ বাজারের
f4fe96d3b8	0895a	স্ট্রাডিভ্যারিয়াস ভায়োলিনের খ্যাতি বিশ্বজুড়ে।
f4feaf9051	2de86	আর ভ্রূকুটিভঙ্গি পর্যন্ত
f4fecd60c2	dba43	শিক্ষা সফরে যেতে পারেনি
f4ff1f820f	2d78f	এই দূর্ঘটনা ঘটে
f4ff53df88	7b103	সুন্দর ঝলমলে চুলের অধিকারী
f4ff586c43	4c555	এলাকায় রিক্সা-ভ্যান চালিয়ে
f4ff84c16e	194f5	ইহার একটি অপূর্ব উদাহরণ
f4fff21c81	ba2f6	বিগত নবম জাতীয় সংসদ নির্বাচনে
