fa0017709e	0b7ca	প্রভা
fa00740183	cb842	ট্রেনের চাকা রেললাইন ছোঁবে না
fa00976682	121bd	ইমেইল করা যাবে
fa00be82e8	5639c	নার্সিং কলেজকর্তৃপক্ষ
fa00e43874	d9b11	ক্ষমতায় এলেন জেনারেল ইয়াহিয়া খান
fa010934ca	256f5	সভাপতিত্বে বৈঠকে নয় ব্যাংকের চেয়ারম্যান
fa014f6f02	60f77	অল্প তারতম্য ঘটলেই
fa01e2002f	75f18	ভয়ঙ্কর ক্ষণিক,-তুমি আমি ক্ষণিক
fa0216594c	8a46d	ঠিকমত দেয়া
fa0217ffdf	f9dfb	অল্প হলেও লেখালেখি হয়েছে
fa0244c7d3	adf01	সে ব্যাপারে তারা সরকারকে
fa032437f4	5dec6	পরীক্ষায় ১০০টি প্রশ্ন থাকে
fa0418a08f	93080	যাত্রী কম থাকায়
fa044ca824	3f875	কমেন্ট
fa0473860c	baa02	বয়স্ক ভদ্রলোক
fa04e2d5a8	a7c6f	এসব নেই
fa0503e3b6	d8c80	ঢাকা মহানগরীর ললাটলিখন
fa053647df	c6848	যে অস্বস্তিকর পরিস্থিতির মধ্যে
fa059c824b	66dcd	তোমার ডিটেকটিভ বুদ্ধিটা
fa06fee0b6	dec2d	পর্যাপ্ত পরিমাণ
fa07400086	c9c19	চূড়ান্ত কোনো নাটকীয়তার জন্য
fa07cf735b	121bd	তখন তাদের বলা উচিত ছিল
fa084339ef	db181	অলিকে মারতে
fa08865efe	ea8fa	এসময় আরও উপস্থিত ছিলেন
fa08ce3c25	ad98d	সংবাদ মাধ্যমগুলোতে
fa08e84562	e31e7	কখনো কখনো
fa09043494	16cfb	সকাল থেকে সাইকেল
fa0a3988b2	8406e	মিগুয়েল সার্ভান্তেসের দোল কিহোত-এর
fa0a729802	bdfc1	ইদুল আযহা
fa0a7cc2d2	ee852	বিশিষ্ট ছড়াকার
fa0ab2e895	15a75	দেওয়া কষ্টকর বৈকি!
fa0abcbab7	43fc0	পরে তদন্ত কমিটির সদস্যরা
fa0adcf1a5	932bb	গোপাল চন্দ্র জানান
fa0b0b1a8d	f2b7d	ঐতিহাসিক উপন্যাসের জন্যই
fa0b17a043	da6f0	বাইরে বাদ্যযন্ত্র বাজিয়ে
fa0b4eeb76	72649	গণমাধ্যমে নিয়মিত লেখালেখি
fa0b62db5c	c5dc8	তার স্বাভাবিক চলাফেরায়ও
fa0be30039	a699c	সে চুক্তি অনুসারে
fa0c14d245	68549	মঈন খানের কনফিউশন
fa0c4096ae	ef4f8	বছর খানেক ধরে
fa0c779472	fdcba	ধর্মীয় সহিংসতার কারণে
fa0c77d999	0e637	ওয়ান-ড্রাইভের সঙ্গে
fa0c7caf04	e8dde	অস্ট্রেলিয়ায় কুকুরদের মধ্যে
fa0dc5ebac	e3d8b	মহানগর ছেড়ে প্রত্যন্ত জনপদে
fa0df5b485	a3a6d	নিখোঁজ ব্যক্তির
fa0ea4d084	65e30	জায়ান্ট মিলিবাগ
fa0efd74d9	5cb47	দেহ উদ্ধার হয়
fa0f3eb3a9	c0d65	একটি চিকেন দিয়ে
fa0f608d08	2aecc	মতো উপরে
fa100fd88d	2ee04	সুনিশ্চিতভাবে নির্ধারিত হয়
fa103a4a33	06736	একদিন চিলেকোঠা ছেড়ে
fa104f6c36	37d7e	জয়-পরাজয়ের হিসাবে
fa10ab40ad	c3cca	এখন পর্যন্ত যুদ্ধবিরতির
fa10f69ef5	ab946	আদালতে সরকারবিরোধী শ্লোগান দিয়ে
fa1159d2cd	7d004	বড্ড শুকিয়ে গেছে
fa11739344	56508	তাঁর একমাত্র পেশা
fa122c20f9	1a4a9	রাজনৈতিক সহিংসতা না থাকায়
fa127075c7	b08d0	কাজেই সেখান থেকে
fa12abac85	ee852	রিকসাটি শাহজাহানপুর
fa1301cca6	3f875	মুনমুন সেন
fa1361e2a2	5dd61	দাউদ হায়দার
fa139873fb	8ba2b	মাগো, একটা সিংহ-ই
fa13c7e4c1	880ae	অনুষ্ঠানে এসে দর্শকরা
fa13d18b93	f658d	তাকে আসতে হবে জীবন থেকে
fa13f0cc65	355c1	সাংবাদিকতায় গুরুত্বপূর্ণ অবদান ছাড়াও রাজনৈতিক জীবনেও সম্পৃক্ত হয়েছিলেন তিনি।
fa14290e7e	3bea8	এক প্রকান্ডকায় অজগর পাইথন
fa14b2bf1c	cc9fd	লোকটি প্রথমে ঐ নারীকে
fa15185287	c5dc8	এই সেতু নির্মাণে
fa154c96a3	2909b	ফ্লাওয়ার ভাসে রাখুন
fa158085f2	410fa	২০১৪ সালের
fa159cedf2	2d78f	মূলত নিউটনের আগ্রহ ছিল
fa15e0ebe3	f9dfb	ছড়িয়ে ছিটিয়ে থাকা যন্ত্রপাতি
fa161cfe8a	31f09	বোঝার চেষ্টা করছে
fa16205981	69d9a	সে কথা
fa167976a0	e43d4	চাপা ক্ষোভ বিরাজ করছে
fa16c28329	16e96	কিছু পুনরাবৃত্তি
fa1733ee19	f2097	হস্ত পদ, কর্ণ
fa177b3ef1	46da4	বিলের বিরোধিতায়
fa17a143c1	351dd	এরকম একটি সংবিধান
fa17afd8ae	1652d	রান পাননি বললেই চলে
fa17cf37e1	84145	অনেকে হয়ত বলবে
fa17d31f2f	282d3	চলছিল না বলে
fa180c99dd	0606d	তার নির্মিত শেষ চলচ্চিত্র
fa183e840c	a699c	সোশাল নেটওয়ার্কিং সাইট টুইটারে
fa18677a36	554fe	আর তাতে যোগ দিয়েছেন
fa18c5e4b8	14d25	পূর্ব অংশে অবস্থিত
fa1918e377	717bb	জন্ম ১২ সেপ্টেম্বর, ১৮৯৭
fa19574743	ff970	সেখানে ভালো করে
fa1982d1c4	e754e	লাশেরগলায় আঘাতের চিহ্ন রয়েছে
fa19e961ca	6d129	গত পাঁচদিন ধরে
fa1a06b6b2	0895a	যখন তাদের উপরে
fa1a2e0feb	32b3e	সেনা সূত্রগুলো বলছে, তিনি যেকোনো দিন পদত্যাগ করবেন এবং নিজেকে প্রার্থী হিসেবে ঘোষণা করবেন।
fa1a514a10	3f875	এনে দেওয়া চলচ্চিত্র
fa1a88c06d	8632b	নাভি
fa1ab448e5	388c9	আন্তর্জাতিক মাতৃভাষা দিবস
fa1b209b16	e2f12	বাটাজোড়া গ্রামে
fa1b734f2c	0b7ca	বিদেশি লাভ নামের
fa1bfa6447	9d46f	অনেক আত্মবিশ্বাস
fa1cb018b3	05901	কোরিয়া উপদ্বীপে
fa1cc00b53	28bb3	কোনো ভূমিহীনকে খাস জমি থেকে
fa1cd26b80	d1a48	সব কিছুই আবার বদলে গেল
fa1d291c66	bcaa8	অধ্যাপক আইনুন নিশাতের কাছে
fa1d4089ab	2ee04	তবে সুশাসন ও জবাবদিহিতার যে কথা টিআইবি বলেছে তার সঙ্গে আমি একমত।
fa1d71c8f5	e3d8b	সোশ্যাল অ্যাক্টিভিজমের পথ
fa1d8c9137	e754e	এই গ্রামেই জন্ম
fa1e309db8	6b437	এক বিশাল সম্ভার
fa1ee75e3a	2ac82	২৩ ডিগ্রি ২৮ মিনিট
fa1efef10f	83c53	পর্তুগালের ঊপকূলে
fa1f4db239	32c77	শরীর সুস্থ রাখে
fa1f7b93d2	ce180	পরাজয় ছিল সঙ্গী
fa20058463	2fc12	আড়াই লাখ ডলার জামিনে
fa203509ce	d8c80	নিহত মেজবা
fa20e2a74a	f83df	আটককৃত সোনার চালান
fa21853273	1652d	১১৬ বছরের দীর্ঘ
fa21dd9b25	967fd	তা সাড়ম্বরে উদযাপনও করেছে
fa220e1840	0744c	চাঁদের পাহাড়
fa22383778	d9081	এরপর ট্রাইবুনালের তদন্তকারী সংস্থা
fa22bcaf30	85430	প্রকাশিত প্রতিবেদনের ভিত্তিতে
fa22c4fdc4	b9b98	বিপুল সামরিক নৌযানের
fa22d22219	509f6	আজকাল পত্রিকা
fa2334217c	a0277	ভারতের সঙ্গে চুক্তি করে
fa234822d4	5d12f	পর্তুগালের ঊপকূলে
fa237c0c5f	c7a89	এই সামাজিক ক্রিয়া-প্রতিক্রিয়ায়
fa23ed71ba	2f547	বারাসাত সদর মহকুমার
fa240bf19c	31f2a	থানা নেতাকে ধর ধর বলে
fa246f108b	9e923	এত কথা বলার পরও
fa24d8eb04	80e98	সকালের নাস্তা করেন তিনি
fa253b0904	c173f	বড় সাধ ; কিন্তু হায়
fa256d715a	442b7	এমন ওস্তাদ
fa259bc9ed	ad69a	ইমাম হোসেন নামে
fa25ab5848	0b7ca	এখন যৌবন যার
fa25e5a3bf	2695f	জন্ম ১৮৩০, মৃত্যু ১৮৯০
fa26241183	ad98d	সাধারণ ভোটকেন্দ্রে
fa26ea0892	f9dfb	মজবুত, মোটা অথবা নধর
fa275907bb	4dd57	শান্ত করিয়া আসুন
fa275a015d	6e6fa	গোপনে বিয়ে করেন
fa2762c98e	b618b	সবার উপরে লিভারপুল
fa2782fc1b	bc81e	পুলিশের কথা হয়েছে
fa27dbc504	adf01	তর মথন জাউরা পোলারে
fa281fbce5	12702	তাহা বুঝিতে পারেন না
fa28dfe981	3c897	বাংলাদেশ ডাকবিভাগ
fa28f17f08	d1b12	সাভারে আনলোড হবে
fa29171238	25117	অচিরেই সে ভিক্ষাবৃত্তিতে
fa2965e038	13b70	যোগাযোগ ব্যবস্থার উৎকর্ষতায় ট্রেনের অবদান অনস্বীকার্য।
fa2b2ef468	0bace	পঞ্জিকা
fa2bbaeb08	68ab7	নিউজিল্যান্ডের ডেইরি শিল্পের ওপর
fa2bf235fa	967fd	নির্দিষ্ট কিছু এলাকায়
fa2bf5fb5f	f658d	আমার ছবি যদি তোলা হয়
fa2c954371	8edea	এই স্টেশনে
fa2ce79e05	b52ab	আই লাভ ইউ
fa2d8816ef	cfc65	মহাজগতের জন্ম সম্পর্কে
fa2dc571c7	8143b	তাঁর কর্মের অনুপ্রেরণা
fa2e74982a	84145	গৃহীত হয়েছিল
fa2ead203c	16a17	ছুরি নিয়ে এসেছিলেন বলেও
fa30039cf1	f1240	সামনে একজন ভদ্রলোক
fa3004f883	13b70	৮৪ রান দেন
fa30444152	72649	তারা টায়ার জ্বালিয়ে
fa306811b3	2ecf8	কিছু প্রাচীন পাণ্ডুলিপি
fa30a5d18d	8ba2b	এখনো কোন সিদ্ধান্ত নেইনি
fa311d952f	1c618	যাদের প্রত্যেকেই বলছেন
fa3129ea14	7b60a	হাসপাতাল সংলগ্ন চানখারপুলে
fa316dcf8b	e754e	নতুন বন্ধুর সাথে
fa31c23d10	9c8dd	বর্তমানে ৮১ বছর বয়সী
fa31c7e2d5	38d3a	কাজ করলেও
fa324d6379	05901	সাধারণতঃ একই ধরনের
fa326469fc	46da4	বাড়ির মাঠে বসে
fa327b15f9	17dcd	খুব সুন্দরী মনে করিতাম
fa32f4e4f2	0a87a	তা দেখলে
fa3317b498	f89d7	বিশ্বাস হলো
fa3339f572	cd3ac	বেশির ভাগই অগোছালো
fa333e9bf5	d1a48	জামা কাপড়
fa334389d4	fd880	উপজেলা নির্বাচনে সাভার থেকে
fa33f966b0	420df	আপনি পোস্টাল কোডের তথ্য পাবেন
fa34142876	4e900	তারপর তাকে
fa342b904e	eaa7a	অক্ষতই পাওয়া গেছে
fa3438fb0d	590d0	সাক্ষ্যগ্রহণের দিন রাখেন বিচারক
fa346f082b	d1a48	সংবাদ সম্মেলন থাকলেও
fa35bc4f80	77f82	সিরাজগঞ্জ সদর
fa36921a5e	15a75	ক্ষেপনাস্ত্র চালানোর ক্ষমতাও
fa36d5b0c9	72649	কেন বেছে নেয়া হলো
fa379d1a85	2396d	এই ধারায় যুক্ত হলো
fa37a18289	4bd2c	১১ শতাধিক প্রার্থী
fa37c6145b	b7be9	তাকে বৈষম্য ঘোচাবার
fa37fa5ddc	ee852	দণ্ড ঘোষণার পর
fa38ca1ac7	95907	নিচে নামিয়ে
fa39e03d18	11bd2	সর্বপ্রথম মোহন যাঁকে দেখল
fa3a25a008	4c555	দলের ভাণ্ডারে
fa3a7d2a89	4c555	এত সহজে ধরা দিবার
fa3a88425e	7d3e1	বর্তমানে ম্যানচেস্টার ইউনাইটেডের
fa3ab06e1f	f4ba7	প্রডাক্টের পাবলিসিটি
fa3acaffa9	5b13f	মহামূল্য প্রস্তরে খচিত
fa3ae74892	06bb7	সম্প্রতি সদরপুরে
fa3b15c2c8	46da4	বিশ্বাসে পরিণত হওয়ার আগেই
fa3be58418	3fb17	বাহিনী
fa3befec17	e3f89	একটি মাদ্রাসা প্রাঙ্গনে
fa3bfe54be	8b859	আরব বিশ্বের চলমান
fa3c24a4ed	2bd99	কেবল কুকথা কুকর্ম ও কুলোক
fa3c4f23b5	d8c80	পরে এসেছিলেন
fa3c83678f	7d133	এমন ভাইও আছে
fa3cdbaa85	dba43	আন্তর্জাতিক চক্রান্তের শুরু
fa3d6153e8	fbb81	পরিত্রাণ পেতে
fa3d868a29	b8fe1	পরিবারের লোকজনের দাবি
fa3dfa0729	06ea3	অ্যাডিশনাল এসপি কুতুবুদ্দিন
fa3e16da88	23291	প্রেরণ করেন
fa3e2aa7c2	f0f95	তাই তাদের বিরুদ্ধে
fa3e4259a0	c0965	কারখানায় নিরাপত্তাজনিত ত্রুটির কারণে
fa3e87f564	aabe7	উদীচী, নাট্য নিকেতন
fa3ea284d8	1e7c6	সাধু বাবা
fa3f8a9000	536d9	যুদ্ধে আহত করিলে
fa3fa2bc24	577fa	বা উড়ন্ত প্লিচের
fa3fbb11cb	bdfc1	এ পতাকা আমার, আমার দেশের
fa4010d0ed	4ea73	পাহাড় চূড়া থেকে
fa404d366d	5dd61	এ ভ্রমণে জনপ্রতি খরচ হবে
fa4068a68d	e6e48	নিজেকে ফিরে পেয়েছি
fa40d81fab	7df87	তাঁরা মনে করেন
fa40fe9833	e3d8b	তরুণীকে তোয়াজ করার
fa417034b6	9065c	মোতায়েনথাকবে
fa417c1376	15a75	ফোনে দুটি সিম ব্যবহার করা যাবে
fa41e73a29	aa820	প্রায়ই এক্ষেত্রে
fa426a2d2f	086dd	প্রিহিটেড ওভেনের
fa42f239de	2d98b	কর্মস্থলে পিছিয়ে যাবেন
fa43231903	91ac1	আমাদের সম্পর্ক নিয়ে
fa4384dd32	767ff	লক্ষ্ণৌর বিশিষ্ট
fa43977176	e6752	আমার কন্যার সুমুখে
fa439be24e	6a35e	দিতি
fa43c7b7fa	80518	রোমান্টিক জোকস
fa43e77a75	aa820	প্রশিক্ষণ চলত এখানে
fa443682e6	6e8cb	এতে আমাদের কারও
fa44538706	4f450	জ্বালানি নিরাপত্তা বাড়াতে
fa450ac6b7	c1e30	চালু
fa455e2715	4c1eb	কিন্তু দ্বিতীয় বিশ্বযুদ্ধের
fa45c2c834	ab946	দেশ বদলে যায়
fa45d1c693	7f2ef	ভোলায় এধরনের ঘটনা হয়েছিলো
fa460ac55c	9282d	শ্রমিক নেতারা মনে করেন
fa4642e203	4bede	হত্যা করা হলো
fa46ab560e	93bf3	তাৎক্ষণিক ভাবে ভেজে দেওয়া
fa46ada322	bcaa8	বিজ্ঞপ্তিতে বলা হয়
fa473bd8c9	efc0d	যশোরের কেশবপুর উপজেলা
fa47c5158d	2ee04	সব দেখাইয়া বলিলেন
fa47d64286	4c555	কিছু সময়ের মধ্যেই
fa4800a80d	e3d8b	রোববার সকাল থেকে
fa4838a0c1	01e91	মৃত্যুর অভিযোগ শুনলেও
fa486ad80f	404ee	নির্বাচন চায়
fa489429d3	3ec4d	যখন সন্ত্রাসী নেতার চরিত্রে
fa48c8dc3b	4c555	এবং জাতিসংঘ
fa48e14b0d	a916a	সহজেই যাওয়া যায় জায়গা দুটিতে
fa48f07675	2bd99	হিন্দি রিমেক
fa49282f94	9fa90	১০ রি-টুইট
fa49804f61	086dd	তাদের ক্রমাগত ক্ষুদ্র করে তোলে
fa49f5d3f0	d711f	ইলিয়াসের কাছে
fa4a4f400f	9d7bf	গ্রহণযোগ্য বলার
fa4a781467	d41be	হারামি
fa4aacba35	7ed14	পর্যবেক্ষক না পাঠানোর কথা
fa4ac49927	7df87	অনেক রান হওয়ার
fa4b9a5f53	9e923	অন্যদের তৈরি পোশাক, ঘড়ি
fa4c5c370b	8b859	স্থির হয়ে আছে আজাদ
fa4c81ef8f	e9759	এই নির্বাচন বর্জন করছেন
fa4c8ce685	2f547	দখল করেছিলেন তিনি
fa4de41d8b	a43b5	শেষ হবে বলে
fa4e3ecebf	eaa7a	তিনটি লাশ
fa4e7e5666	153c9	আর কংগ্রেস এগিয়ে আছে
fa4e89fa03	3fce2	সে চেষ্টাই করা হয়েছে
fa4e91f7f5	086dd	ঢেড় শোনা যায়
fa4e958ba4	0d8c1	হাওয়ার্ড, বস্টন প্রভৃতি
fa4e985322	b8fe1	অক্সফোর্ডেই স্যার
fa4f6ff4ce	a1d4a	ও আর্ন্তর্জাতিক মাতৃভাষা দিবসে
fa4f848c9a	a9a58	পাঠ করা হয়
fa4fc776ef	321b6	জারী করে ফেডারেশন
fa4fea4bd6	323f1	দেবদাসী
fa50110d3c	d1b12	প্রত্যেক গল্পেই ছবি থাকত
fa503ededd	3bea8	তাদের ক্ষোভ বহুদিনের
fa5145a16c	38ff0	আমি এটি স্বীকার করি
fa51988178	21e54	ক্ষয়ক্ষতির বিবরণ পেতে
fa5216a580	880ae	কঠিন কিছু নয়
fa521ce97a	590d0	এমতো সময়ে বাহিরে যাইতে
fa524845b2	fda1a	আবার অনেক জায়গায়
fa5271393b	cd3ac	প্রযুক্তি, চিকিৎসাবিদ্যা
fa527cc52a	95907	পুলিশ শনিবার রাতে
fa5290ec1e	c463d	ভিয়েনায় বুধবার
fa52ab3a55	ef915	একতরফা ও বিতর্কিত
fa52ff841c	fcefa	স্বাধীনতাকামী এক সংগ্রামীর ভূমিকায়
fa5320e87f	24aed	সন্ধ্যে থেকে বায়তুল মোকাররম এলাকায়
fa53756a08	3fce2	নিহত হওয়ার কথা
fa5438bfaa	49543	২য় পর্বের ড্র
fa547fcc9a	967fd	শামীম আহসান জানিয়েছেন
fa54f233f1	17dcd	অভ্যন্তরীণ বিষয়ে
fa553ff6a2	698a4	কোনো মাছ বা ফলের দোকানে গিয়ে ঝাঁজ ভাব লাগবে বুঝে নিতে হবে যে সেখানের পণ্যে ফরমালিন ব্যবহৃত হয়েছে।
fa5569eeea	4bd2c	ঘটনা ওই একই
fa557f1799	65e30	অবশ্য ফুলবাহারির বিশ্বাস
fa558f99f0	60f77	দাবি জানিয়ে ছবি আঁকছেন
fa55e78046	c41d8	তিনি সরকার নন
fa5636364f	8ba2b	জনগণের সঙ্গে বিশ্বাসঘাতকতা করে
fa567a0aab	6b437	প্রথমে লাকড়ির দোকানে
fa568b128a	15a75	নৌ নিরাপত্তা সপ্তাহ পালন উপলক্ষে
fa56ac6d41	e2ba2	নিহত হয়েছেন
fa57b4ca9d	4f450	গবেষণায় ফরমালিনকে কার্সিনোজেন
fa57bdac96	16a17	সাকিব আল হাসান
fa57c91622	2695f	মঙ্গলবার ঢাকায়
fa57ce9366	24f73	নাগরিক নাট্য সম্প্রদায়
fa57d7bd13	520fb	এ ছাড়া
fa588a0783	75f18	ডোমেস্টিক ভায়োলেন্স নিয়ে
fa58d764db	c0965	মুড়ি ও চানাচুর
fa59881cc7	7d3e1	শেখ মুজিবর দেশ চালাইব
fa59b6723e	dae88	নজরুল নিজেই তো অগ্নিবীণা
fa5a0ae0b3	b08d0	তার ভক্তদের অনেকেই মনে করেন
fa5a78fc05	7d3e1	হুমকির মুখে
fa5acfaafe	16e96	এবার ভারত থেকে
fa5b305edb	4f2ae	ডালপট্রি এলাকা
fa5b30c8e7	16cfb	তাদের ঐক্য
fa5c0811cf	91dff	চাঁদ পবিত্র
fa5c8117d5	509f6	আমার ঘরে বসিয়া আছে
fa5c86813e	92f59	বিগত যুগে স্বপ্ন গুঁড়ো
fa5cd6922c	38ff0	হলিউড কাঁপানো তারকা অভিনেত্রী
fa5d05e1a1	7027a	গান গেয়েছিলেন
fa5d0a4e0a	bf530	আরো দু-একটি সুযোগ পেয়েছিলেন
fa5d234fca	86b1b	শিক্ষানবিস লাইসেন্সের জন্য
fa5d2aba27	38d3a	সিদ্ধান্ত নিয়েছে
fa5d8a8959	23b22	হেঙ্ক ও শীলা পিস্টোরিয়াস দম্পতির
fa5d96e1b4	28bb3	মা বলেন–ফুলবাহারির জামাইডা
fa5f7285cd	ce775	অভিযোগ করা হয়েছে
fa5fcefb3a	a274b	১৩ কর্মকর্তাকে তলব করে
fa5fd47779	05901	দিন নির্ধারণ করেন
fa6061179f	29d44	বিভিন্ন দলের নেতাকর্মীদের
fa60a24821	21e54	ভোট দিতে পারবেন
fa60a7afa3	3ec4d	অ্যাকসেস হলিউড
fa60e9db90	903fa	ভেতরে অপরাধ তৎপরতা
fa60eeaa00	9b864	ধাবিত হয়
fa60f8465d	ac0df	উদীয়মান অর্থনীতির এই দেশটির
fa6211d46b	16e96	প্রথমত এ ধরনের
fa6224b3f4	d0c70	বাসের স্টাফদের
fa626ccaaf	f2097	রাবার বুলেট ব্যবহার করে
fa62cc0b06	fbb81	কুড়াইয়া পান নাই
fa62df0b36	ce775	যুদ্ধে মরিল না
fa630b4c94	2556b	বিচারপতি আনোয়ারুল হক
fa63807ded	b8ed8	কখনো চিঠি লিখে
fa6389a8ae	a43b5	সঠিক সময়ে
fa638fb046	43fc0	নির্ধারিত ব্যায়াম নিয়মিত চর্চা করুন
fa63a80c94	06ea3	কখনোও এক
fa63ca837f	f837a	আসার পথ
fa643040c4	37e17	দক্ষিণ আফ্রিকার ইতিহাসে
fa6450cb9e	6e6fa	রচিত একটি বই
fa6467e708	0a7a0	হারিয়ে ধরেছ
fa65129e84	b8ed8	৭৪ বছর কারাদণ্ডাদেশ হয়েছ
fa65a16529	1e7c6	কর্মজীবন শুরু করেছিলেন
fa65a3893f	f837a	অতঃপর মেক্সিকোর বর্ডার দিয়ে
fa66445364	4164f	আহত করা হয়
fa66a5b1de	7d004	শাখারভ পুরস্কার
fa66bdf900	f280a	কিন্তু সেসব পরিচয়
fa66f219c0	6dff5	আত্মা
fa6700d644	af81d	বাংলা মোটর থেকে মৎস্য ভবন পর্যন্ত
fa67284ff5	e8dde	এ দু’জনের বিরুদ্ধে
fa67635c04	54e68	তারা বুঝতেই পারছিল না
fa676c6671	355c1	বিশ্ববিদ্যালয়ে রূপান্তরের বিষয়ে
fa67811454	0696e	দেখতে কিছুটা
fa6783c450	adf01	দ্রুত উত্তেজনা কমিয়ে
fa67cdc5c3	7aed9	এ ব্যপারে উপজেলা খাদ্য কর্মকর্তা
fa6810b60d	7d133	খেলার ধরনটা
fa68140673	05901	কাজ করব
fa68a34783	05901	এই বুশ হাউস থেকে
fa68c88359	b8ed8	হৃদয়নাথকে হৃদয়ের অন্তঃপুরে
fa6921b49e	a1201	কোনো অনুশোচনা যেমন নেই
fa6acb56fd	f83df	মদিনার ইতিহাস
fa6b06f10e	f9dfb	দু’দিন সে
fa6b47a1e7	f2780	এসব ট্রাক ঢাকা পর্যন্ত
fa6bce1d86	6ab59	কামিনী
fa6c6a6936	0d8c1	বিশেষজ্ঞরা বলছেন
fa6dd8ed4a	7df87	মেয়ের চোখের চাহনিতে
fa6def3bd7	ced74	অক্টোবরে বেড়ে
fa6e4af366	767ff	বছরের ২৭৭ তম
fa6e70b7ea	72649	ভক্তদের কাছে পীর হিসেবে
fa6f42ef05	46da4	এটি অর্থনীতির
fa6f5d7f38	a1201	কাজী বলেন
fa6fadbbb1	b9a81	দাঁত
fa7030b539	09f0d	অনুপ্রেরণা ছিল
fa70875014	9351a	উদ্ভিদের স্ত্রী জনন কোষ
fa70a29867	153c9	ওদের দেয়া যেতে পারে
fa70bc38f2	d7a68	সরকারকে নাজেহাল করার জন্য
fa70de1f89	274ee	এই কবি
fa713c5cfb	d9b11	তিনি খুনের পরিকল্পনা করেন
fa717b1bf7	88654	ইক্ষু থেকে
fa7196302c	79b06	এক রাতে গল্প লিখে দিতে
fa71a6f6b1	92bd8	কেবল রোমার মাঠে লড়াই
fa71b7f561	d5f7b	ঢাকার দ্রুতবিচার ট্রাইব্যুনাল-৪ এ
fa72827e86	2fe3c	ছুরি নিয়ে এসেছিলেন বলেও
fa730cb354	fbb81	পুলিশ সেখানে যাওয়ার আগে
fa7311154a	b78ec	যজ্ঞের আবার দাস কি
fa7313e9b7	44322	ওয়েবসাইটে বিজ্ঞাপন দেয়
fa7345c253	4a918	অভিনয়ের জন্য অস্কার
fa73477e9c	8143b	অরুণাচল প্রদেশ
fa741df07c	06e62	চণ্ডীদাস রাধিকার মুখে বলিয়াছেন
fa74cf4223	da6f0	সুবির দত্ত জানান
fa75070b75	83c53	আমার বাঁ হাতের নড়াচড়া
fa7549031f	a8710	মার্কিন উপন্যাসিক
fa75d48ea6	cc9fd	তবে সরকারের পক্ষ থেকে
fa76598520	4fd66	নিজে খাবার বেড়ে দিল
fa77654330	d136b	প্রসঙ্গ হিসেবে দার্শনিক
fa776dcd54	7aed9	নারী এক হাত থেকে
fa77a11cab	9351a	মুদীর পয়সা
fa77b49d3b	80518	শপথ নেননি
fa780d83fb	33814	দাম্ভিক, তার্কিক জাতির
fa7879b70b	58998	প্রথম অভিনীত চলচ্চিত্রে
fa78d8d4dc	ce775	নতুন এই আইনটি
fa7918ea2e	3b1f7	বন্ধু ছবি
fa79605975	4fbd1	খুব কম লোকই
fa797c9495	38ff0	তাঁহার পুত্র-কন্যারাও
fa799d682d	b00ba	ঘটনা ঘটে
fa79be5bb2	21e54	যেখানে কর্মরত গ্রাহকরা
fa79d9ab70	1279e	কোন সরকারই
fa79fcb51d	4bd2c	রাজ্য
fa7a13b63c	38ff0	এখনও যান
fa7a30fe9c	b52ab	উদ্ভিদবিজ্ঞানে অক্ষ
fa7a6c2053	9282d	অর্থমন্ত্রী বিশ্ব ব্যাংকের শর্ত নিয়ে
fa7ac99d45	3faff	অবস্থানকারীদের সরে পড়ার জন্য
fa7b878b70	f600a	ত্বকের যত্ন
fa7ba84eb9	1f974	দুধ হতে প্রস্তুতকৃত
fa7bd4778f	2aecc	এ ব্যাপারটাকে
fa7c108190	7b132	শিকল খোলার
fa7c9bff31	fd880	মেরিল প্রথম আলো পুরস্কার ২০১৩
fa7d70f53f	f2097	সৃজনশীল কাজ দিয়ে
fa7db17924	ff0fe	ক্যান্সার
fa7dc7defc	c3cca	মিলাইবার জন্য কেহ
fa7dd0328e	0744c	ইডেন গার্ডেনের সঙ্গে
fa7de896cd	4486f	তাদের মনোপুত হয়
fa7de898cc	91b16	মুরগী
fa7e3257bf	f4ba7	উৎখাত করবে না
fa7e7c8d68	6c6bf	গালে হাত দিয়ে
fa7e87ee75	2aecc	কেন্দ্র করে সহিংসতার
fa7eaefbdc	cb1aa	তার পরিবর্তে
fa7eef99e3	6fb36	জুটি হয়েছেন মৌসুমীর সঙ্গে
fa7f5a2d4b	fbb81	শনিবার জাতীয় সংসদ ভবনের
fa7f772ded	491a5	যে সংখ্যাটা আগে প্রায়
fa7fd42504	bdd05	মৌলভীপাড়ার নুর সুলতানের ছেলে
fa80461f9b	6b437	লোকে লোকারণ্য হয়ে যাবে
fa805ebc1e	9065c	টুইটারে বিষয়টি নিয়ে
fa807ab229	43199	কোন কালে
fa808f8f2e	12702	আমরা তথ্য পেয়েছি
fa80ba2ffa	dafb6	স্টুডিওতে উপস্থিত দর্শকরা
fa80fa2b11	8845d	সাজু দেখে
fa81007d3e	9d46f	২৯১টি বুথ
fa810b225f	54cdd	কেন্দ্রীয় কমান্ড কাউন্সিল
fa813e2db0	7ee9b	নামানোর আগে
fa8174ac9c	3d17c	সফটওয়্যার হিসেবে
fa8195f376	ef4f8	মুহূর্তটিকে স্মরণীয় করে রাখতে
fa81a19858	e2c11	ল্যাটিন ভাষায় সিটিয়াস
fa81dfb3c9	c7705	এবং ৭ ও ১২ মে
fa8204598e	9d7bf	মৃত্যু হয়েছে বলে
fa82770d49	29bab	আমার দেখা
fa82874215	bc81e	যার আওতায় বহু মানুষকে
fa8294cddd	6aac8	এই বিয়েতে সে রাজি হইসে
fa8309fb2e	e00db	অস্ত্র মামলায় মোট ৫৬
fa83295d42	315e9	৫. গুগলের ওয়ালেট কার্ড
fa8336c6e9	ad050	৪০ লক্ষ ভোটার
fa8337912f	0d4cb	ক্লিটোরিস
fa8349e34e	8143b	বাঙালী মুসলমান সম্বন্ধে
fa83a47de6	2d98b	আটক হচ্ছেন
fa83ca62b5	315e9	উৎকণ্ঠার মধ্যে
fa83cf6224	16877	অভিনয় করেছেন ইন্দ্রনীল সেনগুপ্ত
fa84acd2b1	39dd0	জুলাই থেকে নভেম্বর পর্যন্ত
fa8551d982	23291	এলেন ডিজেনার্সের উপস্থাপনায়
fa85d365f6	274ee	সেখানে পুলিশ মোতায়েন করা হয়
fa862f3cc3	58998	কেঁদে বেঁহুশ হয়ে পড়া
fa86311997	b52ab	ফলিত গণিত বিভাগের
fa863eb0d0	1f974	শরীরকে না ফেললে
fa868062d5	d5f7b	এনে দিতে
fa86e1ac99	e2f12	ইংরেজ জব চার্নক
fa871c178e	5cb47	এবারের ঘটনাটিও অগ্নিকাণ্ডের
fa880b40b6	948d3	সেখানে বিয়ের আগে
fa88382700	f600a	এমন পর্যায়ে ওঠে যে
fa885bdb29	8edea	ও ৭৬টি বেসরকারি
fa886055af	cc9fd	ওয়ার্ল্ড টিভি প্রিমিয়ার হবে
fa88664b7f	0895a	শেরপুর-২ আসনের
fa88f07f73	49d63	এ সময়ের
fa8980c602	86b1b	মিডিয়াম ড্রাইভিং লাইসেন্স পাওয়ার
fa89b456be	5639c	একটি গোপন আইনও
fa8a287c9c	ff1eb	মহানগর দায়রা জজ
fa8b0244ed	93d3b	কোন পাঠক এ সকল উপন্যাসের
fa8b113980	5a61c	বিস্ময় প্রকাশ করেন
fa8b644b11	0e637	মতিউর রহমান নিজামীকে
fa8c1ef96a	f2b7d	আন্দাজে দিন
fa8c85791e	3fb17	সাধারণত প্রচুর
fa8c88a72a	491a5	নকল চাবি উদ্ধার করেন
fa8d40939f	3f493	রক্ষা পাইল
fa8e0b6455	23b22	মহড়ার আগে
fa8e422410	a3a6d	আদালতে উপস্থিত ছিলেন
fa8f298f1c	6b437	সমাজ-বিকাশ সম্বন্ধে
fa8f44c1d3	323f1	হাপিত্যেশ জাগতেই পারে
fa9018d427	4c555	বা চার কোটি ডলার
fa9038bd2a	18460	মূল ভবনে
fa90890eac	cfc65	নিঃসন্দেহে এটি আমাদের
fa9090e0db	0895a	মো. হেলাল আহমেদ
fa90e67015	3f875	অবৈধভাবে বাধা দেয়ায়
fa91081eca	d5f7b	কমেট অফ দ্য সেঞ্চুরি
fa91887bbe	35ef3	প্রধানমন্ত্রী
fa91d59c5a	3c897	কে বাড়ি নেই, কে আছে
fa91d879fa	29089	স্পোকেন ইংলিশ বই
fa92659702	ca088	ততদিন তাঁর শ্রেণী-বিন্যাস
fa9277b15b	16cfb	সমাধান করা না যায়
fa928039ab	315e9	দলিল লেখক
fa928c4c15	693cb	আরও ঘোর পিতৃতন্ত্রের কাদায়
fa92dab1a4	52f27	হোলি টেরর
fa935ec2eb	7f71c	এই ফলাফলটা যে
fa936ec44f	cb842	একতা
fa93720238	cf82a	কিন্তু শেষ মুহুর্তে
fa93c4f9b6	d9081	বিশ্ব ঐতিহ্যের
fa93c68897	ad050	সংশ্লিষ্ট সূত্রে জানা যায়
fa94bb28ae	8632b	শাহরিয়ার কবির জানিয়েছেন
fa950049db	09f0d	আদি প্লাইস্টোসিন যুগের
fa9549f341	44322	ভেসে আসছিল উৎকট গন্ধ
fa96a2c662	b8ed8	ধাবিত হতে পারেনি
fa971e41e0	a4750	ভাই অত্যন্ত অস্বস্তি বোধ করবে
fa9762b523	d5f7b	স্পেশাল চেয়ারে বসে
fa97ca6d1a	b8bf0	সেই চেষ্টা করে
fa97ed4d66	9d398	ঠান্ডা স্পর্শ
fa97fdb634	ab946	পাঠ্যপুস্তকের হালচাল
fa987a2e9b	b2a62	আয় করছে বাংলাদেশ
fa98d64815	9b864	মল্লিকপাড়া সড়ক
fa98e38ee5	a274b	বদনা
fa9952a8b4	84145	হ্যাপি যখন ক্লাস নাইনে বা টেন-এ
fa99efdb62	bfac7	অ্যান্ড ইন্ডাস্ট্রিজ
fa9a2c688d	f1ea4	মাঝে কিছু ঘটনা ঘটে
fa9a3875af	c0965	অর্থনৈতিক তত্ত্বসমুহ
fa9aba52a9	d8c80	সারাদিন ধরে বক্তৃতা দেন
fa9b13939c	d41be	এখন স্থিতিশীল
fa9b1acfc1	42898	বোসানস লকার ত্যাগের আগে
fa9b32d0e5	33aef	ইউক্রেনে যেই জয়লাভ করুক
fa9bc9cb50	bdd05	সবচেয়ে সুপরিচিত কবিতা বিদ্রোহীতে
fa9c3db86a	2d98b	ফতুল্লায় এশিয়া কাপের
fa9c8b873e	92f59	তাছাড়া বাংলাদেশ ছেড়ে
fa9ce9642b	93bf3	দিবসটির কথা
fa9d658863	f2b7d	এর আগে তাদের
fa9e2ca461	21e54	বন্ধুবিয়োগের নয়
fa9f54cb4e	60b9d	রজনীকান্ত
fa9fd2395f	29089	তার প্রতিকার চাওয়ার ক্ষেত্রে
faa0303924	b8ed8	মুনীর চৌধুরী পূর্ব পাকিস্তানে
faa0303d31	1a2a1	আরোপের ঘোষণা দেয়
faa072ecb3	16a17	হেলিকপ্টার এবং বিমানে
faa0c84de2	5d80e	চায়ের সঙ্গে গ্লুকোস বিস্কুট
faa0cd509e	33814	যারা সাংস্কৃতিক ও ধর্মীয়ভাবে
faa0fde6b7	1c618	জোর গলায় চেঁচিয়ে বলা
faa0fe5547	28dfc	এর শিকার হতে হয়
faa18d82ba	a43b5	বিনোদন কর ছিল ১৫০ শতাংশ
faa1a01020	4e900	এতে করে তাদের
faa1efc31c	95907	মত প্রকাশের স্বাধীনতায়
faa20141d0	536d9	মানুষ জানস
faa2b44c94	2f547	আমরা গান
faa33d8072	1b359	গতকালই বাংলাদেশে
faa3656c20	9f25e	চুল ভালোভাবে ভেজাতে হবে
faa40fc2ba	b8ed8	চার-পাঁচ জন কর্মকর্তা
faa454a06f	1279e	ওতে ঢুকে পড়ি
faa4778e2e	e68af	একে ক্যানসার বানানো হয়েছে
faa519600c	37e17	কার্যালয়ে পাঠান
faa52ac8a3	b2a62	প্রায় ৯ কোটি টাকা বেড়ে
faa533474f	15a75	৪ উইকেটে ১৩০ রান
faa5db898a	778c0	সেই পুরানা পল্টন
faa6568a17	93d3b	যাকে পছন্দ করবে
faa6633f13	82926	মিউনিসিপ্যালিটির অনুমোদন পায়নি
faa6a3fb0d	6e6fa	সন্দেহের চোখে দেখেছে
faa6c4a626	2fe3c	এ ধরণের কিছু কিছু
faa702f297	9065c	তবে এ ঘটনায়
faa7156d6e	1279e	সীমান্ত অতিক্রম করে
faa77f8ae5	0633a	পুরো নাম
faa7fd70c2	7297e	চাবি মনে করছে
faa8da58ed	aa820	ব্যবস্থা নিয়েছি
faa8e06ca7	b78ec	গণতান্ত্রিক রাষ্ট্র
faa8f49b87	9282d	তাকে উদ্ধার করে
faa96532b6	7351e	মাস্টার কার্ড
faa9f7f76c	086dd	শেষমেশ চরিত্রটি চলে গেছে
faaa58876a	2bc73	চাঁদনি রাতে খালি গায়ে
faaa5e9de4	3fce2	নকরানি ও লাকড়ি
faaa7081e2	f83df	মাছের পুষ্টিগুণ
faab02461b	717bb	করেছেন তারা
faab0a73e4	3fb17	শিরীন শারমিন
faab2b480a	6ee5f	আরো কয়েকটি টিভি চ্যানেলে
faab8ac93e	32c77	মাথা উঁচু করে
faac2bcc5d	64092	তিনি দৃঢ়তার সাথে
faac6c2768	54e68	শনিবার সকাল সাতটায়
faaccc5ba2	21e54	এনামুল
faad167264	b00ba	অবলম্বন করা হচ্ছে
faad17918f	420df	ঠাকুমা মারা গিয়ে
faad9a1990	2b883	বুধবার বাকিংহাম প্রাসাদ থেকে
faad9ca637	d2d71	এই উত্থান হলো
faade043f4	13b6a	বন্ধু বলে জেনেছি তোমাকে
faae187347	33aef	শহীদ ডা. জোহাকে
faae27704e	95907	শেষ পর্যন্ত খেলার
faae44f194	2c9c5	দেখতে পাচ্ছেন না
faae702259	93bf3	থাকা প্রয়োজন
faae8124fd	6c6bf	অনেকের হাতেই ছিল
faaf381615	31f09	ভারতের সুপ্রিম কোর্টে ওই ঘটনার বিচার চেয়ে একটি জনস্বার্থ মামলা করতে চাইছে মাসুম।
faaf8c72a8	9065c	দাম বাড়ার কারণ হিসেবে খুচরা এবং পাইকারি বাজারের দোকানদাররা এর উৎপাদন ও সরবরাহের ঘাটতিকেই দায়ী মনে করছেন।
faafd0fd53	38ff0	সেনাবাহিনীর ক্ষমতা গ্রহণের
faafe794f6	31f2a	সেই কারণে আমরা মনে করি
fab07e3536	a1d4a	কল্পনা করেন
fab091df39	17dcd	যেন চাকর ভাল রাঁধে বাড়ে
fab0c9279c	6aac8	সময় বাড়ানোর পর
fab0f8901d	bdfc1	ভোট গ্রহণ হব
fab198fe0b	13b70	যত বয়স বাড়তে থাকে
fab2dc0e5b	c463d	গেজেট না করে
fab3957050	32b3e	ঐতিহ্যবাহী বাংলাদেশ
fab4329c99	3bb15	তা সহজে পূরণ হওয়ার নয়
fab4395193	c7705	তার অভিনীত নাটকের মধ্যে
fab46be0f5	01e91	একটি সময়
fab5297017	0a7a0	হামিমা রহমান করা হয়েছে
fab54cfe2d	a916a	তবে বিজিএমইএ দাবি করেছে
fab5b0b08c	7f2ef	১৮ দলীয় জোটের কর্মীরা
fab5faa99a	03284	কিশোর পাজ
fab613d693	fda1a	বল জড়িয়ে
fab634ae44	66c6b	অনুরাগ দেখা যায়
fab6af804f	dae88	অর্থনীতি
fab6d79127	e50f1	শেষ কথা নয়
fab6de86b6	d8c80	পূর্ব থেকে দক্ষিণে অবস্থিত
fab6e3c5a8	80505	সমাপ্তি ঘটল সেখানেই
fab6e4b168	ca088	একটি জনপ্রিয় কাল্পনিক গোয়েন্দা চরিত্র
fab70f8840	69d9a	বোধপায়া কর্তৃক
fab71e1360	14816	এই প্রবন্ধটিও খ্যাতি লাভ করিয়াছিল
fab742c44a	5cb47	বিশেষভাবে ইরাক অভিযানের ঘটনা থেকে
fab801bf8d	6d129	তাসের জাদু
fab8f66172	7ee9b	আমার চরিত্রটি
fab9d8b88f	717bb	বৃহত্তম সাপ
faba121cdf	72649	মুন্সীগঞ্জ ঘাট থেকে
faba206a21	c11b1	তুলে নিয়ে যেত
faba340efb	ad69a	নিরাসক্ত আলোচনা-সমালোচনায়
fabac95319	66c6b	বাংলাদেশের পক্ষে
fabb353a49	14d25	তবে তৃতীয় উইকেটে
fabb7dd9f8	3bea8	জায়ান্ট ভারত ক্রিকেট সুসম্পর্ক স্থাপনে
fabbb08502	bf530	কিছু তথ্য পেয়েছি
fabbdd7589	a1d4a	দাবি তুলেছিলেন খালেদা বেগম
fabc604e04	bdd05	ভারতীয় রেলওয়ের পর
fabc8560d5	8edea	এ বারও
fabd004949	adf01	পাঞ্জাবের ইনিংস
fabd08371d	2d98b	রোমান্টিক করে তুলতে
fabd1883a5	c0965	ওর্তেগা ১৯৭৫ সালে
fabd895220	3faff	বিশ্বাসযোগ্যতা এবং উদ্দেশ্য নিয়ে
fabdc8a8ba	d3e06	এসে গেছে
fabe33ab20	3bb15	পরে উনিশ শতকে
fabe598433	06736	তাহলে বলতো মাথা খাটিয়ে
fabed3f527	eaa7a	পরিকল্পনা রয়েছে
fabefe258f	44322	কোয়ালিফাইং রাউন্ডের
fabf10eba0	92bb2	যুদ্ধাপরাধের বিচার
fabfa44244	ca831	২০১১ সালের মার্চে
fabfba2e6a	1de6c	একই কথা আছে
fac0a3baee	2fe3c	অহিদুল দোকানের সামনে দাঁড়িয়ে
fac0a580e0	66c6b	মির্জা আজিজুল ইসলাম
fac0cee9d8	e2c11	সুন্দরবনের আকর্ষণীয় জায়গাগুলো
fac0cf8ce9	58998	আগে অবাধ বিচরণ থাকলেও
fac10e77e1	fda1a	সংস্থার অপরাধের ঝুলিতে রয়েছে
fac1282dce	47e8d	তার সঙ্গে আমার কোনো
fac1bbed65	c7a89	সারমর্ম ধরে
fac2876286	d2d71	দেশ রসাতলে যেতে পারে
fac2d918ed	a0277	ও সংকট মোচনে
fac3262431	69d9a	ফেলবে কিনা
fac32eb419	7f71c	অবিনাশ আমাদের
fac36471bc	2d78f	সরকারের জন্য আত্মঘাতী হচ্ছে
fac37554f9	ce775	১৯৮৫ থেকে ১৯৮৯
fac3f7975f	57d54	পুলিশের লঞ্চ আসছে বলে
fac554bb5d	536d9	মি. কেজরিওয়াল
fac5c1aeb7	0d8c1	বসার কোনো ফায়দা নেই
fac5e9ac31	ca831	এদিকে আন্দোলনকারীরা বলছেন
fac6221647	ea5be	খ্রিষ্টান জঙ্গি বাহিনীও
fac6cbb192	6fb36	প্রকাশকাল ১২৮৬ বঙ্গাব্দ
fac6e9150a	f600a	তাদের বাধা দেয় পুলিশ
fac6f774af	a1d4a	দর্শনে জ্ঞান সাধন মাত্র
fac79099bc	9282d	ডাক্তারদের চালিয়ে যাবার
fac924f9dd	12702	কার যেন হেঁটে আসা
fac9b8e586	d71a3	প্রেমের উক্তি
fac9bfef61	ef4f8	ভারতীয় অভিনেতা
faca05e8e2	cc18a	এখানে বিশেষ মেলে না
faca4bfb11	f2097	বিয়ের পর রুপম
faca94c375	af81d	বিকেলের দিকে
facac4dace	d8c80	কবেই দখল করে নিয়েছে
facaca4444	e3d8b	তিনি বেশি সুবিধা পান
facae71521	b52ab	বেঁচে থাকাটাই অসম্ভব হয়ে উঠবে
facbf9d262	75936	গ্রাহকদের উন্নত সেবা দিতে
facc0c9e67	e9759	যে ছ’টি অভিযোগ আনা হয়েছিলো
facc59058d	a43b5	শহরতলী এলাকা
facc980452	194f5	দাম বৃদ্ধি
faccab9b15	ff1c3	দুই দলের মহাসচিবকে
facd5c41bd	e55de	ট্রেনখানা তাকে বহন করে এনেছিল
facdc5acf7	a7c6f	কথা বলেছেন বিবিসি বাংলার
face0d9e32	f83df	চমৎকার ইনিংস খেলেন
face9fcffd	e754e	তারা দুজন প্রাণ খুলে
facea8716e	da6f0	মাথায় চেপে যায়
facf4681c9	ad2a0	না কি তুমি অজানিতে
facf9b0332	c5dc8	সবজি চাষী
fad042e506	d8c80	তোরা সেখানে যাবি কি করতে
fad06ad91f	13b6a	সেখানে বড় কোন সহিংসতার
fad08a209b	3b1f7	সামাজিক, অর্থনৈতিক
fad0f782fc	0d8c1	যদিও মিস খোবরাগাডে
fad175e508	ced74	মন্দার মুখে পড়েনি
fad19c61eb	693cb	নতুন ২১ ধারা
fad24b1d14	ec91c	কেএফসি জাতীয় মহিলা ফুটবলের
fad257900b	ee4ad	ঢাকা চলে যাওয়ার আগের দিন
fad344f5fa	eb179	ক্ষতিগ্রস্তরা ঘটনাটি
fad3721324	bdfc1	ঢাকা বেতারে
fad3bc2e71	086dd	ছাইরঙা সোয়েটার
fad5071ace	a8710	থেকে ২৬শে জানুয়ারি, ১৯৬৯
fad5245c2a	e6752	এই বিচারের দাবীতে
fad5cffdcb	4f450	ইনশা-আল্লাহ
fad5e29cdc	fcc89	গান ব্যবহারের অনুমতিপত্র দিয়ে দেন
fad5f1c789	bc81e	বিভিন্ন উন্নয়নমূলক কর্মকাণ্ডে
fad61b2577	65e30	এই নারীবস্তুটিকে
fad61e6449	6fb36	মোহাম্মদ নাসিমের আইনজীবী
fad64a6fde	cc18a	নাট বিস্কুট উপকরণ
fad694952a	fda1a	ও-ই যোগাযোগ করেছিল আমার সঙ্গে
fad6e1294b	f0f95	শনিবার বিকেল ৩টায়
fad6e93192	91b16	ভলডেমর্ট জেমস
fad8056171	39dd0	নিহত বাবলু মিয়া
fad876fe2f	17dcd	যেকোনো অনাকাঙ্ক্ষিত পরিস্থিতি এড়াতে
fad8add288	d82d9	বর্তমানে স্বামী বিবেকানন্দের
fad8f90b8f	91dff	সিঙ্গুলারিটি আছে
fad9714f78	442b7	পুরো রমজান
fad982a1cd	76329	বেশিক্ষণ বসে থাকা
fad9863fc8	809cd	সম্পর্কের বিষয়টি
fad996e283	943de	বোঝাবার চেষ্টা করে
fad9b8004b	880ae	কম্বোডিয়ার রাজা,
fad9bc1850	69d9a	দেখতে পাচ্ছিলাম
fad9e7ffa8	089ef	অর্পণ করেছিলেন
fad9f61d98	f6e55	নাসিম
fadaca32b7	52578	রাজধানীর পতনের পর
fadad21149	7351e	ধূমপানের উল্লেখযোগ্য
fadad9cdb8	bdd05	তাই বলে সে চাকর নাকি
fadadbcac8	4fbd1	ডাইনামিকভাবে মেমরি এলাকা
fadb23c2b4	5b13f	প্রশংসা করেন
fadb27bcc6	f29bf	অত্যন্ত গুরুত্বপূর্ণ
fadb513666	a699c	বিশাল সব পাথুরে
fadb5f2960	c5479	সারাদিনই ছেড়ে যাচ্ছে
fadbbd22b6	442b7	থামলি কেন বাপ
fadbc483f6	e3f89	ট্যাবলেট পাওয়াটা নিশ্চয়ই
fadcb3bd2b	ef915	সে পথ-চলা
fadd313448	590d0	ঘনত্ব বেড়ে যায়
faddfab01e	80be1	ফলে এ মানুষটিকে
fade7ae286	9d7bf	ঢোকার জন্য এগোচ্ছে যান্ত্রিক নৌকোটা
fadea89504	adf01	সে কোনোদিন ফেরত নেবে না
fadfac9fed	1c618	পরিবাহী পদার্থের
fae0e8a64d	10a9f	বিতর্কিত ওই নির্বাচনকে
fae0ef21f1	9092b	নেইমারের পাস থেকে
fae0f415f6	d9ba9	উপন্যাসের মুখ্য চরিত্র
fae1992d73	f4ba7	সফলতা দেখিয়েছে
fae19a48c4	7d004	একজন নিহত হয়েছিলেন
fae24947c5	95f83	ভক্তির সমস্ত আয়োজন
fae262cb34	5dec6	জয়নুল খান সাংবাদিকদের জানান
fae2c030a7	a916a	উদ্ধার করা হয় দুই জেলেকে
fae2d6f002	66dcd	ছবিটির নাম এক কাপ চা
fae2f4a95b	4c555	যুক্তরাষ্ট্রের নিউ ইয়র্কে অনুষ্ঠিত
fae3823604	2396d	গরম খবর
fae3e964d7	e2f12	মিল আছে দুটি মাত্র জায়গায়
fae403e1b3	e9589	এলার্জি মানুষের দেহের
fae40b6065	ac904	পরিবেশ উন্নত করতে
fae43a9396	93080	আটক করতে পারেননি তার
fae4713de6	93d3b	যে সকল প্রদেশে নীল প্রস্তুত হইত
fae4ea3ff1	7e1d5	সেখানে থাকে
fae511c1c1	2ac82	ম্যারাথন দৌড়ের
fae5478010	66b3c	রাজপুত্র দেখিলেন
fae551f069	31f09	যথেষ্ট নয়
fae553bd0f	54e68	নির্ধারিত ব্যায়াম নিয়মিত চর্চা করুন
fae61da441	d1a48	ব্যবহার করতে হয়
fae67ca197	351dd	একটু থতমত খায় আজাদ
fae686c7fe	da6f0	বোঝবার জো আছে
fae69405e5	d711f	হামলাকারীদের সনাক্ত
fae6f67dc2	6c17f	ছুরিকাহত হলেন
fae6ffebae	11915	খননে সরকারের তরফ থেকে
fae73a9012	b52ab	শুক্রবার মিউজিক্যাল লাইভ শো
fae747f712	31f2a	সেই শোচনীয়
fae8910d70	554fe	কি গাঁথুনি
fae8993612	86b1b	সেই সংকটে
fae8aea6b3	c463d	বাঁশখালী
fae8c8f8b2	2ac82	একটি গল্প বললেন
fae8fd2289	72649	১৯১৩ সালে
fae93aaa25	b618b	অধিকতর মধ্যবিত্ত ও শরিফ
fae9598e85	e9fa7	তুলে ধরা হলো
fae9dc1859	14816	র‍্যাব-এর সদস্যদের
faeaafe4d5	e50f1	বিভিন্ন খেলাকে
faead052b4	3c897	তথ্যচিত্রটি দেখানো যাচ্ছে না
faeb680347	92bd8	বিভ্রান্তির মধ্যে ছিলেন
faeba7089d	71522	ভবনটিতে ফাটল দেখা দেয়ার পরই
faecbe57e5	29f8c	অনেক সাধনার পরে আমি পেলাম তোমার মন
faedad84b3	f280a	তৈরি করে তোলেন
faee39588a	44322	খালেদ নেমে আসেন
faee9ab582	3f875	মানব সম্পদ বিভাগকে
faeea22830	23b22	ষান্মাসিক পত্রিকা
faef6e4498	e8dde	মোটরগাড়ি কোম্পানির
faefdaf30d	0d9f1	তৃতীয় বিশ্বের
faefddf04e	31f09	দিলে দলে দলে লোক ছুটবে
faf076ebf7	a7c6f	দেশীয় পর্যবেক্ষকদের পাশাপাশি
faf0b69195	12702	এক অধরা বৃহৎ শক্তির স্মৃতি
faf0bb8e88	91dff	আমার কোনো সুযোগ নেই
faf122dc9c	ce180	শিক্ষার্থীদের হয়ে যাচ্ছে
faf14f8072	0895a	লালকার্ড দেখলেন দেমিচেলিস
faf1576eed	68549	এর মধ্যে কোন কোনটি
faf2099ad7	6fb36	খুন হন ব্যবসায়ী আমানউল্লাহ
faf223fc1b	24f73	আপনি একটু দূরে দাঁড়াবেন
faf266ab17	17dcd	খালিমুখে যাওয়াটা ঠিক হবে না
faf2785216	287bd	এসব পাখি
faf27b5ba3	0606d	খুবই ভালো
faf311659d	83c53	চিনি আধা চা-চামচ
faf38421e4	730c3	বিকেলে অসীম সাহার প্রেস
faf3bdbb15	6e6fa	দেশে ফেরত পাঠাতে
faf4051684	e3d8b	খুব দ্রুত ওল্টাচ্ছেন পাতা
faf44b2c5f	baa02	ভারতের উইকেটরক্ষক ব্যাটসম্যান
faf488d309	e43d4	উভয়ে গলাগলি ধরে
faf4a82d39	a06a1	সে বলল, বাবা
faf4b701a5	bf530	হার্ড ডিস্ক
faf519e33b	cf82a	তাদের এসব কাজে
faf540c2be	b9122	এ ক্ষেত্রে কোন আইনগত
faf5764472	4f2ae	দশ কোটি ডলার
faf5861c6d	e6203	যদি ভারতীয় বাংলা চ্যানেলসহ
faf6ce9376	0edef	এরপর বৃষ্টি এলো
faf7187928	1e7c6	মেয়েরা করতেছে
faf7a1c5ad	d2d71	মি. খান বলেন
faf7a4d549	8a46d	উদাহরণস্বরূপ, কোপা আমেরিকা
faf7e5b5fc	4c555	পছন্দের কারণ
faf813b47b	06736	বিচ্ছিন্ন করার অপচেষ্টা থেকে
faf82d0656	6973e	ট্যাক্স বলতে
faf8371b9c	ac0df	মা অক্টোপাস
faf8c897c6	72649	একটি সিদ্ধান্ত প্রস্তাব
faf909e08a	2fc12	সুখের লাগিয়া
faf916c5ab	49543	জাতিসংঘের ইরানের মুখপাত্র
faf91d35b9	25117	কিন্তু এমপি কুনাল ঘোষ
faf9499ded	9351a	পাকিস্তান ক্রিকেট দল
faf94f6842	dae88	নবসৃষ্টির প্রেরণা জোগায়
faf95267b5	f837a	ভেঙে ফেলতে বাধ্য হয় সে
fafa2c134e	35ef3	জোকস্
fafa8b80fa	68ab7	রমণী যীশুখ্রীষ্টের
fafaca4a00	c9c19	ঝুড়ির ভিতরে
fafb6eed07	e6d83	হইয়া পড়িয়াছি
fafba07426	693cb	অনুরোধ
fafc30e2b3	4fc91	রচয়িতার কাতারে
fafc8c19d7	4a67e	এতে ওদের সুবিধে হয় বেশ
fafcc5f312	2bd99	কার্য্যক্ষেত্রে মিলিত হইয়াছি
fafd1fa541	3faff	সেগুলোর কথা উল্লেখ করেন
fafd8c8300	bdfc1	কিন্তু যতক্ষণ আমিরুল্লাহর
fafd9cf6a7	7c272	কয়টির উৎসস্থল মায়ানমারে
fafe1d4add	ac904	ইউরোপীয় খৃষ্টানদের বিশ্বাস
fafe27f34c	b4ea7	যার মানে হল
fafe357962	56508	আয় রে আমার হুমো
faff123438	b00ba	অনেকাংশে প্রভাবিত হবে
faff189f83	ea8fa	দায়ী বলে মনে করছেন
faff747854	83c53	নিষিদ্ধ ছিল
faff79f691	11915	আজ সত্যিই আমি
faff96d1be	93bf3	মাঝে মধ্যে
faffba77fb	57d54	ট্যাব
