fe0058f324	a46e2	সবচেয়ে দামী খাবারটি
fe006175ee	dafb6	বছরের অষ্টম মাস
fe00da6d5d	c5479	ফেলানি হত্যাকান্ডের বিচারের ব্যাপারে
fe0100f527	0bace	মেন্টাল ওয়ার্ডের নার্স তিনি
fe010a87b7	ad98d	আইএলও ১০৭ প্রণয়ন করে
fe01cab85a	ee994	প্রতিকৃতি দেখাই
fe01f064f0	09b32	কেন হিংসা আর প্রতিহিংসা
fe020a5cfe	745b7	বেশি কড়াকড়িতে রোগী কমবে
fe02293cc2	9813c	সেটাও আজ জানাতে ভোলেননি
fe026e0e76	b618b	আমন্ত্রণ জানিয়েছিল
fe02ece8fa	d5213	কিন্তু তারা
fe03337867	a0277	শ্রীকৃষ্ণকে জানান
fe03748bfb	153c9	মায়াবন বিহারিণী
fe0393d356	a274b	বাবা নিঃশব্দে
fe042eb140	355c1	২৩ ফেব্রুয়ারি মনোনয়নপত্র জমা দেওয়ার
fe04ca4cd1	58998	উচ্চৈঃস্বরে গান বাজিয়ে
fe0528fce9	13b70	মহাযুদ্ধের স্মারক
fe057b1ef3	6d129	বিতর্কিত হয়ে পড়েছে বলে
fe057edebc	c5dc8	আসছে না
fe0586775b	e6d83	সমালোচনা করতে দেখা গেছে
fe05afc115	88654	গবেষণা ও সৃজনশীল গ্রন্থ
fe05cfd72b	e50f1	রোনাল্ডো ও পেলে
fe0623b174	c173f	খাওয়া-ধাওয়ার পর
fe06352a30	46d49	পরবর্তীতে অংশগ্রহণকারী দলগুলো
fe06c8cd09	b52ab	দ্বিধাবিভক্ত ডাক্তাররা
fe0726e632	06ea3	কিন্তু রুমির মা জানান
fe075592cd	b78ec	এবং অনেক অর্থের ব্যাপার
fe084956a9	37d7e	তালা ঝুলছে
fe0852ec98	59c73	দলগুলোর মূল্যমান নির্ধারণে
fe085ce67a	92bb2	করের হার ২৫ শতাংশ
fe08b80485	4c1eb	তুমি যে আমার
fe08c02085	7d3e1	ভারত ও পাকিস্তানে চলে গেল
fe08d567af	2d98b	আশরাফ বাবু এটা
fe0903916a	4c1eb	পড়াশোনা শুরু করেন
fe0b29896a	f2b7d	ইন্ধনপুষ্ট অগ্নির ন্যায়
fe0b449d3d	82926	জারি ছিল কারফিউ
fe0b826a8c	e89bb	নিরক্ষবৃত্তও বলা হয়
fe0b92ed09	e50f1	ভিজে যাচ্ছে
fe0c016a19	bd576	দিনটি ছিল বৃহস্পতিবার
fe0c427aac	80be1	তাহলে ফয়েজ কি কোনো দিন
fe0c655690	e2f12	পড়িত না
fe0c79a1c7	ea5be	পারিবারিক প্রেমে
fe0cee0dbe	42898	তিনি আমার ফেসবুকের
fe0d821bc2	577fa	সংগঠনের ভাবমূর্তি
fe0d923951	a3a6d	তখন তারা নিষ্পলক
fe0dbce556	e2c11	হৃদয়ই সবচেয়ে বড় পবিত্র স্থান
fe0dbd5a80	ced74	উদ্ধার অভিযান শুরুর পর
fe0e420beb	39dd0	সেই সীমানা ভাঙতে পারেনি
fe0e4bdf82	db181	ভুলতে পারেন নি
fe0ef01941	d2d71	অনন্তচৈতন্য পরমেশ্বর
fe0fbd24de	2fe3c	একজন কানাডিয়ান কূটনীতিক
fe106ae95e	dafb6	আমাদের বাংলাদেশের
fe10b2c641	e2c11	পূর্ব পুরুষদের বিশ্বাস করবে না
fe1119e77d	c173f	যেই চোখ লাগে
fe1126e6f3	7b132	একার নয়
fe117b6b50	3bea8	বাংলাদেশ ব্যাংকের সামনে
fe118f105f	e43d4	লেখালেখি বন্ধ করার
fe11c82039	f658d	কিছু ছাত্র সংগঠনের নারীকর্মীদের
fe11edb402	4c555	যৌক্তিক পর্যায়ে নামিয়ে আনা
fe12627da5	56508	প্রকাশ করতে হয়েছিল
fe127a3518	a46e2	অভিনয় জীবনের পুরোটা সময়
fe1281d1db	24aed	ছোঁয়াছুঁয়ি খেলি
fe133eda9c	7f2ef	সমস্ত রাষ্ট্রকে
fe135931a8	730c3	মামলার কর্যক্রম শুনতে পারবেন
fe13b2aa2e	64092	সংসার শুরু করার
fe13e53ae0	58998	প্রহর গুনছেন
fe1441cdcf	256f5	তার বাড়ি থেকে
fe144d24f2	c5479	গলা ভাঁজতে লাগল
fe14906e39	9d46f	মাজিদের পরের সুলতানরা
fe14b43092	730c3	তা নিয়ে
fe15308ba5	92f59	আগামী সপ্তাহে দেশটি
fe163e2ef5	ced74	বেড়ে যাবে
fe1660559d	16e96	হেমন্ত চাকমা, তপন চাকমা
fe1678b315	e3d8b	টিকফা চুক্তির ফলে
fe171125b8	93080	ছুটির সিদ্ধান্ত
fe17e6ca52	b8ed8	মাইকেলের ছবি
fe182199ea	a8710	কোচ হিসেবেও
fe186f164a	4f450	রাজধানী ঢাকার কেন্দ্রস্থলের একটি গার্মেন্টস কারখানায় মধ্যরাতে গিয়ে দেখা যায় সেখানে শ্রমিকেরা তখনও কাজ করছেন।
fe18d2cca8	a8710	স্বদেশি আন্দোলনকে
fe191e954b	9092b	অপরের বিরুদ্ধে নানা অভিযোগ আনে
fe1930bc16	7a227	মামলা শুরু হয়
fe19f2f320	967fd	আমার পর্যন্ত ব্যাটিংয়ে আসা
fe1aaa142e	37d7e	সেই মিথের কতটা রিয়ালিটি
fe1b208159	b8bf0	পুরো রমজান
fe1b4e5923	2ac82	মহিলাগণের চাকরী গ্রহণ অসম্ভব
fe1b926eb5	7351e	বাউল আব্দুল করিম
fe1bd47dfc	4a67e	৩ লাখ
fe1bf2712b	809cd	বডি ম্যাসাজ
fe1bf79934	16a17	গড়ে উঠেছে জামদানির আড়ত
fe1c1a91fe	93d3b	অ্যালিস দাবাকে সর্বাধিক
fe1c59f86c	6b437	শেখ ফয়জুল্লাহ
fe1d24eb2a	c1e30	দায়িত্ব নেয়ার পর থেকেই
fe1d4b7f27	2840e	এখন নিজেই বলুন
fe1d5f0400	4237e	বাজারে যাচ্ছি
fe1d9ffda1	a4750	কৌশলগত প্রতিক্রিয়া
fe1daebadd	c749e	হত্যাকান্ডের চার বছর তিন মাস পর
fe1dd29338	698a4	নতুনসঙ্গী নিয়ে আসেন অনেকে
fe1e4c42b6	31f09	আদি গঙ্গার তীরবর্তী
fe1e76af19	91b16	শ্রীকৃষ্ণ যখন আবির্ভূত হন
fe1ec99f73	404ee	এখানে আমি একজন
fe1f0ac245	2840e	এ ছাড়াও ২০১৪ সালে
fe1f1508c1	590d0	অনেক ব্যবসায়ী আবার
fe1f3b47e5	f89d7	পাস করা হয়েছে
fe1f7787a5	b8bf0	দশটা খুন করবো
fe1fd8f73d	0606d	তিনি নিজেকে
fe2054a06a	9c8dd	পালিয়ে চলে গেছি
fe2202ab24	274ee	২৭শে ফেব্রুয়ারি
fe228a22f2	860f4	নিজে এসে দেখে গেছে
fe2378389f	d1a48	বিশ্ববিদ্যালয় ক্যাম্পাসে
fe23a134c4	5d12f	প্যারা অলিম্পিকে
fe23e26506	698a4	নবীর বিরুদ্ধে
fe23fec174	25117	দেখা করে সে
fe2587243f	ca831	বিশ্বের শক্তিধর ছয়দেশ বলছে, কোনো পূর্বশর্ত ছাড়াই ইরানকে আলোচনায় বসতে হবে।
fe259ff3e0	c7a89	মুখোশ পরা ১০-১২ জন ডাকাত
fe26405c94	25117	সিটি করপোরেশনে অন্তর্ভুক্ত করা হলে
fe26660b63	0e637	আটজনকে নির্যাতনের পর হত্যা
fe26a4279f	3fc9d	অরভিল এইচ. গিবসন
fe2700ccbb	33814	সঙ্গী বিদায় লইয়া
fe270bfe50	c749e	জয় গোস্বামী
fe27e399eb	f9dfb	এ বিষয়ে জানিয়েছেন
fe27e45504	6e6fa	২০টির বেশি দেশের
fe2856fe83	ad69a	অন্যতম ভয়াবহ কারখানা দুর্ঘটনা
fe288bcce2	28bb3	বিজ্ঞান ও প্রযুক্তি
fe2892e6e6	e68af	শীতে চুলের আগা
fe291d9a23	f837a	টোটেম-নিষেধের অন্তর্ভূক্ত
fe293397ec	43199	১৯৮১ সালের ১৩ই ডিসেম্বর
fe298bce4e	b8bba	রায়ের দিন থেকে
fe299d5808	80be1	মুসলিম শাসকবর্গ
fe2a99f684	8cf95	সৈয়দ ইকবাল আলী
fe2ad5c643	56508	তৃণমূল নেত্রী দোলা সেনও
fe2ad5c913	25696	মহারানা প্রতাপ
fe2ae6410b	c5dc8	এতটা কমে গেছে
fe2c57b0cd	23291	কথা বলতে পারে
fe2c5b78a2	b9b98	জন্ম ১১ই এপ্রিল, ১৯৫৩
fe2c93235d	4486f	মাওবাদী বেনিতো তিয়ামজোনকে ধরতে
fe2d112434	7ed14	খুশি ঝুমা
fe2d21d86b	fd880	রাষ্ট্রপক্ষে ছিলেন
fe2d2df7e2	66c6b	বউয়ের ফিসফিস শব্দে
fe2d656379	8c07c	কিংবা সবচেয়ে দামী
fe2d8f1ca4	b2a62	প্রবৃদ্ধি দুই-ই বেড়েছে
fe2dc6c84a	88654	তাহার মধ্যে Lamb’d Tales ও ছিল
fe2de2d6b8	98b81	সাকিব খানের ছায়াছবি
fe2e25c6bc	5dd61	সেক্ষেত্রে চিকিৎসকের
fe2f476fbb	8cf95	জি না করে উত্তর দিচ্ছে
fe2f99946f	80539	পরে শাবনুরের সঙ্গেও
fe305050a6	7f2ef	অর্থনৈতিক পরিস্থিতি
fe306eacf4	b78ec	পরিস্কার নয়
fe314305ef	93080	আগামী সপ্তাহের শেষ নাগাদ
fe315a3066	976b1	সামুদ্রিক প্রাণী
fe31b15f1a	75626	কর্মকর্তাবৃন্দ যেন
fe3203d6e5	54e68	একটি উক্তি বেশ প্রণিধানযোগ্য
fe328a0f11	03284	কিছুদিন থেকে যেতে পারলেই
fe3311d7fe	d711f	অন্তর্বর্তী সরকারের
fe33737785	e31e7	এক বছর আগে ছিল
fe337ed1d1	b8ed8	৯৫ বছর বয়েসী
fe337fde3f	5dd61	প্রবৃদ্ধিকে আরো জোরদার করতে হলে অবকাঠামো খাতে বিনিয়োগ অবশ্যই আরো বাড়াতে হবে।
fe355c8b9f	b8fe1	ডুবতে ডুবতে
fe35d18709	943de	সম্প্রদায়ের ধর্মতাত্ত্বিকরা
fe35da9794	0606d	বিশেষভাবে উল্লেখযোগ্য
fe3607c888	4164f	আমার কথা হয়
fe3679789b	c11b1	পররাষ্ট্র মন্ত্রণালয়ের নিজ দপ্তরে
fe37248d17	91dff	বাংলাদেশের স্বাধীনতাযুদ্ধের সময়
fe3728ba9a	590d0	তা ব্রহ্মপুত্র নামে
fe375d6c0b	f143a	না না ছোটবাবু
fe377e286a	e43d4	শতকরা ৪ ভাগ বেড়েছে
fe3791fcc7	0895a	সম্প্রতি দাবাং খ্যাত নায়ক
fe37eaa571	ff1eb	স্থায়ী ও অস্থায়ী ঠিকানা
fe38b367d1	06736	পোয়াতি অবস্থায়
fe38c6ffa8	85430	সুললিত স্বরে
fe39225ab8	7d133	কেন্দ্রটি প্রতিষ্ঠার
fe396ead53	14d25	দু'জন নিহত হয়েছে
fe399f02e8	7aed9	পলাতক রয়েছেন
fe39e61cec	69449	শোনার পর থেকেই
fe3a870923	6973e	দেখা গেল তাদের দলের নেতারা
fe3b14d774	0d8c1	শক্তিশালী হওয়া দরকার
fe3b68685e	29bab	বসুন্ধরা এলাকায়
fe3b78ab12	9d7bf	ভোটগ্রহণ শুরু
fe3b9d8a31	38d3a	বিক্রি হয়েছিল
fe3ba20b0e	8c07c	সব বুঝে
fe3bba45d0	b4ea7	একটি পাত্রে
fe3c1020a1	0f047	নয় জন সাক্ষ্য দিয়েছেন
fe3c3ff3f7	7d3e1	মনতত্ত্ব পুরোটা
fe3c863e2b	932bb	সেমিওটিক পদ্ধতিতে
fe3c964972	4c1eb	এক বাংলাদেশিকে
fe3ca842d6	717bb	ট্রানজিটের ক্ষেত্রে
fe3cda7bb7	acb88	বিলের বিরোধিতায়
fe3d11bed7	7898e	বিভিন্ন পরীক্ষা
fe3d3e8c24	ad69a	হাজির হয়েছে
fe3d5e76d5	a4750	স্বল্প সময়ে নিয়ে টি-টোয়েন্টি
fe3ddbae0b	6c17f	মনে পড়ে আমিও একদা
fe3e0752b9	3ccf1	তৃপ্ত গুটানো শামুকের মতো
fe3e2c264d	ad2a0	অপেক্ষায় থাকুন এ পর্বের জন্য
fe3f212629	8b859	একটি শিশুর
fe3f2c597c	420df	রাজধানীতে তাপমাত্রা
fe3fdd9dbf	730c3	বিগ্রহ অপহৃত হইয়াছে
fe3fe4a341	5354e	তবে কে বা কারা
fe401696dd	c7a89	তার সিল্কের স্কার্ফ খুলে
fe40206580	95907	হয়েছে উৎসবের বর্ণাঢ্য আয়োজন
fe4022844c	0a7a0	তার নাম শুনেই
fe40ccbe6e	2d98b	যেমন গুগল কপিরাইটের
fe4145a93f	f1240	কিন্তু তপন বাবুকে মনে হলো
fe4147c246	d5213	রাজধানীর উত্তরায়
fe41967e9b	14d25	চোখে আঁচল-চাপা দিয়া কাঁদিতেছে
fe41ad0497	93080	মক্কা
fe42323d0d	2396d	ইয়াবার ফাঁদ
fe42572f27	0b7ca	জাঞ্জিরা এলাকার আব্দুল মালেকের ছেলে
fe4263a631	49543	কিন্তু তার তৈরি করা দল
fe427a04b3	cb842	ওর নাকে এসে লাগে
fe42a01cfa	db181	এবং ঝুঁকিতে থাকা নারীরাই
fe42a84fcc	7b103	নাচ, স্টাইল এগুলো
fe4342a0e2	9fa90	শরীর মোটা করার উপায়
fe43aa6355	8406e	বিভ্রান্তি তৈরি করছেন
fe43c62492	9fa90	ব্যাটা আসলেই বড্ড নারীঘেঁষা
fe43c977a2	16e96	একই ধরনের আচরণ করছে
fe43d0158d	577fa	বাঙালের দল
fe4421af5f	66dcd	পিস্তল ঠেকিয়ে কাজের মেয়েকে
fe4425ca40	ff970	সেই বটগাছের চিপিসুদ্ধ
fe44752dd5	49543	সংখ্যা কম নয়
fe45545116	ce775	লাফ দিয়া তীরে নামিল
fe45d8433d	4e900	যেখানে ফ্রাঙ্ক রিবেরির মতো
fe46015fa6	92bb2	শিল্পীদের ওপর
fe46c986ca	e6752	বইটি পড়ে
fe46dc1ae4	ac0df	তিনি সম্রাট আকবরের ছেলে
fe47b0fa51	274ee	বেনামে একটি
fe47dd77f5	d0c70	চার্চিল যা শুনতে পছন্দ করতেন
fe483b3e32	49543	ডিফেন্ডার রাজু
fe4866644e	195f7	বিদ্যুৎ আমদানি ও রপ্তানির জন্য
fe491f3c8d	68549	মুখোমুখি হতে চাইছে না
fe4944dd68	b8fe1	সেখানে বিনা বিচারে
fe4a41e930	22096	অক্সিতঁ ও অন্যান্য
fe4a82e50b	2ac82	দুঃখের দিন
fe4a9dd29a	f2097	২৪শে মে
fe4abac086	42898	নাটকগুলোর মধ্যে রয়েছে
fe4aef8544	23b22	যে টাকা আনিয়াছিলাম
fe4b69a38f	f89d7	বাংলা ডিজিটাল
fe4c286d1e	06e62	বরং পুঁথি সাহিত্যকে
fe4d5e6437	a46e2	প্রথম দিনেই
fe4ddf00d4	29bab	স্ট্যান্ডবাই মুডে
fe4debb298	e9589	সাপের মনি
fe4e4b987c	03284	মানুষ সারাদিন
fe4e7bdd7b	121bd	মাস্টারের যাইবার সময়ে
fe4eebe054	f7a7f	মুন্সীগঞ্জের মাওয়া ঘাটে
fe4efd4dd0	16e96	পাণিনির কোন সূত্রে
fe4fdb6b69	e2f12	শব্দ
fe50134922	0e637	ও পুরাতাত্ত্বিক ওয়েস্টম্যাক্ট
fe508b394a	d9817	নির্বাচনকালীন সরকারের প্রধান হলে
fe50cd4c4c	cb842	বা হিমাগারের সংখ্যা
fe510754ca	95f83	ট্রেন্ট বোল্ট এবার দ্রুতই ফিরেছেন
fe515aa9d9	3fb17	প্রশান্ত মহাসাগরীয় দ্বীপপুঞ্জের
fe515b0584	f83df	দেশটির গণমাধ্যম
fe51f645fe	315e9	শিগগিরই নিয়োগ হচ্ছে
fe51fc603c	60f77	বাংলা খবর
fe52776392	91dff	পাঠিয়েছে যুক্তরাষ্ট্র
fe529277b5	b2a62	বাকি ছয়জনকে
fe53179276	da6f0	ভারতের বিচ্ছিন্নতাবাদী নেতা অনুপ চেটিয়া বাংলাদেশের কারাগারে আটক আছেন।
fe53bad797	dec2d	সেখানে ভালো করে
fe54580b58	80e98	দিল্লিতে অনুষ্ঠিত ২০১০ সালের গেমসে তিনটি মেডাল লাভ করে শ্রী লংকা।
fe55cce708	cd3ac	স্মৃতি কেন্দ্রটি
fe55d0d400	56508	পাঁচ পা অলা
fe55f7c1f2	693cb	যে তুমি গিয়া
fe56e519d7	80be1	লিখতে প্রবৃত্ত হয়েছেন
fe5733eea2	18460	ফোরাম
fe574ee7d4	730c3	মিটমিট করে তাকায়
fe57509c54	7ed14	সভাপতিত্বে বৈঠকে নয় ব্যাংকের চেয়ারম্যান
fe576f8b60	e68af	বেদনা প্রেমের দান
fe5777997f	b8ed8	একই রেখে
fe57b256c5	85430	কিন্তু সামাজিক যোগাযোগ মাধ্যমের
fe58c87221	91dff	কমিশনের চেয়ারম্যান
fe58defb6a	75936	সন্তান
fe58efa8a4	420df	একই টোটেম-সম্ভূত
fe59c2639d	8cf95	প্রায়শই মিডিয়াতে
fe5a1102bd	8b859	হারিয়ে যেতে বসেছে
fe5b1396f3	5d12f	প্রশাসনিক কর্মস্থল
fe5bc31d84	efc0d	যিনি সমঝদার হিসেবে
fe5ca7a25b	29089	ভাই, চাকরি
fe5cba59cc	c173f	পূর্বকালে বড় বিবাদ হইয়াছিল
fe5e3af12a	49543	এস ই ও
fe60ddf688	7297e	'নিঃস্বার্থ ভালোবাসা'
fe613645f6	33814	সেসব কাহিনী
fe61c1cc27	24f73	মজার কমেন্টস
fe6213bc4b	5b13f	প্রতিবেদন লেখা পর্যন্ত
fe622e506d	b618b	পিরিয়ড
fe62846574	42898	বাংলাদেশের পাবনার মেয়ে
fe62b0fe12	404ee	দলে দলে আসছে
fe62d7c315	0606d	অফিস স্যুটের আইপ্যাড ভার্সন নিয়ে
fe63c3091c	b8bba	বিতর্কিত নারীবাদী সাহিত্যিক
fe63fda2b8	2d98b	অর্ধনমিত রাখার নির্দেশ দিয়েছেন
fe6421386f	91223	সাংবাদিকরা কাজ করে যাচ্ছেন
fe644ae444	cb1aa	এ কারণে একটু সময় লাগবে
fe644fed3d	a4750	মিজান সাহেব,আমাকে কি একটা
fe64a47e2e	7e1d5	সে পথে চলতে পারে নি
fe64dccc03	860f4	তুলে ধরা হয় প্রতিবেদনে
fe6529a0fd	0d8c1	এ দক্ষ বিক্রেতাদের ভিড়ে
fe65dfc600	0606d	২৩টি অভিযোগ গঠন করে
fe6601ea53	4ea73	ইয়াবার ফাঁদ
fe6682bd70	870e3	দেবি কর গো প্রচার
fe669b2116	0a7a0	আটক অন্যদের
fe67a1b7ac	2f547	ব্যাহত হচ্ছে বলে জানা গেছে
fe68accc09	d9ba9	আয়োজিত শোক সভায়
fe68cfa718	7d133	তায়াম্মুম শুরু
fe6b466e11	e2ff7	দশ বছরের জীবন
fe6b57599e	6aac8	জানালা দিয়ে ইশারা করে
fe6bda47ce	809cd	বেশি হবে না
fe6c363186	ff970	সর্বকালের অন্যতম সেরা ব্যাটসম্যান
fe6c7f9dba	7a227	রিকশা ধানমন্ডির দিকে
fe6c8b2fd2	554fe	জীবনানন্দ দাশ, জয় গোস্বামী
fe6c9f856a	c0965	বাংলা সাহিত্যের ইতিহাস যাঁরা লিখেছেন
fe6cb63ba5	2695f	এবং এদের সিকোয়েন্সটা
fe6ced2dcb	ff970	এবং সুর করা
fe6dd2cd38	91223	টানতে থাকে
fe6e247947	23291	উদ্যোগ নেওয়া
fe6e40d91f	f1ff2	তারা মোটামুটি নিশ্চিত
fe6e7b4852	c41d8	এবং দোষীদের শাস্তিও
fe6e8d3f1b	b8ed8	এসি কামাল হোসেন জানান
fe6ea06ec1	b78ec	তুমি বল দেখি
fe6eb3120b	1a2a1	ভীমকে চূর্ণ করিবেন
fe6ef1c030	2bc73	মার্কিন পররাষ্ট্র মন্ত্রী
fe6fb4990e	24aed	প্রতিযোগিতার শীর্ষ বাছাই
fe6fe1b2af	404ee	তারই অনুগত লোকজন
fe6fea4264	3fc9d	কণ্ঠশিল্পী মনির খান
fe7006dc23	cb1aa	বৌদ্ধ দর্শন
fe70b5d3a3	698ff	মুখোমুখি হতে চাইছে না
fe70f68172	f280a	সেখানে অভিযান শুরু করে যৌথবাহিনী
fe70fcd750	bd576	রাশি জানার উপায়
fe7160115f	d9b11	হিজড়াদের মতো প্রান্তিক জনগোষ্ঠীর
fe71cc6749	282d3	আমাদের দেশের
fe72255da3	6e8cb	থানা হেফাজতে
fe728a7f68	9d398	তার অনুলিপি
fe72e094e0	d9081	মানে ঠিক রাত বারটার সময়
fe735a31a4	17ca1	যে প্রকার সমকতা থাকা উচিত
fe739c047a	f600a	অ্যানথ্রাক্স ব্যান্ডটি
fe741dec83	13b70	এটি পোস্টার
fe744ead8c	a4750	প্রতিবেশীর চক্রান্ত হতে সাবধান
fe74772b45	eb179	চাকরি বার্তা
fe7491d737	4fd66	শুরু হয়েছে মঙ্গলবার
fe749b4fa4	2ad74	ফলে শেষ পর্যন্ত টিম ইন্ডিয়া
fe74a9a1aa	6c17f	অর্বুদ বা অর্ব
fe75ae06e4	57d54	সকালে শ্রমিকেরা
fe76137c70	7f2ef	খর্ব করার উদ্দেশ্যে
fe76b5e9cd	53396	শ্রমিকনেতারা বলছেন
fe76c62534	3ccf1	সমস্যা থাকলে
fe7721297c	91230	মোটা হাত দুটো
fe774be9c6	2d78f	তথ্য প্রযুক্তির যুগে দিনদিন বাড়ছে ইন্টারনেটের ব্যবহার।
fe7759194e	3ccf1	ব্যাংক বেতন
fe779b0841	c173f	শিল্পী মনীন্দ্র মিত্র
fe77aa6d1a	f2097	চলে এসেছে
fe785ca539	0c39f	অনেকের মনে
fe7871f3ae	388c9	আগুন জ্বলতে থাকায়
fe788f1c79	c11b1	বলিউড সুপার স্টার
fe78f83158	ab946	চালক লঞ্চটি
fe797010c5	d2d71	গণতন্ত্র সম্পর্কে
fe79750195	8a46d	বর্ষার নামে ধার
fe79b09f11	52f27	এতখানি সিদ্ধিলাভ করে নাই
fe79e2f9f1	93080	তার কারণ ছিল
fe7a42676c	0633a	আতঙ্ক সৃষ্টির
fe7aa8c284	5dd61	এই অনবদ্য নিদর্শনগুলোর মাঝে
fe7aad0070	7297e	দাদা ভাল ছাত্রের মত
fe7ad5639e	2aecc	ট্রানজিটের ক্ষেত্রে
fe7ae002fc	0744c	কবর কবিতা
fe7b076350	42898	কবির
fe7b0a2024	a9a58	কলকাতার পত্রিকা
fe7b205f43	92bb2	বিক্ষোভ-সংঘর্ষের ঘটনায়
fe7b57146e	420df	কোন কোন সংবাদকর্মীকে
fe7b85cc73	5354e	হামলা চালানোর অভিযোগও আছে
fe7bfd0db3	404ee	হচ্ছে বিশ্বব্যাপী কম্পিউটার বিজ্ঞানের
fe7c29cb47	e2ba2	বাংলাদেশি
fe7cb6f491	ff0fe	১৯৮৪ সালে
fe7d1db95f	54e68	এতে প্রায় দুই কোটি টাকার
fe7d6a31d5	1f974	পুড়ে গেছে
fe7dec2687	da6f0	তারপর দুই বছর
fe7e296610	bf530	মৃত্যু হয়
fe7e4678e5	d41be	পার পেয়ে যাবার বিশ্বাস
fe7ebdcf17	351dd	এই গল্প
fe7f1d147b	0633a	পর্যটন অস্ট্রেলিয়ার
fe808b66c3	49543	পরিবহনের অভাবে যেতে পারছেনা
fe80d3bc08	54cdd	বেশি আকর্ষণবোধ করে
fe80ea48e3	bfac7	তার আত্মা ফিরিয়ে দিয়েছে
fe80f2780a	0895a	১৯৭১ সালের সেপ্টেম্বর মাসে
fe8119ea36	7aed9	টিসিবির প্রধান তথ্য কর্মকর্তা হুমায়ন কবির বিবিসিকে জানান, প্রাথমিক ভাবে ৫০০০ মেট্রিক টন পেয়াজ আমদানি করবে তারা।
fe8185abb2	06527	দ্বিতীয়ার্ধে গোলের সুযোগ পায়
fe81cddf41	35ef3	টাকার দাম কখনও
fe81d05207	9813c	আর নেবুলাইজার ব্যবস্থার জন্য
fe8220fe8e	09f0d	অসবর্ন জীবনে
fe825bccf5	9f25e	চাকরিজীবন শুরু করেন
fe8299b7bd	7ed14	গল্পে-উপন্যাসে তো বটেই
fe82a4a1e6	730c3	ছয় মাসের অন্তর্বর্তীকালীন
fe82b87f4e	2396d	কিন্তু সাথে অনন্ত নেই
fe8330957e	4ea73	মেয়েরা নেবে
fe8336d4bb	c7a89	চোরাইয়ার টেকের লোকজন ডাকাত না
fe83391acc	cb842	আর সে কারণে
fe83416133	dfefa	স্বনির্ভর তিনি
fe83734f89	b9122	কালো হলে
fe83d8bce6	e754e	অকস্মাৎ হৃদযন্ত্রের জটিলতায়
fe83dcaa53	520fb	দিতে হতো
fe844114c1	976b1	প্রায় ২০ বিলিয়ন ডলারের
fe859c5970	88654	বিভিন্ন আসবাবপত্র ভাঙচুর করেন
fe860804b4	a06a1	এক্ষেত্রে বাবা-মা, স্বামী
fe8621ae89	0633a	কপাল খোলে না অনেকের
fe8637b6ff	5b13f	নিজের পঙ্গুত্বের জন্য
fe86442bf4	3fce2	মেরে যে চলে যাবেন
fe8653e948	a06a1	কান্ডারি ছিলেন
fe86adfff1	6da0a	মৃতের সংখ্যা বেড়ে
fe86cdea53	e2ba2	তখন তার সহকর্মীদের
fe873d6a23	4c1eb	আরও ১২ ঘণ্টা বাড়িয়ে
fe87bbd01b	aabe7	দিল্লী ব্যতীত আর কোথায়ও
fe87d86f3f	a46e2	আলেকজাণ্ডার ভিলেঙ্কিন এর
fe880978ec	ea5be	প্রতিবছর এ দিনে
fe88a76e12	8b859	তারা ভাল পারফর্ম করেছে
fe8923cc76	2396d	তিথিডোর রাত ভ’র বৃষ্টি
fe899831c2	ad98d	পোপ ফ্রান্সিস এর আগে
fe89d57833	0bace	একটাই অখন্ড সুপারকন্টিনেন্টের আকারে ছিল
fe8a00ffd2	d82d9	মানুষ বৃদ্ধির অনুপাতে
fe8a6b8b42	2de86	যা বিভিন্ন অর্থে
fe8aada81a	9282d	এটা ভয়াবহ
fe8ad28aa9	ce629	একান্তই ব্যক্তিগত আলাপচারিতা
fe8b230a4b	75626	তবে ফিরবাম
fe8b3f3100	3bea8	বিভিন্ন গণমাধ্যমে প্রচারিত হওয়ায়
fe8b4a58d7	4bd2c	আজব
fe8b4d4116	943de	তাদের একটি বড় অংশ
fe8bc59e80	e55de	ওই পোস্টারে লেখা ছিল
fe8bf1f757	717bb	উল্লেখ করা হয়
fe8c80a81a	c958a	তার আকার বদলে ফেলেছিল
fe8c9d7ab9	693cb	তার বাস্তবায়ন সম্ভাবনা
fe8cc4cd1c	60b9d	কাল জলের উপর বসিল
fe8d0eff1e	18460	দেয়া হবে না
fe8d451d11	fcc89	অপার আনন্দ ও কল্যাণব্রতে
fe8d933691	9fa90	কিভাবে আসছে
fe8dea3544	e03ce	প্রবাস জীবন
fe8e2f7162	24f73	যে দেশে সবাই অন্ধ কাব্যগ্রন্থ
fe8e4fcbab	68ab7	চান্দেরপোল গ্রামের মাঠে
fe8e784397	18a52	উচ্চাকাঙ্খা সৃষ্টিকারী
fe8ea7b92e	b8bdd	আলী আহমাদ সাঈদ
fe8f506c80	d9ba9	মনের মতো
fe8fded19b	d711f	পাঁচুর ছেলেটি
fe902d6e1b	d1a48	একটি অন্তর্বর্তীকালীন সরকার
fe910e1344	28bb3	১৯ কোটি ৩০ লাখ পাউন্ডের
fe912caa5e	4fbd1	সন্ধান পেয়েছে অ্যাকর্ড
fe91a38661	ea5be	অবশেষে সত্যি প্রমাণিত হল
fe9229affd	80be1	তিনি মনে করছেন
fe922be8da	33814	বিশাল অবকাঠামো নির্মিত হলেও
fe92986617	f2b7d	সমিতির প্রধান হয়েছিলেন
fe939735c1	3f875	বিশ্বকবি কাজী নজরুল ইসলাম
fe93aea148	0a7a0	স্পীডবোটে পিরোজপুর
fe93d21baf	e2ff7	একটু কোল্ড ড্রিংকস দেব
fe9425ad39	16877	নামোল্লেখ না-থাকলেও
fe9444f75e	24f73	নিমেষে গায়েব হয়ে যায়
fe945159b2	c5479	শশী
fe951c9239	880ae	ভারতের বিদেশমন্ত্রী সলমন খুরশিদ
fe95326c1f	cb1aa	সেইজন্যই তাদের পক্ষে
fe9558d44b	8b859	হাড়ে হাড়ে টের পাই
fe960e1814	93d3b	বর্ষবরণ উৎসব পালন শুরু হয়
fe9647adf5	7351e	জিজ্ঞাসাবাদের আগে
fe964c7d25	3b1f7	উৎপাদন করছে এলসিডি
fe9684878b	f1ff2	বাংলাদেশের গ্যাস
fe96d780f5	91b16	যিনি অ্যামনেশিয়ার রোগী
fe97822da9	14d25	তা অনেক বিজ্ঞানীর কাছেই
fe97a8aa6f	3f493	যে বাংলাদেশিরা
fe97e4e754	a1201	গৃহযুদ্ধের শেষদিকে
fe97f6dda6	f2780	উপপরিদর্শক এসআই ফৌজিয়া খানম
fe98058d05	3faff	রড বসানো হয়
fe981dadd6	ac0df	জ্বালানি বিশেষজ্ঞ
fe987867eb	0895a	বিরোধী দলে থাকলে
fe987e10fa	16877	উত্তর-দক্ষিণে
fe98a5001a	11915	তাঁর বাড়ি সব সময়
fe98ee585b	57d54	র‌্যাব-৩ এর একটি দল
fe990f3a5a	dae88	নব-নিরীক্ষা আন্দোলনের কেন্দ্র
fe991b848f	6fb36	আমার ঘেন্না
fe995835cf	5b13f	আসতে থাকে নির্মাতাদের ফোন
fe997c1a68	a8710	গবেষকরা বলছেন
fe997f6c10	7aed9	মাটি তুলে
fe99b162ea	e03fc	তাঁর সঙ্গে আমার
fe9a0bb9d0	69d9a	রাষ্ট্রের উৎপত্তি
fe9a250972	c0d65	গত বছরের ২৪শে এপ্রিল
fe9a5db975	16877	গুপ্তধন
fe9a71baa0	28bb3	এই সামরিক বাহিনী
fe9ac0cd79	91223	মককা
fe9b472f3c	282d3	নির্যাতনের অভিযোগ থেমে নেই
fe9b4c8914	db181	তাই ১৯৭১ সালের
fe9b87b6f3	d41be	অসাধারণ ঢংয়ের কারণে
fe9c491e94	ce629	এ রকম অবস্থা ঘটে
fe9c4edc9f	75f18	মিতা হক বলেন
fe9d458533	17dcd	কখনো ব্যবহার করেননি
fe9d9e9f0f	13b70	সৃষ্টি করে
fe9eedbf09	54cdd	এবং ডাকটিকিট বিক্রয়ের
fe9f1742d6	2fc12	এখানে কালিগঙ্গার বাঁকে
fe9f5155fa	54e68	নানার পাঁজরের
fe9f5d9198	a699c	গুগলি
fe9f63396f	31f2a	প্রতিবাদ জানায়
fea0464144	1a2a1	এটা নেতিবাচক প্রভাব ফেলবে
fea05ef50b	4c555	আদমজী ক্যান্টনমেন্ট কলেজ
fea07b8b50	9092b	এমন সময় এসেছে
fea0902e9c	29089	গত ৩০ ডিসেম্বর
fea0ce980c	0b7ca	এক লাখ টাকা করে
fea0e71411	315e9	কাঠাঁলের গন্ধে
fea0eac793	5d12f	সে দাঁড়িয়েছিল বাসের অপেক্ষায়
fea106da03	b9122	হিউম্যান রাইট্স
fea17ffb84	ff1c3	এই মাটির ধরাধামে
fea1aabce9	d2d71	রবীন্দ্রনাথের পরলোকচর্চা নিয়ে
fea21a1d15	ce775	বড়বু কাঁইন্দোন না
fea245c9f5	6c6bf	ওদের টার্গেট
fea27a3b0b	1f733	ক্যাঙ্গারু
fea31560b7	29f8c	গ্র্যান্ড সুলতান টি রিসোর্ট
fea320cb60	ad050	অবিরাম ঘুরতে থাকা
fea345bfc4	33aef	তাদের জন্য রান্না করতে
fea39ce4db	1a4a9	আমাদের দারুণ
fea4c11d74	4f450	মৃত চার বোনের নাম
fea5034399	a06a1	বড়বাবুর উৎসাহ
fea51544ce	14816	কুর্নিশ করলেন
fea532f315	75936	মোহন আম নিল না
fea55dffec	7b60a	জ্ঞানযোগ স্বামী বিবেকানন্দের
fea5dac445	22096	কিনে এনেছেন
fea5ec63ce	4dd57	রবীন্দ্রনাথের সহকারী রূপেও
fea641762c	d136b	অমৃতা খান
fea66163da	b00ba	পরিবেশন করছেন শায়লা রুখসানা
fea66c3080	ad050	অসুস্থ শরীর নিয়ে
fea6925537	76329	অগ্নি ৫
fea6bdcbfe	5cb47	সৃষ্টি করতে পারে বলে
fea6e25a7d	b8bf0	প্রকাশ্য খুনের ঘটনায়
fea71f4dd2	d82d9	বইয়ের সংখ্যা ১২টি
fea722e485	77f82	অস্ত্রসহ পুলিশের সংখ্যা
fea7d30eb5	d82d9	আবার হল্যান্ডের
fea89b156e	11bd2	গ্রামের সব মানুষ
fea8b3413d	8632b	রুশ প্রেসিডেন্ট ভ্লাদিমির পুতিন
fea8f21dd8	a916a	দেখা হয়ে এসেছে
fea908f460	f2b7d	নেলসন ম্যান্ডেলার প্রতি
fea9370d77	f1ff2	আজ ২০তম দিন
fea9e341cd	0c39f	ক্ষতির কোন সম্ভাবনা হলে
feaa6da733	43199	নিয়মতান্ত্রিকভাবে পরিচালিত না হওয়ায়
feaace0eb9	e7230	সুন্দর ফুল
feab0369aa	239f7	ছেলের মৃত্যু সংবাদ
feab0c93d8	56508	আমরা বলিয়াছি যে
feabf0de87	ce775	উচ্চারণ শোনার জন্য
feac30dfd3	16877	বিমানবন্দর করার উদ্যোগ
feac6617a5	91223	বাইরে আসছিল
feac778b10	69449	আজ মনে হচ্ছে
feac7c3fcf	ef915	নিয়ন্ত্রিত হচেছ
feac8b87c6	f1ff2	বাস্তবায়ন করা সম্ভব হয়নি
feacd86aef	b52ab	বড়ধরনের বিপর্যয় ঘোষণা করেছেন
fead151f3f	bdd05	আদালতে বাদিপক্ষে শুনানি করেন
fead637976	8845d	তিস্তা নদীর পানি বন্টনের জন্য একটি চুক্তিতে শীঘ্রই উপনীত হবার আশা করছেন মি. মূখার্জি।
fead78d8b3	ec91c	চট্টগ্রাম কলেজ
fead8f8982	11de3	রাজস্ব আদায়ের জন্য
feae17a97d	7c272	তাবলিগ
feae18ce8c	28bb3	সভ্যতার এক-একটি সংঘাত
feae292165	bd576	বিবিসি জানালা
feae3a561b	410fa	ভেতরে ব্যথা আমার পারাপারহীন
feae5124aa	11de3	হয়ত এই ফোন করা
feae948d19	8845d	গ্রেপ্তারকৃত নূরুন্নেসা বেগম জানান
feaebdc584	29089	লঞ্চটি থেকে মাত্র
feafc6e589	e9589	ক্যাপ্টেনের আত্মহত্যার আশঙ্কাও
feafcfd4fc	56508	কে জানত এর সঙ্গে সংশ্লিষ্ট
feb062f861	80539	জী সংযুক্ত করে বলা হয়
feb0656e4a	9065c	রোমান্টিক করে তুলুন
feb07b6913	0606d	রোববার এক বিতর্কিত গণভোটের
feb083d066	1c618	কলকাতায় জয়েন করতে যাই
feb0c6958d	0c39f	বাড়ির ছাদে উঠে
feb0da461c	bc81e	চিত্রপুত্তলিকার ন্যায়
feb17ad71c	ce180	এবং দমকল বাহিনীর পাশাপাশি
feb1d8c073	da6f0	খুনীদের খাবার খাইয়ে
feb2ba2ee1	4a918	রিয়ালিস্টিক
feb32cf5ed	6e6fa	সাম্প্রতিক কালের
feb32f08c0	38d3a	২১ মার্চ বিশ্ব বন দিবস
feb3a1e5a2	adf01	শরীরের পুরো ভাবটা রইল
feb3bafc74	0c39f	এশিয়া বিষয়ক পরিচালক
feb3e662bf	54e68	বহু পরিত্যক্ত শিশুকে
feb4101dce	ad2a0	আত্মসমর্পণও করেননি
feb45566ca	c4973	চিঠিতেই যা কিছু
feb4774df5	49d63	পাকিস্তানকে সাফল্য এনে দেন
feb48c8216	88654	বাংলাদেশে আইন শৃঙ্খলা রক্ষাকারী বাহিনীর হাতে নাগরিকদের নির্যাতনের অভিযোগ নতুন নয়।
feb4b5fc1d	d2faf	ঢাকা সিটি করপোরেশনের সর্বশেষ
feb4d2adbd	24f73	কুশপুত্তলিকা পোড়ানো হয়
feb4f4892f	3ccf1	আমার কি আছে
feb5052b31	4f450	ফতুল্লায় ভারতের বিপক্ষে মুখোমুখি হবে
feb5628fcd	93d3b	নীহারিকা অবলোকন
feb5954661	b00ba	তবুও প্রতিটি ছবির জন্য
feb5964866	b8ed8	শিলালিপি হতে
feb635a6c4	8406e	বিছানা থেকে
feb6c3d1ab	52578	সরকারি অনুদানের সিনেমা
feb705f14a	8ba2b	এসব কিছুতে গলদ রয়েছে
feb7b23661	37e17	বাণিজ্যিক কার্যালয়
feb7e329e0	8a46d	আর তত দিনে
feb8c57954	0f047	তারা জামদানি তৈরি করলেও
feb92e6431	5a61c	বাবার সঙ্গে বড় মামা
feb9560bfe	d5f7b	তাকে যাতে
feb96da3f7	c3cca	লন্ডনে একবার স্বামীদের
feb9df7633	6c6bf	মৃত অবস্থায়
feb9ec575d	75936	অর্থ সহায়তার পরিমান
feba15ebb5	06e62	প্রতিদিন কুরিয়ার সার্ভিসে
feba35bf3e	7351e	সংশ্লিষ্ট সূত্র জানায়
feba387fae	d2d71	তাকে গ্রেফতারের নির্দেশ রয়েছে
febaab7755	f2780	ধর্মীয় সন্দর্ভসমূহ লেখা হতে থাকে
febb1839a9	e6e48	চরমতম পরিহাস হলো
febc0cdc68	e50f1	প্রত্যাহার করতে পারবে
febc1e4ab2	85430	ক্লাস ও পরীক্ষা
febc41b309	e3d8b	অনেক সময় প্রতিহিংসা থেকে
febc6461e1	0606d	নারীসুলভ মনে হয়নি
febcbdf9e5	80be1	তাতে পরিবারের সবাই
febcee27d6	92bb2	বৈঠক করবেন তিনি
febd14e389	f1240	বোরকা পরিহিত নারী
febd6306de	ce180	এর কোন ছবি বা ভিডিও
febde77fdb	4a67e	বাংলা নববর্ষের উৎসব
febe45f2f6	52578	সাহিত্যের প্রাথমিক অবস্থায়
febee5a7c9	4c1eb	জেনে নিতেন
febeeaab47	33aef	মেয়র নজরুল ইসলাম
febf50482c	2fe3c	মন্দার আগে
febf9166db	a3a6d	অশ্রুতেই গোপীপ্রেম পর্য্যবসিত হইল
fec0b157b2	6b437	ব্যবসায়িক ক্ষতির মুখে
fec11d771a	1e7c7	আদালতে পেশ করা হবে
fec143e067	d3e06	এ জগতের কোথায়
fec17d829b	cb1aa	মেয়ে বাহির হইল
fec1f172df	7d004	আঘাতের মাত্রা
fec21195d1	37e17	নগরীতে আসেন
fec27ea0f8	4dd57	তাদের একসঙ্গে দেখা গেছে
fec285e68d	3fb17	নাগপাশে বেধে ফেলেন
fec2ab991e	bf530	আগে দুই-একবার শুনেছিলাম
fec36106f4	3bea8	আমার পকেটেও
fec45ea808	b8bdd	কেউ কেউ মনে করতেন
fec491aadc	5dd61	ভর্তি করে দেওয়া হয়
fec49b3b2f	a699c	জমিদারি সূত্রে
fec4c0b54c	29089	বৈদেশিক মুদ্রার রিজার্ভে
fec56895c7	54cdd	মুক্তিবাহিনী পাকিস্তানের সেনাবাহিনীকে
fec5d73219	a46e2	গবেষণার কাজে
fec5f3f94d	7d3e1	পরিস্থিতির
fec600384d	c463d	সন্জীদা খাতুনের আত্মজীবনী
fec6d4f978	f600a	পাঁচজন নিহত হওয়ার পর
fec7470dc0	d0c70	পাওয়া যায় নাই
fec7d4ac61	fda1a	আর বেশি কিছু নয়
fec8665b3c	1e7c7	তারা এটাও বলে না যে
fec893df65	287bd	তবে আদালত বলেছে
fec997de2f	9d398	প্রদর্শনীর অন্যতম আয়োজক
fec9a70e95	6a35e	এখনো ঠিক হয়নি
feca2a9580	420df	ঘরের ভিতর
feca9e1b43	84145	মঙ্গলবার বিজিএমইএ এবং শ্রমিক প্রতিনিধিদের সাথে বৈঠক করেছে এই প্রতিনিধি দলের ছয়জন সদস্য।
fecad7b1a3	2aecc	সমন্বয় সাধন করে
fecb331db1	5cb47	সভা-সমাবেশ নিষিদ্ধ করার প্রতিবাদে এবং নির্দলীয় সরকারের দাবিতে আজ রোববার দেশব্যাপী সকাল সন্ধ্যা হরতালের ডাক দেয়।
fecb7e0fd5	aabe7	বাঘের মুখ আঁকা
fecbadbe7e	13b70	ইসলামিক গান
fecbbdf146	e55de	এ সব খবরকে
fecbe4d3f5	e68af	৮১ বছর
fecc7e96fc	66dcd	লজ্জাজনক বোধ করে না
feccad9ca5	e3f89	আমি মনে করি না
feccbff1d4	8cf95	নিরাপদ কোনো আশ্রয়ের সন্ধানে
fecd3d960d	68549	বিনিয়োগ শেষ
fecd5522f6	a7c6f	দল হিসেবে সংগঠনটি
fecd7f0ca5	5354e	অথচ কিশোর ইহার
fecd89c626	16a17	বসে হাঁপায়
fecd97f74b	195f7	দূর হউক
fece2b6485	c463d	এই ছবিটি এঁকেছিলেন
fece9c3ae7	b52ab	গ্রিন গার্ডেন সালাদ
fecec26b37	cd3ac	বানানোর চেষ্টা করা হবে
fecfc876a5	f2097	রানা প্লাজা ধসে পড়ার পর
fed02d67a5	f2b7d	নামে আখ্যায়িত
fed0302bf9	f4ba7	এবং সেন্টার ফরোয়ার্ড
fed0874292	39293	তাই সহজেই বলতে পারেন
fed1226b34	1a2a1	নজর এড়ায় নি
fed14e3437	35ef3	ভীম কদাচিৎ রাক্ষসটাকে মারিয়া
fed160a9ee	93080	ব্রাজিল বিশ্বকাপে
fed18299b4	69d9a	পাঁচ মাসের মাথায় নির্যাতনের শিকার হয়ে ফিরে আসেন তিনি।
fed1cfa5d8	fcc89	দৈনিক ফেনী প্রতিদিন
fed1d5ba07	a9a58	পেটে টিউমার
fed1eec717	b4ea7	ইউরোতে খেলার পরিকল্পনা রয়েছে
fed1f2123e	e00db	বাংলাদেশী অনুপ্রবেশের প্রসঙ্গটা তোলে
fed232f8eb	79b06	১৮ মে ২০১৩
fed25a2136	71522	অ্যাকটিভিশন ব্লিজার্ডের
fed2ba94be	f1ff2	এই গ্রন্থটি প্রাচীন ভারতের
fed2c0c63b	06ea3	তো প্রশ্নই আসে না
fed2c219dd	adf01	তবে বিভিন্ন নামে
fed3375879	d136b	আমি মনে করি
fed35414cd	06bb7	না হলে ঈমানদার
fed39f86a3	2695f	এবং দোষীদের শাস্তিও
fed4a0ba87	c173f	সেরা অর্জন করেন
fed4fc4f47	ca831	সব ভরণ পোষণের ভারও
fed521a59c	66c6b	দামেস্কের শহরতলীর এলাকায়
fed569a82d	dae88	ঘর থেকে যারা
fed56cb495	fcefa	প্রেমের বানী
fed608bc06	e9fa7	অ্যামাইন ফাংশনাল গ্রুপ
fed6101841	f280a	দায়িত্বের মতোই শক্তিরও
fed6952e59	06527	এলো সে কারণে
fed6d96952	c5dc8	অনিকের সঙ্গে
fed6e878a1	6c17f	যোগাযোগ রক্ষা করে চলতেন
fed72d90a8	3ccf1	নানার কড়া আদেশ ছিল
fed74c6018	18a52	বরকতসহ অনেকে
fed7a04548	95907	সম্রাট, ফারজানা রিক্তা
fed7dfc715	16cfb	বাংলাদেশ জাতীয় সংসদে
fed868f9cb	8ba2b	নায়িকার কণ্ঠে একটি গান
fed8a5d4de	7f71c	একসময়কার শত্রুদের দেশ তুরস্ক
fed9592b82	69d9a	সদস্যদের মধ্যে
fed9720ca8	0f047	হওয়ার পর সকালে
fed97f869f	b8ed8	আপনি বিরোধী দলে থাকবেন
fed99da224	b4ea7	সম্পাদনের মাধ্যমে
fed9df426f	dfefa	একটি সময়
feda0661e2	4c1eb	ব্যাঘ্রাসন বলাই হয়তো
feda642836	a916a	দাঁত নেই বলে
feda699a54	64092	বাউল গান সংগ্রহ করেছেন তিনি
feda7d5dd0	7ec1c	মৌলবাদী-জঙ্গীবাদীরা
feda81b5f4	880ae	দূরে সরে যেতেথাকে
fedac3e24e	9d46f	করে থাকেন
fedc2b094d	f0f95	এই পর্যন্ত তিন তিনটা
fedc481a87	fcefa	তিনি হরিপুরে
fedc9439ee	b7be9	অর্থ পাওয়া নিয়ে
fedcae7193	cb627	স্থানীয় বিএনপি ও জামায়াত-শিবিরকর্মীর
fedcd74b08	92f59	আমার অনুমতির তোয়াক্কা না করে
fedd6d7dd4	cd3ac	আমাদের ফ্ল্যাটের গেট অবধি
fede225eec	fda1a	অফিসার জিজ্ঞাসা করলেন
fedf094492	7d3e1	ঐতিহাসিক সম্পর্কের ব্যাখ্যা
fedf1b4dc5	39dd0	স্বার্থরক্ষায় যথেষ্ট ভুমিকা রাখবে
fedf554e3f	b9b98	অড্রে বিটয়নি
fedf8cdf00	f1240	কোন বস্তু নাই
fedfcedd44	9f25e	কনস্টেবল ওয়াহিদ ও আকাশ
fedfdf3bfd	8632b	তিনি ভাবলেন
fedff94b4c	315e9	মাননীয় স্পিকারের সদয় অবগতিতে
fee063ef88	6c6bf	লিচু, সরিষা, কালোজিরার মধু
fee08aa2ac	ff1eb	সে মিনতি জানিয়ে
fee0d62a8a	b52ab	ফলে এখানেও রবীন্দ্রনাথ
fee0fe7d13	7b103	ব্রণের একটি কারণ
fee10e4c8f	60f77	মেয়েদের বোরখার কারাগারে ঢুকিয়ে
fee141dcf1	f1240	চৈতালির আর জিজ্ঞেস করা হয়নি
fee17d1f45	a9a58	চণ্ডীদাস রাধিকার মুখে বলিয়াছেন
fee183ebbd	8632b	জাতীয় চলচ্চিত্র পুরস্কার পান তিনি
fee1bfde96	6ee5f	গণমাধ্যম কর্মীদের
fee22a5637	976b1	লিখতে ও শিখতে হবেই
fee24c0dc2	f280a	বলছিলেন ডাক্তার রিচা
fee34d3a8c	31f09	সীমান্ত পেরোনোর
fee3b12bb4	4bede	যুক্তরাষ্ট্র নৌবাহিনীর সাবেক পেটি অফিসার
fee3f097b4	b08d0	জরিমানা দিতে হবে
fee407ad97	9351a	তিনি একাধারে কবি
fee4389fd1	0d4cb	যতটুকু সম্ভব পাওয়া
fee44dc1e9	baa02	পরিণত করেছিলেন
fee4750afd	46da4	সহজে মোবাইলের মাধ্যমে
fee4b15cb5	2695f	বাংলাদেশের কথাই ধরা যাক
fee4ec6e3b	a3a6d	জয়পুরহাটের জামালগঞ্জ বাজারের
fee5211f8c	68549	নিজেকে গড়ে তুলতে চাননি
fee54c7679	b8ed8	ট্রাই করেছিলাম
fee55a2c75	7f2ef	কষ্ট পাইয়াছে
fee5d35190	a3a6d	সরকারের মনে
fee6186f28	ce180	ক্রিকেটবিহীন জীবন
fee65f7e6b	0edef	দীর্ঘদিন ধরে গবেষণা করছেন
fee699c507	7df87	নারীরা পুরুষের পাশাপাশি
fee7a00f4f	9f25e	তাকিয়ে দেখলাম
fee7da5f99	dfefa	সঙ্গীর পছন্দের নাস্তা
fee818c1b8	0f047	আমার উদ্দেশ্য নহে
fee85b92dc	c7705	ভারতে পালিয়ে যান
fee877c0dd	e50f1	মাল তৈরি শেষ হবার পরেও
fee95bef74	e55de	ট্রাইব্যুনাল ঘিরে নেয়া হয়েছে
fee9c98d38	2f547	পরিবারের মেয়েরাও এলো
feeaaaed7c	cc18a	দেশের হালহকিকত সম্পর্কে
feeaec8271	c5479	গত ২৮ ডিসেম্বর
feed33bac8	16877	তবে এই সময়ের মধ্যে
feed8c29be	21e54	তা হলো স্বচ্ছতা
feedcf4e45	3d17c	টিএসসি, শহীদ মিনার
feee115498	e8dde	ইউটি অপটিন ইউনিভারসিটিতে
feee4638fc	16877	পেশাদার মানুষ হিসেবে কাজের প্রতি যতটুকু দায়িত্বশীলতা থাকা দরকার সবার ততটুকু হতে হবে।
feee4de9a1	f2097	একমত হতে পারেনি দুপক্ষ
feee5a11fc	c8f7f	আব্বাও সালামি দিয়েছেন
feee9ab914	4f2ae	আপনি আরেকটা গল্প লিখেছেন
feeef93f37	35ef3	এ ব্যাপারে আইন অনুযায়ী
feef1fe823	4bede	মার্কিন
feef40df09	e00db	যাত্রবাড়ি চৌরাস্তায়
feef648af5	fcc89	কয়েক দিনের মধ্যে
feefb57d67	fda1a	এটা হলে
feefc536c2	61820	এ বছর জানুয়ারির
feefd25b87	9d46f	অনেক কথা
feefd8ab26	2840e	অপেক্ষায় যেন
fef0196a9c	31f2a	স্মরণে নিবেদিত
fef02d7067	82926	মুখে নিয়ে জন্মায় না সবাই
fef037c8d1	b8bdd	তেমন আছে
fef0418c48	39293	তোরে কি ডুবিয়ে দিলো
fef0807df4	9d46f	এ প্রসংগে সানজিদা শশী জানান
fef0ff4ff7	6973e	১৭৯৭ সালের
fef12410e8	e03fc	স্বীয় পদে অধিষ্ঠিত থাকবেন
fef12f3f56	4bede	হযরত শাহজালাল
fef155dcdb	a0277	রক্তমাংসের বিজয়
fef15eb6d4	18460	১৮৯৩ - ১৯৬৩
fef179a5dc	69d9a	বৈঠকে দলের প্রার্থী চূড়ান্ত হয়
fef215995e	a8710	মনে হয় একখানা পাব
fef317a431	80505	নির্বাচনে যাতে
fef33df9ff	91b16	তার ওপর চালানো এ হামলায়
fef35cd03f	420df	এই রহস্যের কিনারা
fef3a9fa42	717bb	সকালে যেতাম ভরা পেটে
fef3c2ce63	274ee	মাতিয়েছিলেন ড্যানি ওয়েলব্যাক
fef3f6efcf	f600a	কাছে গিয়ে
fef3f99608	1a4a9	সেখানে গিয়েছিল
fef42a6edd	4bede	সরকারি শান্তি প্রচেষ্টায়
fef4465900	54cdd	শহরের লা ভেরান কবরস্থানে
fef4d34ae6	2556b	কর্মস্থলে অনুপস্থিত থাকার কারণে
fef50d6461	a9a58	নির্জীব কণ্ঠে বললেন
fef51805b6	92f59	চলছে বাংলাদেশে
fef569a5fc	23b22	এবার বিশ্ববিদ্যালয়ের ছাত্রছাত্রীদের নয়
fef57f21f9	84145	জিটিভিতে মেড ইন চিটিাগাং নাটকটি
fef641d261	c0965	বিচার দাবি করেন
fef68f34b3	66dcd	র‍্যাবের মুখপাত্র হিসেবে পরিচিত
fef6be970d	39293	শুক্রবার সকালে দেশটিতে আঘাত হানা টাইফুনের পর জলোচ্ছ্বাসে ভেসে যায় দেশটির উপকূলীয় এলাকা।
fef6ff7948	25696	দ্য উওম্যান ইন হোয়াইট
fef7500c6e	4c555	রহস্যকাহিনী লিখবেন নতুন আঙ্গিকে
fef75b1d9d	18a52	মাঝে দিয়ে কেটে
fef766ead5	0633a	সাফ সুতরো হয়ে
fef789cc97	a7c6f	আখেরে আপনারই সমস্যা হতে পারে
fef796d5bf	7aed9	অবসরপ্রাপ্ত মেজর জেনারেল
fef7c39262	d5f7b	তাহাই জসীমউদ্দীনের বুলিতে
fef7c818a3	4a918	যে ফোর্স লাগে
fef7d3e84e	11bd2	দশ বারো হাত অন্তর
fef7ebaf0b	410fa	যৌতুক প্রসঙ্গ
fef82161b7	d2355	একটি ২৫০ বছরের প্রাচীন বটগাছ
fef8883881	a43b5	একটা ছোট ঘরের ভিতরে
fef89429ec	cb842	মারাত্মক বিড়ম্বনায়
fef8a6ca05	72649	অলিভার উল্ফ স্যাক্স
fef8eceed0	cc9fd	গুরুতর আহত হয়
fef901a27e	60b9d	ব্যবস্থাপনা মো. আজহারুল হক,মুনসুর আলম
fef905bfd1	b78ec	ফাহাদ হারিয়েছেন
fef936246a	4bd2c	বিগত পাঁচ বছরে
fef997bc04	b00ba	বাসায় নিয়ে যায়
fef9a7d59c	91dff	বিস্ফোরণে আহত দু’জনসহ
fefa862375	4237e	অবশ্য পুরোপুরি আস্থা রাখতে
fefa8aa337	a43b5	পত্রিকা প্রকাশে
fefab4b4e8	68ab7	জব নিউজ
fefabdb9fb	31f2a	চাষার স্ত্রী
fefad50f95	68ab7	বাধা পেয়ে
fefb8366b0	a1d4a	২ থেকে ৪টি
fefba098b1	d3e06	গানগল্প পরিবেশন করেছেন
fefbadcb63	f7a7f	বই নাড়া-চাড়া করতে আসে
fefbb95db7	58998	পানির অর্ডার দিয়ে
fefc42d466	5dd61	সেখানে সমুদ্রসৈকতগুলো
fefc4a9f58	e89bb	নয়টি যানের
fefc8c39b5	2ee04	সড়কে যানবাহন চলতে
fefcf934f6	16e96	অল্প সময়ের মধ্যেই
fefd129c6e	18a52	বর্ণমালার উদ্ভব
fefd3d87d6	bcaa8	ম্যান সিটির মার্তিন দেমিচেলিস
fefd3d8ef2	8406e	বোয়ালিয়া মডেল থানা
fefd68b5cc	717bb	উত্তরবঙ্গ
fefd72ebd3	69d9a	তুলনায় মোটাদের
fefde975f0	ec91c	শক্তিধর একটি রাষ্ট্রে
fefe4780e7	ff1c3	কে কত ভোট পেলেন
