ff00163552	49543	মৃত্যু ৯ সেপ্টেম্বর, ১৯৬৮
ff00769312	8b859	সমাজসেবা অধিদপ্তর আগারগাঁও ঢাকা
ff008d9afa	9092b	অভুক্ত অবস্থায় দেখতে পেয়েছিলেন
ff00b7c715	2aecc	বিএসএফ-এর মধ্যে
ff00d325cf	e2ba2	দীর্ঘ ছয় বছরে
ff0108333d	c8f7f	পুলিশ সদস্যরা জানিয়েছেন
ff01374de4	2fc12	ফেডারেল ব্যুরো অব ইনভিস্টিগেশন
ff0169a596	0d9f1	তাহার অতিরিক্ত
ff017600b9	ce180	কিছুদিন কলকাতার
ff01fbd5f7	7ec1c	স্বাধীনতা লাভ করে
ff029eaa5f	7351e	ভৌত ঘটনা বা
ff03a8a4e9	9e923	পানামা ইসমাস বা পানামা যোজকের মধ্য দিয়ে এই খালটি তৈরি করা হয়।
ff03caa86f	b78ec	তিনি পেয়েছেন ২৭ হাজার ২১ ভোট দোয়াত-কলম ।
ff03f6c3c2	2ac82	অক্টোপাস আটটি
ff041b9a55	91223	আমার বাতুনিকে
ff0476d3d5	7898e	ওদের সঙ্গে চলে না
ff04f6574f	d1b12	সারা হন
ff0505846a	bbb22	রেলসূত্রমতে ১৩টি বগি সম্বলিত
ff05a6393e	2bd99	সুইজারল্যাণ্ড ভ্রমণের সময়
ff05bfe629	5639c	সিনিয়র সহকারী সচিব
ff05f3adb8	ee994	দাদা বিয়ে করবেন
ff05fe6438	b8bf0	কঠোরভাবে দমনের
ff063b0a68	b78ec	গুপ্তলিপি থেকে
ff06543aa8	25117	অনলাইনে কেনাকাটা
ff067d5f3f	9d398	দেশটির রপ্তানিকে
ff06c2423d	ce775	মামলা হচ্ছে
ff06f44de6	db735	পরিপাটি একটা সংসার
ff07035d69	91b16	তখন ডিবি কর্মকর্তাদের
ff073a2002	6dff5	সাজগোজ করে
ff077a7017	9e923	টলস্টয়ের যে ছবি এঁকেছেন
ff07996467	ac904	অর্ধেক রাজত্বের মতো
ff0837c992	7e191	এখানে রাজনৈতিক সংস্কৃতির বিষয় নয়
ff08d72409	a06a1	দাঁত শিরশিরের যন্ত্রণা থেকে
ff09c0f715	8406e	হার ২৩ শতাংশ থেকে ৪১ শতাংশ
ff0a9eea07	5b13f	অনেক ছোট ছিলাম
ff0adf0a99	b7be9	অন্য শব্দ, অন্য সুর
ff0b23efe3	23291	প্রাসাদের অভ্যন্তর
ff0c2478d3	4a918	ইঙ্গিত পাওয়া যায়
ff0c388001	23291	সকাল আহমেদ নির্মাণ করেছেন
ff0d0ad38e	3bea8	ইসলামিক নাম
ff0d472330	c7a89	বহু পাকিস্তানি ও বাংলাদেশির বোধ
ff0e2ca4c0	d9817	গবেষণা জাহাজ গ্যালাথি,
ff0edb2370	61820	ওজন বহন করার সামর্থ্য
ff0ee42f79	ff1eb	সরে দাঁড়াতে হয়েছে
ff0f4802f6	e6e48	গ্রেপ্তার হয়েছিলেন তিনি
ff0fa51cca	7aed9	চিনি ১ চা-চামচ
ff0faac34e	91223	শত চেষ্টা করেও
ff1010e6fa	b8ed8	রাজশাহীতে এই নির্বাচন
ff103a7b30	fbb81	আমি তদপেক্ষা সৎ পরামর্শ
ff1098a3c0	16e96	এমনটা ভাবনায় আসেনি
ff10c522a7	9fa90	বিভিন্ন ঘরানার পাশাপাশি
ff1156f915	4a67e	আত্মীয়দের একজন বাড়িতে প্রবেশ করলে
ff116dfb26	ca088	দুটো দলের অংশগ্রহণ অপরিহার্য
ff11b42dd0	2840e	ক্রিকেট দলের সঙ্গে জিতেছি
ff11d5e310	43b04	বসেন বরযাত্রীরা
ff11e5061f	ea5be	একটি করে বর্ণ
ff123f8e26	491a5	আলাপ-সালাপ হল
ff12de1664	c7705	দ্বিতীয় কোয়ালিফায়ারে খেলবে তারা
ff12fb8df3	d136b	যথারীতি এবারও ছবিটি ছিল
ff135ddb7e	7ed14	এনসিসি ব্যাংকের
ff136d90d5	2909b	কান্নায় ভেঙে পড়েন
ff1386f4ca	4a67e	বিতর্ক হয়
ff13c72be5	ca088	দড়ি ছিঁড়িবার সময়ে
ff141b51ed	9065c	আমি যাহাকে
ff146f790e	d2294	শান্তিপূর্ণ উদ্দেশ্যে
ff152ce6fb	3fc9d	বাতিল করা হয়েছিল
ff15e15c36	1e7c6	প্রধান প্রধান
ff15ec315a	a7c6f	লোকনাথ বাবা
ff15f0cc87	16cfb	আগামী নির্বাচন পর্যন্ত সময়
ff160e2f67	11bd2	হোমারের ইলিয়াডে
ff1650c9ec	f1ff2	ইল্যান্সের দুটি ওয়ার্কশপ
ff16907345	2fe3c	করের হার ২৫ শতাংশ
ff171f2a85	509f6	বললেই চলে
ff1763faf0	282d3	তেজস্ক্রিয় এবং মৌলগুলো
ff1932a59b	355c1	স্থানীয় কাজী হাসপাতালে
ff19568dc5	7027a	নাম, ধর্ম পরিবর্তন করে
ff195982cf	fbb81	প্রচ্ছদ ও আলোকচিত্র
ff19e52f3d	693cb	স্বরাষ্ট্রমন্ত্রণালয়ের অনুমতি নিতে হত
ff19f7cbc3	4bede	উপস্থাপিত পুরোনো একটি মামলার
ff1a14c7e8	c0d65	আবার ঘুরে
ff1a7c5f15	2fe3c	ইতিহাস বলে
ff1b0ed727	5b13f	তিনি ডাক্তারি পাশ্ করেছিলেন
ff1bca7cb7	282d3	বলতে এরূপ তত্ত্বকে বোঝায় যে
ff1bd4d5ea	c3cb3	কিশোর বলিল
ff1be78f2c	ee994	যুক্তরাষ্ট্রের কর্মকর্তারা
ff1c002a2f	ea8fa	সম্মানের জন্য বড় বেশী রকম
ff1c1ca813	6e6fa	সেন্টমার্টিনে বহুতল ভবন গড়ার
ff1c76e788	61820	রাজধানী স্থাপিত
ff1ca6414b	ee886	স্মৃতিকে অমর করে
ff1ccd29f9	2556b	তেমনই পুনর্মুদ্রিত করিতে চাই
ff1cd087fe	b2a62	গাজার উপকারিতা
ff1d0f1d50	d71a3	মুন্সিয়ানার পরিচয় দিয়ে
ff1d56395c	ca088	ঢাকা জেলার কেরানীগঞ্জ এলাকায়
ff1d7579f2	bbb22	মাগরিবের নামাজের বিরতির সন্ধ্যায়
ff1d9dc091	767ff	যাদের সঙ্গে
ff1e251a39	da6f0	টেলিটক
ff1e2b0ef8	c958a	অলিম্পিক গেমস ইন্টারন্যাশনাল স্পোর্টস ফেডারেশন
ff1f21f01b	0606d	এটি শুরু থেকে এখন পর্যন্ত
ff1f45bb62	6ee5f	আমরা পরাজয় মেনে নিয়েছি
ff1fa59d0f	d2d71	পানির তলা দিয়ে
ff1fc10940	39dd0	তাদের সারাজীবন শেখানো হয়
ff1fd3e5ea	ee7b2	নিজেকে ইসলামের
ff205356a6	75936	বিশ্ব তামাকমুক্ত দিবস
ff206a4d58	f2097	নীল নদ
ff20b8780e	2fc12	করে নেয়া হয়
ff20eedb61	b4ea7	আঞ্চলিক পরিষদ গঠিত হলেও
ff2122332c	85430	এ ধরনের ঘটনাকে
ff2127db52	da6f0	পূর্ণিমার সময় অনিদ্রায় ভোগেন
ff21809d28	0a7a0	বকেয়া আমদানি বিল
ff21fa491a	6fb36	সবচেয়ে বেশি সতর্কতা
ff2255f878	ce629	নাকে খত দিচ্ছেন তো
ff22625da9	0744c	দিলরুবা ইয়াসমিন রুহী
ff22dcbfc7	3c897	আল্পসের তিনটি প্রধান শাখা
ff22e3c265	4a67e	পর্তুগিজ তারকার ২২তম গোল
ff237b4d3a	809cd	পরবর্তী সময় কি আপনি
ff23adc612	c1e30	এই ঘটনা ঘটল
ff23bef5fd	9b864	বাংলাদেশের পক্ষে
ff23f4ffef	08458	পাওয়া গেল
ff244e91a1	e3f89	১০৮ কোটি টাকা
ff24c3c992	f280a	ডালের চাহিদা
ff24e21f5a	f2097	ধর্মই পারে সমাজকে উত্মম রূপে নিয়ন্ত্রণ করতে।
ff24ec73d3	09f0d	ওই সংখ্যাটাও বাড়াতে হবে
ff2542e8ce	b618b	দুমড়ে মুচড়ে গেছে
ff25452c09	9092b	ঔপনিষদিক দর্শনের সঙ্গেও
ff25989f8a	e2c11	তারা বাস করছে
ff25a524b7	fd880	সমস্যার মুখোমুখি হবে
ff25fffa9b	42898	প্রধানমন্ত্রীর কার্যালয়ে
ff2625cc2e	4a67e	সোনার তাজমহল
ff2635bad1	24aed	হামেশাই তাঁর গানের
ff26898bf4	5639c	অলিম্পিক গেমস হল
ff26b611f7	a1d4a	দক্ষিণ দেয়ালের উপরে প্রদর্শিত হচ্ছে
ff26e8db3f	4ea73	সেটি সত্য নয়
ff27374bfc	cb842	তারাবি নামাজ পড়তে চাইলাম
ff27b2d799	5cb47	টাইম ম্যাগাজিনের বিচারে
ff280f5bb9	5dd61	মিক্সড অ্যালবামের জন্য
ff2861856a	d3e06	চিন্তাধারায় মার্ক্সীয় অর্থনীতির আগমন
ff287b183a	3f493	কথাগুলো বলে
ff29bd36ae	c4973	জ্বালানি খরচ
ff29e619ea	ce180	সুলেখার বিয়ে খেয়ে আসেন মা
ff29f70926	23b22	নির্বাচন কমিশন থেকে
ff2a15279e	7f71c	বিষয়টি মালিকের কথাই
ff2a68f8d4	bdd05	মধ্যপ্রাচ্যে অবস্থিত
ff2b168e8b	16877	সুরমা জাহিদ আলোচ্য বইয়ে
ff2b774576	e754e	প্রথম দিনেই ছায়ায়
ff2bafdf12	ca088	তাঁরা বাস করতেন
ff2c98f480	c0d65	সম্ভ্রম ও সমাদর লাভ করিলেন
ff2d03c781	a8710	মোহনগঞ্জ গিয়েছিলেন
ff2d426b8a	967fd	যে কিছু টাকা আছে
ff2d4f6fab	91dff	প্রধানমন্ত্রী বানাতে
ff2da8d162	10a9f	বিশ্বাস করতে পারছি না
ff2dd24689	ad2a0	দয়া মায়া বলতে
ff2ddaac99	6d129	মোটামুটি ব্যবসা করলেও
ff2e0bd0a8	4c1eb	আশ্বস্ত হতে পারলাম না
ff2e23722e	49d63	ফকির আলমগির তাই গণসংগীতকে
ff2e412008	f600a	আগামি অর্থবছরে রপ্তানি প্রবৃদ্ধি ১২ শতাংশ এবং কৃষি খাতের প্রবৃদ্ধি সাড়ে তিন শতাংশ পর্যন্ত হতে পারে বলে রিপোর্টে বলা হয়।
ff2ee57623	ff0fe	অন্যের কথা দূরে থাকুক
ff2f03217b	ac904	রাজাদের সুশাসনে
ff2f6c0d60	8b859	অ্যাসিডের ভেজাল শনাক্ত করতে
ff2fcb34bf	b618b	এমন বিশ্বাস মহীশুরের ঘরে ঘরে
ff30348fcc	2ecf8	দেবদ্বিজে ভক্তি
ff30951ec0	a1201	ঋণ নিতে পারবেন
ff30fc2458	32998	রং বদলাচ্ছিল
ff312bb4ca	c958a	ও টেলিফিল্ম
ff313ebad4	60b9d	ওই অভিজ্ঞতার আলোকে
ff315eafb7	c5479	দেখতে পাওয়া যায়
ff318a25a1	ea5be	আর সেই পর্যবেক্ষণের
ff31fc581d	4f2ae	অংশচ্ছেদ হল
ff3220c3e0	4a918	মায়ের হাত ধরে
ff328a86f2	dec2d	মোহাম্মদ নাসিম সভাপতিত্ব করেন
ff32af908f	4fc91	এম কে রহমান
ff3314a6fe	7351e	গ্রামবাসীরা এই আনন্দে
ff33a6a92b	43199	নেত্রকোনা সংবাদ
ff342e6292	6aac8	দর্শকপ্রিয়তা থাকায়
ff3474e6eb	194f5	আজ সকাল ৯টার দিকে
ff34a6323e	cb842	অর্থাৎ সেসময় কোন বিজ্ঞাপন
ff34d0f318	9d7bf	স্থান কাল ভেদে
ff34d8ef42	53396	শিরোপা হারিয়েছিল
ff34f443d4	56508	অথবা শিল্পী
ff3524caf7	7d133	পেশিতে চোট পান রোনালদো
ff352ea844	fd880	প্রকাশ করা হয়েছে
ff354b4a33	282d3	পরে সকাল ৯টারদিকে
ff35b12ede	e6e48	প্রিমিয়ার শো করে
ff35e43297	13b70	চূর্ণ করেছে
ff35e9e086	75626	শহরের পথে
ff36858097	323f1	কান পাতা দায়
ff369e947c	eaa7a	সাক্ষাৎ হইল
ff36df4a65	08458	ওষুধের প্রভাব কাটেনি
ff370ec41f	28bb3	মহাদেশ
ff37683520	f2097	মাথা ঘামানোর দরকার নেই
ff37f75df6	f280a	রাষ্ট্রশক্তির অভ্যুত্থান-কাহিনী
ff38051530	66dcd	মেয়ে-মৌলবি তো
ff38659040	d1a48	মন এখনো একেবারে অপরিণত
ff389f69a5	85430	কয়েকদিনের সহিংসতায়
ff38e01f5b	b08d0	অগ্রণী ব্যাংক লিমিটেডের
ff38e79042	52578	নতুন এই সুদ হার
ff390ab339	06736	সামগ্রিক প্রস্তুতি
ff396223e9	8a46d	১৯৩৯ সালে নাতসি জার্মানি
ff39ed281a	01e91	টিআরপি হচ্ছে
ff3a153b2f	321b6	আমাদের আত্মবিশ্বাসটা
ff3ab32212	1652d	গোল পেল মেসি-নেইমার জুটি
ff3af46c52	10a9f	উঠতে পারে না
ff3b4334c4	9642e	পাওয়া কঠিন হতে পারে
ff3b50e2da	ee886	তখন তার পাশে ছিলেন
ff3b7d68ca	28bb3	এবারের আয়োজন
ff3becfdc8	c3cca	লালনের চোখে
ff3bff0323	0d9f1	পানি নামছে
ff3c920e9f	717bb	ট্যাবলেটটির জন্য
ff3cb6daee	1de6c	তাও হয়েছে দেরিতে
ff3dc6f41b	10a9f	প্রাথমিক পর্যায়ে ৩ হাজার ৪৯৮ ফ্যাক্টরি
ff3deeb554	76329	ভয়ংকর ভূতের গল্প
ff3e200fbf	3f493	রিয়ালের জয় নিশ্চিত করেন বেনজেমা
ff3f1917fa	4a67e	রংপুর পৌঁছেছে
ff3f300bfe	c11b1	লালন করে চলেছে
ff3f6eb149	35ef3	আম আদমি পার্টির নেতা
ff3fcb6b20	355c1	উভয় পক্ষের প্রস্তাব
ff3ff5bf19	37e17	নানা মহলে
ff4070de3f	717bb	আমিও তেমন
ff4077eadb	5dd61	বিকালে তাকে লালমনিরহাট জেল হাজতে
ff407db9a4	15a75	বাংলাভাষী মুসলমানরা
ff410238b3	121bd	দেখা দিয়েছে খাদ্যাভাব
ff41837e74	fbb81	বিরল নহে
ff41ad3cc8	18a52	টর্চের ব্যাটারির তেজ
ff41d34085	491a5	তাদের সাজার আদেশ দেন
ff41d9438d	b8fe1	সমধিক ভয়ঙ্করী হইয়া উঠিয়াছে
ff422509fe	967fd	আবার সব
ff422b8194	e7230	খুবই জরুরি
ff42412cc0	4237e	নিজেকে গড়ে তুলতে চাননি
ff42a9e138	77f82	ভাজা ব্যঞ্জন
ff4317e1c4	bcaa8	পুলিশের কাছে ধরা দিয়ে
ff43945999	ee994	সম্ভাবনা নেই
ff43f98f84	75626	১৯১৬ সালে
ff4407d7a3	61820	সাধু, সাধু
ff44516b53	b8ed8	নিরাপত্তা চুক্তি নিয়ে
ff44ac7b85	3faff	আশী হাজার বলিলেও
ff44d61d7b	c3cca	বা আইন শৃংখলারক্ষাকারী বাহিনীর হাতে
ff454c21fd	767ff	২০০ খ্রিস্টাব্দ পর্যন্ত সময়ে
ff458c8ccc	dae88	তাকিয়ে বললাম
ff45be1048	13b70	জোরালো শট থেকে
ff46178dc7	93bf3	এ প্রেক্ষাপটে
ff46252a5f	7b60a	এক্ষণে উভয় গ্রন্থই অপ্রাপ্য
ff46a4777f	d2294	হাটবারের দিন
ff4757d864	6973e	ঢাকা শহরে চলাচলের জন্য তৈরি করা হয়েছে একটি 'বাস মানচিত্র'।
ff47a809ed	520fb	থাবা থেকে
ff47b4b389	f29bf	তবে সরকারদলীয় সংসদ সদস্য
ff47e730e9	2fc12	খেলোয়াড়রা যে খানিকটা বিব্রত
ff484069cc	37e17	দেশের শিক্ষিত
ff48bba3c7	60f77	তাকে ঢাকায় আনেন
ff496158e2	c0965	আমি ব্যক্তিগতভাবে আপনাকে
ff496e238c	17ca1	মুদীর দোকান
ff49b05220	b618b	নিরাপত্তার যে অভাব
ff49b6f6bf	95907	হলিউডের ইতিহাসে
ff49bfca89	11bd2	চলে গেছে
ff4a60da3c	6e6fa	নতুন বেতন কাঠামো
ff4aa8e829	e6752	অকল্যান্ড ইন্সটিটিউট জাদু ঘর
ff4b061915	1e7c6	বর্ণনা রয়েছে
ff4b0bd427	ff1c3	তাতে বিএনপিও অংশগ্রহণ করতে পারবে
ff4bc7a88c	06e62	বাঙালি জাতি
ff4c2e33f8	91ac1	বলছিলেন ফরিদপুর থেকে আসা আরেকজন
ff4c455732	a0277	অনেকের কাছে এটাই আঁতকে উঠার মতো পরিসংখ্যান।
ff4c93da37	6c17f	এবং এ খাতে
ff4cb4be28	ff970	আবার অনেক জায়গায়
ff4d0144dd	491a5	থাকা যায়, থাকি
ff4d18f3e5	f6e55	হাসপাতালে আনার আগেই
ff4db00cf4	23291	ইসরায়েলি বোমায় নিহত হন তিনি
ff4db450ef	ef915	এমভি হোপের ক্যাপ্টেন রাজীব কর্মকার
ff4dfc3000	9065c	তুলতে পারেন
ff4ff7246f	bd576	অভূতপূর্ব এই পতনের ধাক্কায়
ff4ffcccdd	7f71c	ছাই ফেরি করে বেড়াচ্ছেন মরিয়ম
ff50cd30b8	d5213	সে তা থেকে পিছিয়ে যাবে
ff50db4ce7	75936	২০০৪ সালে তালিবাবাদ ভূ-উপগ্রহ কেন্দ্রসংলগ্ন ২৩১.৬৮৫ একর জমি হাইটেক পার্কের জন্য অধিগ্রহণ করা হয়।
ff50ece7aa	75f18	এমন একটা ওস্তাদ হয়েছে
ff52d3bfa7	11bd2	নির্দলীয় সরকারের অধীনেই
ff534a0e20	ac904	আরো খারাপ হতে পারে
ff534ab349	536d9	ডাক ব্যবস্থা ও ভৌগোলিক ভাবে
ff5384c776	66b3c	আনসার ভিডিপি
ff53ff33e3	6a35e	রাকিবকে সেখানে নেয়া হয়
ff542c8c08	3faff	প্রণাম গ্রহণ করুন
ff5434c60d	b8bdd	থানা সদরের
ff544b660c	5a61c	সুনীল কুমার বসু
ff549b3e80	e8dde	এজন্য আপনাকে
ff54eb8aa7	c0965	সেটিকে তারা
ff55713a52	ac0df	তিনি ভারতের
ff567c1c4f	fda1a	মেডিসিন বয়
ff56a2bb1a	b8bba	দেশি বিনিয়োগের
ff56eb155f	f0f95	বলেও মন্তব্য করেন তিনি
ff56f5000e	76329	মনে বুঝে না
ff5741c3d7	fb4cb	নির্মাণ করেছেন
ff5796ed2d	7297e	তাদের মনে ফের আশঙ্কা
ff5818ba80	ad2a0	সব কিছুতেই
ff583efe13	b4ea7	আরও জটিল
ff585b0e3b	239f7	সেটি ১৭৬০ পাউন্ড দিয়ে
ff58ff132f	11de3	সাতটি ট্রাক ভাড়া করেছিলেন
ff591ca066	2396d	নখ
ff5a712a28	33aef	ক্লাসের অন্য ছেলেরা
ff5a853b1d	dfefa	যখন কোনও পুরুষ
ff5ad02931	e03ce	আদালতে আবেদনকারী পক্ষে
ff5af90b24	c11b1	সেটি আমি বলতে চাইনা
ff5bd07f36	2ecf8	ফের শুরু হয়েছে
ff5be56f1d	321b6	অনির্দিষ্টকালের জন্য বন্ধ ঘোষণা করে
ff5beb515a	91230	উত্তরাঞ্চলীয় জেলা সিরাজগঞ্জে
ff5c16c2d2	adf01	দ্যা নিউএজর বিশেষ প্রতিনিধি
ff5c5642b5	dec2d	দশ থেকে পনেরো মিনিট হেঁটেছিল
ff5d09c38e	80518	মিজানুল ইসলাম
ff5d0d9dac	e68af	বাংলাদেশের ক্রিকেট বোর্ডের
ff5d359681	92bd8	যদি যেতে চাই
ff5dfd512d	bbb22	প্রতিযোগিতার ফাইনালে
ff5e0d83f8	ce775	নষ্ট হয়ে গেছে
ff5ec044ae	a4750	নিজের সন্তানের মতো
ff5ed7fe78	e7230	মোট দৈর্ঘ্য
ff5f0edbc4	e3f89	ছেলের কাছ থেকে
ff5f40e006	3bb15	ভারতের ১৩তম প্রেসিডেন্ট
ff5f49c5c9	fbb81	গ্রেফতার করেছে পুলিশ
ff5f515885	2b883	আক্রি একটু একটু করে
ff5f76577e	9d7bf	প্রথম সেট জিতে
ff5faf374a	e2ff7	সম্পর্ক থাকে
ff5fb02f24	a916a	অপেক্ষা করছিল
ff5fe7f510	730c3	অতি ছোট এই বাংলাদেশ
ff600ac7e5	c11b1	কোতয়ালী থানার
ff6134a119	46da4	দুটি ভিন্ন ধরনের
ff6168151e	29bab	তবে আয়েশা বেগম
ff621ac6e9	d1b12	তদন্তকারী অফিসার
ff62ec90df	e03fc	সেক্ষেত্রে বৈধরা ধরা পড়ে
ff63188707	3fae0	গরম তেলে
ff6391fcdd	6e6fa	হেরে গেছেন আনা ইভানোভিচ
ff63982fd7	f2097	বৃষ্টিপাতের সম্ভাবনা রয়েছে
ff63aa9bf6	11915	তাদের অনুপস্থিতিতেই
ff647547d7	bf530	লক্ষ্যভেদ করেন তিনি
ff648ad9c2	aa820	নতুন ছবির গান
ff64985e7a	92bb2	নানা তৎপরতা
ff64bd8d3c	a43b5	পরীক্ষা ঠিকই চলছে
ff64e33ce2	60b9d	বিভিন্ন সময়
ff653fe111	eaa7a	বর্তমান মূল্য
ff66014788	536d9	সাক্ষ্য দেয়া শেষ
ff666fdce4	52578	ডাক্তারি পরামর্শ
ff66f35189	8edea	একজন পুরস্কারপ্রাপ্ত
ff6846db58	a8710	আঁখি আলমগীর কথা বলেছেন
ff686d050e	aabe7	পড়াশুনা অথবা সৎ কথার আলোচনা
ff6875cc54	ff970	উদ্দেশ্য আমাকে পরিচয় করিয়ে দেবে
ff68a13a80	6e8cb	কাল
ff68b1d260	77f82	আটটি বেসরকারি উচ্চশিক্ষা প্রতিষ্ঠানের
ff6911e5df	4bd2c	ঢাকা ও চট্টগ্রাম মহানগরীতে
ff6947a898	e6d83	এইজন্য ইহা অনেক দিন
ff695fdb40	c6848	আল সিসির রয়েছে
ff6a01d906	ca088	সহায়তা করার জন্য
ff6a19c56c	a7c6f	পাশাপাশি এগুলো নারী-পুরুষের
ff6a20954e	ad69a	পিকআপভ্যানটি ডাওরী
ff6a7b2ebf	2de86	মি. ম্যান্ডেলার স্ত্রী
ff6a885262	967fd	এইডস
ff6aa35a47	66c6b	ফিল্মস ডিভিশনও তো
ff6b28b8ba	bbb22	তৈরী হয়
ff6bd92ce6	68549	ব্যাপক সাফল্য পেয়েছেন
ff6bf5e15a	54e68	যে ‘বাঘ’ হবে
ff6c16bff7	d711f	এবং মি. আশরাফ ছিলেন
ff6c8d6063	b618b	তাদের চুক্তির বিষয়টি ব্যাপক অর্থে
ff6cb60435	24f73	এ অধিকার আদায়ের অংশ হিসেবেই
ff6ccf368d	1f974	সব শেষে এমন তথ্য জানিয়েছে
ff6cff4fec	a7c6f	সিলভার বিয়ার জয় করে
ff6d471375	239f7	সামরিক হস্তক্ষেপের বিরোধিতা করে
ff6d5d73ea	f0f95	তাদের প্রতি কৃতজ্ঞতা জানানোর
ff6d6a093c	6a35e	ফিল্ড মার্শাল
ff6d7596d5	4bede	তাহাকে একবার আচ্ছা করিয়া
ff6de85ab5	9642e	সেকারণে শ্রমিকদের
ff6e830cf8	4bede	আবাদি জমির পরিমাণ
ff6e98160f	a9a58	মানুষের দীর্ঘশ্বাস
ff6ee2090a	e6d83	তার অপেক্ষার প্রহর
ff6f3187a1	d5f7b	উক্তিটির যথার্থতা
ff6f788e53	91230	মাঠে নামতে পারেননি তামিম
ff70cbe0e0	acb88	রিখেনবাখ্ জলপ্রপাত দেখেছিলেন
ff715ab07b	f2097	রেলওয়ের হাসপাতালকে
ff71b0e42e	ad2a0	চিকিৎসা
ff71ea44e0	5dec6	সার্বিয়ার আনা ইভানোভিচ
ff72368db8	b8ed8	বছর বছর
ff73390cf4	4ea73	গত ২১ ফেব্রুয়ারি শুক্রবার রাতে
ff739e9fe8	6da0a	কামাল পাশা
ff73b68c4a	7f71c	খানিকটা হলেও স্বস্তি পাবে
ff73dc27f4	430b2	৩ হাজার ৮৬৯ টন
ff7471c10e	153c9	দীপের মৃত্যু হয়
ff74842e71	9d46f	অন্যতম প্রতিষ্ঠাতা ছিলেন
ff749ed0d5	f2097	হস্তান্তর করবে
ff74a14fab	ee4ad	গত শুক্রবার
ff74ae8e37	e6203	তাদের সম্ভাব্য ক্রেতা মনে করে
ff7508e619	b8bdd	জাতিগত বিভেদই হয়ত
ff750f66be	11bd2	সিদ্ধিদাতাকে অনুসরণ করতে করতেই
ff757f7a2b	7d004	উদ্ধার করেছেন
ff759400ec	e6e48	এ বক্তব্য দেন
ff75ed22f4	ee886	তিন থেকে পাঁচ কোটি টাকার
ff75f11668	eecdd	দেশে অনেক পত্রিকা
ff76435083	5d80e	অর্থ জমা
ff766fc433	d9ba9	পালন করে থাকে
ff771b89d7	8cf95	কেটে নিন
ff789de1e0	09f0d	১৯৯২ সালের বিশ্বকাপে
ff78ac561b	7b132	কিভাবে তোমার নতুন কবিতা পাবো
ff7902b449	2840e	উভয় পক্ষের অন্তত ২০ নেতাকর্মী
ff79960b20	32c77	খ্যাতি আছে
ff79a18b16	d1a48	ম্যানেজার
ff79cbb96c	e6d83	এফআইআর দায়ের হয়েছে
ff7a077d5a	d1b12	মজুদ করে রাখা ছিল
ff7a7128fd	46da4	আমরা দেখতে পাই
ff7a902576	0a87a	তার ছবি তোলে
ff7a9d2fee	2ecf8	মার মুখে
ff7aa87143	239f7	অক্ষয়কুমার দত্তর জন্ম
ff7b2f3d50	698a4	পরের দিনই
ff7c255a20	4a918	বাংলাদেশের স্বাধীনতার চল্লিশ বছরে
ff7c2f8ef3	aa820	জুঁই ফুল
ff7c3ec92c	adf01	বিধর্মীর ঘরে
ff7c919574	9813c	তৎপর থাকবে
ff7cde5c39	86b1b	এম ইলিয়াস আলী
ff7d90f9a4	e55de	ভাঙচুর করে
ff7df31a07	ff1eb	দুই রাজ্যের সীমান্ত এলাকার
ff7dfe1efa	21e54	ডেকে তোলে
ff7e19d6a5	cb842	তেমনি মানুষকে
ff7e6a1920	948d3	ইন্ডিয়ান ভিসা
ff7e745eab	430b2	ক্যাফেন অ্যালকোহল
ff7f0a2f72	239f7	বাংলা ব্যাকরণ রচনা করেন কে
ff7f161fc7	ee7b2	বেঁচে থাকার জন্য
ff7f2c534e	ef4f8	বিএসএফের অবসরপ্রাপ্ত ডিআইজি
ff7f53047a	f1ea4	বিশ্লেষকদের মধ্যে দেখা গেছে
ff7f815f17	24f73	মমতাজ
ff7fc7b425	64092	সেখানে রাষ্ট্রপক্ষের কৌঁসুলি
ff80643cec	7df87	রাতে পড়ার জন্য
ff8075606d	bfac7	কখনো কারো জন্যে
ff81fc5b2b	d9081	দলিল বা প্রমাণ
ff81fe8e23	8ba2b	কবিতা প্রকাশিত হয়
ff821421de	5d80e	আমাদের সেই মুচি
ff82b1e2db	2ad74	কবি শামসুর রাহমান
ff82c0a9e5	61820	একটু বেশি ছিল
ff82e2360a	717bb	এক সময় বড় পর্দায়
ff82ead7ce	f29bf	বাড়ি যাচ্ছিলেন
ff8348789c	4fd66	নতুন এই বিদ্যুৎকেন্দ্রের জন্য প্রতিদিন প্রয়োজন হবে ছয় কোটি চল্লিশ লাখ ঘনফুট প্রাকৃতিক গ্যাস।
ff8377e103	321b6	লাইনে দাঁড়িয়ে
ff83bcee9b	274ee	নিয়মিত চিরুনি, তোয়ালে
ff83d41b6f	35ef3	সে রকম দায়ের কারণে
ff841eff22	8632b	আজ এই ডায়াগনস্টিক সেন্টারে পিওনের কাজ করছেন অর্ধেক কম বেতনে।
ff848d1c90	aa820	রাজধানীর পুরানা পল্টনে
ff85949cb8	80505	ভ্রমণে আসা
ff85e168c9	a3a6d	রাশিয়ার পতাকা উড়িয়ে দিয়েছে
ff86c823f7	e2f12	কিনবে বাংলাদেশ
ff86fe0507	f0f95	আবৃত্তি ও নৃত্য
ff87727119	16e96	ছোট ছেলে
ff8801d64c	c41d8	নিয়ে যেও
ff88159408	68549	এই ধর্মঘট চলাকালে
ff885656fe	f2097	যেভাবে অন্তরঙ্গ বন্ধনে জড়িয়ে থাকে
ff88929d83	49543	শোবার ঘরটায় চৈতালি
ff88b1588e	6aac8	নিরুৎসাহিত না করে
ff89406fe9	0f047	শাহেদ রেজা জানিয়েছেন
ff8986ae41	2840e	খুব ধীরে ধীরে মহাকাশে
ff89c6b930	acb88	এনিয়ে সাধারন মানুষের মধ্যে কিছুটা অসন্তুষ্টিও রয়েছে।
ff89ffe6da	e31e7	এই সর্বগ্রাসী ক্ষমতার থাবা
ff8b235389	2fe3c	৩ মে,প্রধানমন্ত্রী
ff8b461030	5dec6	পিরামিড
ff8b8149bc	6c6bf	মুদ্রাক্ষর ছাঁদের অন্তর্ভুক্ত
ff8b8cd267	4ea73	মনে করে
ff8ba4dce5	ee4ad	নৌকা ঠিক রয়েছে
ff8beb9b54	554fe	বিশেষ করে ব্যাক্টেরিয়াকে
ff8c0ecac2	bf530	জরুরি মনে হচ্ছে
ff8c1a9e0a	6d129	চলমান সংকট কাটিয়ে
ff8c33711e	7ee9b	শুক্রবার সুপ্রিম কোর্টে
ff8c46638a	dba43	স্থান দেন
ff8c727c3d	91dff	এই কর্মসূচি দেখার পর
ff8cc727de	7ee9b	উৎসাহ দিতে
ff8cf615b4	7b60a	আমি ক্রিয়েট এ
ff8daab705	efc0d	তোমার প্রকৃতি জুড়ে
ff8db35ab8	09b32	এফআইআর করেছে
ff8dd38cca	c6848	একটি জাতির
ff8dfd9049	b8ed8	অক্ষয়চন্দ্র দেশীয় শিল্পের
ff8e7464df	18460	আরও বেশি উঠেছিল
ff8f04a34a	b4ea7	অন্য ছয়টি অভিযোগে
ff8f67c494	66b3c	মিরপুরের শেরেবাংলা
ff8f953f4f	80518	অনুপ্রাসধর্মী পদের
ff8fe1f31a	03284	পাত্তা না দিয়ে
ff8fe65fb8	351dd	রিক্ত ডালপালা ছাড়া
ff8fffc8d2	e00db	সুন্দর কবিতা
ff90685cf7	ced74	ওরা আমাকে বাধ্য করেছিলো
ff90bfb52a	a43b5	জসীম উদ্দীনের জন্ম
ff911ca33a	ca088	মেহরাব হাসানের উপন্যাস
ff913e005d	b8bdd	উইন্ডোজ সেভেন
ff9164454d	4164f	নির্মিত হয় চোখের বালি
ff917654ce	9351a	অপটিক্যাল ফাইবারের
ff92002f6c	ce629	অবস্থান সম্পর্কে
ff92346bcc	ac0df	একটি জনস্বার্থ মামলা
ff92521efe	80505	তিনটি মেডাল
ff927d7eb4	69449	হিন্দু আবেগকে
ff92e26278	eecdd	অসমীয়া জাতির
ff92e408b7	18460	তা তো হতেই পারে না
ff92e6b3d5	65652	কাঠামোগত ত্রুটি ছাড়াও
ff93bf503b	693cb	সরকার যদি এর আকার
ff93d8d14e	7a227	নিয়ন্ত্রণ করা যাবে
ff93fff8c4	5d80e	নারিকেল গাছ
ff941b506c	0b7ca	ইলেকট্রনিক্স
ff94bdc907	3fc9d	টাল সামলাতে গিয়ে
ff9551547b	f2097	আমরাও এদের পেছনে দৌড়াই
ff95ad674a	baa02	সবচেয়ে উজ্জ্বল ধূমকেতু
ff95e6b95d	d41be	দায়িত্ব পালনের জন্য
ff95fdd45e	4f2ae	প্রায় ৭০টি নতুন
ff96f9bbe5	a1201	সেক্সবয়ের কাছে
ff9737cc6e	eecdd	১৫শ’ টাকা কমে
ff975932fa	9d398	নির্দলীয় সরকারের দাবিতে
ff97d707b4	c2082	খোলামেলা
ff984dfd82	73629	তুমি ভাব না ভাব
ff985495c0	e9fa7	আমি সবসময় বলেছি
ff985977ac	1f974	৬ লাখ ৯০ হাজার টাকা
ff98857eb7	aa820	বিকেল চারটার দিকে
ff98b6eb68	ad050	সিটি কর্পোরেশন হাই স্কুল থেকে
ff98deddf8	d2355	তিনি কতটা বাঙালি মনকে
ff98e658ad	2fe3c	ডিস্ট্রিক জাজ ছিল
ff996cef9c	3bea8	দ্বিমুখী অডিও
ff99746cfd	943de	অভিযান শুরু করেছে
ff999e3999	0b7ca	আর এখন পরেন
ff9adaea72	e03ce	রাখা হয়েছিল
ff9ae3fed4	0633a	দাভিদ লুইসের সৌজন্যে
ff9bb3a443	1a4a9	তারাও ভেবে পাচ্ছে না তাদের ভবিষ্যৎ
ff9bb731dd	4f2ae	আজকের খেলার খবর
ff9bfc4da2	31f09	সাভারের উপজেলা নির্বাহী কর্মকর্তা
ff9c5d7671	e2ba2	এরপর ট্রাইবুনালের তদন্তকারী সংস্থা
ff9ca06519	7027a	আমি রাজা, আমি বাদশাহ
ff9d1d4a38	f2097	ভাষ্য ভিন্ন
ff9de0058e	0bace	অভিবাসীরা বসবাস করেন
ff9e6e92ce	56508	এ ছাড়া
ff9e931505	e754e	মধুময় রাত
ff9ef93f0d	cb1aa	খানিকটা বা অনেকখানি সেই রকম
ff9f13d9fa	ec91c	খেয়েছেন ৩০০ বার
ff9f3c28d0	58998	তিনি যুক্তরাষ্ট্রের সিটি এটর্নি
ff9f49733a	903fa	শরত্চন্দ্র, নজরুলসহ
ff9f93b51e	f6e55	গোটা বিষয়টির
ff9fad2a25	7b103	চুড়ান্ত করা যায়নি
ff9ffe3a1b	ff1c3	জন লুইসের নিজের শৈশবও কেটেছে
ffa07fb053	24aed	যে ব্যাপক তল্লাশি চলছে
ffa096ba33	767ff	বাবা লাফিয়ে বিছানা ছাড়েন
ffa0f4c370	d7a68	কোনো কোনো জায়গায়
ffa1b74de2	80539	কাটা মস্তকের মুখে
ffa30f2c97	2bc73	আর তখনই ঘটল,ঘটনাটা
ffa35b974f	64092	শুধু বাংলাদেশের নয়
ffa370f57f	1c618	জাহেদ হোসেন খান
ffa404e583	2bc73	সর্বকালের জনপ্রিয় এই নায়িকা
ffa4785894	ec91c	কল্পনাও করেনি এতকাল
ffa5805f0e	24f73	আমার বড় ভাব
ffa58f7e28	adf01	বিক্রয় করা যাবে
ffa600835f	21e54	প্রায় ৯৯ শতাংশ
ffa63d6734	09f0d	তিনি জানান
ffa784c309	2d98b	তাঁদের কবিতা পড়ে
ffa7905815	d0c70	কিন্তু এটা আমরা
ffa7e7f7db	2c9c5	করেছে রহস্যময়ী
ffa81a9fb2	46da4	ওর মনের প্রান্তরে
ffa845f91a	0d4cb	দুই কিশোরী শ্রমিককে নামিয়ে
ffa8e1830e	9d398	২৯ মার্চ উপ-নির্বাচনের দিন রেখে
ffa9915c67	e3f89	বিপজ্জনক সংঘাতের সম্ভাবনা এড়াতে
ffa9ec915e	4bd2c	সে তোমার কিম্বা
ffaa06fa1b	d9081	আগুনে নিয়ন্ত্রণ করতে না দিয়ে
ffaa19a3ba	086dd	প্রথম আলো সংবাদ পত্র
ffaa5711b5	31f09	পুরোপুরি ফিরে আসার জন্যে
ffaa5c3bfc	323f1	এইটা হইল
ffab359f75	52f27	শ্রীরঙ্গপত্তমের যুদ্ধে
ffab48e079	07660	রিটার্নিং অফিসাররা বৈঠকে
ffab56a39c	f837a	মাইকার ব্যবহার
ffab77f428	4164f	দলকে দুর্বল করেছেন
ffab814cbd	6aac8	চিন্তা করছে
ffacda8563	4164f	'ইয়াবা' নিয়ে
ffad53f9e8	42898	প্রতিমন্ত্রী বলেন
ffade37260	0696e	গুলি করতে ভুলে গেল
ffae0192ac	a0277	কিছুক্ষণ পরই ঘটে দুর্ঘটনা
ffae87ca58	880ae	পিস ফর বাংলাদেশ
ffaedf80bf	29d44	শিশু, বয়স্ক উভয়ের
ffaf065808	91dff	এর ঢেউ এসে লাগল
ffafad6393	fd880	অজিত দত্তের লেখা
ffb00a5b1b	a4750	এত দুর্নাম, বিতর্কের পর
ffb0215737	db181	ইন্টারনেটে প্রতিদিন
ffb08fd771	a916a	চাপা
ffb0950153	d8c80	একেবারে আদর্শলিপির পাঠ হলো
ffb095797d	75936	কিছুতেই খরচ করলেন না
ffb0b119af	ac904	ঘুমিয়ে রাত কাটাচ্ছেন
ffb108ebee	cd3ac	বিভিন্ন মাধ্যমে
ffb1343c0f	17ca1	জাতিগত বিদ্বেষই
ffb2733b33	351dd	লিংকন গবেষক ও জীবনীকার
ffb28e8d60	bbb22	এ দাবি জানায় সংগঠনটি
ffb32f9e2a	0d9f1	যে ভাষায়
ffb36207b4	43fc0	থানা সদরের
ffb391bf5b	ee4ad	লাথি মারছেন
ffb3d8007e	e43d4	শাহবাগের মঞ্চ থেকে
ffb4259e0c	8143b	নির্বাচন করতে হবে
ffb47f7a89	2bc73	রিপোর্ট প্রকাশ
ffb48c8acf	44322	প্রধানসহ অন্য শিক্ষকেরা
ffb4b3d474	c173f	জনপ্রিয় কোনো লেখক কিন্তু নন
ffb5035657	2aecc	অনুষ্ঠান শুরু হবে
ffb59569b8	ac0df	ঢাকার কথা বলেছি
ffb6563a92	33aef	গোলক ধাঁধায় ঘুরবার সময়
ffb696a23c	ff1c3	এটি লেখার সময় লেখক
ffb6bad98a	39dd0	বাবা মাঠ থেকে এসে
ffb79bcfce	ea5be	সিরিয়ায় নির্বাচন ঘোষণার
ffb8497969	a0277	খুলশী পাওয়ার হাউজের প্রকৌশলী
ffb8982056	590d0	আমাদের সম্বন্ধে যা যা কথা
ffb8c33c5b	c9c19	এমনকি তারা আমার কাছে
ffb9179b86	d1a48	ঠাণ্ডা লাগা
ffba4f0d9b	65652	বলতে পারছি না
ffbb36ee01	52578	অল্প সময়ের মধ্যেই
ffbb61d2ef	7297e	এক্সেল
ffbbc89899	8632b	একপর্যায়ে বিভার জীবনে আসে অতীশ
ffbbe6d7f9	315e9	নোটিশ পাঠানোর বিষয়টি
ffbbfa4287	29f8c	পথ-শিশুকেই দেখা যায়
ffbc97ee8d	121bd	বাংলাদেশের অভিজ্ঞ এ পেসার
ffbd5acb1e	239f7	৩০ আগস্ট থেকে ৩ সেপ্টেম্বর পর্যন্ত
ffbe21beab	a46e2	পরিস্থিতির কারণে
ffbe7d8fa6	c6848	সংগ্রহ করিয়া সে বোঝা আরও
ffbf6641f4	086dd	তিনি আরাকান বাহিনীর হুমকি
ffbfc07459	8c07c	নারী জাগরণী সমাবেশ নিয়ে
ffbfdfbf4a	7d133	ভাষা-ব্যবহার থেকে আধুনিক বৈজ্ঞানিকেরা
ffbff4c988	58998	প্রত্যাহারের সুপারিশ এসেছিল
ffc05d8a86	2d78f	ইংরেজীতে আমি কথা বলতে চাই
ffc0795024	cc9fd	আজ রাতটা বাছা ঠিক হয়নি ওদের
ffc0c2163c	8b859	কিছু ভূমিহীন বাঙালি পরিবারকে
ffc0f8b70d	ee852	উৎপাদন কাজের পরিচালক রইলো না
ffc13be525	8edea	বাধা বিঘ্ন উপস্থিত করেন
ffc19cb56a	d2355	এখন কুষাণের সঙ্গে
ffc1d1a4f0	37d7e	এরকম কোন তথ্য
ffc1e8d52b	323f1	মুষ্টিমেয় কয়েকজন ভদ্রলোকের
ffc23c1340	870e3	তখন ৩৬ বৎসরের
ffc23ea331	b4ea7	চলবে দুবাই চলচ্চিত্র
ffc27b24b4	2ecf8	সেজন্য হার্ডওয়্যার
ffc2f0c8fd	5a61c	তিনি ঐতিহাসিক রাজা
ffc35c70a9	b9122	লঞ্চটি মধ্য মেঘনায় নয়
ffc3abda12	c1e30	কলকাতার ব্রাহ্মণ পরিবারে
ffc3b317bb	ea8fa	আজো ফিরি
ffc3f709f7	a699c	যুক্তরাষ্ট্রের কার্ড পাবেন
ffc410f3c4	fda1a	মত প্রকাশের স্বাধীনতায়
ffc426ed28	01e91	অঁতিমেমোয়ার-এর
ffc47641b2	29bab	আসামি করে
ffc52f48ba	388c9	সদস্য বলে
ffc54102da	d136b	গড়ে তোলা হচ্ছিল
ffc5e1d419	ff1c3	আবেগ কাজ করছে
ffc61daf29	0633a	বেস্ট মেটাল পারফরম্যান্সের জন্য
ffc64ef118	ea5be	পুলিশ সকাল ১০টার দিকে
ffc68eb68a	256f5	অনেক কিছুই তাঁর চলে
ffc75b9ac4	f0f95	তাঁদের কাছে বড় কথা
ffc7cc9a50	256f5	অনেকগুলো সামাজিক এবং সাংস্কৃতিক
ffc7d0fc59	256f5	বাংলাদেশের সর্ব দক্ষিণে অবস্থিত
ffc80017a9	880ae	পালনীয় বিষয় বলেই মনে হতো
ffc83db87c	f29bf	এরই মধ্যে পথ করে
ffc83e660e	5354e	এ জে মোহাম্মাদ আলী
ffc86c97d2	47e8d	এগিয়ে আসছেন
ffc87efdab	f600a	নিশ্চিত করা হয়েছে
ffc889be01	730c3	ঘুরতে থাকা নেবুলা গ্যাস
ffc91bb198	16e96	কিছু তথ্য প্রমাণকে
ffc91e3937	9282d	তরল পান করার পর
ffc9de6809	0744c	বাংলাদেশের বিদ্যুৎ সচিব জানিয়েছেন
ffca781669	7f2ef	বিক্রি বন্ধের পথে
ffca7a7771	aa820	মমতা বন্দোপাধ্যায়
ffcaa38e29	a43b5	ফাটাফাটি
ffcab1e810	c3cb3	বটতলায় গিয়ে
ffcad2bd87	59c73	গৃহযুদ্ধ কিছুটা কমে এসেছিল
ffcb0c764c	d7a68	হাতে কাঁটা ফুটতে পারে
ffcb8155a8	cb842	র্দীঘ বিবরণ
ffcb837496	086dd	তোমাদের সবাইকে
ffcba2a13b	93bf3	বিক্ষোভ চলছে
ffcc1cebac	a916a	আমার বাঁ দিকে দেখলাম
ffcc45de2a	e50f1	আলোচনা হচ্ছে না কেন
ffcc98b8a4	52578	অনেকাংশে সত্য হলেও
ffccc46416	7f71c	নিরাকার, জ্যোতির্ময়
ffcd736b1e	6c6bf	মাঠের বাইরে ছিটকে ফেলেছে
ffcde13db3	cc18a	প্রধানমন্ত্রীর অর্থ বিষয়ক উপদেষ্টা
ffce05a61b	7351e	যক্ষ্মা রোগে
ffce96242b	b9a81	চলচ্চিত্র ও টিভি অনুষ্ঠানকে
ffcec9cbd9	590d0	বিকৃত হয়ে গিয়েছে
ffcedb793e	06736	বর্ষা মুম্বাইয়ের নায়িকাদের থেকে
ffcee4aa82	323f1	হঠাৎ তিনি জানালেন
ffcf04b998	4c555	ইহার পর যাহা গ্রন্থমধ্যে পাই
ffcfeadfbf	4e900	দৃষ্টি কাড়ে সবার
ffd022134a	06ea3	নিরুৎসাহিত হতে পারে
ffd0a10acb	29bab	গ্রেপ্তারের দিন থেকে
ffd192d552	730c3	পরনির্ভর নারীদের
ffd1ad92df	e9759	পঞ্চম দিনের মতো
ffd24be18e	6aac8	দল কিভাবে দেখছে
ffd26b468f	7e191	অটো শ্লুটারই
ffd30883c7	56508	তাদের ফেরত পাঠিয়েছে
ffd30cc573	2ee04	চেষ্টা করা হচ্ছে
ffd327ed85	c1e30	কালো তালিকায় ফেলাইতে চান নাকি
ffd37edc9c	9d46f	হোয়াইট হাউজ জানায়
ffd3801bef	2396d	ডাক্তার
ffd3d9f3e0	5639c	চব্বিশটি গান বা পদ আছে
ffd4587ba0	33814	লুঠতরাজ-খুন-ধর্ষণের পক্ষে
ffd462141f	d2faf	বেঁধে দিয়েছিলেন
ffd482630c	b618b	সুবলকে লইয়া
ffd4924a65	c0965	সমৃদ্ধ হইবার অপেক্ষায়
ffd4a2999b	cb842	নিউজ পেপার
ffd54ac07d	9642e	বৃষ্টিতে ভেজা
ffd5727201	2d98b	পঞ্চগড়ের বোদা উপজেলা থেকে মনোনয়নপত্র জমা দিয়েছেন বিএনপির স্থানীয় সাংগঠনিক সম্পাদক হকিকুল ইসলাম।
ffd5a2da95	d2faf	তারা মনে করেন
ffd60842e9	42898	প্রচার এবং পণ্যসামগ্রীর বাণিজ্য
ffd62f706b	93d3b	কিন্তু সোহাগ গাজীর
ffd6d478b3	31f2a	ইলিয়াস আলীর
ffd7460c11	9813c	৭৮ মিনিটে
ffd755a08e	f280a	উচ্চারণ করতে পারে না
ffd7b93d75	46d49	মহাসভা ত্যাগ করে
ffd7d691e8	ce629	এপারের পঞ্চগড়সহ পার্শ্ববর্তী ঠাকুরগাঁও
ffd8122742	06527	এ পর্যন্ত এগিয়ে রয়েছে
ffd8df26d9	e00db	নানা আয়োজনের মধ্য দিয়ে বাংলাদেশে পালন করা হচ্ছে পহেলা বৈশাখ।
ffd9130a93	b8bf0	ছিল উৎসবের আমেজ
ffd9480968	509f6	সব আশা শেষ হয়ে যায় ৬৭ মিনিটে
ffd9eee227	06e62	পরিদর্শনকালে মন্ত্রী আরো বলেন
ffd9fcb1bf	91dff	তৈরি করেছেন
ffda5406b5	b8bf0	তিস্তা নদীতে
ffdaa2cba5	590d0	সমস্যার সমাধান
ffdadc44f0	2c9c5	আগামী সপ্তাহে অনুষ্ঠেয়
ffdaddbde1	e31e7	পতাকা নিয়ে মাঠে যান
ffdb1b5b89	4fbd1	হানি সিং
ffdb2ec6be	4f450	স্মৃতিকেন্দ্রে রয়েছে
ffdb2fe94e	6973e	নিয়ে যাওয়া হয় ট্রফি দুটো
ffdb4b5c41	4c1eb	সেই কনকনে শীতের রাতে
ffdbbeeeb0	dba43	নাগপাশে বেধে ফেলেন
ffdbcfdce6	6b437	এই কেলেঙ্কারিতে জড়িয়ে পড়া প্রতিষ্ঠানের তালিকায় সর্বশেষ অভিযুক্ত হিসেবে যুক্ত হয়েছে বিশ্বের বৃহত্তম খাদ্য নির্মাতা প্রতিষ্ঠান নেসলের নাম।
ffdc014684	ff1eb	রং-বেরং এর ফেস্টুন-ব্যানার
ffdc2c7475	943de	উন্নতি হয়েছে তবে আরও উন্নতি করতে না পারলে প্রশ্ন উঠতে পারে।
ffdc32ddd0	92bb2	পরদিন এরকম ঘটনা নিয়ে
ffdc4a22d2	ad050	শ্রী সঞ্জীব চট্টোপাধ্যায়
ffdcb99624	2840e	আমার মনে খুব কষ্ট
ffdcd40820	8406e	অহোরাত্র যে টেলিফোনটা
ffdce4262d	37e17	মানব জাতির জন্য
ffdd06cce3	8c120	বিতর্কিত নারীবাদী সাহিত্যিক
ffdd2ea8b3	d5213	হঠাৎ তীব্র যন্ত্রণা
ffdde56c90	21e54	বলে উল্লেখ করেছেন
ffde2dbcbc	bbb22	ঝামেলা তৈরি করেছে
ffded17120	7027a	১২তম এশিয়া কাপে অংশ নিতে
ffdefb6b6e	0d8c1	পারফর্মেন্স করছি
ffdf907b8c	4164f	পাশাপাশি নিরাপত্তার ক্ষেত্রেও
ffdfe94a06	58998	মাইকেল জ্যাকসন
ffdffedc7e	43fc0	বাঘা বলল
ffdffee45b	ce629	অনেক দেশের চেয়ে সুবিধাজনক
ffe0169b45	5dec6	ক্ষমতায় থাকা খ্রিষ্টান প্রেসিডেন্ট
ffe05b51ee	c7a89	সমৃদ্ধ করার ক্ষেত্রে
ffe06d834b	a8710	জানান নির্বাচন কমিশনার শাহনেওয়াজ
ffe0858308	ac904	জিজ্ঞাসাবাদ করা হচ্ছে
ffe0a44f7d	23291	চাঁদের কপালে চাঁদ
ffe0f28239	77f82	পরিকল্পনা করে
ffe0faf1f7	aa820	রংপুর বিভাগীয়
ffe15649d6	aabe7	এই বেটা বলছে
ffe1bf1f56	a06a1	দেশের অধিকাংশ পত্রিকায়
ffe1f45bb8	7d133	দক্ষিণ এশিয়ার মধ্যে
ffe20ecd4b	3f875	মরফিন নামক
ffe27ee466	ac0df	যে অবজ্ঞা-নিন্দা-বিদ্বেষ
ffe29247ee	92bd8	সরকারি অনুদানের সিনেমা
ffe2dc8ba6	f143a	বাণিজ্যিকভাবে পাখির খামার গড়ে
ffe33dacdb	f4ba7	সহজে পোকা ধরে না
ffe3b45425	239f7	অংশ নিয়েছেন তিনি
ffe44da0ae	2ee04	প্রধান গবেষক
ffe4f8b8ac	db181	যা গুণের দিক দিয়ে
ffe4fd221a	509f6	কী বললেন ফয়েজ
ffe5204626	5639c	গাঁজা বিক্রির দোকান রয়েছে
ffe5222b6e	9d398	ফেসবুকের ফটো
ffe53f11e8	7027a	বিশ্বাসযোগ্যতা তৈরিতে
ffe553c923	e2f12	রিক্সা তুলে দেয়ার ফলে
ffe59227fd	b9b98	হামলার শিকার হচ্ছেন
ffe5e06bb7	a0277	কোনো দিন পোশাক কারখানায়
ffe618994e	717bb	এসব ঘটনা
ffe6e911ad	6c6bf	উদ্ধারের লক্ষ্যে
ffe7f96c88	554fe	চাকুরী দেয়ার প্রতিশ্রুতি দেয়া
ffe815b96a	b8bba	এখন থেকে ইরানের
ffe84f9c17	ef915	অষ্টগ্রাম উপজেলা
ffe85b2234	b2a62	হাজারো যুবশক্তির ক্ষয় হচ্ছে
ffe8658681	f0f95	কাকে নয়
ffe8677220	8b859	অভূতপূর্ব আলোড়ন
ffe88e097d	f0f95	তারিখটি এখনো দপদপ করে জ্বলছে
ffe8df2bdf	75f18	বর্তমানে নারীরা
ffe9dd7e73	7e191	রাজ্যের অভিমান
ffe9e1b938	e89bb	দাঁড়িয়ে ছিলেন তিনি
ffea0202e2	351dd	তথ্য চুরি করে নিতেন
ffea43556e	1b359	সেখানে দুটি ছেলে বসিয়াছিল
ffea50a5ca	f2b7d	পড়াশোনায় মন আছে
ffea74549b	18460	আওরঙ্গজেবের প্রধান সেনাপতি
ffeada45a7	ee852	আগামী ১৬ এপ্রিল অনুষ্ঠিত হবে
ffeae3f012	698ff	সবাই আমার
ffeafa206e	2ac82	তবে পূর্ণ বিজয় অর্জনের
ffebbb37ec	7a227	শুকনো মৌসুমের ব্যাপ্তি, উচ্চতা
ffec0ec0eb	73629	কল্লোল যুগের কবি কে
ffec6611a0	91230	চীন দেশে ঈশ্বর প্রথম
ffec66eaea	3bb15	বাংলা একাডেমি পুরস্কার পান
ffed0c3cec	616ec	তিমির জন্য
ffed14a4e2	c3cca	শিক্ষকদের ধন্যবাদ জানাই
ffed1a28f7	9f25e	কালি-কলমের মানুষ
ffed2737c2	1e7c7	দৃঢ় ভিতের ওপর দাঁড়ানো
ffed310209	590d0	3d printer
ffed6c4bd6	5d12f	শিরোপা জয়ের গৌরব
ffed7bb000	43b04	ভীমকে চূর্ণ করিবেন
ffed9898b3	c749e	ওসি মোহাম্মদ মনিরুজ্জামান জানিয়েছেন
ffee533bd2	80be1	তার সঙ্গে আমি ব্যক্তির সম্পর্কের
ffee97815b	698a4	নিজেই যেন
ffeed2eccc	f837a	জানুয়ারি মাসে তালেবানদের এক হামলায় সৈন্যসহ একশোর বেশি মানুষ নিহত হওয়ার পর প্রধানমন্ত্রী নওয়াজ শরিফ এই আলোচনার ঘোষণা দেন।
ffef38793b	af81d	আবর্ত সৃষ্টি করিয়াছে
ffef922b9f	29f8c	পাস হওয়ার ফলে
fff0194012	ad050	ঠিকই এগিয়ে গিয়েছিলেন
fff0220185	ff0fe	মুষ্টিবদ্ধ হাতের আঙ্গুলের গাঁট দিয়ে
fff0583aa5	5dd61	শরীরের ভেতরেও হতে পারে
fff07b48f4	1b359	অখণ্ড অধীন ভারত উপমহাদেশ
fff0a57847	16e96	২৭৭ রান তুলতে সমর্থ হয়
fff0e17d35	08458	চাঁদের বুড়ি
fff116030f	943de	এ নিয়ে একাধিকবার
fff1621e0c	4bede	অনৈসর্গিক বৃত্তান্ত আমাদের পরিহার্য
fff1fb69bf	491a5	হওয়া উচিত
fff2177f10	f2b7d	সন্ত্রাসীরা হামলা করলে
fff2dec257	2de86	ঘটনার পর থেকে
fff2ed287e	4a918	মানবিক ত্রাণ সাহায্য
fff31b73b4	58998	তেজ কমে আসা রোদে
fff368eef1	24f73	আমিও অন্য জায়গায় পাইতেছি
fff36b34f6	fda1a	আড়াল করে রেখেছে
fff3b09f94	8b859	খুবই কঠিন কাজ
fff4bf2dbb	1de6c	নদীর কাছে থাকতে
fff5b7f2ac	d5f7b	শুক্রবার বিকাল ৪টার দিকে
fff5c95851	bc81e	প্রথম ৪৭ বলে
fff5fbed71	d5f7b	অনেকে আছেন
fff62d0f15	bc81e	কিন্তু ভারতে হচ্ছে
fff66adba9	880ae	পঁচে যেতে বসেছে
fff72d239f	49d63	জনগণ তাঁদের এই ভাষাটিকে
fff7cfd226	5dd61	পরিকল্পনামাফিক বৈঠকে
fff7fc597c	ced74	নিখোঁজ বিমানটির অধিকাংশ যাত্রী ছিল চীনা নাগরিক।
fff82de1d8	f7a7f	তাদের মনের মাধুরী মিশিয়ে
fff9337503	3ec4d	অপার আনন্দ ও কল্যাণব্রতে
fff9634a3a	4a67e	বিটলম্যানিয়া নামে
fffa0807b9	d9ba9	দ্বীপটির নামকরণ হয়
fffa1f08e1	577fa	প্রলয় নিয়ে
fffa7c193d	baa02	মোট ১৫৫টি স্টল থাকবে
fffb23ce48	bc81e	তুমি যে হও সে হও
fffb443167	4f2ae	চেষ্টা করা হবে
fffb603fb1	7ec1c	তার দেশ
fffc5b5e49	adf01	এক বাড়িতে
fffcb4cfca	5dd61	বিষয়টি নিয়ে প্রথমেই বলেন
fffcbc5991	80be1	মাছ টাছ ধরে
fffda05c98	9fa90	কঠিন হয়ে পড়বে
fffdf5a11d	91230	কী করবেন
fffe403066	68ab7	একদিন তিনি মুরগির জন্য
fffedef4e5	80be1	তাঁহার আত্মার সঙ্গে
ffff6a7f59	77f82	সংস্কৃতি মন্ত্রী আবুল কালাম আযাদও
ffff98efe5	80539	অভিযোগ রয়েছে
ffffc017a0	15a75	আন্তোনিও দা মাগদালেনার
ffffe3b62d	10a9f	মি. খানের
fffff1c677	06e62	কাজী নজরুলের লেখা হিন্দু-মুসলমান
